id,raw_text,canonical_transliterated,canonical_italic,canonical_words_only,translation,year_from,year_to,intact_token_ratio,data_quality,dup_group_id,dup_group_size
CIE 2609,𐌅𐌄:𐌐𐌖𐌊𐌄:𐌅,ve:puce:f,𐌅𐌄:𐌐𐌖𐌂𐌄:𐌚,ve puce f,,,,1.000,clean,b007edc8973f,1
CIE 2615,𐌈𐌀𐌍𐌉𐌀:𐌐𐌖𐌋𐌅𐌍𐌄𐌉:𐌕𐌖𐌕𐌍𐌀𐌔𐌀,θania:pulfnei:tutnasa,𐌈𐌀𐌍𐌉𐌀:𐌐𐌖𐌋𐌚𐌍𐌄𐌉:𐌕𐌖𐌕𐌍𐌀𐌔𐌀,θania pulfnei tutnasa,,,,1.000,clean,f9f4c8b2f8c7,1
TCa 8,iσ've.i.tule ilu.c.ve .a.pirase leθa.m.su.l. ilucu cuie.s.χu pe.r.pri,iσ've.i.tule ilu.c.ve .a.pirase leθa.m.su.l. ilucu cuie.s.χu pe.r.pri,𐌉𐌑'𐌅𐌄.𐌉.𐌕𐌖𐌋𐌄 𐌉𐌋𐌖.𐌂.𐌅𐌄 .𐌀.𐌐𐌉𐌓𐌀𐌔𐌄 𐌋𐌄𐌈𐌀.𐌌.𐌔𐌖.𐌋. 𐌉𐌋𐌖𐌂𐌖 𐌂𐌖𐌉𐌄.𐌔.𐌙𐌖 𐌐𐌄.𐌓.𐌐𐌓𐌉,iσ've.i.tule ilu.c.ve .a.pirase leθa.m.su.l. ilucu cuie.s.χu pe.r.pri,"On the Ides, on the ilucu, in April, for (the divinity) Lethams ilucu cuieskhu must be celebrated (?).",,,1.000,clean,0b2b75442972,1
Vs 1.178,vel leinies : larθial : ruva : arnθialum | clan : velusum : prumaθσ : avils : semφσ | lupuce,vel leinies larθial ruva arnθialum clan velusum prumaθσ avils semφσ lupuce,𐌅𐌄𐌋 𐌋𐌄𐌉𐌍𐌉𐌄𐌔 𐌋𐌀𐌓𐌈𐌉𐌀𐌋 𐌓𐌖𐌅𐌀 𐌀𐌓𐌍𐌈𐌉𐌀𐌋𐌖𐌌 𐌂𐌋𐌀𐌍 𐌅𐌄𐌋𐌖𐌔𐌖𐌌 𐌐𐌓𐌖𐌌𐌀𐌈𐌑 𐌀𐌅𐌉𐌋𐌔 𐌔𐌄𐌌𐌘𐌑 𐌋𐌖𐌐𐌖𐌂𐌄,vel leinies larθial ruva arnθialum clan velusum prumaθσ avils semφσ lupuce,"Vel Leinies, brother of Larth (and) son o f Arnth (and) great-grandson (?) of Vel, died at seven years of age.",,,1.000,clean,b0c214ea221a,1
CIE 2616,IAN8VJV1 ANV+: VEA,IAN8VJV1 ANV+: VEA,,,,,,0.000,ocr_failed,c18a628776f7,1
CIE 2617,A18VA9:1M 8V1:OJ,A18VA9:1M 8V1:OJ,,,,,,0.000,ocr_failed,6086349f43ff,1
Ta 1.35,σ'eθre curunas • | velus [ • ] [r]amθa[s] [ • ] avenalc | sam man • σuθ[i]θ • arce | ...,σ'eθre curunas • velus [ • ] [r]amθa[s] [ • ] avenalc sam man • σuθ[i]θ • arce ...,𐌑'𐌄𐌈𐌓𐌄 𐌂𐌖𐌓𐌖𐌍𐌀𐌔 • 𐌅𐌄𐌋𐌖𐌔 [ • ] [𐌓]𐌀𐌌𐌈𐌀[𐌔] [ • ] 𐌀𐌅𐌄𐌍𐌀𐌋𐌂 𐌔𐌀𐌌 𐌌𐌀𐌍 • 𐌑𐌖𐌈[𐌉]𐌈 • 𐌀𐌓𐌂𐌄 ...,σ'eθre curunas velus avenalc sam man arce ...,Shethre Curunas (was) (son) of Vel and Ramtha Avenei; and this (man) constructed the monument (?) in the tomb ...,,,0.571,clean,1c0f2dc23dc2,1
Ve 6.2,mi<ni> mamarce zinace,mi<ni> mamarce zinace,𐌌𐌉<𐌍𐌉> 𐌌𐌀𐌌𐌀𐌓𐌂𐌄 𐌆𐌉𐌍𐌀𐌂𐌄,mamarce zinace,Mamarce made me.,650.0,625.0,0.667,clean,c23330ee349d,1
Vs 2.40,turis : mi : une : ame,turis mi une ame,𐌕𐌖𐌓𐌉𐌔 𐌌𐌉 𐌖𐌍𐌄 𐌀𐌌𐌄,turis mi une ame,"Doris, I am for you (?).",,,1.000,clean,96269178670c,1
CIE 2608,𐌋𐌀𐌓𐌈:𐌐𐌓𐌖𐌍𐌉𐌍𐌉:𐌊𐌖𐌕𐌍𐌀𐌋,larθ:prunini:cutnal,𐌋𐌀𐌓𐌈:𐌐𐌓𐌖𐌍𐌉𐌍𐌉:𐌂𐌖𐌕𐌍𐌀𐌋,larθ prunini cutnal,,,,1.000,clean,d8c58cce0fc0,1
CIE 2618,A21HJA1A9:1M8JV1,A21HJA1A9:1M8JV1,,,,,,0.000,ocr_failed,4502a4ed1f60,1
ETP 61,hursu[mnas---],hursu[mnas---],𐌇𐌖𐌓𐌔𐌖[𐌌𐌍𐌀𐌔---],,,500.0,400.0,0.000,clean,553f18240c6e,1
Pe 5.2,eθ : fanu : lautn : precuσ : ipa : murzua : cerurum : ein :  | heczri,eθ fanu lautn precuσ ipa murzua cerurum ein heczri,𐌄𐌈 𐌚𐌀𐌍𐌖 𐌋𐌀𐌖𐌕𐌍 𐌐𐌓𐌄𐌂𐌖𐌑 𐌉𐌐𐌀 𐌌𐌖𐌓𐌆𐌖𐌀 𐌂𐌄𐌓𐌖𐌓𐌖𐌌 𐌄𐌉𐌍 𐌇𐌄𐌂𐌆𐌓𐌉,eθ fanu lautn precuσ ipa murzua cerurum ein heczri,"This tomb ... must be careshri-ed by members of the Precu family, Aule (and) Larth, the sons of Larth and Cestnei.",,,1.000,clean,cfff365d62e4,1
CIE 261,ƎNƎM·AΘNA):IИO·ƆM,eNeM·AΘNA):InO·cM,,eNeM InO cM,,,,0.750,clean,62d2b8b64d8a,1
Cl 1.147,lθ : peθna : aθ : titial : ścire,lθ peθna aθ titial ścire,𐌋𐌈 𐌐𐌄𐌈𐌍𐌀 𐌀𐌈 𐌕𐌉𐌕𐌉𐌀𐌋 𐌑𐌂𐌉𐌓𐌄,lθ peθna aθ titial ścire,"Larth Pethna Shcire, (son) of Arnth and Titi",,,1.000,clean,4eed9c0777ba,1
Cr 1.6,li • tarχnas • crucrials,li • tarχnas • crucrials,𐌋𐌉 • 𐌕𐌀𐌓𐌙𐌍𐌀𐌔 • 𐌂𐌓𐌖𐌂𐌓𐌉𐌀𐌋𐌔,li tarχnas crucrials,"Laris Tarkhnas, (born) from Crucri",,,1.000,clean,f87d4737e032,1
Cr 1.60,marce • maclae,marce • maclae,𐌌𐌀𐌓𐌂𐌄 • 𐌌𐌀𐌂𐌋𐌀𐌄,marce maclae,Marce Maclae,,,1.000,clean,4953abc238d1,1
Cr 3.18,mi liceneši mulu hirsunaieši,mi liceneši mulu hirsunaieši,𐌌𐌉 𐌋𐌉𐌂𐌄𐌍𐌄𐌔𐌉 𐌌𐌖𐌋𐌖 𐌇𐌉𐌓𐌔𐌖𐌍𐌀𐌉𐌄𐌔𐌉,mi liceneši mulu hirsunaieši,I (am) given by Licene Hirsunaie.,,,1.000,clean,4602983df60c,1
14878,------thpi------,------θpi------,------𐌈𐌐𐌉------,,,,,0.000,clean,fd549a495d55,1
Pe 8.4,iχ • ca | ceχa • ziχuχe,iχ • ca ceχa • ziχuχe,𐌉𐌙 • 𐌂𐌀 𐌂𐌄𐌙𐌀 • 𐌆𐌉𐌙𐌖𐌙𐌄,iχ ca ceχa ziχuχe,as (?) this (contract) was written above,,,1.000,clean,cc1c14f7d1bf,1
CIE 2221,vipine:hu···as,vipine:hu···as,𐌅𐌉𐌐𐌉𐌍𐌄:𐌇𐌖···𐌀𐌔,vipine hu as,,,,1.000,clean,c12e41ef1a0c,1
ETP 313,arnθ • vipina • cuφre,arnθ • vipina • cuφre,𐌀𐌓𐌍𐌈 • 𐌅𐌉𐌐𐌉𐌍𐌀 • 𐌂𐌖𐌘𐌓𐌄,arnθ vipina cuφre,,100.0,0.0,1.000,clean,d3eba43c1efa,1
ETP 314,tania,tania,𐌕𐌀𐌍𐌉𐌀,tania,,,,1.000,clean,37755b1afe16,1
Fa 3.1,mi aliqu : auvilesi,mi aliqu auvilesi,𐌌𐌉 𐌀𐌋𐌉𐌒𐌖 𐌀𐌖𐌅𐌉𐌋𐌄𐌔𐌉,mi aliqu auvilesi,I (am) presented by Avile.,,,1.000,clean,cf45e087aaf9,1
Ta 1.96,lartiu cuclnies • larθal • clan | larθialc einanal | camθi eterau,lartiu cuclnies • larθal • clan larθialc einanal camθi eterau,𐌋𐌀𐌓𐌕𐌉𐌖 𐌂𐌖𐌂𐌋𐌍𐌉𐌄𐌔 • 𐌋𐌀𐌓𐌈𐌀𐌋 • 𐌂𐌋𐌀𐌍 𐌋𐌀𐌓𐌈𐌉𐌀𐌋𐌂 𐌄𐌉𐌍𐌀𐌍𐌀𐌋 𐌂𐌀𐌌𐌈𐌉 𐌄𐌕𐌄𐌓𐌀𐌖,lartiu cuclnies larθal clan larθialc einanal camθi eterau,"Lartiu Cuclnies, son of Larth and Larthi Einanei, camthi eterau.",,,1.000,clean,bf11c5f08998,1
CIE 2610,𐌐𐌖𐌊𐌍𐌀:𐌋𐌀𐌓𐌈𐌉𐌀𐌋𐌉𐌔𐌀,vel:pucna:larθialisa,𐌅𐌄𐌋:𐌐𐌖𐌂𐌍𐌀:𐌋𐌀𐌓𐌈𐌉𐌀𐌋𐌉𐌔𐌀,vel pucna larθialisa,,,,1.000,clean,d620435fc06d,1
Cl 1.1006,vel • fastntru • aθ,vel • fastntru • aθ,𐌅𐌄𐌋 • 𐌚𐌀𐌔𐌕𐌍𐌕𐌓𐌖 • 𐌀𐌈,vel fastntru aθ,"Vel Fastntru, (son) o f Arnth",,,1.000,clean,ec65618ac9a2,1
Cr 1.138,r • matunai | canatnei,r • matunai canatnei,𐌓 • 𐌌𐌀𐌕𐌖𐌍𐌀𐌉 𐌂𐌀𐌍𐌀𐌕𐌍𐌄𐌉,r matunai canatnei,Ramtha Matunai Canatnei,,,1.000,clean,7c10b97d46f7,1
Cr 1.5,av • tarχnas • av • c • | crucrials •,av • tarχnas • av • c • crucrials •,𐌀𐌅 • 𐌕𐌀𐌓𐌙𐌍𐌀𐌔 • 𐌀𐌅 • 𐌂 • 𐌂𐌓𐌖𐌂𐌓𐌉𐌀𐌋𐌔 •,av tarχnas av c crucrials,"Aule Tarkhnas, son of Aule, (born) from Crucri",,,1.000,clean,ecac7c598990,1
Ta 1.13,larθi : spantui : larces : spantus : seχ : arnθal : partunus : puia :,larθi spantui larces spantus seχ arnθal partunus puia,𐌋𐌀𐌓𐌈𐌉 𐌔𐌐𐌀𐌍𐌕𐌖𐌉 𐌋𐌀𐌓𐌂𐌄𐌔 𐌔𐌐𐌀𐌍𐌕𐌖𐌔 𐌔𐌄𐌙 𐌀𐌓𐌍𐌈𐌀𐌋 𐌐𐌀𐌓𐌕𐌖𐌍𐌖𐌔 𐌐𐌖𐌉𐌀,larθi spantui larces spantus seχ arnθal partunus puia,"Larthi Spantui, daughter of Larce Spantus, wife of Arnth Partunus",,,1.000,clean,ab28314dbc37,1
Vt S.2,eca : sren :  | tva : iχna | c hercle :  | unial cl | an : θra{ : }sce,eca sren tva iχna c hercle unial cl an θra{ }sce,𐌄𐌂𐌀 𐌔𐌓𐌄𐌍 𐌕𐌅𐌀 𐌉𐌙𐌍𐌀 𐌂 𐌇𐌄𐌓𐌂𐌋𐌄 𐌖𐌍𐌉𐌀𐌋 𐌂𐌋 𐌀𐌍 𐌈𐌓𐌀{ }𐌔𐌂𐌄,eca sren tva iχna c hercle unial cl an,This scene (?) shows (?) that Hercle became the son of Uni.,,,0.818,clean,fb6f9791b287,1
ETP 43,mi lauχumeśa katilaσ',mi lauχumeśa katilaσ',𐌌𐌉 𐌋𐌀𐌖𐌙𐌖𐌌𐌄𐌑𐌀 𐌊𐌀𐌕𐌉𐌋𐌀𐌑',mi lauχumeśa katilaσ',I (am) the (cippus) of Laukhume Katila.,550.0,500.0,1.000,clean,526c5705c20c,1
ETP 91,a b c d,a b c d,𐌀 𐌁 𐌂 𐌃,a b c d,,675.0,650.0,1.000,clean,f82ce1b653e3,1
Li 1.1,mi śuθi larθial muθikuσ,mi śuθi larθial muθikuσ,𐌌𐌉 𐌑𐌖𐌈𐌉 𐌋𐌀𐌓𐌈𐌉𐌀𐌋 𐌌𐌖𐌈𐌉𐌊𐌖𐌑,mi śuθi larθial muθikuσ,I (am) the tomb of Larth Muthiku.,500.0,500.0,1.000,clean,6de90da64aa1,1
Ta 1.66,vel : aties : velθurus : lemniσ'a : celati cesu,vel aties velθurus lemniσ'a celati cesu,𐌅𐌄𐌋 𐌀𐌕𐌉𐌄𐌔 𐌅𐌄𐌋𐌈𐌖𐌓𐌖𐌔 𐌋𐌄𐌌𐌍𐌉𐌑'𐌀 𐌂𐌄𐌋𐌀𐌕𐌉 𐌂𐌄𐌔𐌖,vel aties velθurus lemniσ'a celati cesu,"Vel Aties, the (son) of Velthur and Lemni, (was) buried in this chamber.",300.0,300.0,1.000,clean,9eee226682f3,1
Ta 1.59,ravnθu | velχai | velθuruσ'a | seχ | larθialiσ'la,ravnθu velχai velθuruσ'a seχ larθialiσ'la,𐌓𐌀𐌅𐌍𐌈𐌖 𐌅𐌄𐌋𐌙𐌀𐌉 𐌅𐌄𐌋𐌈𐌖𐌓𐌖𐌑'𐌀 𐌔𐌄𐌙 𐌋𐌀𐌓𐌈𐌉𐌀𐌋𐌉𐌑'𐌋𐌀,ravnθu velχai velθuruσ'a seχ larθialiσ'la,"Ravnthu Velkhai, the daughter of Velthur, (who is) the (son) of Larth",,,1.000,clean,28ce9c13249c,1
Cl 1.1134,vel : tite : aules,vel tite aules,𐌅𐌄𐌋 𐌕𐌉𐌕𐌄 𐌀𐌖𐌋𐌄𐌔,vel tite aules,"Vel Tite, (son) of Aule",,,1.000,clean,5d74f19bf7f3,1
Cl 1.2513,aθ : tiφile : palpe : pulias,aθ tiφile palpe pulias,𐌀𐌈 𐌕𐌉𐌘𐌉𐌋𐌄 𐌐𐌀𐌋𐌐𐌄 𐌐𐌖𐌋𐌉𐌀𐌔,aθ tiφile palpe pulias,"Arnth Tiphile Palpe, (son) of Pulia",,,1.000,clean,2253c1feb225,1
Cl 1.970,hasti : petruσ :,hasti petruσ,𐌇𐌀𐌔𐌕𐌉 𐌐𐌄𐌕𐌓𐌖𐌑,hasti petruσ,"Hasti, (slave) o f Petru",,,1.000,clean,33211efeba0f,1
Pe 1.219,l • eucle • φisis • lavtni,l • eucle • φisis • lavtni,𐌋 • 𐌄𐌖𐌂𐌋𐌄 • 𐌘𐌉𐌔𐌉𐌔 • 𐌋𐌀𐌅𐌕𐌍𐌉,l eucle φisis lavtni,"Larth Eucle, freedman of Phisi",,,1.000,clean,9c866c28f069,1
ETP 315,larnei,larnei,𐌋𐌀𐌓𐌍𐌄𐌉,larnei,,,,1.000,clean,fff0a580e7a8,1
CIE 2222,ha·vi·harp,ha·vi·harp,𐌇𐌀·𐌅𐌉·𐌇𐌀𐌓𐌐,ha vi harp,,,,1.000,clean,7d46a9c8f8da,1
Ta 1.147,ceicnas : arnθ : arnθal : avils : XXIX,ceicnas arnθ arnθal avils xxix,𐌂𐌄𐌉𐌂𐌍𐌀𐌔 𐌀𐌓𐌍𐌈 𐌀𐌓𐌍𐌈𐌀𐌋 𐌀𐌅𐌉𐌋𐌔 𐌗𐌗𐌉𐌗,ceicnas arnθ arnθal avils xxix,"Arnth Ceicnas, (son) of Arnth, (dead) at age twenty-nine",,,1.000,clean,17839fde5203,1
Vc 1.84,tutes • arnθ • larθal,tutes • arnθ • larθal,𐌕𐌖𐌕𐌄𐌔 • 𐌀𐌓𐌍𐌈 • 𐌋𐌀𐌓𐌈𐌀𐌋,tutes arnθ larθal,"Arnth Tutes, (son) of Larth",,,1.000,clean,488520799ace,1
Vs 1.120,[mi ma]marces apenas qutus,[mi ma]marces apenas qutus,[𐌌𐌉 𐌌𐌀]𐌌𐌀𐌓𐌂𐌄𐌔 𐌀𐌐𐌄𐌍𐌀𐌔 𐌒𐌖𐌕𐌖𐌔,apenas qutus,I (am the tomb) of Marce Apenas Qutu.,,,0.500,clean,a2bdcd5694ab,1
Vs 1.28,mi larθia hulχenas veθurus cles,mi larθia hulχenas veθurus cles,𐌌𐌉 𐌋𐌀𐌓𐌈𐌉𐌀 𐌇𐌖𐌋𐌙𐌄𐌍𐌀𐌔 𐌅𐌄𐌈𐌖𐌓𐌖𐌔 𐌂𐌋𐌄𐌔,mi larθia hulχenas veθurus cles,"I (am the tomb) of Larth Hulkhenas, son of Velthur.",,,1.000,clean,ad99635f9497,1
Vn 1.1,[mi] aveleσ feluśkeσ tuσnutai[-pa] panalaσ mini mulvaneke hirumi[n]a φerśnaχś,[mi] aveleσ feluśkeσ tuσnutai[-pa] panalaσ mini mulvaneke hirumi[n]a φerśnaχś,[𐌌𐌉] 𐌀𐌅𐌄𐌋𐌄𐌑 𐌚𐌄𐌋𐌖𐌑𐌊𐌄𐌑 𐌕𐌖𐌑𐌍𐌖𐌕𐌀𐌉[-𐌐𐌀] 𐌐𐌀𐌍𐌀𐌋𐌀𐌑 𐌌𐌉𐌍𐌉 𐌌𐌖𐌋𐌅𐌀𐌍𐌄𐌊𐌄 𐌇𐌉𐌓𐌖𐌌𐌉[𐌍]𐌀 𐌘𐌄𐌓𐌑𐌍𐌀𐌙𐌑,aveleσ feluśkeσ panalaσ mini mulvaneke φerśnaχś,"I (am the stele) of Avile Felushke, tuσmutai[-], (son) of Papanai. Hirumina, phershnakhsh, gave me.",600.0,600.0,0.667,clean,e9f2e3e35c87,1
16860,ar,ar,𐌀𐌓,ar,mr-arnths mr-arnth,,,1.000,clean,ab5b62081b1d,4
Pe 1.211,lar{n}θ • scarpe • lautni,lar{n}θ • scarpe • lautni,𐌋𐌀𐌓{𐌍}𐌈 • 𐌔𐌂𐌀𐌓𐌐𐌄 • 𐌋𐌀𐌖𐌕𐌍𐌉,scarpe lautni,"Larth Shcarpe, freedman",100.0,100.0,0.667,clean,ad2de4b2c7f6,1
CIE 2453,𐌋𐌀𐌓𐌈𐌉.𐌌𐌀𐌓𐌉𐌂𐌀𐌍𐌄,larθi.maricane,𐌋𐌀𐌓𐌈𐌉.𐌌𐌀𐌓𐌉𐌂𐌀𐌍𐌄,larθi.maricane,,,,1.000,clean,9e78e38f7c37,1
Cr 1.10,avle • tarχnas • larθal • clan,avle • tarχnas • larθal • clan,𐌀𐌅𐌋𐌄 • 𐌕𐌀𐌓𐌙𐌍𐌀𐌔 • 𐌋𐌀𐌓𐌈𐌀𐌋 • 𐌂𐌋𐌀𐌍,avle tarχnas larθal clan,"Aule Tarkhnas, son o f Larth",,,1.000,clean,0b4c81510522,1
Cr 3.20,mi<ni> aranθ ramuθaςi veςtiricinala muluvanice,mi<ni> aranθ ramuθaςi veςtiricinala muluvanice,𐌌𐌉<𐌍𐌉> 𐌀𐌓𐌀𐌍𐌈 𐌓𐌀𐌌𐌖𐌈𐌀𐌑𐌉 𐌅𐌄𐌑𐌕𐌉𐌓𐌉𐌂𐌉𐌍𐌀𐌋𐌀 𐌌𐌖𐌋𐌖𐌅𐌀𐌍𐌉𐌂𐌄,aranθ ramuθaςi veςtiricinala muluvanice,Aranth gave me to Ramutha Vestiricinai.,,,0.800,clean,9fbf7a9248b0,1
ETP 94,uniθiu,uniθiu,𐌖𐌍𐌉𐌈𐌉𐌖,uniθiu,,200.0,200.0,1.000,clean,90001cfa6df1,3
Sp 2.36,mi faσena tataσ tulaluσ,mi faσena tataσ tulaluσ,𐌌𐌉 𐌚𐌀𐌑𐌄𐌍𐌀 𐌕𐌀𐌕𐌀𐌑 𐌕𐌖𐌋𐌀𐌋𐌖𐌑,mi faσena tataσ tulaluσ,I (am) the libation vessel of Tata Tulalu.,,,1.000,clean,de174373b6c2,1
Ta 3.2,itun turuce vene.l .a.telinas tinas cliniiaras,itun turuce vene.l .a.telinas tinas cliniiaras,𐌉𐌕𐌖𐌍 𐌕𐌖𐌓𐌖𐌂𐌄 𐌅𐌄𐌍𐌄.𐌋 .𐌀.𐌕𐌄𐌋𐌉𐌍𐌀𐌔 𐌕𐌉𐌍𐌀𐌔 𐌂𐌋𐌉𐌍𐌉𐌉𐌀𐌓𐌀𐌔,itun turuce vene.l .a.telinas tinas cliniiaras,Venel Atelinas dedicated this (vase) to the sons of Tinia.,580.0,580.0,1.000,clean,6defb1251b65,1
LL 11,vinum • θic ...,vinum • θic ...,𐌅𐌉𐌍𐌖𐌌 • 𐌈𐌉𐌂 ...,vinum θic ...,wine and water,,,1.000,clean,a5f67edee82e,1
CIE 2261,ƎSƎΘOƎAS MVOVƧIAO,eSeΘOeAS MVOVsIAO,,eSeΘOeAS MVOVsIAO,,,,1.000,clean,0e0876e10342,1
Vt 3.1,mini muluvanice vhlakunaie venel,mini muluvanice vhlakunaie venel,𐌌𐌉𐌍𐌉 𐌌𐌖𐌋𐌖𐌅𐌀𐌍𐌉𐌂𐌄 𐌅𐌇𐌋𐌀𐌊𐌖𐌍𐌀𐌉𐌄 𐌅𐌄𐌍𐌄𐌋,mini muluvanice vhlakunaie venel,Venel Vhlakunaie gave me (as a gift).,,,1.000,clean,ace654c519a5,1
CIE 2611,𐌐𐌖𐌕𐌉𐌀𐌋𐌉𐌔𐌀:𐌔𐌄𐌊,putialisa:sec,𐌐𐌖𐌕𐌉𐌀𐌋𐌉𐌔𐌀:𐌔𐌄𐌂,putialisa sec,,,,1.000,clean,bdcf251bbed0,1
14781,v--lthurthelen----,v--lθurθelen----,𐌅--𐌋𐌈𐌖𐌓𐌈𐌄𐌋𐌄𐌍----,,,,,0.000,clean,c1f4d625572c,1
Pe 1.948,śuθiσ' : eca penθuna cai : velσ' : caiσ' θareσ' : lautni,śuθiσ' eca penθuna cai velσ' caiσ' θareσ' lautni,𐌑𐌖𐌈𐌉𐌑' 𐌄𐌂𐌀 𐌐𐌄𐌍𐌈𐌖𐌍𐌀 𐌂𐌀𐌉 𐌅𐌄𐌋𐌑' 𐌂𐌀𐌉𐌑' 𐌈𐌀𐌓𐌄𐌑' 𐌋𐌀𐌖𐌕𐌍𐌉,śuθiσ' eca penθuna cai velσ' caiσ' θareσ' lautni,"This (is) the cippus of the tomb. Cai, freedman of Vel Cai Thare.",,,1.000,clean,64ea7640e36d,1
Ta 1.107,felsnas : la : leθes svalce : avil : CVI murce : capue tleχe : hanipaluscle,felsnas la leθes svalce avil cvi murce capue tleχe hanipaluscle,𐌚𐌄𐌋𐌔𐌍𐌀𐌔 𐌋𐌀 𐌋𐌄𐌈𐌄𐌔 𐌔𐌅𐌀𐌋𐌂𐌄 𐌀𐌅𐌉𐌋 𐌂𐌅𐌉 𐌌𐌖𐌓𐌂𐌄 𐌂𐌀𐌐𐌖𐌄 𐌕𐌋𐌄𐌙𐌄 𐌇𐌀𐌍𐌉𐌐𐌀𐌋𐌖𐌔𐌂𐌋𐌄,felsnas la leθes svalce avil cvi murce capue tleχe hanipaluscle,"Larth Felsnas, (son) of Lethe, lived for 1θ6 years. He murce in Capua. He tlekhe in the (army) of Hanipal.",200.0,100.0,1.000,clean,53e536fa2670,1
ETP 101,ceisei,ceisei,𐌂𐌄𐌉𐌔𐌄𐌉,ceisei,,200.0,150.0,1.000,clean,71b339d6fe7f,1
ETP 95,atakus,atakus,𐌀𐌕𐌀𐌊𐌖𐌔,atakus,,300.0,250.0,1.000,clean,7aca5d84a9f1,2
OA 2.2,mi larθaia telicles leχtumuza,mi larθaia telicles leχtumuza,𐌌𐌉 𐌋𐌀𐌓𐌈𐌀𐌉𐌀 𐌕𐌄𐌋𐌉𐌂𐌋𐌄𐌔 𐌋𐌄𐌙𐌕𐌖𐌌𐌖𐌆𐌀,mi larθaia telicles leχtumuza,"I (am) the oil-flask of Larthai, of the (family) Telicles.",650.0,600.0,1.000,clean,838852eb6786,1
ETP 121,[---]xiiene.[---],[---]xiiene.[---],[---]𐌗𐌉𐌉𐌄𐌍𐌄.[---],,,600.0,550.0,0.000,clean,73b5923ea93d,1
Cr 3.10,mi mulu larisale velχainasi,mi mulu larisale velχainasi,𐌌𐌉 𐌌𐌖𐌋𐌖 𐌋𐌀𐌓𐌉𐌔𐌀𐌋𐌄 𐌅𐌄𐌋𐌙𐌀𐌉𐌍𐌀𐌔𐌉,mi mulu larisale velχainasi,I (was) given to Laris Velkhainas.,,,1.000,clean,111f55fd9f09,1
Fa 6.3,mi araθiale ziχuχe,mi araθiale ziχuχe,𐌌𐌉 𐌀𐌓𐌀𐌈𐌉𐌀𐌋𐌄 𐌆𐌉𐌙𐌖𐌙𐌄,mi araθiale ziχuχe,I was painted by Ara(n)th.,,,1.000,clean,14060ec65b64,1
LL 2,nunθenθ • cletram • σrenχve | tei • faσei,nunθenθ • cletram • σrenχve tei • faσei,𐌍𐌖𐌍𐌈𐌄𐌍𐌈 • 𐌂𐌋𐌄𐌕𐌓𐌀𐌌 • 𐌑𐌓𐌄𐌍𐌙𐌅𐌄 𐌕𐌄𐌉 • 𐌚𐌀𐌑𐌄𐌉,nunθenθ cletram σrenχve tei faσei,(One) shall place (it) on the rakh (while) anointing (?) the litter with σrenχve (and) with this libation,,,1.000,clean,9fa08cc131bc,1
Pe 3.1,eta : kavθaσ : aχuiaσ : perśie | avle numnaσ turke,eta kavθaσ aχuiaσ perśie avle numnaσ turke,𐌄𐌕𐌀 𐌊𐌀𐌅𐌈𐌀𐌑 𐌀𐌙𐌖𐌉𐌀𐌑 𐌐𐌄𐌓𐌑𐌉𐌄 𐌀𐌅𐌋𐌄 𐌍𐌖𐌌𐌍𐌀𐌑 𐌕𐌖𐌓𐌊𐌄,eta kavθaσ aχuiaσ perśie avle numnaσ turke,This (vase) is for (the divinity) Kautha Akhuia in Perusia; Aule Numna dedicated (it as an offering).,,,1.000,clean,c395a1ccdd85,1
ETP 316,θana larn ei cestinal a,θana larn ei cestinal a,𐌈𐌀𐌍𐌀 𐌋𐌀𐌓𐌍 𐌄𐌉 𐌂𐌄𐌔𐌕𐌉𐌍𐌀𐌋 𐌀,θana larn ei cestinal a,,,,1.000,clean,7e61c7122d4e,1
AV 6.9,pultuceσi,pultuceσi,𐌐𐌖𐌋𐌕𐌖𐌂𐌄𐌑𐌉,pultuceσi,in the (workshop) of Pultuce,150.0,150.0,1.000,clean,5b93586fc663,1
Vc 6.6,ruvfies : acil,ruvfies acil,𐌓𐌖𐌅𐌚𐌉𐌄𐌔 𐌀𐌂𐌉𐌋,ruvfies acil,the work o f Ruvfie,300.0,200.0,1.000,clean,b6a4db74fa8c,1
ETP 58,nan[---],nan[---],𐌍𐌀𐌍[---],,,,,0.000,clean,9b2d5b467878,1
Vc 1.59,clθi [ : ] [σ'uθi]θi : ra[m] [;] ceisatrui | cesu : p[ru]σlnas : [p]uia velus | rapi : [---]e : te[---],clθi [ ] [σ'uθi]θi ra[m] [;] ceisatrui cesu p[ru]σlnas [p]uia velus rapi [---]e te[---],𐌂𐌋𐌈𐌉 [ ] [𐌑'𐌖𐌈𐌉]𐌈𐌉 𐌓𐌀[𐌌] [;] 𐌂𐌄𐌉𐌔𐌀𐌕𐌓𐌖𐌉 𐌂𐌄𐌔𐌖 𐌐[𐌓𐌖]𐌑𐌋𐌍𐌀𐌔 [𐌐]𐌖𐌉𐌀 𐌅𐌄𐌋𐌖𐌔 𐌓𐌀𐌐𐌉 [---]𐌄 𐌕𐌄[---],clθi ceisatrui cesu velus rapi,"In this tomb (was) buried Ramtha Ceisatrui, the wife of Vel Prushlnas, rapi ...",,,0.333,clean,07a9fee11a4f,1
Vc 1.64,larθ tutes anc farθnaχe veluis | tuteis θanχviluisc | turials{c},larθ tutes anc farθnaχe veluis tuteis θanχviluisc turials{c},𐌋𐌀𐌓𐌈 𐌕𐌖𐌕𐌄𐌔 𐌀𐌍𐌂 𐌚𐌀𐌓𐌈𐌍𐌀𐌙𐌄 𐌅𐌄𐌋𐌖𐌉𐌔 𐌕𐌖𐌕𐌄𐌉𐌔 𐌈𐌀𐌍𐌙𐌅𐌉𐌋𐌖𐌉𐌔𐌂 𐌕𐌖𐌓𐌉𐌀𐌋𐌔{𐌂},larθ tutes anc farθnaχe veluis tuteis θanχviluisc,(It was) Larth Tutes who was born from Vel Tutes and Thankhvil Turi.,,,0.875,clean,9e5b89ad16fc,1
ETP 77,[---] xeri : spu[reri---] [---]cs[---],[---] xeri spu[reri---] [---]cs[---],[---] 𐌗𐌄𐌓𐌉 𐌔𐌐𐌖[𐌓𐌄𐌓𐌉---] [---]𐌂𐌔[---],xeri,,350.0,300.0,0.250,clean,33a4e5b51e18,1
ETP 78,alσinas xlx XX,alσinas xlx xx,𐌀𐌋𐌑𐌉𐌍𐌀𐌔 𐌗𐌋𐌗 𐌗𐌗,alσinas xlx xx,,300.0,100.0,1.000,clean,951a367282b2,1
ETP 96,laris atiu,laris atiu,𐌋𐌀𐌓𐌉𐌔 𐌀𐌕𐌉𐌖,laris atiu,,300.0,250.0,1.000,clean,433d3d01395e,1
ETP 97,{e} mi karku[---],{e} mi karku[---],{𐌄} 𐌌𐌉 𐌊𐌀𐌓𐌊𐌖[---],mi,,250.0,150.0,0.333,clean,92dc057a3bff,1
ETP 98,[---]s ta mi,[---]s ta mi,[---]𐌔 𐌕𐌀 𐌌𐌉,ta mi,,300.0,300.0,0.667,clean,2aab227da744,1
ETP 99,atakus,atakus,𐌀𐌕𐌀𐌊𐌖𐌔,atakus,,250.0,250.0,1.000,clean,7aca5d84a9f1,2
ETP 122,apalus,apalus,𐌀𐌐𐌀𐌋𐌖𐌔,apalus,,500.0,400.0,1.000,clean,28ef7fa3258d,1
ETP 123,peiθe,peiθe,𐌐𐌄𐌉𐌈𐌄,peiθe,,450.0,400.0,1.000,clean,0abe56211df5,2
CIE 2612,𐌀𐌍𐌉𐌀:𐌐𐌖𐌐𐌀𐌉𐌍𐌄𐌉:𐌋𐌀𐌓𐌈𐌀𐌋𐌉𐌔𐌀,ania:pupainei:l|arθalisa,𐌀𐌍𐌉𐌀:𐌐𐌖𐌐𐌀𐌉𐌍𐌄𐌉:𐌋|𐌀𐌓𐌈𐌀𐌋𐌉𐌔𐌀,ania pupainei l arθalisa,,,,1.000,clean,78be0bca2438,1
CIE 2613,𐌊.𐌐𐌖𐌋𐌅𐌄𐌍𐌍𐌉𐌅𐌔.𐌊.𐌅𐌊𐌀𐌋𐌀𐌌𐌖𐌔,C.Pulfennius:C.f|Calamus,,C.Pulfennius C.f Calamus,,,,1.000,clean,203d1bfd6aed,1
Cr 1.141,vel • crepus • [lar]θaliσ'a,vel • crepus • [lar]θaliσ'a,𐌅𐌄𐌋 • 𐌂𐌓𐌄𐌐𐌖𐌔 • [𐌋𐌀𐌓]𐌈𐌀𐌋𐌉𐌑'𐌀,vel crepus,"Vel Crepus, the (son) of Larth",,,0.667,clean,26c148cd0b43,1
ETP 92,[---]kalu,[---]kalu,[---]𐌊𐌀𐌋𐌖,,,250.0,250.0,0.000,clean,0b5198e64aba,1
ETP 124,putina : ceizra : acil,putina ceizra acil,𐌐𐌖𐌕𐌉𐌍𐌀 𐌂𐌄𐌉𐌆𐌓𐌀 𐌀𐌂𐌉𐌋,putina ceizra acil,,250.0,200.0,1.000,clean,e101d50b23db,2
ETP 125,a c e v φ f,a c e v φ f,𐌀 𐌂 𐌄 𐌅 𐌘 𐌚,a c e v φ f,,500.0,500.0,1.000,clean,27e1e98db253,1
ETP 126,uσeli • i,uσeli • i,𐌖𐌑𐌄𐌋𐌉 • 𐌉,uσeli i,,550.0,500.0,1.000,clean,dbf000ef250a,1
ETP 127,[---]θ nerc[---],[---]θ nerc[---],[---]𐌈 𐌍𐌄𐌓𐌂[---],,,500.0,400.0,0.000,clean,6386b31b1124,1
ETP 128,mi mulu venelasi velχaesi rasuniesi,mi mulu venelasi velχaesi rasuniesi,𐌌𐌉 𐌌𐌖𐌋𐌖 𐌅𐌄𐌍𐌄𐌋𐌀𐌔𐌉 𐌅𐌄𐌋𐌙𐌀𐌄𐌔𐌉 𐌓𐌀𐌔𐌖𐌍𐌉𐌄𐌔𐌉,mi mulu venelasi velχaesi rasuniesi,I (was) given to Venel and Velkhae Rasunies.,650.0,600.0,1.000,clean,a89f790c6087,1
ETP 141,l[---]atin[---]am [---]nal,l[---]atin[---]am [---]nal,𐌋[---]𐌀𐌕𐌉𐌍[---]𐌀𐌌 [---]𐌍𐌀𐌋,,,,,0.000,clean,6d99a4f4e3ee,1
Ta 1.31,[e]ca : σ'uθi anes | cuclnies,[e]ca σ'uθi anes cuclnies,[𐌄]𐌂𐌀 𐌑'𐌖𐌈𐌉 𐌀𐌍𐌄𐌔 𐌂𐌖𐌂𐌋𐌍𐌉𐌄𐌔,σ'uθi anes cuclnies,This (is) the tomb of Ane Cuclnies.,,,0.750,clean,c50d03abdca4,1
Ta 1.62,laris : velχas | veluσ'a | clan,laris velχas veluσ'a clan,𐌋𐌀𐌓𐌉𐌔 𐌅𐌄𐌋𐌙𐌀𐌔 𐌅𐌄𐌋𐌖𐌑'𐌀 𐌂𐌋𐌀𐌍,laris velχas veluσ'a clan,"Laris Velkhas, the son of Vel",,,1.000,clean,c58e1bc8a931,1
Vt 4.5,fl • śupri manince | vipinaltra ulχniśla | clz tetanuσ,fl • śupri manince vipinaltra ulχniśla clz tetanuσ,𐌚𐌋 • 𐌑𐌖𐌐𐌓𐌉 𐌌𐌀𐌍𐌉𐌍𐌂𐌄 𐌅𐌉𐌐𐌉𐌍𐌀𐌋𐌕𐌓𐌀 𐌖𐌋𐌙𐌍𐌉𐌑𐌋𐌀 𐌂𐌋𐌆 𐌕𐌄𐌕𐌀𐌍𐌖𐌑,fl śupri manince vipinaltra ulχniśla clz tetanuσ,"Fl(avia) Shupri offered (?) (this statue) to (the divinity) Cel Tetanu (?) in honor of Vipinei, the wife of Ulkhni.",,,1.000,clean,d4ae736ce072,1
Cr 2.15,mi lariςa velθieς,mi lariςa velθieς,𐌌𐌉 𐌋𐌀𐌓𐌉𐌑𐌀 𐌅𐌄𐌋𐌈𐌉𐌄𐌑,mi lariςa velθieς,I (am) the (vase/property) of Laris Velthies.,,,1.000,clean,1828cc1e2ff8,1
Cr 2.33,mi squlias θina mlaχ mlakas,mi squlias θina mlaχ mlakas,𐌌𐌉 𐌔𐌒𐌖𐌋𐌉𐌀𐌔 𐌈𐌉𐌍𐌀 𐌌𐌋𐌀𐌙 𐌌𐌋𐌀𐌊𐌀𐌔,mi squlias θina mlaχ mlakas,I (am) the beautiful water vessel of the beautiful Squlia.,,,1.000,clean,f5d95983750c,1
16859,chl,χl,𐌙𐌋,χl,,,,1.000,clean,6040da207cda,2
Cr 3.12,mi hirumesi mulu,mi hirumesi mulu,𐌌𐌉 𐌇𐌉𐌓𐌖𐌌𐌄𐌔𐌉 𐌌𐌖𐌋𐌖,mi hirumesi mulu,I (was) given to Hirume.,,,1.000,clean,97190723ec60,1
LL 5,var • celi • śuθ,var • celi • śuθ,𐌅𐌀𐌓 • 𐌂𐌄𐌋𐌉 • 𐌑𐌖𐌈,var celi śuθ,Place the var on the ground.,,,1.000,clean,1731f1998bef,1
Ta 1.182,camnas • larθ • larθal • σ'atnalc • clan • an • σ'uθi • lavtni • zivas • ceriχu<nce> ...,camnas • larθ • larθal • σ'atnalc • clan • an • σ'uθi • lavtni • zivas • ceriχu<nce> ...,𐌂𐌀𐌌𐌍𐌀𐌔 • 𐌋𐌀𐌓𐌈 • 𐌋𐌀𐌓𐌈𐌀𐌋 • 𐌑'𐌀𐌕𐌍𐌀𐌋𐌂 • 𐌂𐌋𐌀𐌍 • 𐌀𐌍 • 𐌑'𐌖𐌈𐌉 • 𐌋𐌀𐌅𐌕𐌍𐌉 • 𐌆𐌉𐌅𐌀𐌔 • 𐌂𐌄𐌓𐌉𐌙𐌖<𐌍𐌂𐌄> ...,camnas larθ larθal σ'atnalc clan an σ'uθi lavtni zivas ...,"(it was) Larth Camnas, the son of Larth and Shatnei, who built (this) family tomb while still living.",,,0.909,clean,95b4e63843cc,1
Ta 1.89,lucer • laθerna | svalce avil | XXVI,lucer • laθerna svalce avil xxvi,𐌋𐌖𐌂𐌄𐌓 • 𐌋𐌀𐌈𐌄𐌓𐌍𐌀 𐌔𐌅𐌀𐌋𐌂𐌄 𐌀𐌅𐌉𐌋 𐌗𐌗𐌅𐌉,lucer laθerna svalce avil xxvi,Lucer Latherna lived for twenty-six years.,,,1.000,clean,1692b803bfa7,1
Vs 1.86,mi larices telaθuras σ'uθi,mi larices telaθuras σ'uθi,𐌌𐌉 𐌋𐌀𐌓𐌉𐌂𐌄𐌔 𐌕𐌄𐌋𐌀𐌈𐌖𐌓𐌀𐌔 𐌑'𐌖𐌈𐌉,mi larices telaθuras σ'uθi,I (am) the tomb of Larice Telathuras.,,,1.000,clean,3605ca927424,1
Vc 7.38,eca : ersce : nac : aχrum : flerθrce,eca ersce nac aχrum flerθrce,𐌄𐌂𐌀 𐌄𐌓𐌔𐌂𐌄 𐌍𐌀𐌂 𐌀𐌙𐌓𐌖𐌌 𐌚𐌋𐌄𐌓𐌈𐌓𐌂𐌄,eca ersce nac aχrum flerθrce,this one ersce because Acheron flerthrce,,,1.000,clean,c3bf0f1d5949,1
Ve 3.2,velθur tulumneš pesn<a> <n>uzinaie mene mul[uvanice],velθur tulumneš pesn<a> <n>uzinaie mene mul[uvanice],𐌅𐌄𐌋𐌈𐌖𐌓 𐌕𐌖𐌋𐌖𐌌𐌍𐌄𐌔 𐌐𐌄𐌔𐌍<𐌀> <𐌍>𐌖𐌆𐌉𐌍𐌀𐌉𐌄 𐌌𐌄𐌍𐌄 𐌌𐌖𐌋[𐌖𐌅𐌀𐌍𐌉𐌂𐌄],velθur tulumneš mene,Velthur Tulumnes (and) Pesna Nuzinaie gave me (as a gift).,,,0.500,clean,cd5459a07f25,1
Vt 1.58,mi laruσ : arianaσ • anaσnieσ klan,mi laruσ arianaσ • anaσnieσ klan,𐌌𐌉 𐌋𐌀𐌓𐌖𐌑 𐌀𐌓𐌉𐌀𐌍𐌀𐌑 • 𐌀𐌍𐌀𐌑𐌍𐌉𐌄𐌑 𐌊𐌋𐌀𐌍,mi laruσ arianaσ anaσnieσ klan,"I (am the tomb) of Laru Ariana, son of Anasnie.",500.0,400.0,1.000,clean,54828ba322bd,1
CIE 2619,AX1ANA9,AX1ANA9,,,,,,0.000,ocr_failed,7709b7ea4217,1
CIE 262,IИAƧUƧVƎMVAJ IAN.ƆMƎJ,InAsUsVeMVAJ IAN.cMeJ,,,,,,0.000,needs_review,603a5f1ee72d,1
Ta 1.81,θui • clθi • mutn{ai}θi vel • veluσ'a • avils cis • zaθrmisc seitiθialiσ'a,θui • clθi • mutn{ai}θi vel • veluσ'a • avils cis • zaθrmisc seitiθialiσ'a,𐌈𐌖𐌉 • 𐌂𐌋𐌈𐌉 • 𐌌𐌖𐌕𐌍{𐌀𐌉}𐌈𐌉 𐌅𐌄𐌋 • 𐌅𐌄𐌋𐌖𐌑'𐌀 • 𐌀𐌅𐌉𐌋𐌔 𐌂𐌉𐌔 • 𐌆𐌀𐌈𐌓𐌌𐌉𐌔𐌂 𐌔𐌄𐌉𐌕𐌉𐌈𐌉𐌀𐌋𐌉𐌑'𐌀,θui clθi vel veluσ'a avils cis zaθrmisc seitiθialiσ'a,"Here in this sarcophagus (lies) Vel, the (son) of Vel, (dead) at age twenty-three, the (son) of Seitithi.",200.0,100.0,0.889,clean,7e152af81cd6,1
Um 1.7,[c]afates • lr • lr • netσ'vis • trutnvt • frontac,[c]afates • lr • lr • netσ'vis • trutnvt • frontac,[𐌂]𐌀𐌚𐌀𐌕𐌄𐌔 • 𐌋𐌓 • 𐌋𐌓 • 𐌍𐌄𐌕𐌑'𐌅𐌉𐌔 • 𐌕𐌓𐌖𐌕𐌍𐌅𐌕 • 𐌚𐌓𐌏𐌍𐌕𐌀𐌂,lr lr netσ'vis trutnvt frontac,"Lucius Cafatius, son of Lucius, of the voting tribe Stellatina, haruspex, interpreter of lightening strikes.",100.0,50.0,0.833,clean,3c8672f9592a,1
ETP 15,[cav]aθas mi seχis ein men[p]e kape mi nunaχ,[cav]aθas mi seχis ein men[p]e kape mi nunaχ,[𐌂𐌀𐌅]𐌀𐌈𐌀𐌔 𐌌𐌉 𐌔𐌄𐌙𐌉𐌔 𐌄𐌉𐌍 𐌌𐌄𐌍[𐌐]𐌄 𐌊𐌀𐌐𐌄 𐌌𐌉 𐌍𐌖𐌍𐌀𐌙,mi seχis ein kape mi nunaχ,"I (am the skyphos) of Cavatha, the daughter. Don't take me. I am nunax.",500.0,450.0,0.750,clean,e9fef544989b,1
ETP 28,mi ςunθeruza ςpuriaς mlakaς,mi ςunθeruza ςpuriaς mlakaς,𐌌𐌉 𐌑𐌖𐌍𐌈𐌄𐌓𐌖𐌆𐌀 𐌑𐌐𐌖𐌓𐌉𐌀𐌑 𐌌𐌋𐌀𐌊𐌀𐌑,mi ςunθeruza ςpuriaς mlakaς,I (am) the pyxis of the beautiful Spuria.,625.0,600.0,1.000,clean,a1968a287a12,1
OA 2.20,ica{i} patara vinumaia,ica{i} patara vinumaia,𐌉𐌂𐌀{𐌉} 𐌐𐌀𐌕𐌀𐌓𐌀 𐌅𐌉𐌍𐌖𐌌𐌀𐌉𐌀,patara vinumaia,This (is) the bowl of Vinumai.,500.0,500.0,0.667,clean,b619cddda48c,1
Ru 5.1,vl • afuna • vl • pes naliσ'a • cn • σ'uθi ceriχunce,vl • afuna • vl • pes naliσ'a • cn • σ'uθi ceriχunce,𐌅𐌋 • 𐌀𐌚𐌖𐌍𐌀 • 𐌅𐌋 • 𐌐𐌄𐌔 𐌍𐌀𐌋𐌉𐌑'𐌀 • 𐌂𐌍 • 𐌑'𐌖𐌈𐌉 𐌂𐌄𐌓𐌉𐌙𐌖𐌍𐌂𐌄,vl afuna vl pes naliσ'a cn σ'uθi ceriχunce,"Vel Afuna, (son) of Vel and Pesnei, built this tomb.",300.0,200.0,1.000,clean,474d167690a4,1
Ve 3.13,m[i]ni mulvanice venali.a. .š.lapina.š. .e.n. mi<ni>pi capi m[i] n[u]na.i.,m[i]ni mulvanice venali.a. .š.lapina.š. .e.n. mi<ni>pi capi m[i] n[u]na.i.,𐌌[𐌉]𐌍𐌉 𐌌𐌖𐌋𐌅𐌀𐌍𐌉𐌂𐌄 𐌅𐌄𐌍𐌀𐌋𐌉.𐌀. .𐌔.𐌋𐌀𐌐𐌉𐌍𐌀.𐌔. .𐌄.𐌍. 𐌌𐌉<𐌍𐌉>𐌐𐌉 𐌂𐌀𐌐𐌉 𐌌[𐌉] 𐌍[𐌖]𐌍𐌀.𐌉.,mulvanice venali.a. .š.lapina.š. .e.n. capi,"Venalia, (family) of Slapinas, gave me (as a gift). Don't steal me. I (am) nunai.",600.0,500.0,0.556,clean,ec1688977575,1
Ve 3.29,[mini] [avi]le zuqu {me} turace men[er]avas,[mini] [avi]le zuqu {me} turace men[er]avas,[𐌌𐌉𐌍𐌉] [𐌀𐌅𐌉]𐌋𐌄 𐌆𐌖𐌒𐌖 {𐌌𐌄} 𐌕𐌖𐌓𐌀𐌂𐌄 𐌌𐌄𐌍[𐌄𐌓]𐌀𐌅𐌀𐌔,zuqu turace,Avile Zuqu dedicated me to Minerva.,600.0,500.0,0.333,clean,886a7b469c92,1
CIE 2620,1M8JV1 A2MH1H9A,1M8JV1 A2MH1H9A,,,,,,0.000,ocr_failed,bf9934a7b2a1,1
CIE 2621,PVLFENNIA ARRI,PVLFENNIA ARRI,,PVLFENNIA ARRI,,,,1.000,clean,688d1e16c986,1
ETP 27,vel uθraσ | mlax,vel uθraσ mlax,𐌅𐌄𐌋 𐌖𐌈𐌓𐌀𐌑 𐌌𐌋𐌀𐌗,vel uθraσ mlax,"Vel Uthra, (a) good (man)",,,1.000,clean,3ed7f300e67b,1
ETP 29,[ecn] [•] [tur]ce • cavi • cr[ai]culi • hercle.s.,[ecn] [•] [tur]ce • cavi • cr[ai]culi • hercle.s.,[𐌄𐌂𐌍] [•] [𐌕𐌖𐌓]𐌂𐌄 • 𐌂𐌀𐌅𐌉 • 𐌂𐌓[𐌀𐌉]𐌂𐌖𐌋𐌉 • 𐌇𐌄𐌓𐌂𐌋𐌄.𐌔.,cavi hercle.s.,? dedicated this (kylix) to ?.,500.0,400.0,0.286,clean,c64ddb7e6e26,1
La 2.3,araz silqetenas spurianas,araz silqetenas spurianas,𐌀𐌓𐌀𐌆 𐌔𐌉𐌋𐌒𐌄𐌕𐌄𐌍𐌀𐌔 𐌔𐌐𐌖𐌓𐌉𐌀𐌍𐌀𐌔,araz silqetenas spurianas,(I am) Araz Silqetenas Spurianas.,600.0,500.0,1.000,clean,820164e64549,1
AV 6.1,[θ]ucer itane zinace titenas,[θ]ucer itane zinace titenas,[𐌈]𐌖𐌂𐌄𐌓 𐌉𐌕𐌀𐌍𐌄 𐌆𐌉𐌍𐌀𐌂𐌄 𐌕𐌉𐌕𐌄𐌍𐌀𐌔,itane zinace titenas,Thucer Titenas made this (vase).,600.0,575.0,0.750,clean,4c790538c15f,1
ETP 57,tite,tite,𐌕𐌉𐌕𐌄,tite,,300.0,300.0,1.000,clean,241348869028,1
ETP 59,curs[ni] θana,curs[ni] θana,𐌂𐌖𐌓𐌔[𐌍𐌉] 𐌈𐌀𐌍𐌀,θana,,250.0,250.0,0.500,clean,9cd56f67c533,1
ETP 60,[v]elθri[es • ] a [a]rce • ta[m]er [a • ] ril • L,[v]elθri[es • ] a [a]rce • ta[m]er [a • ] ril • l,[𐌅]𐌄𐌋𐌈𐌓𐌉[𐌄𐌔 • ] 𐌀 [𐌀]𐌓𐌂𐌄 • 𐌕𐌀[𐌌]𐌄𐌓 [𐌀 • ] 𐌓𐌉𐌋 • 𐌋,a ril l,,300.0,200.0,0.333,clean,397eb474adf9,1
Ta S.8,σ'eθlans uni trepu,σ'eθlans uni trepu,𐌑'𐌄𐌈𐌋𐌀𐌍𐌔 𐌖𐌍𐌉 𐌕𐌓𐌄𐌐𐌖,σ'eθlans uni trepu,"Shethlans, Uni, Trepu (worker ?)",300.0,300.0,1.000,clean,253a65e20061,1
Vs 7.25,zatlaθ : aiθas,zatlaθ aiθas,𐌆𐌀𐌕𐌋𐌀𐌈 𐌀𐌉𐌈𐌀𐌔,zatlaθ aiθas,guard of Aitha (Hades),325.0,300.0,1.000,clean,61053e611d9d,1
Vt 4.2,θuσuθur σelaśva θlu θupit aisece tati,θuσuθur σelaśva θlu θupit aisece tati,𐌈𐌖𐌑𐌖𐌈𐌖𐌓 𐌑𐌄𐌋𐌀𐌑𐌅𐌀 𐌈𐌋𐌖 𐌈𐌖𐌐𐌉𐌕 𐌀𐌉𐌔𐌄𐌂𐌄 𐌕𐌀𐌕𐌉,θuσuθur σelaśva θlu θupit aisece tati,"O Thusu gods (?), the sela ones, thlu (?) in the thup (?). Tati aisece (this),",,,1.000,clean,b357026d1102,1
ETP 93,spiu,spiu,𐌔𐌐𐌉𐌖,spiu,,200.0,200.0,1.000,clean,747d36213209,1
ETP 79,mi tiu,mi tiu,𐌌𐌉 𐌕𐌉𐌖,mi tiu,,300.0,200.0,1.000,clean,4d4c7c9b6f89,1
ETP 81,mi cipaχ,mi cipaχ,𐌌𐌉 𐌂𐌉𐌐𐌀𐌙,mi cipaχ,,550.0,520.0,1.000,clean,a6f034f99770,1
ETP 142,[---]x[.]x calix[---] a : velθxx[---],[---]x[.]x calix[---] a velθxx[---],[---]𐌗[.]𐌗 𐌂𐌀𐌋𐌉𐌗[---] 𐌀 𐌅𐌄𐌋𐌈𐌗𐌗[---],a,,,,0.250,clean,568194a54a19,1
ETP 143,la[r]θi : θactr[ei ---],la[r]θi θactr[ei ---],𐌋𐌀[𐌓]𐌈𐌉 𐌈𐌀𐌂𐌕𐌓[𐌄𐌉 ---],,,,,0.000,clean,734e5e7b15d6,1
ETP 144,[---]t[---]vel[ . . (?)],[---]t[---]vel[ . . (?)],[---]𐌕[---]𐌅𐌄𐌋[ . . (?)],. .,,,,0.500,clean,bdbfc0b35a69,1
ETP 145,aθ : [---]ni[-- -]e[---],aθ [---]ni[-- -]e[---],𐌀𐌈 [---]𐌍𐌉[-- -]𐌄[---],aθ,,,,0.333,clean,28be488cc167,1
ETP 146,σuθina,σuθina,𐌑𐌖𐌈𐌉𐌍𐌀,σuθina,,400.0,300.0,1.000,clean,7d831f09ff88,4
ETP 147,σuθina,σuθina,𐌑𐌖𐌈𐌉𐌍𐌀,σuθina,,400.0,200.0,1.000,clean,7d831f09ff88,4
ETP 148,[ . ]θ[ . . . . ]ucx[ . . . ]uxumsnal : l ca[i]a : [pui]a :,[ . ]θ[ . . . . ]ucx[ . . . ]uxumsnal l ca[i]a [pui]a,[ . ]𐌈[ . . . . ]𐌖𐌂𐌗[ . . . ]𐌖𐌗𐌖𐌌𐌔𐌍𐌀𐌋 𐌋 𐌂𐌀[𐌉]𐌀 [𐌐𐌖𐌉]𐌀,. . . . . . . . l,,400.0,200.0,0.600,clean,8b9072e71eef,1
ETP 167,[---]senθiial[---],[---]senθiial[---],[---]𐌔𐌄𐌍𐌈𐌉𐌉𐌀𐌋[---],,,500.0,480.0,0.000,clean,fee4ed1cbe4f,1
ETP 160,a • a • pumpnaliσa,a • a • pumpnaliσa,𐌀 • 𐌀 • 𐌐𐌖𐌌𐌐𐌍𐌀𐌋𐌉𐌑𐌀,a a pumpnaliσa,,100.0,100.0,1.000,clean,01f7a0135744,1
ETP 161,van[θ],van[θ],𐌅𐌀𐌍[𐌈],,,350.0,300.0,0.000,clean,0de73a193c37,3
ETP 162,θania : alσinei,θania alσinei,𐌈𐌀𐌍𐌉𐌀 𐌀𐌋𐌑𐌉𐌍𐌄𐌉,θania alσinei,,300.0,100.0,1.000,clean,e1dd12bb3ba8,1
ETP 163,av • talus,av • talus,𐌀𐌅 • 𐌕𐌀𐌋𐌖𐌔,av talus,,350.0,300.0,1.000,clean,ebadd4f56268,1
346,arntles,arntles,𐌀𐌓𐌍𐌕𐌋𐌄𐌔,arntles,,,,1.000,clean,cbc0556dd5ff,2
ETP 164,mi araθia,mi araθia,𐌌𐌉 𐌀𐌓𐌀𐌈𐌉𐌀,mi araθia,,650.0,600.0,1.000,clean,aaefae44388d,2
ETP 165,mi satu qurtunia{nia}s,mi satu qurtunia{nia}s,𐌌𐌉 𐌔𐌀𐌕𐌖 𐌒𐌖𐌓𐌕𐌖𐌍𐌉𐌀{𐌍𐌉𐌀}𐌔,mi satu,,650.0,625.0,0.667,clean,0a6968e7435c,1
ETP 166,mi ramuθas,mi ramuθas,𐌌𐌉 𐌓𐌀𐌌𐌖𐌈𐌀𐌔,mi ramuθas,,675.0,650.0,1.000,clean,720acf98873f,2
ETP 297,uri,uri,𐌖𐌓𐌉,uri,,550.0,550.0,1.000,clean,70e5d7b6a29b,1
ETP 180,vel : [p]apa[s] : v,vel [p]apa[s] v,𐌅𐌄𐌋 [𐌐]𐌀𐌐𐌀[𐌔] 𐌅,vel v,,200.0,200.0,0.667,clean,30b3d8bac8c0,1
ETP 181,meinei • papaσliσ a • vl • titialc • sec,meinei • papaσliσ a • vl • titialc • sec,𐌌𐌄𐌉𐌍𐌄𐌉 • 𐌐𐌀𐌐𐌀𐌑𐌋𐌉𐌑 𐌀 • 𐌅𐌋 • 𐌕𐌉𐌕𐌉𐌀𐌋𐌂 • 𐌔𐌄𐌂,meinei papaσliσ a vl titialc sec,"Meinei Papaslisha, daughter of Vel and Titi.",200.0,200.0,1.000,clean,073c7e1acaac,1
ETP 182,fastia,fastia,𐌚𐌀𐌔𐌕𐌉𐌀,fastia,,600.0,500.0,1.000,clean,df817a87cbdd,1
471,curtxn,curtxn,𐌂𐌖𐌓𐌕𐌗𐌍,curtxn,,,,1.000,clean,efc226dbee28,1
ETP 183,avalnies,avalnies,𐌀𐌅𐌀𐌋𐌍𐌉𐌄𐌔,avalnies,,500.0,500.0,1.000,clean,13bf8361086a,1
ETP 184,[m]i larusi ziχan[---],[m]i larusi ziχan[---],[𐌌]𐌉 𐌋𐌀𐌓𐌖𐌔𐌉 𐌆𐌉𐌙𐌀𐌍[---],larusi,,550.0,550.0,0.333,clean,239867b1a445,1
ETP 185,m zu[---],m zu[---],𐌌 𐌆𐌖[---],m,,500.0,500.0,0.500,clean,e569b35fcca8,1
ETP 202,arnθial ur[---],arnθial ur[---],𐌀𐌓𐌍𐌈𐌉𐌀𐌋 𐌖𐌓[---],arnθial,,300.0,100.0,0.500,clean,9600f6641c9c,1
ETP 200,vipe : acries,vipe acries,𐌅𐌉𐌐𐌄 𐌀𐌂𐌓𐌉𐌄𐌔,vipe acries,,200.0,100.0,1.000,clean,b584d34905dc,1
ETP 201,cnaviies mi,cnaviies mi,𐌂𐌍𐌀𐌅𐌉𐌉𐌄𐌔 𐌌𐌉,cnaviies mi,,400.0,300.0,1.000,clean,dabc79ba530b,1
ETP 220,lai [---],lai [---],𐌋𐌀𐌉 [---],lai,,,,0.500,clean,44e99ddf7147,2
ETP 221,mi fasθiia alσiia,mi fasθiia alσiia,𐌌𐌉 𐌚𐌀𐌔𐌈𐌉𐌉𐌀 𐌀𐌋𐌑𐌉𐌉𐌀,mi fasθiia alσiia,,550.0,500.0,1.000,clean,f620c04a7c89,1
ETP 222,[---]xesiiala,[---]xesiiala,[---]𐌗𐌄𐌔𐌉𐌉𐌀𐌋𐌀,,,600.0,550.0,0.000,clean,ba5556ce69dc,1
173,laucha,lauχa,𐌋𐌀𐌖𐌙𐌀,lauχa,,,,1.000,clean,88bc5407fdd4,1
174,thui,θui,𐌈𐌖𐌉,θui,here,,,1.000,clean,764b180cae97,5
175,nalisa,nalisa,𐌍𐌀𐌋𐌉𐌔𐌀,nalisa,mr-larthnusununa,,,1.000,clean,9da486894c32,1
207,venatnal,venatnal,𐌅𐌄𐌍𐌀𐌕𐌍𐌀𐌋,venatnal,,,,1.000,clean,3f606ced8d7c,1
20711,aa,aa,𐌀𐌀,aa,mr-aules,,,1.000,clean,961b6dd3ede3,3
20749,sp,sp,𐌔𐌐,sp,,,,1.000,clean,be18b85f77fc,1
214,vezaceinazesialissa,vezaceinazesialissa,𐌅𐌄𐌆𐌀𐌂𐌄𐌉𐌍𐌀𐌆𐌄𐌔𐌉𐌀𐌋𐌉𐌔𐌔𐌀,vezaceinazesialissa,,,,1.000,clean,e21c1431499b,1
216,lce,lce,𐌋𐌂𐌄,lce,,,,1.000,clean,49ff5e04bc82,1
ETP 240,vel • ber comsn a • velosa {i},vel • ber comsn a • velosa {i},𐌅𐌄𐌋 • 𐌁𐌄𐌓 𐌂𐌏𐌌𐌔𐌍 𐌀 • 𐌅𐌄𐌋𐌏𐌔𐌀 {𐌉},vel ber comsn a velosa,"Vel Percomsna, the (son) of Vel.",100.0,0.0,0.833,clean,8ab5ef3844ff,1
ETP 241,teace,teace,𐌕𐌄𐌀𐌂𐌄,teace,,400.0,300.0,1.000,clean,94cdf7969871,1
221,larthi velnei(al),larθi velnei(al),𐌋𐌀𐌓𐌈𐌉 𐌅𐌄𐌋𐌍𐌄𐌉(𐌀𐌋),larθi,,,,0.500,clean,2037d720c174,1
7432,chechan,χeχan,𐌙𐌄𐌙𐌀𐌍,χeχan,,,,1.000,clean,29b14b5c8866,2
7435,selvans(ia)l(si),selvans(ia)l(si),𐌔𐌄𐌋𐌅𐌀𐌍𐌔(𐌉𐌀)𐌋(𐌔𐌉),,,,,0.000,clean,dc361444eb02,1
188,vetela,vetela,𐌅𐌄𐌕𐌄𐌋𐌀,vetela,,,,1.000,clean,469a1d92a8ce,1
191,rthveteline,rθveteline,𐌓𐌈𐌅𐌄𐌕𐌄𐌋𐌉𐌍𐌄,rθveteline,,,,1.000,clean,c8961a573817,1
197,thanautaunei,θanautaunei,𐌈𐌀𐌍𐌀𐌖𐌕𐌀𐌖𐌍𐌄𐌉,θanautaunei,mrs-thaniautaunei,,,1.000,clean,8be4fc940b3e,1
222,pilnpac,pilnpac,𐌐𐌉𐌋𐌍𐌐𐌀𐌂,pilnpac,,,,1.000,clean,3672e21cc0b9,1
232,mthinal,mθinal,𐌌𐌈𐌉𐌍𐌀𐌋,mθinal,mr-lariscvenle,,,1.000,clean,283ea3a78cca,1
233,methna,meθna,𐌌𐌄𐌈𐌍𐌀,meθna,,,,1.000,clean,bad507a12a01,1
249,larthtite,larθtite,𐌋𐌀𐌓𐌈𐌕𐌉𐌕𐌄,larθtite,mr-larthtite,,,1.000,clean,704520dbd5cf,1
254,elisnal,elisnal,𐌄𐌋𐌉𐌔𐌍𐌀𐌋,elisnal,mrs-velisnis,,,1.000,clean,2df4c18daf56,1
260,afvuies,afvuies,𐌀𐌚𐌅𐌖𐌉𐌄𐌔,afvuies,mr-afvuies,,,1.000,clean,54aa64186d7c,1
264,sthnuvlthathsa,sθnuvlθaθsa,𐌔𐌈𐌍𐌖𐌅𐌋𐌈𐌀𐌈𐌔𐌀,sθnuvlθaθsa,,,,1.000,clean,cf49d9871553,1
270,arthal,arθal,𐌀𐌓𐌈𐌀𐌋,arθal,mrs-arnthi,,,1.000,clean,07fdbc663d89,1
271,--uisina,--uisina,--𐌖𐌉𐌔𐌉𐌍𐌀,,mr-aulelecne,,,0.000,clean,29bf96f7f9e7,1
275,lecnesa,lecnesa,𐌋𐌄𐌂𐌍𐌄𐌔𐌀,lecnesa,,,,1.000,clean,7f5ea3462fef,2
16863,utt,utt,𐌖𐌕𐌕,utt,,,,1.000,clean,c073787b94ea,1
ETP 260,m[i] θane tuvθi,m[i] θane tuvθi,𐌌[𐌉] 𐌈𐌀𐌍𐌄 𐌕𐌖𐌅𐌈𐌉,θane tuvθi,,450.0,450.0,0.667,clean,dec1d821744a,1
ETP 261,mi • cavθas,mi • cavθas,𐌌𐌉 • 𐌂𐌀𐌅𐌈𐌀𐌔,mi cavθas,,450.0,400.0,1.000,clean,c89a5c69c6de,1
ETP 262,[m]i ca[vθas],[m]i ca[vθas],[𐌌]𐌉 𐌂𐌀[𐌅𐌈𐌀𐌔],,,450.0,400.0,0.000,clean,b954c3d149f6,1
ETP 263,ve[ . ]is,ve[ . ]is,𐌅𐌄[ . ]𐌉𐌔,.,,300.0,300.0,0.333,clean,0f4555816c7c,1
277,cnesa,cnesa,𐌂𐌍𐌄𐌔𐌀,cnesa,mr-lecnes-daughters-husband,,,1.000,clean,7bdf820b1f2b,1
299,msatruesurcunusa,msatruesurcunusa,𐌌𐌔𐌀𐌕𐌓𐌖𐌄𐌔𐌖𐌓𐌂𐌖𐌍𐌖𐌔𐌀,msatruesurcunusa,,,,1.000,clean,efb7d65f7151,1
7440,as,as,𐌀𐌔,as,,,,1.000,clean,f4bf9f7fcbed,6
7443,di,di,𐌃𐌉,di,,,,1.000,clean,225ed6562f68,2
7460,misu------------,misu------------,𐌌𐌉𐌔𐌖------------,,,,,0.000,clean,5f1955b90e63,1
307,thnal,θnal,𐌈𐌍𐌀𐌋,θnal,,,,1.000,clean,6734fc60a8ba,1
308,seinal,seinal,𐌔𐌄𐌉𐌍𐌀𐌋,seinal,,,,1.000,clean,5ae492a1ef2d,1
312,mifupninalarth,mifupninalarθ,𐌌𐌉𐌚𐌖𐌐𐌍𐌉𐌍𐌀𐌋𐌀𐌓𐌈,mifupninalarθ,ithe-burial-boxof-mr-larth,,,1.000,clean,0c00b68b57fe,1
315,afur,afur,𐌀𐌚𐌖𐌓,afur,mr-afuries,,,1.000,clean,d3927623c482,1
318,alfnal,alfnal,𐌀𐌋𐌚𐌍𐌀𐌋,alfnal,mrs-alfnis-daughters-husband,,,1.000,clean,a3a7209b568c,1
326,us,us,𐌖𐌔,us,mrs-titis,,,1.000,clean,79adb2a2fce5,2
328,natial,natial,𐌍𐌀𐌕𐌉𐌀𐌋,natial,,,,1.000,clean,93c964dfe589,1
ETP 279,au • ceisina • la eiser as • θuflθas • turce,au • ceisina • la eiser as • θuflθas • turce,𐌀𐌖 • 𐌂𐌄𐌉𐌔𐌉𐌍𐌀 • 𐌋𐌀 𐌄𐌉𐌔𐌄𐌓 𐌀𐌔 • 𐌈𐌖𐌚𐌋𐌈𐌀𐌔 • 𐌕𐌖𐌓𐌂𐌄,au ceisina la eiser as θuflθas turce,"Aule Ceisina, (son) of Larth, dedicated (this bronze statue) to the gods of Thufltha.",200.0,100.0,1.000,clean,523ca19f0836,1
ETP 280,cusinas • larθal,cusinas • larθal,𐌂𐌖𐌔𐌉𐌍𐌀𐌔 • 𐌋𐌀𐌓𐌈𐌀𐌋,cusinas larθal,,,,1.000,clean,e462c61c4aae,1
ETP 281,heiri • ra mθa • a r,heiri • ra mθa • a r,𐌇𐌄𐌉𐌓𐌉 • 𐌓𐌀 𐌌𐌈𐌀 • 𐌀 𐌓,heiri ra mθa a r,,,,1.000,clean,07499d7bcc26,1
344,-------rnal,-------rnal,-------𐌓𐌍𐌀𐌋,,mr-larthmrs-purnis,,,0.000,clean,d7914c317995,2
350,atainei,atainei,𐌀𐌕𐌀𐌉𐌍𐌄𐌉,atainei,,,,1.000,clean,f9aadee732d4,4
352,ecnatne,ecnatne,𐌄𐌂𐌍𐌀𐌕𐌍𐌄,ecnatne,mr-ecnatne,,,1.000,clean,56ddda621f28,1
357,--rnpv,--rnpv,--𐌓𐌍𐌐𐌅,,mr-crespe,,,0.000,clean,00111795835c,1
363,thalisa,θalisa,𐌈𐌀𐌋𐌉𐌔𐌀,θalisa,,,,1.000,clean,b10d2254aa67,1
366,athnui(al),aθnui(al),𐌀𐌈𐌍𐌖𐌉(𐌀𐌋),,,,,0.000,clean,806e37d83f20,1
368,caznei,caznei,𐌂𐌀𐌆𐌍𐌄𐌉,caznei,ms-little-canei,,,1.000,clean,4091bf237f33,2
371,tins,tins,𐌕𐌉𐌍𐌔,tins,the-god-tinias,,,1.000,clean,29aff26b44b8,2
380,miklaninsl,miklaninsl,𐌌𐌉𐌊𐌋𐌀𐌍𐌉𐌍𐌔𐌋,miklaninsl,,,,1.000,clean,ca443e3e9f20,1
386,caurias,caurias,𐌂𐌀𐌖𐌓𐌉𐌀𐌔,caurias,,,,1.000,clean,886aa40104be,1
388,thukerakiltusthuvep,θukerakiltusθuvep,𐌈𐌖𐌊𐌄𐌓𐌀𐌊𐌉𐌋𐌕𐌖𐌔𐌈𐌖𐌅𐌄𐌐,θukerakiltusθuvep,,,,1.000,clean,ab3bf05990b4,1
391,----------cvas,----------cvas,----------𐌂𐌅𐌀𐌔,,,,,0.000,clean,36f3fdc73d43,1
ETP 298,x[---]xxxxx(x)nal,x[---]xxxxx(x)nal,𐌗[---]𐌗𐌗𐌗𐌗𐌗(𐌗)𐌍𐌀𐌋,,,150.0,100.0,0.000,clean,3e930e065385,1
ETP 299,la,la,𐌋𐌀,la,,200.0,150.0,1.000,clean,b737ca7ee563,1
ETP 300,la[---]xza[---],la[---]xza[---],𐌋𐌀[---]𐌗𐌆𐌀[---],,,200.0,150.0,0.000,clean,d8fe6dc7c4dc,1
ETP 304,men tite,men tite,𐌌𐌄𐌍 𐌕𐌉𐌕𐌄,men tite,Tite made (this).,350.0,250.0,1.000,clean,3cba5a9d3376,1
7464,------umacaviuth------,------umacaviuθ------,------𐌖𐌌𐌀𐌂𐌀𐌅𐌉𐌖𐌈------,,,,,0.000,clean,05358d9436bb,1
400,thanuchvilus,θanuχvilus,𐌈𐌀𐌍𐌖𐌙𐌅𐌉𐌋𐌖𐌔,θanuχvilus,,,,1.000,clean,c97130c6e605,1
410,tutnai,tutnai,𐌕𐌖𐌕𐌍𐌀𐌉,tutnai,mr-lartmrs-feimnismr-viskes,,,1.000,clean,d4bc647bd082,1
422,rnal,rnal,𐌓𐌍𐌀𐌋,rnal,,,,1.000,clean,d7914c317995,2
433,inei,inei,𐌉𐌍𐌄𐌉,inei,mr-larttulemrs-tavineis,,,1.000,clean,264892c41eca,2
438,turce,turce,𐌕𐌖𐌓𐌂𐌄,turce,donated,,,1.000,clean,0beec1919a73,5
444,alisa,alisa,𐌀𐌋𐌉𐌔𐌀,alisa,mr-pumpusmrs-turuis,,,1.000,clean,8bbaa91a3a8c,1
447,sl,sl,𐌔𐌋,sl,this-dedicatory-statueto-the-,,,1.000,clean,a27154809ada,3
450,fastia cnevial,fastia cnevial,𐌚𐌀𐌔𐌕𐌉𐌀 𐌂𐌍𐌄𐌅𐌉𐌀𐌋,fastia cnevial,,,,1.000,clean,c7e75bc77de0,1
454,venezatipe,venezatipe,𐌅𐌄𐌍𐌄𐌆𐌀𐌕𐌉𐌐𐌄,venezatipe,,,,1.000,clean,ce3e807d0c40,1
457,aviiisiiivs,aviiisiiivs,𐌀𐌅𐌉𐌉𐌉𐌔𐌉𐌉𐌉𐌅𐌔,aviiisiiivs,,,,1.000,clean,9b33f9cc6af4,1
468,cipinal,cipinal,𐌂𐌉𐌐𐌉𐌍𐌀𐌋,cipinal,,,,1.000,clean,1825f5c0d810,1
ETP 317,a e v,a e v,𐌀 𐌄 𐌅,a e v,,550.0,500.0,1.000,clean,8a450b5eeaf8,1
ETP 318,[---] x a e v z [---],[---] x a e v z [---],[---] 𐌗 𐌀 𐌄 𐌅 𐌆 [---],x a e v z,,550.0,500.0,0.714,clean,e69a1e5aaa11,1
ETP 319,[---]xiai,[---]xiai,[---]𐌗𐌉𐌀𐌉,,,,,0.000,clean,cce900673f2d,1
ETP 320,a e [---],a e [---],𐌀 𐌄 [---],a e,,500.0,450.0,0.667,clean,34b604983b1e,1
ETP 321,[---]z sakiu [---],[---]z sakiu [---],[---]𐌆 𐌔𐌀𐌊𐌉𐌖 [---],sakiu,,600.0,500.0,0.333,clean,4eb7b888b595,1
488,la--------ch----eich----re----a,la--------χ----eiχ----re----a,𐌋𐌀--------𐌙----𐌄𐌉𐌙----𐌓𐌄----𐌀,,,,,0.000,clean,5cbfd2fb8622,1
493,thanavuisinei,θanavuisinei,𐌈𐌀𐌍𐌀𐌅𐌖𐌉𐌔𐌉𐌍𐌄𐌉,θanavuisinei,mr-thanamrs-vuisineis,,,1.000,clean,ce54a5fb708e,1
498,enatia,enatia,𐌄𐌍𐌀𐌕𐌉𐌀,enatia,,,,1.000,clean,631281b33a64,1
499,ru,ru,𐌓𐌖,ru,,,,1.000,clean,ed5ad332c106,2
501,puplu----ta------,puplu----ta------,𐌐𐌖𐌐𐌋𐌖----𐌕𐌀------,,,,,0.000,clean,6886f4ce870c,1
517,as,as,𐌀𐌔,as,,,,1.000,clean,f4bf9f7fcbed,6
525,thurnei,θurnei,𐌈𐌖𐌓𐌍𐌄𐌉,θurnei,,,,1.000,clean,c7dcbc1687f3,1
531,etrual,etrual,𐌄𐌕𐌓𐌖𐌀𐌋,etrual,,,,1.000,clean,1e21f3233e0c,1
7470,ecile,ecile,𐌄𐌂𐌉𐌋𐌄,ecile,,,,1.000,clean,7ca630776543,1
757,puia,puia,𐌐𐌖𐌉𐌀,puia,,,,1.000,clean,64f8f048df93,5
776,balls,balls,𐌁𐌀𐌋𐌋𐌔,balls,mr-aulusmarcius,,,1.000,clean,348d77e943a9,1
ETP 337,eca σuθ[i---] zatneal,eca σuθ[i---] zatneal,𐌄𐌂𐌀 𐌑𐌖𐌈[𐌉---] 𐌆𐌀𐌕𐌍𐌄𐌀𐌋,eca zatneal,,200.0,150.0,0.667,clean,9058bcddc54a,1
ETP 338,mi larzas atrnas,mi larzas atrnas,𐌌𐌉 𐌋𐌀𐌓𐌆𐌀𐌔 𐌀𐌕𐌓𐌍𐌀𐌔,mi larzas atrnas,,500.0,500.0,1.000,clean,442fb06ff313,1
ETP 339,arnθ savpunias turce menrvas,arnθ savpunias turce menrvas,𐌀𐌓𐌍𐌈 𐌔𐌀𐌅𐌐𐌖𐌍𐌉𐌀𐌔 𐌕𐌖𐌓𐌂𐌄 𐌌𐌄𐌍𐌓𐌅𐌀𐌔,arnθ savpunias turce menrvas,Arnth Saupunias dedicated (these greaves) to Minerva.,500.0,450.0,1.000,clean,2cf43577dcef,1
ETP 340,cn • turce tite • uta ves • v • l • hercles alpan •,cn • turce tite • uta ves • v • l • hercles alpan •,𐌂𐌍 • 𐌕𐌖𐌓𐌂𐌄 𐌕𐌉𐌕𐌄 • 𐌖𐌕𐌀 𐌅𐌄𐌔 • 𐌅 • 𐌋 • 𐌇𐌄𐌓𐌂𐌋𐌄𐌔 𐌀𐌋𐌐𐌀𐌍 •,cn turce tite uta ves v l hercles alpan,"Tite Utaves, freedman o f Vel, dedicated this (bronze statue) to Herakles as a thank offering (?).",250.0,200.0,1.000,clean,d8fa65f0a0f8,1
ETP 341,mi cailes cutus,mi cailes cutus,𐌌𐌉 𐌂𐌀𐌉𐌋𐌄𐌔 𐌂𐌖𐌕𐌖𐌔,mi cailes cutus,,,,1.000,clean,98f446b845e5,2
ETP 342,θun vertun cẹ[---------- ]aχuis,θun vertun cẹ[---------- ]aχuis,𐌈𐌖𐌍 𐌅𐌄𐌓𐌕𐌖𐌍 𐌂𐌄[---------- ]𐌀𐌙𐌖𐌉𐌔,θun vertun,,525.0,475.0,0.500,clean,145906461d12,1
777,perstiesa,perstiesa,𐌐𐌄𐌓𐌔𐌕𐌉𐌄𐌔𐌀,perstiesa,,,,1.000,clean,d75dbf38b7dc,1
779,--rnthalisa,--rnθalisa,--𐌓𐌍𐌈𐌀𐌋𐌉𐌔𐌀,,,,,0.000,clean,e2715359784e,1
784,feusinal,feusinal,𐌚𐌄𐌖𐌔𐌉𐌍𐌀𐌋,feusinal,raufemrs-usinis,,,1.000,clean,130afe77b483,1
15016,thach------,θaχ------,𐌈𐌀𐌙------,,,,,0.000,clean,892d386e2a92,1
ETP 357,calve,calve,𐌂𐌀𐌋𐌅𐌄,calve,,475.0,450.0,1.000,clean,fcb5f9b3fb92,1
ETP 358,mi cailes cutus,mi cailes cutus,𐌌𐌉 𐌂𐌀𐌉𐌋𐌄𐌔 𐌂𐌖𐌕𐌖𐌔,mi cailes cutus,,500.0,475.0,1.000,clean,98f446b845e5,2
ETP 359,turan,turan,𐌕𐌖𐌓𐌀𐌍,turan,,500.0,475.0,1.000,clean,28949ea86dcc,3
ETP 360,[---lau]χumsn[a---],[---lau]χumsn[a---],[---𐌋𐌀𐌖]𐌙𐌖𐌌𐌔𐌍[𐌀---],,,,,0.000,clean,cc257b31c9bf,1
CIE 2637,ANA:PUMPNEI:PANVCNISA:VELUS ana:pumpnei:panvcnisa:velus,ANA:PUMPNEI:PANVCNISA:VELUS ana:pumpnei:panvcnisa:velus,,ANA PUMPNEI PANVCNISA VELUS ana pumpnei panvcnisa velus,,,,1.000,clean,86052b8c5276,1
ETP 323,θina rakalus,θina rakalus,𐌈𐌉𐌍𐌀 𐌓𐌀𐌊𐌀𐌋𐌖𐌔,θina rakalus,storage vessel of Rakalu,520.0,500.0,1.000,clean,dfe993cd47a4,1
558,--eletharitetin----,--eleθaritetin----,--𐌄𐌋𐌄𐌈𐌀𐌓𐌉𐌕𐌄𐌕𐌉𐌍----,,,,,0.000,clean,bbe3a3dec337,1
585,sapicnal,sapicnal,𐌔𐌀𐌐𐌉𐌂𐌍𐌀𐌋,sapicnal,,,,1.000,clean,404351f37784,1
588,fuluni----------i,fuluni----------i,𐌚𐌖𐌋𐌖𐌍𐌉----------𐌉,,,,,0.000,clean,236c9619bc49,1
598,arnthane,arnθane,𐌀𐌓𐌍𐌈𐌀𐌍𐌄,arnθane,mr-arnthane,,,1.000,clean,d3e69cfae83c,1
604,cusine,cusine,𐌂𐌖𐌔𐌉𐌍𐌄,cusine,,,,1.000,clean,e19c6f69c5d0,1
609,vipinei,vipinei,𐌅𐌉𐌐𐌉𐌍𐌄𐌉,vipinei,,,,1.000,clean,d5c96de857b9,3
614,larth(i)alisa,larθ(i)alisa,𐌋𐌀𐌓𐌈(𐌉)𐌀𐌋𐌉𐌔𐌀,,,,,0.000,clean,f23f5661cf60,7
657,ancarna,ancarna,𐌀𐌍𐌂𐌀𐌓𐌍𐌀,ancarna,,,,1.000,clean,c681b87ed718,1
666,vipina,vipina,𐌅𐌉𐌐𐌉𐌍𐌀,vipina,,,,1.000,clean,f6cf89fd7deb,1
672,titialisa,titialisa,𐌕𐌉𐌕𐌉𐌀𐌋𐌉𐌔𐌀,titialisa,mr-little-venelmrs-zemnis,,,1.000,clean,1902df8f430b,1
7430,chechan,χeχan,𐌙𐌄𐌙𐌀𐌍,χeχan,,,,1.000,clean,29b14b5c8866,2
20685,zurtalu,zurtalu,𐌆𐌖𐌓𐌕𐌀𐌋𐌖,zurtalu,the-mr-zurta-family,,,1.000,clean,e798019bd90b,1
7431,chechana,χeχana,𐌙𐌄𐌙𐌀𐌍𐌀,χeχana,,,,1.000,clean,54495aa8c5a7,1
ETP 322,[---]vetalus[---],[---]vetalus[---],[---]𐌅𐌄𐌕𐌀𐌋𐌖𐌔[---],,,500.0,400.0,0.000,clean,ccec30063a1c,1
20699,latiate,latiate,𐌋𐌀𐌕𐌉𐌀𐌕𐌄,latiate,,,,1.000,clean,d2c5b33519af,1
20704,niu,niu,𐌍𐌉𐌖,niu,,,,1.000,clean,cf5ae2a21b51,1
50,mileasiese--,mileasiese--,𐌌𐌉𐌋𐌄𐌀𐌔𐌉𐌄𐌔𐌄--,,,,,0.000,clean,70155d9421b8,1
70,setrecneuna,setrecneuna,𐌔𐌄𐌕𐌓𐌄𐌂𐌍𐌄𐌖𐌍𐌀,setrecneuna,mr-setrecneuna,,,1.000,clean,4bec2e9f1c33,1
143,------------------------------------------------------lth------------------------,------------------------------------------------------lθ------------------------,------------------------------------------------------𐌋𐌈------------------------,,mr-larthetruscamrs-arnthismr-larths,,,0.000,clean,0caa38a81b78,3
7463,--------vathas,--------vaθas,--------𐌅𐌀𐌈𐌀𐌔,,,,,0.000,clean,3f402ec36adb,1
863,--------uricia,--------uricia,--------𐌖𐌓𐌉𐌂𐌉𐌀,,,,,0.000,clean,f914fdcf558a,1
866,larthias,larθias,𐌋𐌀𐌓𐌈𐌉𐌀𐌔,larθias,,,,1.000,clean,e2644342a8d8,1
880,aipraupz,aipraupz,𐌀𐌉𐌐𐌓𐌀𐌖𐌐𐌆,aipraupz,ms-aulimr-praupes,,,1.000,clean,4b4c15ec531e,1
925,n--tnia,n--tnia,𐌍--𐌕𐌍𐌉𐌀,,,,,0.000,clean,031f783ef348,1
934,cainia,cainia,𐌂𐌀𐌉𐌍𐌉𐌀,cainia,,,,1.000,clean,7f3fc1f46dd7,1
935,cnevias,cnevias,𐌂𐌍𐌄𐌅𐌉𐌀𐌔,cnevias,,,,1.000,clean,ba45c5f89bc9,1
943,fastisuthaneitutnas,fastisuθaneitutnas,𐌚𐌀𐌔𐌕𐌉𐌔𐌖𐌈𐌀𐌍𐌄𐌉𐌕𐌖𐌕𐌍𐌀𐌔,fastisuθaneitutnas,,,,1.000,clean,267b629c09c4,1
963,nurziunia,nurziunia,𐌍𐌖𐌓𐌆𐌉𐌖𐌍𐌉𐌀,nurziunia,,,,1.000,clean,5d5a4a0ce02f,1
975,znal,znal,𐌆𐌍𐌀𐌋,znal,,,,1.000,clean,b69e5c4f0752,1
20774,xx,xx,𐌗𐌗,xx,xx,,,1.000,clean,5dde896887f6,6
20785,kzurtiu,kzurtiu,𐌊𐌆𐌖𐌓𐌕𐌉𐌖,kzurtiu,,,,1.000,clean,cd89905908f9,1
208,prumathnal,prumaθnal,𐌐𐌓𐌖𐌌𐌀𐌈𐌍𐌀𐌋,prumaθnal,mr-arntmrs-aneinisdaughters-husband,,,1.000,clean,cca8ee1ae044,1
1049,------merunias,------merunias,------𐌌𐌄𐌓𐌖𐌍𐌉𐌀𐌔,,mr-larismr-cumerunias,,,0.000,clean,3fac8ed435d1,1
1056,--------pli,--------pli,--------𐌐𐌋𐌉,,mr-ferniasslave,,,0.000,clean,52dea79f41a9,1
1068,vetinal,vetinal,𐌅𐌄𐌕𐌉𐌍𐌀𐌋,vetinal,,,,1.000,clean,020ef095b82b,1
1132,arnthiclauniuivetina,arnθiclauniuivetina,𐌀𐌓𐌍𐌈𐌉𐌂𐌋𐌀𐌖𐌍𐌉𐌖𐌉𐌅𐌄𐌕𐌉𐌍𐌀,arnθiclauniuivetina,,,,1.000,clean,defd21b54249,1
1133,claniu,claniu,𐌂𐌋𐌀𐌍𐌉𐌖,claniu,mr-claniu,,,1.000,clean,dfd5459c81ab,1
1134,vepupulatha,vepupulaθa,𐌅𐌄𐌐𐌖𐌐𐌖𐌋𐌀𐌈𐌀,vepupulaθa,mr-veliapupumr-larths,,,1.000,clean,c45689cbfa5f,1
1135,vlpumpula,vlpumpula,𐌅𐌋𐌐𐌖𐌌𐌐𐌖𐌋𐌀,vlpumpula,,,,1.000,clean,3f010730185c,1
1145,lartmaare,lartmaare,𐌋𐌀𐌓𐌕𐌌𐌀𐌀𐌓𐌄,lartmaare,,,,1.000,clean,fb6ad0fb806f,1
1146,arnunis,arnunis,𐌀𐌓𐌍𐌖𐌍𐌉𐌔,arnunis,mr-arnunies,,,1.000,clean,ed3e37366c08,1
1147,vaeliza,vaeliza,𐌅𐌀𐌄𐌋𐌉𐌆𐌀,vaeliza,ms-little-vaeli,,,1.000,clean,08e827823045,1
1153,veliza,veliza,𐌅𐌄𐌋𐌉𐌆𐌀,veliza,ms-murrenia,,,1.000,clean,eb08906636b5,3
1154,miaratiaialtamenei,miaratiaialtamenei,𐌌𐌉𐌀𐌓𐌀𐌕𐌉𐌀𐌉𐌀𐌋𐌕𐌀𐌌𐌄𐌍𐌄𐌉,miaratiaialtamenei,imrs-aratiaismrstameneis-sons-wifes,,,1.000,clean,f1f72e46b557,1
1174,sarthcethna--------------------a,sarθceθna--------------------a,𐌔𐌀𐌓𐌈𐌂𐌄𐌈𐌍𐌀--------------------𐌀,,,,,0.000,clean,c4c7fc8086fe,1
1196,anasa,anasa,𐌀𐌍𐌀𐌔𐌀,anasa,,,,1.000,clean,0b42347289b6,1
1301,fermne,fermne,𐌚𐌄𐌓𐌌𐌍𐌄,fermne,,,,1.000,clean,93a5a7f50ebd,1
1302,tiuza,tiuza,𐌕𐌉𐌖𐌆𐌀,tiuza,,,,1.000,clean,ce8601efa859,2
1319,ariodantes in,ariodantes in,𐌀𐌓𐌉𐌏𐌃𐌀𐌍𐌕𐌄𐌔 𐌉𐌍,ariodantes in,,,,1.000,clean,0c0e1de71796,1
1718,iafercle,iafercle,𐌉𐌀𐌚𐌄𐌓𐌂𐌋𐌄,iafercle,mr-velusiasmr-ferclesdaughters-husband,,,1.000,clean,be77d84e5d90,1
1727,ltaiial,ltaiial,𐌋𐌕𐌀𐌉𐌉𐌀𐌋,ltaiial,,,,1.000,clean,b674aa3384cf,1
1731,vael,vael,𐌅𐌀𐌄𐌋,vael,,,,1.000,clean,c45cebd3a46a,1
211,arnth prumathni(alisa) arnth(i)al,arnθ prumaθni(alisa) arnθ(i)al,𐌀𐌓𐌍𐌈 𐌐𐌓𐌖𐌌𐌀𐌈𐌍𐌉(𐌀𐌋𐌉𐌔𐌀) 𐌀𐌓𐌍𐌈(𐌉)𐌀𐌋,arnθ,mr-arnthmrs-prumathnisdaughters-husbandmrs-arnthis,,,0.333,clean,1e9b0433f3be,1
1857,lcavilf,lcavilf,𐌋𐌂𐌀𐌅𐌉𐌋𐌚,lcavilf,,,,1.000,clean,687cc5dda6db,1
1872,fastiacainei----minasa,fastiacainei----minasa,𐌚𐌀𐌔𐌕𐌉𐌀𐌂𐌀𐌉𐌍𐌄𐌉----𐌌𐌉𐌍𐌀𐌔𐌀,,,,,0.000,clean,ec3934417b0b,1
1893,cainiz,cainiz,𐌂𐌀𐌉𐌍𐌉𐌆,cainiz,,,,1.000,clean,f0455920a0c6,1
1899,petrusa,petrusa,𐌐𐌄𐌕𐌓𐌖𐌔𐌀,petrusa,,,,1.000,clean,e6e5c18f2e50,1
1904,pumpual,pumpual,𐌐𐌖𐌌𐌐𐌖𐌀𐌋,pumpual,,,,1.000,clean,975191665208,1
1906,carcu,carcu,𐌂𐌀𐌓𐌂𐌖,carcu,,,,1.000,clean,3d550eaf866f,1
1915,atainal,atainal,𐌀𐌕𐌀𐌉𐌍𐌀𐌋,atainal,mrs-atainis-daughters-husband,,,1.000,clean,03e5ef3088ea,1
1916,arnthal,arnθal,𐌀𐌓𐌍𐌈𐌀𐌋,arnθal,mrs-arnthis,,,1.000,clean,d0480fe3d1f8,4
1927,tial,tial,𐌕𐌉𐌀𐌋,tial,mrs-mefanatis,,,1.000,clean,b705be46787c,2
1935,larthcalisnivanina,larθcalisnivanina,𐌋𐌀𐌓𐌈𐌂𐌀𐌋𐌉𐌔𐌍𐌉𐌅𐌀𐌍𐌉𐌍𐌀,larθcalisnivanina,,,,1.000,clean,60f57746ace1,1
1939,sinivelu,sinivelu,𐌔𐌉𐌍𐌉𐌅𐌄𐌋𐌖,sinivelu,,,,1.000,clean,d9127b3f59d6,1
2114,rsi,rsi,𐌓𐌔𐌉,rsi,,,,1.000,clean,f0f8270db484,1
1956,laricarcnalathal,laricarcnalaθal,𐌋𐌀𐌓𐌉𐌂𐌀𐌓𐌂𐌍𐌀𐌋𐌀𐌈𐌀𐌋,laricarcnalaθal,,,,1.000,clean,09d880314edd,1
2082,lethiusa,leθiusa,𐌋𐌄𐌈𐌉𐌖𐌔𐌀,leθiusa,,,,1.000,clean,4b560df9f6b6,1
2095,la----tni,la----tni,𐌋𐌀----𐌕𐌍𐌉,,,,,0.000,clean,d7752c85c368,1
2098,velch,velχ,𐌅𐌄𐌋𐌙,velχ,,,,1.000,clean,159a99e45025,1
2115,larthvethura,larθveθura,𐌋𐌀𐌓𐌈𐌅𐌄𐌈𐌖𐌓𐌀,larθveθura,,,,1.000,clean,e4ea9106314c,1
2118,velicu,velicu,𐌅𐌄𐌋𐌉𐌂𐌖,velicu,,,,1.000,clean,fc11d4ae1259,2
2135,uiscesa,uiscesa,𐌖𐌉𐌔𐌂𐌄𐌔𐌀,uiscesa,,,,1.000,clean,0f485cf495ed,1
2175,venzile,venzile,𐌅𐌄𐌍𐌆𐌉𐌋𐌄,venzile,,,,1.000,clean,8444ba6becb4,1
2178,tvnasa,tvnasa,𐌕𐌅𐌍𐌀𐌔𐌀,tvnasa,,,,1.000,clean,019e77f3d51e,1
2179,rthal,rθal,𐌓𐌈𐌀𐌋,rθal,,,,1.000,clean,e60d7114553d,1
7491,kvsnailise,kvsnailise,𐌊𐌅𐌔𐌍𐌀𐌉𐌋𐌉𐌔𐌄,kvsnailise,,,,1.000,clean,f2d2b51636a7,1
751,lart,lart,𐌋𐌀𐌓𐌕,lart,mr-lart,,,1.000,clean,1e3d88b2c591,3
7526,ch{l}<u>r,χ{l}<u>r,𐌙{𐌋}<𐌖>𐌓,,,,,0.000,clean,316ccf167fd6,1
7539,tena,tena,𐌕𐌄𐌍𐌀,tena,,,,1.000,clean,b90b56b2d96a,1
7540,e(chatna)s,e(χatna)s,𐌄(𐌙𐌀𐌕𐌍𐌀)𐌔,,,,,0.000,clean,b885679038f6,1
7542,vipiu,vipiu,𐌅𐌉𐌐𐌉𐌖,vipiu,,,,1.000,clean,eb34e6d9a3b0,1
1999,pi------,pi------,𐌐𐌉------,,,,,0.000,clean,85b42e170287,1
2006,ucumzna,ucumzna,𐌖𐌂𐌖𐌌𐌆𐌍𐌀,ucumzna,,,,1.000,clean,2d8dfd6d0956,1
2017,anesa,anesa,𐌀𐌍𐌄𐌔𐌀,anesa,mr-little-velia,,,1.000,clean,4cd2eb9384a8,1
2038,cumniesa,cumniesa,𐌂𐌖𐌌𐌍𐌉𐌄𐌔𐌀,cumniesa,mrs-ceristli,,,1.000,clean,e62a3a2e11bc,1
7527,stx,stx,𐌔𐌕𐌗,stx,,,,1.000,clean,ca2b25a9b0e7,1
2048,athcupsnapucsin,aθcupsnapucsin,𐌀𐌈𐌂𐌖𐌐𐌔𐌍𐌀𐌐𐌖𐌂𐌔𐌉𐌍,aθcupsnapucsin,mr-arnthcupsna,,,1.000,clean,e466388ffa87,1
2057,ceisinal,ceisinal,𐌂𐌄𐌉𐌔𐌉𐌍𐌀𐌋,ceisinal,,,,1.000,clean,666b85253d4b,1
2061,cusinei(al) curvesa,cusinei(al) curvesa,𐌂𐌖𐌔𐌉𐌍𐌄𐌉(𐌀𐌋) 𐌂𐌖𐌓𐌅𐌄𐌔𐌀,curvesa,,,,0.500,clean,30e926fa9132,1
7544,caeasatnas,caeasatnas,𐌂𐌀𐌄𐌀𐌔𐌀𐌕𐌍𐌀𐌔,caeasatnas,,,,1.000,clean,eb21ccf4d5ea,1
763,vuisinieista,vuisinieista,𐌅𐌖𐌉𐌔𐌉𐌍𐌉𐌄𐌉𐌔𐌕𐌀,vuisinieista,,,,1.000,clean,423603f12351,1
766,larthferina,larθferina,𐌋𐌀𐌓𐌈𐌚𐌄𐌓𐌉𐌍𐌀,larθferina,mr-larthferina,,,1.000,clean,b691966a67ee,1
7678,althaia,alθaia,𐌀𐌋𐌈𐌀𐌉𐌀,alθaia,alexander,,,1.000,clean,919166e46fc6,1
7679,elinei,elinei,𐌄𐌋𐌉𐌍𐌄𐌉,elinei,helen,,,1.000,clean,2ab4b1632292,1
2241,zarta,zarta,𐌆𐌀𐌓𐌕𐌀,zarta,,,,1.000,clean,200ede47267f,2
2246,aulezuchu,aulezuχu,𐌀𐌖𐌋𐌄𐌆𐌖𐌙𐌖,aulezuχu,mr-aulezuchu,,,1.000,clean,66bb2b42dde3,1
2285,sithu,siθu,𐌔𐌉𐌈𐌖,siθu,,,,1.000,clean,dc61e214fa12,2
2294,pelthvrinvpetrual,pelθvrinvpetrual,𐌐𐌄𐌋𐌈𐌅𐌓𐌉𐌍𐌅𐌐𐌄𐌕𐌓𐌖𐌀𐌋,pelθvrinvpetrual,,,,1.000,clean,85bf7f7fa2d9,1
2297,ferinisa,ferinisa,𐌚𐌄𐌓𐌉𐌍𐌉𐌔𐌀,ferinisa,,,,1.000,clean,4968d08f91e5,1
2303,herennia estlacial,herennia estlacial,𐌇𐌄𐌓𐌄𐌍𐌍𐌉𐌀 𐌄𐌔𐌕𐌋𐌀𐌂𐌉𐌀𐌋,herennia estlacial,,,,1.000,clean,edfc7a03c17c,1
2314,vulsisa,vulsisa,𐌅𐌖𐌋𐌔𐌉𐌔𐌀,vulsisa,,,,1.000,clean,65d43dddeb84,1
2336,rnavelu,rnavelu,𐌓𐌍𐌀𐌅𐌄𐌋𐌖,rnavelu,mr-aule,,,1.000,clean,45c774d47270,1
2338,thupites,θupites,𐌈𐌖𐌐𐌉𐌕𐌄𐌔,θupites,mr-arntiu,,,1.000,clean,a1f72dbcf89a,1
2341,eicerasthufithi,eicerasθufiθi,𐌄𐌉𐌂𐌄𐌓𐌀𐌔𐌈𐌖𐌚𐌉𐌈𐌉,eicerasθufiθi,to-the-goddessthufithi,,,1.000,clean,3f0e04bba201,1
2342,lanialisa,lanialisa,𐌋𐌀𐌍𐌉𐌀𐌋𐌉𐌔𐌀,lanialisa,mrs-lanis-daughters-husband,,,1.000,clean,f430d262d3f5,1
2356,afuna,afuna,𐌀𐌚𐌖𐌍𐌀,afuna,,,,1.000,clean,0f2b81b74773,2
2392,laristp,laristp,𐌋𐌀𐌓𐌉𐌔𐌕𐌐,laristp,,,,1.000,clean,06b299f51ca5,1
2406,cecunias,cecunias,𐌂𐌄𐌂𐌖𐌍𐌉𐌀𐌔,cecunias,,,,1.000,clean,e29d7e46395e,1
2409,leth,leθ,𐌋𐌄𐌈,leθ,,,,1.000,clean,9fc28491e9b1,1
2410,venzles,venzles,𐌅𐌄𐌍𐌆𐌋𐌄𐌔,venzles,mr-lethia,,,1.000,clean,fab68d927b11,1
2415,ui,ui,𐌖𐌉,ui,,,,1.000,clean,d3ef7de562f9,1
2586,latinisa,latinisa,𐌋𐌀𐌕𐌉𐌍𐌉𐌔𐌀,latinisa,,,,1.000,clean,63434c633b79,1
7681,elaschantre,elasχantre,𐌄𐌋𐌀𐌔𐌙𐌀𐌍𐌕𐌓𐌄,elasχantre,,,,1.000,clean,bc1f525d7c32,1
7683,zelvi,zelvi,𐌆𐌄𐌋𐌅𐌉,zelvi,ms-zelvi,,,1.000,clean,a4d1959681ff,1
7691,hercele,hercele,𐌇𐌄𐌓𐌂𐌄𐌋𐌄,hercele,thegodjupiter,,,1.000,clean,9e0a049b43b3,1
7694,memnun,memnun,𐌌𐌄𐌌𐌍𐌖𐌍,memnun,,,,1.000,clean,330c401cb91d,1
7698,----------------------------elusn----,----------------------------elusn----,----------------------------𐌄𐌋𐌖𐌔𐌍----,,,,,0.000,clean,eb6f284d0e0f,1
7713,pakste,pakste,𐌐𐌀𐌊𐌔𐌕𐌄,pakste,,,,1.000,clean,e5013ec53304,1
7714,lovcilia,lovcilia,𐌋𐌏𐌅𐌂𐌉𐌋𐌉𐌀,lovcilia,,,,1.000,clean,b36f1c5fb7b1,1
7717,au ur,au ur,𐌀𐌖 𐌖𐌓,au ur,mr-auleurve,,,1.000,clean,66ffa48ba062,1
7718,femnas,femnas,𐌚𐌄𐌌𐌍𐌀𐌔,femnas,,,,1.000,clean,949106f0b453,1
2941,thaniatlesnei,θaniatlesnei,𐌈𐌀𐌍𐌉𐌀𐌕𐌋𐌄𐌔𐌍𐌄𐌉,θaniatlesnei,mr-thaniamrs-tlesneis,,,1.000,clean,b19b8f27637d,1
2975,fanu,fanu,𐌚𐌀𐌍𐌖,fanu,,,,1.000,clean,af7d993cb550,1
2976,thrin,θrin,𐌈𐌓𐌉𐌍,θrin,,,,1.000,clean,91be92c1fb22,1
2985,inasa,inasa,𐌉𐌍𐌀𐌔𐌀,inasa,,,,1.000,clean,42c730e38eed,1
3001,veliatutnal,veliatutnal,𐌅𐌄𐌋𐌉𐌀𐌕𐌖𐌕𐌍𐌀𐌋,veliatutnal,mr-veliams-tutnis,,,1.000,clean,f7e43cfccf01,1
7889,u(chuia)l,u(χuia)l,𐌖(𐌙𐌖𐌉𐌀)𐌋,,,,,0.000,clean,e483d9d53625,1
7901,at{i}ia{l}l,at{i}ia{l}l,𐌀𐌕{𐌉}𐌉𐌀{𐌋}𐌋,,,,,0.000,clean,16d9402302f8,1
7916,thenus,θenus,𐌈𐌄𐌍𐌖𐌔,θenus,,,,1.000,clean,21a15b923002,3
3090,arnthal,arnθal,𐌀𐌓𐌍𐌈𐌀𐌋,arnθal,ms-arnthis,,,1.000,clean,d0480fe3d1f8,4
3113,larthiza macutes launitha,larθiza macutes launiθa,𐌋𐌀𐌓𐌈𐌉𐌆𐌀 𐌌𐌀𐌂𐌖𐌕𐌄𐌔 𐌋𐌀𐌖𐌍𐌉𐌈𐌀,larθiza macutes launiθa,mr-little-larthmaninie,,,1.000,clean,31ee61c3bfbb,1
3118,-----rn,-----rn,-----𐌓𐌍,,,,,0.000,clean,584b5edc3da0,1
3122,----------etumnei------------,----------etumnei------------,----------𐌄𐌕𐌖𐌌𐌍𐌄𐌉------------,,,,,0.000,clean,dbd294348ec6,1
3162,thestia,θestia,𐌈𐌄𐌔𐌕𐌉𐌀,θestia,,,,1.000,clean,81a355b9170f,1
3170,ta------la,ta------la,𐌕𐌀------𐌋𐌀,,,,,0.000,clean,1406ccbdf906,2
3175,------------------------rinal,------------------------rinal,------------------------𐌓𐌉𐌍𐌀𐌋,,,,,0.000,clean,15add606e6e0,1
3196,aztaviav,aztaviav,𐌀𐌆𐌕𐌀𐌅𐌉𐌀𐌅,aztaviav,mr-arntthicane,,,1.000,clean,0b0acb388d8a,1
7937,piuthnei sektalui(al),piuθnei sektalui(al),𐌐𐌉𐌖𐌈𐌍𐌄𐌉 𐌔𐌄𐌊𐌕𐌀𐌋𐌖𐌉(𐌀𐌋),piuθnei,,,,0.500,clean,f38fdbd1771e,1
7938,co(r)v(ncanii),co(r)v(ncanii),𐌂𐌏(𐌓)𐌅(𐌍𐌂𐌀𐌍𐌉𐌉),,mr-petruscoruncanius,,,0.000,clean,7ac4f5cf0130,1
7944,kfsiloi,kfsiloi,𐌊𐌚𐌔𐌉𐌋𐌏𐌉,kfsiloi,,,,1.000,clean,7fcc66ff6622,1
8011,loifirtato,loifirtato,𐌋𐌏𐌉𐌚𐌉𐌓𐌕𐌀𐌕𐌏,loifirtato,,,,1.000,clean,460af733fb77,1
8023,ix,ix,𐌉𐌗,ix,,,,1.000,clean,ed171375d0bf,3
8030,apolonos,apolonos,𐌀𐌐𐌏𐌋𐌏𐌍𐌏𐌔,apolonos,,,,1.000,clean,c86918aae6cf,1
3271,micutunas,micutunas,𐌌𐌉𐌂𐌖𐌕𐌖𐌍𐌀𐌔,micutunas,,,,1.000,clean,068b65becf48,1
3282,chaeti,χaeti,𐌙𐌀𐌄𐌕𐌉,χaeti,,,,1.000,clean,b4b8677f6511,1
3296,vesial,vesial,𐌅𐌄𐌔𐌉𐌀𐌋,vesial,mr-vethna,,,1.000,clean,7fd2ac6a64ea,3
3299,asmuria,asmuria,𐌀𐌔𐌌𐌖𐌓𐌉𐌀,asmuria,,,,1.000,clean,8c6d86ec17b7,2
3332,------------------clodian,------------------clodian,------------------𐌂𐌋𐌏𐌃𐌉𐌀𐌍,,,,,0.000,clean,67c6ffb82bc0,1
3349,antioci,antioci,𐌀𐌍𐌕𐌉𐌏𐌂𐌉,antioci,of-mr-luciusspintius,,,1.000,clean,1f5f1ba6abc3,1
3754,arznealfusiur,arznealfusiur,𐌀𐌓𐌆𐌍𐌄𐌀𐌋𐌚𐌖𐌔𐌉𐌖𐌓,arznealfusiur,mr-arnthmr-larthmrvelimnas,,,1.000,clean,6306c0b853c1,1
3756,peipi,peipi,𐌐𐌄𐌉𐌐𐌉,peipi,ms-peipi,,,1.000,clean,ee411e226566,1
3758,aulevelimnasthefrisa,aulevelimnasθefrisa,𐌀𐌖𐌋𐌄𐌅𐌄𐌋𐌉𐌌𐌍𐌀𐌔𐌈𐌄𐌚𐌓𐌉𐌔𐌀,aulevelimnasθefrisa,bmr-aulemr-velimnassonmr-thefries-daughters-husband,,,1.000,clean,39a719b89335,1
3760,velvelimnas,velvelimnas,𐌅𐌄𐌋𐌅𐌄𐌋𐌉𐌌𐌍𐌀𐌔,velvelimnas,mr-velmr-velimnas,,,1.000,clean,1ed27cb721d5,1
3762,veiliavelimneiarnthial,veiliavelimneiarnθial,𐌅𐌄𐌉𐌋𐌉𐌀𐌅𐌄𐌋𐌉𐌌𐌍𐌄𐌉𐌀𐌓𐌍𐌈𐌉𐌀𐌋,veiliavelimneiarnθial,,,,1.000,clean,616ad476734b,1
3767,vitlial,vitlial,𐌅𐌉𐌕𐌋𐌉𐌀𐌋,vitlial,,,,1.000,clean,1287d836ab98,1
8215,-------------- acavir----,-------------- acavir----,-------------- 𐌀𐌂𐌀𐌅𐌉𐌓----,,,,,0.000,clean,6d438fcb19dc,1
8216,cail(io),cail(io),𐌂𐌀𐌉𐌋(𐌉𐌏),,,,,0.000,clean,add9173ae904,1
4006,arcasni,arcasni,𐌀𐌓𐌂𐌀𐌔𐌍𐌉,arcasni,mr-arnthmrs-casnis,,,1.000,clean,9186654f1c28,1
4008,claz,claz,𐌂𐌋𐌀𐌆,claz,mr-arnthmrs-casnislittle-sonmr-arnthauclinaslittle-son,,,1.000,clean,e15465528727,1
4047,luesnas,luesnas,𐌋𐌖𐌄𐌔𐌍𐌀𐌔,luesnas,,,,1.000,clean,3c2e1354c8f6,1
4072,arnthtantles,arnθtantles,𐌀𐌓𐌍𐌈𐌕𐌀𐌍𐌕𐌋𐌄𐌔,arnθtantles,mr-arnthmr-tantles,,,1.000,clean,9771358e5b2c,1
4076,nial,nial,𐌍𐌉𐌀𐌋,nial,,,,1.000,clean,89827f61d6e2,1
4080,nufrznas(a),nufrznas(a),𐌍𐌖𐌚𐌓𐌆𐌍𐌀𐌔(𐌀),,,,,0.000,clean,5710af447b9d,1
8239,----plia------,----plia------,----𐌐𐌋𐌉𐌀------,,ms-popliavplia,,,0.000,clean,0084ee9f5a62,1
8243,lepvia,lepvia,𐌋𐌄𐌐𐌅𐌉𐌀,lepvia,,,,1.000,clean,4d6163de3311,1
8244,------omoiivolti,------omoiivolti,------𐌏𐌌𐌏𐌉𐌉𐌅𐌏𐌋𐌕𐌉,,of-mr-titosmaxomos,,,0.000,clean,7b03bcc4a011,1
8245,--oltil----,--oltil----,--𐌏𐌋𐌕𐌉𐌋----,,,,,0.000,clean,3fb0d910dba7,1
8246,livesioi,livesioi,𐌋𐌉𐌅𐌄𐌔𐌉𐌏𐌉,livesioi,,,,1.000,clean,d91cebc1988b,1
8248,le(on)a,le(on)a,𐌋𐌄(𐌏𐌍)𐌀,,,,,0.000,clean,fb491d511058,1
8249,mesio,mesio,𐌌𐌄𐌔𐌉𐌏,mesio,,,,1.000,clean,d92da77771bf,1
4139,serturialclan,serturialclan,𐌔𐌄𐌓𐌕𐌖𐌓𐌉𐌀𐌋𐌂𐌋𐌀𐌍,serturialclan,mr-larthvelthurnamr-lariss,,,1.000,clean,37bccc45b338,1
4148,famfna,famfna,𐌚𐌀𐌌𐌚𐌍𐌀,famfna,,,,1.000,clean,37ee53e81551,1
4167,rauf,rauf,𐌓𐌀𐌖𐌚,rauf,,,,1.000,clean,2d416da8855b,1
4184,veltia,veltia,𐌅𐌄𐌋𐌕𐌉𐌀,veltia,,,,1.000,clean,9fc92edd2dca,1
4195,thmiatvneicuesnas,θmiatvneicuesnas,𐌈𐌌𐌉𐌀𐌕𐌅𐌍𐌄𐌉𐌂𐌖𐌄𐌔𐌍𐌀𐌔,θmiatvneicuesnas,,,,1.000,clean,42d9b9bb64d5,1
4200,tinial,tinial,𐌕𐌉𐌍𐌉𐌀𐌋,tinial,mrs-artinis-daughters-husband,,,1.000,clean,ab313adb7f9f,2
4268,thiai------,θiai------,𐌈𐌉𐌀𐌉------,,,,,0.000,clean,a6299a10a165,1
4307,sacrial,sacrial,𐌔𐌀𐌂𐌓𐌉𐌀𐌋,sacrial,,,,1.000,clean,9306a1f392c4,1
4319,----nchvilveanifethius,----nχvilveanifeθius,----𐌍𐌙𐌅𐌉𐌋𐌅𐌄𐌀𐌍𐌉𐌚𐌄𐌈𐌉𐌖𐌔,,,,,0.000,clean,fc740f4af859,1
4354,purnisa,purnisa,𐌐𐌖𐌓𐌍𐌉𐌔𐌀,purnisa,,,,1.000,clean,2559c24426ec,1
4355,parfnal,parfnal,𐌐𐌀𐌓𐌚𐌍𐌀𐌋,parfnal,,,,1.000,clean,449b9e501712,1
4356,--rnthpipiruf,--rnθpipiruf,--𐌓𐌍𐌈𐌐𐌉𐌐𐌉𐌓𐌖𐌚,,mr-arnthmrs-pipis,,,0.000,clean,e0c0fe4bde2c,1
4376,thanapetrua,θanapetrua,𐌈𐌀𐌍𐌀𐌐𐌄𐌕𐌓𐌖𐌀,θanapetrua,larcna,,,1.000,clean,8be89e59bda8,1
4380,arnthivthv,arnθivθv,𐌀𐌓𐌍𐌈𐌉𐌅𐌈𐌅,arnθivθv,,,,1.000,clean,14061b1a4275,1
4421,chpis,χpis,𐌙𐌐𐌉𐌔,χpis,,,,1.000,clean,b115f1ed91d0,1
8250,ivneo,ivneo,𐌉𐌅𐌍𐌄𐌏,ivneo,mr-tulotoss,,,1.000,clean,6eb69c81eaef,2
8251,ivneo,ivneo,𐌉𐌅𐌍𐌄𐌏,ivneo,ms-ciila,,,1.000,clean,6eb69c81eaef,2
828,a(rn)th,a(rn)θ,𐌀(𐌓𐌍)𐌈,,,,,0.000,clean,c80f3b04a01a,10
8289,pleina,pleina,𐌐𐌋𐌄𐌉𐌍𐌀,pleina,,,,1.000,clean,8847cd566441,1
8291,nvikvii,nvikvii,𐌍𐌅𐌉𐌊𐌅𐌉𐌉,nvikvii,,,,1.000,clean,49d95f13fb74,1
8292,itn,itn,𐌉𐌕𐌍,itn,mr-iuniosof-mrs-tanaborn,,,1.000,clean,61aca600b274,1
8294,ce,ce,𐌂𐌄,ce,,,,1.000,clean,e64c826b6b33,2
8295,cs,cs,𐌂𐌔,cs,,,,1.000,clean,3b8b91c75627,2
CIE 18.B.9,ЭИИЭA·Fa.,enneA·Fa.,𐌄𐌍𐌍𐌄𐌀·𐌚𐌀.,enneA Fa.,,,,1.000,clean,5d695172804c,1
4440,menenial,menenial,𐌌𐌄𐌍𐌄𐌍𐌉𐌀𐌋,menenial,mrs-menenis,,,1.000,clean,6efa6ed693cb,1
4504,thauvia,θauvia,𐌈𐌀𐌖𐌅𐌉𐌀,θauvia,,,,1.000,clean,7f479c0a50ce,1
4519,thasnias,θasnias,𐌈𐌀𐌔𐌍𐌉𐌀𐌔,θasnias,,,,1.000,clean,4398853897df,1
4543,------lethicaithil------------ia,------leθicaiθil------------ia,------𐌋𐌄𐌈𐌉𐌂𐌀𐌉𐌈𐌉𐌋------------𐌉𐌀,,mrs-lethimrs-caismrs-thilnis-sons-wifemr-,,,0.000,clean,5b53bca5482d,1
4656,offertia,offertia,𐌏𐌚𐌚𐌄𐌓𐌕𐌉𐌀,offertia,,,,1.000,clean,4099565cb8ee,1
8305,v(oltios),v(oltios),𐌅(𐌏𐌋𐌕𐌉𐌏𐌔),,,,,0.000,clean,548493f4baec,1
4793,evantralt,evantralt,𐌄𐌅𐌀𐌍𐌕𐌓𐌀𐌋𐌕,evantralt,,,,1.000,clean,f326881772d2,1
835,tlesna,tlesna,𐌕𐌋𐌄𐌔𐌍𐌀,tlesna,,,,1.000,clean,0e64aaa89f4a,1
8357,fvlczeo,fvlczeo,𐌚𐌅𐌋𐌂𐌆𐌄𐌏,fvlczeo,,,,1.000,clean,a7912c802c4d,1
8358,zextoi,zextoi,𐌆𐌄𐌗𐌕𐌏𐌉,zextoi,folcozeos,,,1.000,clean,4f3e39d27ae8,1
8359,poplia,poplia,𐌐𐌏𐌐𐌋𐌉𐌀,poplia,of-mrs-poplia,,,1.000,clean,68a4796943df,2
8361,fileo,fileo,𐌚𐌉𐌋𐌄𐌏,fileo,lousitoss,,,1.000,clean,64740f90d87f,1
8371,hadenia,hadenia,𐌇𐌀𐌃𐌄𐌍𐌉𐌀,hadenia,,,,1.000,clean,53fc7512e2cd,1
8378,zervatronia,zervatronia,𐌆𐌄𐌓𐌅𐌀𐌕𐌓𐌏𐌍𐌉𐌀,zervatronia,,,,1.000,clean,5fa9bae0bf68,1
8388,arvto,arvto,𐌀𐌓𐌅𐌕𐌏,arvto,,,,1.000,clean,880a2a699ed1,1
8389,celusa,celusa,𐌂𐌄𐌋𐌖𐌔𐌀,celusa,,,,1.000,clean,36b880a0e64a,1
4811,ma,ma,𐌌𐌀,ma,,,,1.000,clean,3c44c3e1b8b7,2
4860,auletretra,auletretra,𐌀𐌖𐌋𐌄𐌕𐌓𐌄𐌕𐌓𐌀,auletretra,,,,1.000,clean,ff0b9cd539b9,1
4866,lisa,lisa,𐌋𐌉𐌔𐌀,lisa,mrs-fulnis-daughters-husband,,,1.000,clean,d84fe7e07bed,3
4883,rumathes,rumaθes,𐌓𐌖𐌌𐌀𐌈𐌄𐌔,rumaθes,,,,1.000,clean,fcde150c084e,1
4885,rumates,rumates,𐌓𐌖𐌌𐌀𐌕𐌄𐌔,rumates,,,,1.000,clean,6992a23b7a19,1
4886,vlarce,vlarce,𐌅𐌋𐌀𐌓𐌂𐌄,vlarce,mr-velialarce,,,1.000,clean,665841f96d3a,1
4888,rsnei,rsnei,𐌓𐌔𐌍𐌄𐌉,rsnei,mr-thana,,,1.000,clean,b62908c9a865,1
4889,--a------a----purnal,--a------a----purnal,--𐌀------𐌀----𐌐𐌖𐌓𐌍𐌀𐌋,,,,,0.000,clean,4f050de5ea4b,1
4912,tutnasa,tutnasa,𐌕𐌖𐌕𐌍𐌀𐌔𐌀,tutnasa,,,,1.000,clean,39cfadb6664a,2
8419,laziveianes,laziveianes,𐌋𐌀𐌆𐌉𐌅𐌄𐌉𐌀𐌍𐌄𐌔,laziveianes,,,,1.000,clean,dfddecc60331,1
8435,voliai,voliai,𐌅𐌏𐌋𐌉𐌀𐌉,voliai,,,,1.000,clean,2056be690e9c,1
8527,f(avstos),f(avstos),𐌚(𐌀𐌅𐌔𐌕𐌏𐌔),,,,,0.000,clean,38de803d3f7f,1
8543,t(itos),t(itos),𐌕(𐌉𐌕𐌏𐌔),,,,,0.000,clean,63fcc12dcc69,1
8548,ivnai,ivnai,𐌉𐌅𐌍𐌀𐌉,ivnai,,,,1.000,clean,5999ffff880c,1
4990,milarthiasrupinas,milarθiasrupinas,𐌌𐌉𐌋𐌀𐌓𐌈𐌉𐌀𐌔𐌓𐌖𐌐𐌉𐌍𐌀𐌔,milarθiasrupinas,,,,1.000,clean,eaabab0257d7,1
4992,mivelthurusmuielnas,mivelθurusmuielnas,𐌌𐌉𐌅𐌄𐌋𐌈𐌖𐌓𐌖𐌔𐌌𐌖𐌉𐌄𐌋𐌍𐌀𐌔,mivelθurusmuielnas,,,,1.000,clean,f020350baa76,1
4995,casne,casne,𐌂𐌀𐌔𐌍𐌄,casne,,,,1.000,clean,42b31d7507f5,1
4997,asuthienas,asuθienas,𐌀𐌔𐌖𐌈𐌉𐌄𐌍𐌀𐌔,asuθienas,,,,1.000,clean,1775a0064c41,1
5036,------nisc------,------nisc------,------𐌍𐌉𐌔𐌂------,,,,,0.000,clean,901eecab39bb,1
5038,aveiesthi,aveiesθi,𐌀𐌅𐌄𐌉𐌄𐌔𐌈𐌉,aveiesθi,,,,1.000,clean,a385c32cf6f4,1
5045,mivenelissanchun----,mivenelissanχun----,𐌌𐌉𐌅𐌄𐌍𐌄𐌋𐌉𐌔𐌔𐌀𐌍𐌙𐌖𐌍----,,imr-veneliesmrsanchunas,,,0.000,clean,030eebfa5d0c,1
5052,----vthu,----vθu,----𐌅𐌈𐌖,,imr-larthiatefunas,,,0.000,clean,1286a5af5de8,1
5054,aranthiatefu,aranθiatefu,𐌀𐌓𐌀𐌍𐌈𐌉𐌀𐌕𐌄𐌚𐌖,aranθiatefu,,,,1.000,clean,05bf6bc5c7fd,1
5057,--------thinlnu--,--------θinlnu--,--------𐌈𐌉𐌍𐌋𐌍𐌖--,,bimr-larththinlnusmr-,,,0.000,clean,ffbf9d9b96eb,1
8560,iixc,iixc,𐌉𐌉𐌗𐌂,iixc,,,,1.000,clean,9001824f2dfe,1
8571,e(cnatios),e(cnatios),𐌄(𐌂𐌍𐌀𐌕𐌉𐌏𐌔),,,,,0.000,clean,451e58738792,1
8575,cvintos,cvintos,𐌂𐌅𐌉𐌍𐌕𐌏𐌔,cvintos,,,,1.000,clean,f2e10e188938,1
8586,ka(ia)l,ka(ia)l,𐌊𐌀(𐌉𐌀)𐌋,,mr-statesmr-laiethnas,,,0.000,clean,577398816af5,2
861,a(rn)thei,a(rn)θei,𐌀(𐌓𐌍)𐌈𐌄𐌉,,,,,0.000,clean,476f13ae68a4,1
862,thuceri(al),θuceri(al),𐌈𐌖𐌂𐌄𐌓𐌉(𐌀𐌋),,mrs-thuceris,,,0.000,clean,5cb7ced39952,1
8622,vilev,vilev,𐌅𐌉𐌋𐌄𐌅,vilev,,,,1.000,clean,c047713f7dab,1
5096,kurpu,kurpu,𐌊𐌖𐌓𐌐𐌖,kurpu,,,,1.000,clean,0769be7a8b56,1
5102,presnthe,presnθe,𐌐𐌓𐌄𐌔𐌍𐌈𐌄,presnθe,,,,1.000,clean,0a16427d81cc,1
5107,rcnas,rcnas,𐌓𐌂𐌍𐌀𐌔,rcnas,,,,1.000,clean,1826333aec5c,1
5191,numesiaceles,numesiaceles,𐌍𐌖𐌌𐌄𐌔𐌉𐌀𐌂𐌄𐌋𐌄𐌔,numesiaceles,mr-numesiamr-celes,,,1.000,clean,41469efe54eb,1
5217,----rsia----,----rsia----,----𐌓𐌔𐌉𐌀----,,,,,0.000,clean,e4990df221d3,1
5218,votrvbia s,votrvbia s,𐌅𐌏𐌕𐌓𐌅𐌁𐌉𐌀 𐌔,votrvbia s,votrvbias,,,1.000,clean,019f9eb3c437,1
5221,alcilnia,alcilnia,𐌀𐌋𐌂𐌉𐌋𐌍𐌉𐌀,alcilnia,seethe-tomb,,,1.000,clean,5e58d9b62f80,1
5225,ecasuthilarthal,ecasuθilarθal,𐌄𐌂𐌀𐌔𐌖𐌈𐌉𐌋𐌀𐌓𐌈𐌀𐌋,ecasuθilarθal,seethe-tombof-mrs-larthi,,,1.000,clean,5a229fe290bf,1
5226,lartha--,larθa--,𐌋𐌀𐌓𐌈𐌀--,,mrs-larthis,,,0.000,clean,e5399cc0611b,1
5230,cetsevelcneui,cetsevelcneui,𐌂𐌄𐌕𐌔𐌄𐌅𐌄𐌋𐌂𐌍𐌄𐌖𐌉,cetsevelcneui,,,,1.000,clean,cabc46be5872,1
5234,cecnas,cecnas,𐌂𐌄𐌂𐌍𐌀𐌔,cecnas,,,,1.000,clean,1bbaa7526aa1,1
5239,eca suthi masnial,eca suθi masnial,𐌄𐌂𐌀 𐌔𐌖𐌈𐌉 𐌌𐌀𐌔𐌍𐌉𐌀𐌋,eca suθi masnial,,,,1.000,clean,8c6b321041b1,1
5249,casntra,casntra,𐌂𐌀𐌔𐌍𐌕𐌓𐌀,casntra,,,,1.000,clean,3cc268e37680,1
8625,fasl,fasl,𐌚𐌀𐌔𐌋,fasl,,,,1.000,clean,3087d3942f3e,1
8698,miculichnav------uravenells,miculiχnav------uravenells,𐌌𐌉𐌂𐌖𐌋𐌉𐌙𐌍𐌀𐌅------𐌖𐌓𐌀𐌅𐌄𐌍𐌄𐌋𐌋𐌔,,,,,0.000,clean,98911d5e9d10,1
8831,ap(e),ap(e),𐌀𐌐(𐌄),,,,,0.000,clean,eb3cad5b7bea,1
8845,n(umer)i,n(umer)i,𐌍(𐌖𐌌𐌄𐌓)𐌉,,ms-numeri,,,0.000,clean,bd0df94935a0,2
8861,pu(mpu),pu(mpu),𐌐𐌖(𐌌𐌐𐌖),,mr-pumpu,,,0.000,clean,048f6a11cf1d,2
8874,thenus,θenus,𐌈𐌄𐌍𐌖𐌔,θenus,mr-thenu,,,1.000,clean,21a15b923002,3
5303,misuthiavlesi--,misuθiavlesi--,𐌌𐌉𐌔𐌖𐌈𐌉𐌀𐌅𐌋𐌄𐌔𐌉--,,,,,0.000,clean,c9fbf3d77be4,1
5306,milarusvlartialitunumtaschu,milarusvlartialitunumtasχu,𐌌𐌉𐌋𐌀𐌓𐌖𐌔𐌅𐌋𐌀𐌓𐌕𐌉𐌀𐌋𐌉𐌕𐌖𐌍𐌖𐌌𐌕𐌀𐌔𐌙𐌖,milarusvlartialitunumtasχu,,,,1.000,clean,86c73291e455,1
5314,thanchviltarnai,θanχviltarnai,𐌈𐌀𐌍𐌙𐌅𐌉𐌋𐌕𐌀𐌓𐌍𐌀𐌉,θanχviltarnai,mrs-thanchvilmrs-tarnais,,,1.000,clean,38d864d63159,1
5319,thanicu,θanicu,𐌈𐌀𐌍𐌉𐌂𐌖,θanicu,,,,1.000,clean,6feb252f6048,2
5324,----tnpumpu----,----tnpumpu----,----𐌕𐌍𐌐𐌖𐌌𐌐𐌖----,,slavegirlmr-pumpus,,,0.000,clean,0067e7d29991,1
5327,------athesunamulthame,------aθesunamulθame,------𐌀𐌈𐌄𐌔𐌖𐌍𐌀𐌌𐌖𐌋𐌈𐌀𐌌𐌄,,,,,0.000,clean,d190b527f326,1
5328,fersu,fersu,𐌚𐌄𐌓𐌔𐌖,fersu,,,,1.000,clean,8ca36f569f69,1
5329,latithe,latiθe,𐌋𐌀𐌕𐌉𐌈𐌄,latiθe,,,,1.000,clean,603136a1f7c6,1
5331,tevarath,tevaraθ,𐌕𐌄𐌅𐌀𐌓𐌀𐌈,tevaraθ,,,,1.000,clean,47c8e04ccb28,1
8877,thanesasestuminas,θanesasestuminas,𐌈𐌀𐌍𐌄𐌔𐌀𐌔𐌄𐌔𐌕𐌖𐌌𐌉𐌍𐌀𐌔,θanesasestuminas,,,,1.000,clean,096edb17fb19,1
8881,tular,tular,𐌕𐌖𐌋𐌀𐌓,tular,that-boundaryof-a-boundary,,,1.000,clean,45c525e284b6,2
8891,ariatha,ariaθa,𐌀𐌓𐌉𐌀𐌈𐌀,ariaθa,ariadne,,,1.000,clean,5ead1c0264df,2
8892,fercle,fercle,𐌚𐌄𐌓𐌂𐌋𐌄,fercle,cycnoskingofliguria,,,1.000,clean,4b260b904b36,6
8894,salthan,salθan,𐌔𐌀𐌋𐌈𐌀𐌍,salθan,,,,1.000,clean,881e0fd8dafd,2
8895,ze,ze,𐌆𐌄,ze,,,,1.000,clean,33129567e0bd,2
8897,apulu,apulu,𐌀𐌐𐌖𐌋𐌖,apulu,thegodmercury,,,1.000,clean,559761f66554,3
8900,peithe,peiθe,𐌐𐌄𐌉𐌈𐌄,peiθe,,,,1.000,clean,0abe56211df5,2
8901,mitafinalaziavilianas,mitafinalaziavilianas,𐌌𐌉𐌕𐌀𐌚𐌉𐌍𐌀𐌋𐌀𐌆𐌉𐌀𐌅𐌉𐌋𐌉𐌀𐌍𐌀𐌔,mitafinalaziavilianas,imr-tafinasmrslaziavilismr-anas,,,1.000,clean,456ec9dc3b62,1
8917,tafina,tafina,𐌕𐌀𐌚𐌉𐌍𐌀,tafina,mr-tafina,,,1.000,clean,cebb6e82d333,1
5345,aefla,aefla,𐌀𐌄𐌚𐌋𐌀,aefla,,,,1.000,clean,0f56db64ade0,1
5394,velusla,velusla,𐌅𐌄𐌋𐌖𐌔𐌋𐌀,velusla,,,,1.000,clean,03abcf693e50,1
5396,aninai,aninai,𐌀𐌍𐌉𐌍𐌀𐌉,aninai,,,,1.000,clean,1365812e08f6,1
5409,cechase,ceχase,𐌂𐌄𐌙𐌀𐌔𐌄,ceχase,,,,1.000,clean,a117f08cd18d,2
5417,thanachvel,θanaχvel,𐌈𐌀𐌍𐌀𐌙𐌅𐌄𐌋,θanaχvel,,,,1.000,clean,dc3f420f69f5,1
5429,mamamarcespuriiazas,mamamarcespuriiazas,𐌌𐌀𐌌𐌀𐌌𐌀𐌓𐌂𐌄𐌔𐌐𐌖𐌓𐌉𐌉𐌀𐌆𐌀𐌔,mamamarcespuriiazas,,,,1.000,clean,0fca298a17e0,1
5466,------------cezpa------,------------cezpa------,------------𐌂𐌄𐌆𐌐𐌀------,,,,,0.000,clean,9febe2bcbfa1,1
8920,setlans,setlans,𐌔𐌄𐌕𐌋𐌀𐌍𐌔,setlans,mr-uslepes,,,1.000,clean,51ac18b998b9,1
8925,vultasi,vultasi,𐌅𐌖𐌋𐌕𐌀𐌔𐌉,vultasi,,,,1.000,clean,12da02940a81,1
8926,culcnasi,culcnasi,𐌂𐌖𐌋𐌂𐌍𐌀𐌔𐌉,culcnasi,,,,1.000,clean,c960ed221b74,1
8927,alpan vesias,alpan vesias,𐌀𐌋𐌐𐌀𐌍 𐌅𐌄𐌔𐌉𐌀𐌔,alpan vesias,,,,1.000,clean,250d42d19535,1
8932,larisvrlsenas,larisvrlsenas,𐌋𐌀𐌓𐌉𐌔𐌅𐌓𐌋𐌔𐌄𐌍𐌀𐌔,larisvrlsenas,mr-larisvaralasenas,,,1.000,clean,82b75f699c98,1
8962,la{v}<u>ch<u>m<a>sa(s) mi,la{v}<u>χ<u>m<a>sa(s) mi,𐌋𐌀{𐌅}<𐌖>𐌙<𐌖>𐌌<𐌀>𐌔𐌀(𐌔) 𐌌𐌉,mi,,,,0.500,clean,4a1b7c5709d2,1
8967,arnkupfk mecests,arnkupfk mecests,𐌀𐌓𐌍𐌊𐌖𐌐𐌚𐌊 𐌌𐌄𐌂𐌄𐌔𐌕𐌔,arnkupfk mecests,,,,1.000,clean,a2acae4bb8c8,1
8981,tvrsila,tvrsila,𐌕𐌅𐌓𐌔𐌉𐌋𐌀,tvrsila,mrs-lentinia,,,1.000,clean,413f255d5199,1
5531,------nies,------nies,------𐌍𐌉𐌄𐌔,,,,,0.000,clean,642e9ceafa9f,2
5638,mutna,mutna,𐌌𐌖𐌕𐌍𐌀,mutna,,,,1.000,clean,6c822c562519,1
5640,--athrums,--aθrums,--𐌀𐌈𐌓𐌖𐌌𐌔,,twenty,,,0.000,clean,e9baab9cc11a,1
5641,titis,titis,𐌕𐌉𐌕𐌉𐌔,titis,,,,1.000,clean,b40e0cfdda1a,1
9017,esle,esle,𐌄𐌔𐌋𐌄,esle,mr-esle,,,1.000,clean,01c00c751466,2
9030,nelas,nelas,𐌍𐌄𐌋𐌀𐌔,nelas,mr-nelas,,,1.000,clean,5d8adf8841a5,1
9116,chch,χχ,𐌙𐌙,χχ,,,,1.000,clean,46e7c2fbc5a7,2
9117,chchch,χχχ,𐌙𐌙𐌙,χχχ,,,,1.000,clean,265a6cbb50f2,1
9121,aisasi etan turuke,aisasi etan turuke,𐌀𐌉𐌔𐌀𐌔𐌉 𐌄𐌕𐌀𐌍 𐌕𐌖𐌓𐌖𐌊𐌄,aisasi etan turuke,,,,1.000,clean,00539beb795d,1
9123,sualusmi,sualusmi,𐌔𐌖𐌀𐌋𐌖𐌔𐌌𐌉,sualusmi,,,,1.000,clean,d68874a30bb8,1
9125,akius,akius,𐌀𐌊𐌉𐌖𐌔,akius,,,,1.000,clean,6a5487f1bab8,1
9127,achalu,aχalu,𐌀𐌙𐌀𐌋𐌖,aχalu,,,,1.000,clean,130091894ce7,1
9128,mitular,mitular,𐌌𐌉𐌕𐌖𐌋𐌀𐌓,mitular,,,,1.000,clean,34a339a9ab96,1
9135,percalinai,percalinai,𐌐𐌄𐌓𐌂𐌀𐌋𐌉𐌍𐌀𐌉,percalinai,,,,1.000,clean,42a6fd298a4a,1
5709,ancnei,ancnei,𐌀𐌍𐌂𐌍𐌄𐌉,ancnei,ms-ancnei,,,1.000,clean,f1e2202a2470,1
5713,ceisinas,ceisinas,𐌂𐌄𐌉𐌔𐌉𐌍𐌀𐌔,ceisinas,of-mr-ceisina,,,1.000,clean,460ea0d0b490,1
5719,arnthvl,arnθvl,𐌀𐌓𐌍𐌈𐌅𐌋,arnθvl,mrs-ziltnis,,,1.000,clean,7039cdca300d,1
5720,statlanes lupu,statlanes lupu,𐌔𐌕𐌀𐌕𐌋𐌀𐌍𐌄𐌔 𐌋𐌖𐌐𐌖,statlanes lupu,mr-statlanesmr-larthmr-vels-daughters-husbanddeadof-yearsof-thepriestin-the-temple-of-the-godbacchusand-the-priest-of-thesun-god-catha,,,1.000,clean,88ef9ca94155,1
5766,velthvr----,velθvr----,𐌅𐌄𐌋𐌈𐌅𐌓----,,of-mr-ravnthu,,,0.000,clean,f90b0690d0cf,1
5777,petrui,petrui,𐌐𐌄𐌕𐌓𐌖𐌉,petrui,ms-petrui,,,1.000,clean,94281add80e7,3
5788,------rx--ii,------rx--ii,------𐌓𐌗--𐌉𐌉,,,,,0.000,clean,67e397ce7315,1
5793,calpvrn,calpvrn,𐌂𐌀𐌋𐌐𐌅𐌓𐌍,calpvrn,,,,1.000,clean,1888aeced247,1
5795,----anxlvi,----anxlvi,----𐌀𐌍𐌗𐌋𐌅𐌉,,of-yearsof-,,,0.000,clean,8d89eb0044b2,1
5804,cmvnat,cmvnat,𐌂𐌌𐌅𐌍𐌀𐌕,cmvnat,mr-caius,,,1.000,clean,651bbf573ab5,1
9183,}<mi> n(umas),}<mi> n(umas),}<𐌌𐌉> 𐌍(𐌖𐌌𐌀𐌔),,,,,0.000,clean,85ad3b2ef40b,1
9194,xx,xx,𐌗𐌗,xx,facevaluetwentyunitsortwodrachmas,,,1.000,clean,5dde896887f6,6
9196,aisiufimiu,aisiufimiu,𐌀𐌉𐌔𐌉𐌖𐌚𐌉𐌌𐌉𐌖,aisiufimiu,,,,1.000,clean,0f6202981b5f,1
9197,vatl,vatl,𐌅𐌀𐌕𐌋,vatl,,,,1.000,clean,8c2ba123157c,2
5878,cleiina,cleiina,𐌂𐌋𐌄𐌉𐌉𐌍𐌀,cleiina,,,,1.000,clean,864948005154,1
5880,avlesthan,avlesθan,𐌀𐌅𐌋𐌄𐌔𐌈𐌀𐌍,avlesθan,,,,1.000,clean,92083128776c,1
5886,arnthallarcesxxxa,arnθallarcesxxxa,𐌀𐌓𐌍𐌈𐌀𐌋𐌋𐌀𐌓𐌂𐌄𐌔𐌗𐌗𐌗𐌀,arnθallarcesxxxa,of-mr-mencaru,,,1.000,clean,7ef20d10c049,1
5887,metli,metli,𐌌𐌄𐌕𐌋𐌉,metli,mrs-metli,,,1.000,clean,0b280eb87e1d,1
5981,------ni,------ni,------𐌍𐌉,,,,,0.000,clean,4db03a277cfb,5
6003,thanch--a------s--ch,θanχ--a------s--χ,𐌈𐌀𐌍𐌙--𐌀------𐌔--𐌙,,,,,0.000,clean,bffd877440b1,1
6004,ramthi,ramθi,𐌓𐌀𐌌𐌈𐌉,ramθi,,,,1.000,clean,3b8880f73053,1
6008,cvinai],cvinai],𐌂𐌅𐌉𐌍𐌀𐌉],,,,,0.000,clean,aac319664b5e,1
6030,celido,celido,𐌂𐌄𐌋𐌉𐌃𐌏,celido,ms-magiliacelidomr-luciuss,,,1.000,clean,022a16dfc8d3,1
679,----------monis,----------monis,----------𐌌𐌏𐌍𐌉𐌔,,mr-lucumos,,,0.000,clean,b0686a911528,1
6077,althras,alθras,𐌀𐌋𐌈𐌓𐌀𐌔,alθras,,,,1.000,clean,44f180d49b25,1
6083,fupni,fupni,𐌚𐌖𐌐𐌍𐌉,fupni,we-the-deceased,,,1.000,clean,d1cfbf7251e5,1
9200,xx,xx,𐌗𐌗,xx,facevaluetwentyunitsortwodrachmas,,,1.000,clean,5dde896887f6,6
9205,mi tharnies,mi θarnies,𐌌𐌉 𐌈𐌀𐌓𐌍𐌉𐌄𐌔,mi θarnies,imr-larthiatharnies,,,1.000,clean,e800765fab23,1
9231,peithesa,peiθesa,𐌐𐌄𐌉𐌈𐌄𐌔𐌀,peiθesa,,,,1.000,clean,be0128b3b6f4,2
9233,santase{t}thfath,santase{t}θfaθ,𐌔𐌀𐌍𐌕𐌀𐌔𐌄{𐌕}𐌈𐌚𐌀𐌈,,,,,0.000,clean,2b4582d258d2,1
9238,siimni,siimni,𐌔𐌉𐌉𐌌𐌍𐌉,siimni,,,,1.000,clean,0a1019a90fba,1
9242,ekuthuthuautrechuvazelesulzirulethesuvapurtiisura,ekuθuθuautreχuvazelesulziruleθesuvapurtiisura,𐌄𐌊𐌖𐌈𐌖𐌈𐌖𐌀𐌖𐌕𐌓𐌄𐌙𐌖𐌅𐌀𐌆𐌄𐌋𐌄𐌔𐌖𐌋𐌆𐌉𐌓𐌖𐌋𐌄𐌈𐌄𐌔𐌖𐌅𐌀𐌐𐌖𐌓𐌕𐌉𐌉𐌔𐌖𐌓𐌀,ekuθuθuautreχuvazelesulziruleθesuvapurtiisura,mi,,,1.000,clean,eef45da4bc5c,1
9243,tular spu(ral),tular spu(ral),𐌕𐌖𐌋𐌀𐌓 𐌔𐌐𐌖(𐌓𐌀𐌋),tular,boundariesof-the-townlawfuland-protected-under-the-divineprotection,,,0.500,clean,8609f5c581c5,1
9244,iu,iu,𐌉𐌖,iu,,,,1.000,clean,fe9e123b30d7,1
9275,vatlmi,vatlmi,𐌅𐌀𐌕𐌋𐌌𐌉,vatlmi,the-goddess-vatlmi,,,1.000,clean,b36c3c4241ba,1
CIE 18.c,AЭAЭЭЭ,AeAeee,𐌀𐌄𐌀𐌄𐌄𐌄,AeAeee,,,,1.000,clean,476c886ed4f7,1
6214,muca,muca,𐌌𐌖𐌂𐌀,muca,,,,1.000,clean,62e1d2e345bb,1
6220,------atalc,------atalc,------𐌀𐌕𐌀𐌋𐌂,,,,,0.000,clean,9885a9a896b0,1
6327,------aavilas,------aavilas,------𐌀𐌀𐌅𐌉𐌋𐌀𐌔,,thismr-avilas,,,0.000,clean,f43833725d20,1
6366,apu,apu,𐌀𐌐𐌖,apu,,,,1.000,clean,010d93fae88e,3
6377,ruzi,ruzi,𐌓𐌖𐌆𐌉,ruzi,,,,1.000,clean,d18f75f9a7a0,1
6412,venece,venece,𐌅𐌄𐌍𐌄𐌂𐌄,venece,,,,1.000,clean,c98a3d27c99a,1
6426,------naiemulvani----------,------naiemulvani----------,------𐌍𐌀𐌉𐌄𐌌𐌖𐌋𐌅𐌀𐌍𐌉----------,,,,,0.000,clean,df47d8d9933d,1
6427,------iminunai------,------iminunai------,------𐌉𐌌𐌉𐌍𐌖𐌍𐌀𐌉------,,,,,0.000,clean,47761b825775,1
6428,--enemul--------------------,--enemul--------------------,--𐌄𐌍𐌄𐌌𐌖𐌋--------------------,,,,,0.000,clean,24cf897d5471,1
6430,pp,pp,𐌐𐌐,pp,,,,1.000,clean,d53315bea08c,1
6433,--------ulunic--------,--------ulunic--------,--------𐌖𐌋𐌖𐌍𐌉𐌂--------,,,,,0.000,clean,36ef7c10be54,1
9276,alpnas turce aiseras thuflthicla(s) trutvecie(s),alpnas turce aiseras θuflθicla(s) trutvecie(s),𐌀𐌋𐌐𐌍𐌀𐌔 𐌕𐌖𐌓𐌂𐌄 𐌀𐌉𐌔𐌄𐌓𐌀𐌔 𐌈𐌖𐌚𐌋𐌈𐌉𐌂𐌋𐌀(𐌔) 𐌕𐌓𐌖𐌕𐌅𐌄𐌂𐌉𐌄(𐌔),alpnas turce aiseras,,,,0.600,clean,c93a22c8076e,1
9279,emfepame,emfepame,𐌄𐌌𐌚𐌄𐌐𐌀𐌌𐌄,emfepame,,,,1.000,clean,134a80224499,1
9286,mitiiurskathuniiasul,mitiiurskaθuniiasul,𐌌𐌉𐌕𐌉𐌉𐌖𐌓𐌔𐌊𐌀𐌈𐌖𐌍𐌉𐌉𐌀𐌔𐌖𐌋,mitiiurskaθuniiasul,,,,1.000,clean,897b8ce28bce,1
9290,as--------------asal,as--------------asal,𐌀𐌔--------------𐌀𐌔𐌀𐌋,,as--------------asal,,,0.000,clean,21c165df1701,1
9295,mi{ }ni mulvene{ }ke,mi{ }ni mulvene{ }ke,𐌌𐌉{ }𐌍𐌉 𐌌𐌖𐌋𐌅𐌄𐌍𐌄{ }𐌊𐌄,,,,,0.000,clean,88dfae2f32e9,1
9342,mispantisfulinas,mispantisfulinas,𐌌𐌉𐌔𐌐𐌀𐌍𐌕𐌉𐌔𐌚𐌖𐌋𐌉𐌍𐌀𐌔,mispantisfulinas,ithe-bossed-sacrificial-bowlof-mr-sethfulina,,,1.000,clean,d9c646b21e0b,1
6548,ra,ra,𐌓𐌀,ra,,,,1.000,clean,37e7702e5ce4,2
6567,cra,cra,𐌂𐌓𐌀,cra,,,,1.000,clean,ab874965c9dd,1
6582,chu,χu,𐌙𐌖,χu,,,,1.000,clean,f2291affbbe3,1
6602,zi,zi,𐌆𐌉,zi,,,,1.000,clean,6df02ca00ca2,1
6603,fc,fc,𐌚𐌂,fc,,,,1.000,clean,8312c5d48bae,1
6606,zru,zru,𐌆𐌓𐌖,zru,,,,1.000,clean,926622e4c7f9,1
6607,af,af,𐌀𐌚,af,,,,1.000,clean,503126878d17,2
6609,fr,fr,𐌚𐌓,fr,,,,1.000,clean,67ad8f41a7bb,1
6614,pr,pr,𐌐𐌓,pr,piecetobeinsertedintothetemplesrooftopfacadedecorationatlocationcodepr,,,1.000,clean,0510eddd7811,1
690,larthal,larθal,𐌋𐌀𐌓𐌈𐌀𐌋,larθal,,,,1.000,clean,ed40b54e0e15,2
6639,mc,mc,𐌌𐌂,mc,,,,1.000,clean,6bc0f9c4ecb0,1
6712,asu,asu,𐌀𐌔𐌖,asu,lion,,,1.000,clean,64d362d2e483,2
6848,ulni,ulni,𐌖𐌋𐌍𐌉,ulni,mrs-ulni,,,1.000,clean,6fb83ce5099f,1
9343,mi mulu velchainasi,mi mulu velχainasi,𐌌𐌉 𐌌𐌖𐌋𐌖 𐌅𐌄𐌋𐌙𐌀𐌉𐌍𐌀𐌔𐌉,mi mulu velχainasi,,,,1.000,clean,c3802fe3a8a0,1
9419,rutilni prnt(i)al,rutilni prnt(i)al,𐌓𐌖𐌕𐌉𐌋𐌍𐌉 𐌐𐌓𐌍𐌕(𐌉)𐌀𐌋,rutilni,,,,0.500,clean,257ccc4ea3d5,1
942,a(rn)th tutna,a(rn)θ tutna,𐌀(𐌓𐌍)𐌈 𐌕𐌖𐌕𐌍𐌀,tutna,,,,0.500,clean,faccd1e02208,1
9427,miracuthus,miracuθus,𐌌𐌉𐌓𐌀𐌂𐌖𐌈𐌖𐌔,miracuθus,,,,1.000,clean,4821c69d280e,1
6760,aita,aita,𐌀𐌉𐌕𐌀,aita,,,,1.000,clean,70186d85765a,1
6763,iiixiii,iiixiii,𐌉𐌉𐌉𐌗𐌉𐌉𐌉,iiixiii,,,,1.000,clean,26c7dd38ee48,1
6792,ch potsherds,χ potśerds,𐌙 𐌐𐌏𐌕𐌑𐌄𐌓𐌃𐌔,χ potśerds,,,,1.000,clean,1397d93a61ee,1
14698,kl,kl,𐌊𐌋,kl,,,,1.000,clean,d3f3fa689249,1
6794,x potsherds,x potśerds,𐌗 𐌐𐌏𐌕𐌑𐌄𐌓𐌃𐌔,x potśerds,,,,1.000,clean,725c7ae0fee8,1
6799,ti potsherds,ti potśerds,𐌕𐌉 𐌐𐌏𐌕𐌑𐌄𐌓𐌃𐌔,ti potśerds,,,,1.000,clean,307f42e7bf54,1
6808,l potsherds,l potśerds,𐌋 𐌐𐌏𐌕𐌑𐌄𐌓𐌃𐌔,l potśerds,,,,1.000,clean,53fc61b3dcfa,1
6810,n potsherds,n potśerds,𐌍 𐌐𐌏𐌕𐌑𐌄𐌓𐌃𐌔,n potśerds,,,,1.000,clean,db55925b7b60,1
6816,l ch potsherds,l χ potśerds,𐌋 𐌙 𐌐𐌏𐌕𐌑𐌄𐌓𐌃𐌔,l χ potśerds,,,,1.000,clean,8add209d7bcb,1
6822,a potsherds,a potśerds,𐌀 𐌐𐌏𐌕𐌑𐌄𐌓𐌃𐌔,a potśerds,,,,1.000,clean,208b4e36f930,1
9436,velthurusvnes,velθurusvnes,𐌅𐌄𐌋𐌈𐌖𐌓𐌖𐌔𐌅𐌍𐌄𐌔,velθurusvnes,of-the-family-of-mr-velthur,,,1.000,clean,65a4fcda751a,1
9437,flunatheu,flunaθeu,𐌚𐌋𐌖𐌍𐌀𐌈𐌄𐌖,flunaθeu,flunatheu,,,1.000,clean,01dc7421a869,1
9438,nachruaslat,naχruaslat,𐌍𐌀𐌙𐌓𐌖𐌀𐌔𐌋𐌀𐌕,naχruaslat,nachruaslat,,,1.000,clean,e0449581cdba,1
9445,arinas,arinas,𐌀𐌓𐌉𐌍𐌀𐌔,arinas,,,,1.000,clean,42e13c52f124,1
9446,arinas larth(i)al papals,arinas larθ(i)al papals,𐌀𐌓𐌉𐌍𐌀𐌔 𐌋𐌀𐌓𐌈(𐌉)𐌀𐌋 𐌐𐌀𐌐𐌀𐌋𐌔,arinas papals,of-mr-lartharinamrs-larthisgrandsonmrs-larthisson,,,0.667,clean,35d9453a510e,1
9449,mi suthi larthial,mi suθi larθial,𐌌𐌉 𐌔𐌖𐌈𐌉 𐌋𐌀𐌓𐌈𐌉𐌀𐌋,mi suθi larθial,,,,1.000,clean,a42292d3635d,1
945,v(e)l(ia) fastntru marcn(i)al,v(e)l(ia) fastntru marcn(i)al,𐌅(𐌄)𐌋(𐌉𐌀) 𐌚𐌀𐌔𐌕𐌍𐌕𐌓𐌖 𐌌𐌀𐌓𐌂𐌍(𐌉)𐌀𐌋,fastntru,,,,0.333,clean,1010b451cdb4,1
7036,calxusu,calxusu,𐌂𐌀𐌋𐌗𐌖𐌔𐌖,calxusu,,,,1.000,clean,d3b62073decc,1
7051,tursunial,tursunial,𐌕𐌖𐌓𐌔𐌖𐌍𐌉𐌀𐌋,tursunial,,,,1.000,clean,d454607cb77a,1
7052,larzlcazitas,larzlcazitas,𐌋𐌀𐌓𐌆𐌋𐌂𐌀𐌆𐌉𐌕𐌀𐌔,larzlcazitas,,,,1.000,clean,c7b9eeec5554,1
7057,thanatlesneir,θanatlesneir,𐌈𐌀𐌍𐌀𐌕𐌋𐌄𐌔𐌍𐌄𐌉𐌓,θanatlesneir,,,,1.000,clean,cdc5228b69e9,1
7061,fchlll,fχlll,𐌚𐌙𐌋𐌋𐌋,fχlll,,,,1.000,clean,95a6e878f1e9,1
7086,siki,siki,𐌔𐌉𐌊𐌉,siki,,,,1.000,clean,4c1cd66c13cc,1
7093,ecamutnaaulesvelisinascae,ecamutnaaulesvelisinascae,𐌄𐌂𐌀𐌌𐌖𐌕𐌍𐌀𐌀𐌖𐌋𐌄𐌔𐌅𐌄𐌋𐌉𐌔𐌉𐌍𐌀𐌔𐌂𐌀𐌄,ecamutnaaulesvelisinascae,seethe-sarcophagusof-mr-aulevelisina,,,1.000,clean,94205fedcb1a,1
7094,------thuruscae--,------θuruscae--,------𐌈𐌖𐌓𐌖𐌔𐌂𐌀𐌄--,,seethe-sarcophagus,,,0.000,clean,cdc6102ac763,1
7102,viscna,viscna,𐌅𐌉𐌔𐌂𐌍𐌀,viscna,,,,1.000,clean,61fbeb2c6113,1
946,arnth fastntru marcn(i)al,arnθ fastntru marcn(i)al,𐌀𐌓𐌍𐌈 𐌚𐌀𐌔𐌕𐌍𐌕𐌓𐌖 𐌌𐌀𐌓𐌂𐌍(𐌉)𐌀𐌋,arnθ fastntru,,,,0.667,clean,209091074f60,1
9471,c(a)e,c(a)e,𐌂(𐌀)𐌄,,,,,0.000,clean,32906664311c,2
9474,mi spanti nuzina(s),mi spanti nuzina(s),𐌌𐌉 𐌔𐌐𐌀𐌍𐌕𐌉 𐌍𐌖𐌆𐌉𐌍𐌀(𐌔),mi spanti,mr-ecnatnas,,,0.667,clean,d5ba81c074a4,1
9479,mlakasi,mlakasi,𐌌𐌋𐌀𐌊𐌀𐌔𐌉,mlakasi,ian-offeringfor-mr-arnthachmaka,,,1.000,clean,abecdfb30d70,1
948,vilin(i)al,vilin(i)al,𐌅𐌉𐌋𐌉𐌍(𐌉)𐌀𐌋,,,,,0.000,clean,41692805ece9,1
9482,atrane,atrane,𐌀𐌕𐌓𐌀𐌍𐌄,atrane,mr-atrane,,,1.000,clean,519f25592af4,3
9528,niki,niki,𐌍𐌉𐌊𐌉,niki,he-livedfor-yearsfor-,,,1.000,clean,97502919b941,1
9532,leciniv,leciniv,𐌋𐌄𐌂𐌉𐌍𐌉𐌅,leciniv,mr-lecinius,,,1.000,clean,6fd6b2ff9867,1
7197,titemefna----------------ul,titemefna----------------ul,𐌕𐌉𐌕𐌄𐌌𐌄𐌚𐌍𐌀----------------𐌖𐌋,,,,,0.000,clean,3aeacfec2cb3,1
7200,euspl,euspl,𐌄𐌖𐌔𐌐𐌋,euspl,ms-theis mr-nilas,,,1.000,clean,1b049f2a11fa,1
7202,sethres,seθres,𐌔𐌄𐌈𐌓𐌄𐌔,seθres,,,,1.000,clean,88e05e7652d0,2
7218,suthina,suθina,𐌔𐌖𐌈𐌉𐌍𐌀,suθina,something-for-the-afterlife,,,1.000,clean,2a656a7a6521,7
7219,--iluscinaies,--iluscinaies,--𐌉𐌋𐌖𐌔𐌂𐌉𐌍𐌀𐌉𐌄𐌔,,imr-luscinaies,,,0.000,clean,8ea04d52d69e,1
7221,--anchiv--------tneal,--anχiv--------tneal,--𐌀𐌍𐌙𐌉𐌅--------𐌕𐌍𐌄𐌀𐌋,,thegodapollo,,,0.000,clean,1fab6be8d801,1
7224,suthin,suθin,𐌔𐌖𐌈𐌉𐌍,suθin,,,,1.000,clean,61de9a4255b8,1
7227,matunas,matunas,𐌌𐌀𐌕𐌖𐌍𐌀𐌔,matunas,,,,1.000,clean,fd465c7827b8,2
7414,--sfar------,--sfar------,--𐌔𐌚𐌀𐌓------,,mr-avelesecond-son,,,0.000,clean,9d77b0fe2b1c,1
7424,larthuslniesl,larθuslniesl,𐌋𐌀𐌓𐌈𐌖𐌔𐌋𐌍𐌉𐌄𐌔𐌋,larθuslniesl,mr-larthuslniemr-seths,,,1.000,clean,439dc060407a,1
7437,------uluv------,------uluv------,------𐌖𐌋𐌖𐌅------,,mr-larthetruscadedicatedmeto-some-god,,,0.000,clean,193694296a53,1
7451,miramuthaspac,miramuθaspac,𐌌𐌉𐌓𐌀𐌌𐌖𐌈𐌀𐌔𐌐𐌀𐌂,miramuθaspac,imr-ramuthascha,,,1.000,clean,da5b2a9a5bf2,1
7456,thanachti,θanaχti,𐌈𐌀𐌍𐌀𐌙𐌕𐌉,θanaχti,,,,1.000,clean,82af3477cdfe,2
9677,larzni(e)sa{----},larzni(e)sa{----},𐌋𐌀𐌓𐌆𐌍𐌉(𐌄)𐌔𐌀{----},,mr-larznies-daughters-husband,,,0.000,clean,363b2f02ab02,1
CIE 2639,PVPIA L.F Pupia L.f,PVPIA L.F Pupia L.f,,PVPIA L.F Pupia L.f,,,,1.000,clean,8eb12eaed04f,1
CIE 2640,HMLVA.L.NVI.OL l.p.pupli.l.aulstn,HMLVA.L.NVI.OL l.p.pupli.l.aulstn,,HMLVA.L.NVI.OL l.p.pupli.l.aulstn,,,,1.000,clean,28da71ade827,1
CIE 2641,LAHMVIER.OL l.p.pupli.l.setumnal,LAHMVIER.OL l.p.pupli.l.setumnal,,LAHMVIER.OL l.p.pupli.l.setumnal,,,,1.000,clean,c0b36428cdbe,1
CIE 2642,IVI.IEHMVIER.AIEAI velia.setumnei.pup,IVI.IEHMVIER.AIEAI velia.setumnei.pup,,IVI.IEHMVIER.AIEAI velia.setumnei.pup,,,,1.000,clean,c8be495f361c,1
CIE 2643,IAIMI NAM pupli|sali,IAIMI NAM pupli|sali,,IAIMI NAM pupli sali,,,,1.000,clean,2c5b2e2a17ce,1
7301,pt----------na,pt----------na,𐌐𐌕----------𐌍𐌀,,mr-thaniamrs-latinis,,,0.000,clean,77bf0c1faadf,1
7302,lethial,leθial,𐌋𐌄𐌈𐌉𐌀𐌋,leθial,mrs-lethis,,,1.000,clean,90ce1f205461,6
7305,purnei,purnei,𐌐𐌖𐌓𐌍𐌄𐌉,purnei,,,,1.000,clean,73551eb905d4,2
7309,sethre--,seθre--,𐌔𐌄𐌈𐌓𐌄--,,of-mr-sethre,,,0.000,clean,dc4220d137ca,3
7327,tava,tava,𐌕𐌀𐌅𐌀,tava,,,,1.000,clean,7a09820f154f,1
7328,munth,munθ,𐌌𐌖𐌍𐌈,munθ,,,,1.000,clean,802a2aebeb49,1
7557,lasper----,lasper----,𐌋𐌀𐌔𐌐𐌄𐌓----,,,,,0.000,clean,21b21d2596a5,1
7573,mivielchas,mivielχas,𐌌𐌉𐌅𐌉𐌄𐌋𐌙𐌀𐌔,mivielχas,imr-velchasorforthesakeofcoveringallbases,,,1.000,clean,97c97196c950,1
7599,----ecnala,----ecnala,----𐌄𐌂𐌍𐌀𐌋𐌀,,mr-precna--,,,0.000,clean,dc6c3dd40f60,1
7650,mipl--------------ninur,mipl--------------ninur,𐌌𐌉𐌐𐌋--------------𐌍𐌉𐌍𐌖𐌓,,,,,0.000,clean,e01b43265fa8,1
7666,turce,turce,𐌕𐌖𐌓𐌂𐌄,turce,mr-rathnusnas,,,1.000,clean,0beec1919a73,5
7670,ecnatie,ecnatie,𐌄𐌂𐌍𐌀𐌕𐌉𐌄,ecnatie,ecnatie,,,1.000,clean,f2785876762c,1
7673,elchsuntre,elχsuntre,𐌄𐌋𐌙𐌔𐌖𐌍𐌕𐌓𐌄,elχsuntre,alexander,,,1.000,clean,ce907b0c15ee,1
7674,felasntre,felasntre,𐌚𐌄𐌋𐌀𐌔𐌍𐌕𐌓𐌄,felasntre,priam,,,1.000,clean,6bf0705bc4dd,1
7675,elinai,elinai,𐌄𐌋𐌉𐌍𐌀𐌉,elinai,,,,1.000,clean,fd3f6037be3b,3
7676,elsntre,elsntre,𐌄𐌋𐌔𐌍𐌕𐌓𐌄,elsntre,alexander,,,1.000,clean,d6c274afc8d6,1
7677,senele,senele,𐌔𐌄𐌍𐌄𐌋𐌄,senele,,,,1.000,clean,b84ba215bdc3,1
7890,thei,θei,𐌈𐌄𐌉,θei,,,,1.000,clean,cb4a535b10bd,1
CIE 2649,𐌇𐌀𐌔𐌕𐌉𐌐𐌖𐌓𐌍𐌉𐌔,HASTI | PURNIS,,HASTI PURNIS,,,,1.000,clean,7b3b9e31aeba,1
CIE 2650,𐌀𐌓𐌀𐌍𐌔𐌌𐌖𐌅𐌄𐌓𐌕𐌉𐌋𐌀𐌍𐌔𐌌𐌖𐌅𐌄𐌓𐌕𐌉𐌋𐌀𐌍𐌔𐌌𐌖𐌅𐌄𐌓𐌕𐌉𐌋,RA. PURNEI. VELZNAL. PESUMSNASA,,RA. PURNEI. VELZNAL. PESUMSNASA,,,,1.000,clean,d97eef72493c,1
CIE 2651,𐌋𐌀𐌓𐌉𐌔𐌐𐌖𐌓𐌍𐌄𐌉𐌋𐌀𐌖𐌊𐌉𐌍𐌀𐌋,LARIS | PURNEI | LAUCINAL,,LARIS PURNEI LAUCINAL,,,,1.000,clean,dcb8d14693f6,1
7732,enearpni,enearpni,𐌄𐌍𐌄𐌀𐌓𐌐𐌍𐌉,enearpni,,,,1.000,clean,f42a40852820,1
7734,sifestinal,sifestinal,𐌔𐌉𐌚𐌄𐌔𐌕𐌉𐌍𐌀𐌋,sifestinal,larnamrs-festinis,,,1.000,clean,17de00d87f58,1
7737,thanr,θanr,𐌈𐌀𐌍𐌓,θanr,thegodvulcan,,,1.000,clean,cf7a35fa3364,4
7796,manth,manθ,𐌌𐌀𐌍𐌈,manθ,,,,1.000,clean,0118a5fc10e6,2
7809,einsuiaraenan,einsuiaraenan,𐌄𐌉𐌍𐌔𐌖𐌉𐌀𐌓𐌀𐌄𐌍𐌀𐌍,einsuiaraenan,look-atthe-tombof-mr-aranthenania,,,1.000,clean,770eb552fa6a,1
7830,rvssinaei,rvssinaei,𐌓𐌅𐌔𐌔𐌉𐌍𐌀𐌄𐌉,rvssinaei,,,,1.000,clean,62400bd93b2a,1
7858,au--e,au--e,𐌀𐌖--𐌄,,,,,0.000,clean,d3b4087e96ac,1
7868,micavatha--,micavaθa--,𐌌𐌉𐌂𐌀𐌅𐌀𐌈𐌀--,,ithe-sun-god-cathas,,,0.000,clean,cd3b5b34d251,1
7877,------icav------,------icav------,------𐌉𐌂𐌀𐌅------,,ithe-sun-god-cathas,,,0.000,clean,a157b1e13c64,1
7880,veives,veives,𐌅𐌄𐌉𐌅𐌄𐌔,veives,mr-veives,,,1.000,clean,aaaa369c5f25,1
CIE 2262,AƧV+AΘ:A:I:IO:A,AsV+AΘ:A:I:IO:A,,,,,,0.000,ocr_failed,64edcc691df0,1
CIE 2652,𐌉𐌍𐌃𐌖𐌍𐌉𐌐𐌖𐌓𐌍𐌉𐌅𐌄𐌓𐌉𐌍𐌄,VEL. PURNI | FERINE,,VEL. PURNI FERINE,,,,1.000,clean,1592b306a0d6,1
3034,a----usinaivelchainal,a----usinaivelχainal,𐌀----𐌖𐌔𐌉𐌍𐌀𐌉𐌅𐌄𐌋𐌙𐌀𐌉𐌍𐌀𐌋,,,,,0.000,clean,ab2296f8d83d,1
3160,rav(a)e,rav(a)e,𐌓𐌀𐌅(𐌀)𐌄,,of-mr-marcussilnius,,,0.000,clean,3028b695dc70,1
8010,lovfirtatio,lovfirtatio,𐌋𐌏𐌅𐌚𐌉𐌓𐌕𐌀𐌕𐌉𐌏,lovfirtatio,,,,1.000,clean,d7fef1279ed7,1
8045,--ercvi,--ercvi,--𐌄𐌓𐌂𐌅𐌉,,,,,0.000,clean,a5440a881d9b,1
8074,nirmia,nirmia,𐌍𐌉𐌓𐌌𐌉𐌀,nirmia,,,,1.000,clean,7862aae65931,1
8078,tetiatroa,tetiatroa,𐌕𐌄𐌕𐌉𐌀𐌕𐌓𐌏𐌀,tetiatroa,,,,1.000,clean,2aeab48fccae,1
8083,niiii,niiii,𐌍𐌉𐌉𐌉𐌉,niiii,,,,1.000,clean,c01f8d26c673,1
8086,iviii,iviii,𐌉𐌅𐌉𐌉𐌉,iviii,,,,1.000,clean,58b3a67eab95,1
8090,xxr,xxr,𐌗𐌗𐌓,xxr,,,,1.000,clean,9b3a094d06d5,1
8140,viiiiiii,viiiiiii,𐌅𐌉𐌉𐌉𐌉𐌉𐌉𐌉,viiiiiii,,,,1.000,clean,976072b7a39b,1
8148,liit,liit,𐌋𐌉𐌉𐌕,liit,,,,1.000,clean,97aca1c35939,1
8179,carefo,carefo,𐌂𐌀𐌓𐌄𐌚𐌏,carefo,,,,1.000,clean,7a1063f1d915,1
8192,vx----,vx----,𐌅𐌗----,,,,,0.000,clean,0a11050211a2,1
CIE 266,ƎIƎCHƎ JAIMOLA,eIeCHe JAIMOLA,,,,,,0.000,needs_review,7683a3aefe99,1
CIE 2663,AITHOAJIHMAQVA,AITHOAJIHMAQVA,,,,,,0.000,needs_review,06ad75741f6b,1
CIE 2664,QLIMIAIA:IAZIOA,QLIMIAIA:IAZIOA,,QLIMIAIA IAZIOA,,,,1.000,clean,d029529d5bcd,1
CIE 2665,AD RATUMNA CENQA,AD RATUMNA CENQA,,AD RATUMNA CENQA,,,,1.000,clean,2336d74c5048,1
CIE 2666,MINIVIA:AIZYAQ,MINIVIA:AIZYAQ,,MINIVIA AIZYAQ,,,,1.000,clean,edff5bfb4925,1
8221,arvtielia,arvtielia,𐌀𐌓𐌅𐌕𐌉𐌄𐌋𐌉𐌀,arvtielia,,,,1.000,clean,342a8a20283f,1
8228,------ic------------,------ic------------,------𐌉𐌂------------,,,,,0.000,clean,dae7f3a05637,2
8230,o------afc------,o------afc------,𐌏------𐌀𐌚𐌂------,,wetnursewasi,,,0.000,clean,c44581a5488c,1
8252,zaconiai,zaconiai,𐌆𐌀𐌂𐌏𐌍𐌉𐌀𐌉,zaconiai,,,,1.000,clean,fcbd9ee29997,1
8266,mosot--,mosot--,𐌌𐌏𐌔𐌏𐌕--,,,,,0.000,clean,5a024c268b97,1
8268,--------ocve,--------ocve,--------𐌏𐌂𐌅𐌄,,and-for-mr-voltioscreicios,,,0.000,clean,4082bfe30cb8,1
8269,------vps----,------vps----,------𐌅𐌐𐌔----,,for-mr-voltios,,,0.000,clean,cfe062be1bbe,1
8275,------oc------,------oc------,------𐌏𐌂------,,for-mrs-marcacreicia,,,0.000,clean,5f751e08c9cb,1
8276,------o----e,------o----e,------𐌏----𐌄,,for-ms-marcacreicia,,,0.000,clean,3ab80789f271,1
8283,--aii,--aii,--𐌀𐌉𐌉,,,,,0.000,clean,78214a4e70c8,1
8327,lx,lx,𐌋𐌗,lx,,,,1.000,clean,8f9a922c666c,2
8346,--ecv,--ecv,--𐌄𐌂𐌅,,,,,0.000,clean,48fd982f3230,1
8362,io,io,𐌉𐌏,io,for-mr-titosmarhios,,,1.000,clean,4021fadf187f,2
CIE 2667,AZAQO:RAUFIA:AHAO,AZAQO:RAUFIA:AHAO,,AZAQO RAUFIA AHAO,,,,1.000,clean,729aac1d3e25,1
CIE 2668,VOINAO MAZVAO ANIMA M,VOINAO MAZVAO ANIMA M,,VOINAO MAZVAO ANIMA M,,,,1.000,clean,b26cc52de435,1
CIE 2669,A.M.DIZ.Q.A. IATINEM,A.M.DIZ.Q.A. IATINEM,,A.M.DIZ.Q.A. IATINEM,,,,1.000,clean,9f0b11016a94,1
CIE 267,ƎIƎCHƎJAIMOLA AMθNIAL-revine,eIeCHeJAIMOLA AMθNIAL-revine,,,,,,0.000,needs_review,b789f5e0b2ce,1
CIE 2670,ZANIDIA:Q.A.I.Z.A.,ZANIDIA:Q.A.I.Z.A.,,ZANIDIA Q.A.I.Z.A.,,,,1.000,clean,3227f2013a07,1
8385,poplia,poplia,𐌐𐌏𐌐𐌋𐌉𐌀,poplia,ms-poplia,,,1.000,clean,68a4796943df,2
8462,setorio,setorio,𐌔𐌄𐌕𐌏𐌓𐌉𐌏,setorio,,,,1.000,clean,9353274ba314,1
8464,teivatia,teivatia,𐌕𐌄𐌉𐌅𐌀𐌕𐌉𐌀,teivatia,,,,1.000,clean,53dade27c4ea,1
8528,tf,tf,𐌕𐌚,tf,,,,1.000,clean,8541c2d149fa,1
CIE 2671,AZIJANRAA:IEMDIZ:IOAJ,AZIJANRAA:IEMDIZ:IOAJ,,,,,,0.000,needs_review,3c8272b83fda,1
CIE 2672,AHDIZ:AO,AHDIZ:AO,,AHDIZ AO,,,,1.000,clean,335e42e971c1,1
CIE 2673,AV:AMΘI:ΘVLIA:VLIA,AV:AMΘI:ΘVLIA:VLIA,,AV AMΘI ΘVLIA VLIA,,,,1.000,clean,89454e249abc,1
304,menamecanacliviniatrecteveluslarthu,menamecanacliviniatrecteveluslarθu,𐌌𐌄𐌍𐌀𐌌𐌄𐌂𐌀𐌍𐌀𐌂𐌋𐌉𐌅𐌉𐌍𐌉𐌀𐌕𐌓𐌄𐌂𐌕𐌄𐌅𐌄𐌋𐌖𐌔𐌋𐌀𐌓𐌈𐌖,menamecanacliviniatrecteveluslarθu,,,,1.000,clean,4469dfbf63e9,1
ETP 325,mi ramaθas treseles,mi ramaθas treseles,𐌌𐌉 𐌓𐌀𐌌𐌀𐌈𐌀𐌔 𐌕𐌓𐌄𐌔𐌄𐌋𐌄𐌔,mi ramaθas treseles,"I (am the bowl) of Ramatha, (family) o f Treseles.",500.0,500.0,1.000,clean,729615555be9,1
8689,mimunsal,mimunsal,𐌌𐌉𐌌𐌖𐌍𐌔𐌀𐌋,mimunsal,,,,1.000,clean,520108f22773,1
8781,vesinas,vesinas,𐌅𐌄𐌔𐌉𐌍𐌀𐌔,vesinas,,,,1.000,clean,06e75f2f004c,1
8782,acvezthi,acvezθi,𐌀𐌂𐌅𐌄𐌆𐌈𐌉,acvezθi,,,,1.000,clean,4b897b2270a4,1
8811,cuvsinu,cuvsinu,𐌂𐌖𐌅𐌔𐌉𐌍𐌖,cuvsinu,,,,1.000,clean,dfde759d2adf,1
707,cesu,cesu,𐌂𐌄𐌔𐌖,cesu,,,,1.000,clean,afd6a3cdd042,2
8823,senuta,senuta,𐌔𐌄𐌍𐌖𐌕𐌀,senuta,,,,1.000,clean,6de25129ebb7,1
8827,amina----------s,amina----------s,𐌀𐌌𐌉𐌍𐌀----------𐌔,,mr-aminamr-puplies,,,0.000,clean,a1dfc8b590b0,1
8834,acep,acep,𐌀𐌂𐌄𐌐,acep,acep,,,1.000,clean,3620f0a87c65,1
8837,perpnies,perpnies,𐌐𐌄𐌓𐌐𐌍𐌉𐌄𐌔,perpnies,mr-perpnies,,,1.000,clean,e06606f57319,1
8838,kane,kane,𐌊𐌀𐌍𐌄,kane,,,,1.000,clean,f57dbb83bc83,1
8844,th------calesias,θ------calesias,𐌈------𐌂𐌀𐌋𐌄𐌔𐌉𐌀𐌔,,,,,0.000,clean,d818db5ff056,1
8884,menrva,menrva,𐌌𐌄𐌍𐌓𐌅𐌀,menrva,thegoddessthesan,,,1.000,clean,ba57cf03d1b1,5
15266,sepeslsa,sepeslsa,𐌔𐌄𐌐𐌄𐌔𐌋𐌔𐌀,sepeslsa,,,,1.000,clean,f0ad9d335c02,1
CIE 2675,VAI:AMΘI:PETINATIAL,VAI:AMΘI:PETINATIAL,,VAI AMΘI PETINATIAL,,,,1.000,clean,3b1c8e43ed13,1
CIE 2679,ZIRAZDANAMA:VIZIA,ZIRAZDANAMA:VIZIA,,ZIRAZDANAMA VIZIA,,,,1.000,clean,5ee7c3f1c5fb,1
CIE 2680,AMIMVDV:AZEI1ZI:AMIMZNI,AMIMVDV:AZEI1ZI:AMIMZNI,,,,,,0.000,ocr_failed,5885a97925f8,1
CIE 2681,A2A1T3A2:V2:AHEM39:J7,A2A1T3A2:V2:AHEM39:J7,,,,,,0.000,ocr_failed,30ab0c61995b,1
8948,------archarsk------,------arχarsk------,------𐌀𐌓𐌙𐌀𐌓𐌔𐌊------,,,,,0.000,clean,42f64427a6db,1
8955,lemiveneluszucenas,lemiveneluszucenas,𐌋𐌄𐌌𐌉𐌅𐌄𐌍𐌄𐌋𐌖𐌔𐌆𐌖𐌂𐌄𐌍𐌀𐌔,lemiveneluszucenas,,,,1.000,clean,4b0ecef3cdce,1
8964,fimaca,fimaca,𐌚𐌉𐌌𐌀𐌂𐌀,fimaca,thesatyrseduction,,,1.000,clean,5af18580ccf3,1
8980,umni,umni,𐌖𐌌𐌍𐌉,umni,,,,1.000,clean,923ea1e7dff0,1
8989,mipupaisthinakaranas,mipupaisθinakaranas,𐌌𐌉𐌐𐌖𐌐𐌀𐌉𐌔𐌈𐌉𐌍𐌀𐌊𐌀𐌓𐌀𐌍𐌀𐌔,mipupaisθinakaranas,,,,1.000,clean,cacc5e617bd3,1
8990,----pupaiaskalkanasthina,----pupaiaskalkanasθina,----𐌐𐌖𐌐𐌀𐌉𐌀𐌔𐌊𐌀𐌋𐌊𐌀𐌍𐌀𐌔𐌈𐌉𐌍𐌀,,imr-pupaiasof-mr-kalkanaa-big-roundgoblet,,,0.000,clean,afdda763fe41,1
8994,lri,lri,𐌋𐌓𐌉,lri,,,,1.000,clean,4b929e9fc120,1
8998,ranaza,ranaza,𐌓𐌀𐌍𐌀𐌆𐌀,ranaza,,,,1.000,clean,4d69a591509e,1
CIE 2683,A2AHM:M:39:A1QVTAJ72:AHA0,A2AHM:M:39:A1QVTAJ72:AHA0,,,,,,0.000,ocr_failed,127314b2f16c,1
CIE 2685,JAIN1KAJ EHEM39 AHA0,JAIN1KAJ EHEM39 AHA0,,,,,,0.000,ocr_failed,700af283c127,1
9154,larthmenznas,larθmenznas,𐌋𐌀𐌓𐌈𐌌𐌄𐌍𐌆𐌍𐌀𐌔,larθmenznas,,,,1.000,clean,626875d21aeb,1
9155,venezesial,venezesial,𐌅𐌄𐌍𐌄𐌆𐌄𐌔𐌉𐌀𐌋,venezesial,,,,1.000,clean,c298908c51a4,1
9157,arnttheal,arntθeal,𐌀𐌓𐌍𐌕𐌈𐌄𐌀𐌋,arntθeal,,,,1.000,clean,a703b23b3f80,1
9164,cii,cii,𐌂𐌉𐌉,cii,,,,1.000,clean,31c12e95826e,1
9176,milarthia,milarθia,𐌌𐌉𐌋𐌀𐌓𐌈𐌉𐌀,milarθia,,,,1.000,clean,3b826efd2df0,1
9178,ep,ep,𐌄𐌐,ep,,,,1.000,clean,0e26f370b562,1
9185,mive,mive,𐌌𐌉𐌅𐌄,mive,imr-little-little-vel,,,1.000,clean,86bed7b7445f,1
9208,tupltia,tupltia,𐌕𐌖𐌐𐌋𐌕𐌉𐌀,tupltia,,,,1.000,clean,4bf471d3c324,1
9211,--theralavt,--θeralavt,--𐌈𐌄𐌓𐌀𐌋𐌀𐌅𐌕,,freedgirlslavegirl,,,0.000,clean,8e86c70fc315,1
9220,mimukisrapanai,mimukisrapanai,𐌌𐌉𐌌𐌖𐌊𐌉𐌔𐌓𐌀𐌐𐌀𐌍𐌀𐌉,mimukisrapanai,imr-mukiesmrsrapanais,,,1.000,clean,efdca58e2829,1
9221,mispural,mispural,𐌌𐌉𐌔𐌐𐌖𐌓𐌀𐌋,mispural,,,,1.000,clean,7b645b38f844,1
9224,kril,kril,𐌊𐌓𐌉𐌋,kril,,,,1.000,clean,3dc5eda33a5f,1
9227,tusnutnie,tusnutnie,𐌕𐌖𐌔𐌍𐌖𐌕𐌍𐌉𐌄,tusnutnie,,,,1.000,clean,ee5c1795b6e5,1
CIE 2686,MA1R1AM:ANEM39:109A],MA1R1AM:ANEM39:109A],,,,,,0.000,ocr_failed,1b4069b25796,1
CIE 2687,JA1[10]9A]:1NEM39:J1,JA1[10]9A]:1NEM39:J1,,,,,,0.000,ocr_failed,eef924001ef3,1
CIE 2688,remne,remne,𐌓𐌄𐌌𐌍𐌄,remne,,,,1.000,clean,1bcef86300dd,1
CIE 2689,ENM9A,ENM9A,,,,,,0.000,ocr_failed,7d0f94d42b44,1
CIE 2690,qR·renxie,qR·renxie,𐌒𐌓·𐌓𐌄𐌍𐌗𐌉𐌄,qR renxie,,,,1.000,clean,b22fe22449c7,1
9253,mimalenalarthiapurufenas,mimalenalarθiapurufenas,𐌌𐌉𐌌𐌀𐌋𐌄𐌍𐌀𐌋𐌀𐌓𐌈𐌉𐌀𐌐𐌖𐌓𐌖𐌚𐌄𐌍𐌀𐌔,mimalenalarθiapurufenas,,,,1.000,clean,be585f8c5671,1
9257,suthina,suθina,𐌔𐌖𐌈𐌉𐌍𐌀,suθina,,,,1.000,clean,2a656a7a6521,7
9260,tnes,tnes,𐌕𐌍𐌄𐌔,tnes,mr-vesistnes,,,1.000,clean,c3381760a723,1
9261,trskmetr,trskmetr,𐌕𐌓𐌔𐌊𐌌𐌄𐌕𐌓,trskmetr,an-etruscanwine-jug-ofthe-standardised-capacity-of-litres,,,1.000,clean,b4ec629ede5b,1
9267,frenvpznvi,frenvpznvi,𐌚𐌓𐌄𐌍𐌅𐌐𐌆𐌍𐌅𐌉,frenvpznvi,imr-laris,,,1.000,clean,ce429afc6905,1
9313,velsu,velsu,𐌅𐌄𐌋𐌔𐌖,velsu,the-town-of-bolsena,,,1.000,clean,e634c0776836,1
9314,velznani,velznani,𐌅𐌄𐌋𐌆𐌍𐌀𐌍𐌉,velznani,,,,1.000,clean,c871eace5b2d,1
CIE 2691,renxiels:puia,renxiels:puia,𐌓𐌄𐌍𐌗𐌉𐌄𐌋𐌔:𐌐𐌖𐌉𐌀,renxiels puia,,,,1.000,clean,1251eccafb83,1
CIE 2692,larθia:resui:θi,larθia:resui:θi,𐌋𐌀𐌓𐌈𐌉𐌀:𐌓𐌄𐌔𐌖𐌉:𐌈𐌉,larθia resui θi,,,,1.000,clean,3197b5002734,1
CIE 2693,AVLI·RIIVSTI·MVNAINAL,AVLI·RIIVSTI·MVNAINAL,,AVLI RIIVSTI MVNAINAL,,,,1.000,clean,1b64ea503626,1
CIE 2696,velia·lavtnit·rus,velia·lavtnit·rus,𐌅𐌄𐌋𐌉𐌀·𐌋𐌀𐌅𐌕𐌍𐌉𐌕·𐌓𐌖𐌔,velia lavtnit rus,,,,1.000,clean,136df1d67a46,1
9359,velusna,velusna,𐌅𐌄𐌋𐌖𐌔𐌍𐌀,velusna,,,,1.000,clean,88a24eec35f4,1
9433,erzeana,erzeana,𐌄𐌓𐌆𐌄𐌀𐌍𐌀,erzeana,,,,1.000,clean,ec20a842695d,1
9443,vetpz,vetpz,𐌅𐌄𐌕𐌐𐌆,vetpz,,,,1.000,clean,09b8d061f147,1
9473,mikarkanaspanti,mikarkanaspanti,𐌌𐌉𐌊𐌀𐌓𐌊𐌀𐌍𐌀𐌔𐌐𐌀𐌍𐌕𐌉,mikarkanaspanti,,,,1.000,clean,b9976686a6b4,1
9475,mitechas,miteχas,𐌌𐌉𐌕𐌄𐌙𐌀𐌔,miteχas,,,,1.000,clean,9b5d15775c02,1
9486,precu,precu,𐌐𐌓𐌄𐌂𐌖,precu,,,,1.000,clean,f62ef2dd1b54,1
9487,velnumnal,velnumnal,𐌅𐌄𐌋𐌍𐌖𐌌𐌍𐌀𐌋,velnumnal,,,,1.000,clean,063c3cfc9878,1
9496,atranesi,atranesi,𐌀𐌕𐌓𐌀𐌍𐌄𐌔𐌉,atranesi,,,,1.000,clean,f6f65d085234,2
9516,tefa,tefa,𐌕𐌄𐌚𐌀,tefa,mr-tefarie,,,1.000,clean,02189d3a4a65,1
9518,atranesi,atranesi,𐌀𐌕𐌓𐌀𐌍𐌄𐌔𐌉,atranesi,for-mr-atrane,,,1.000,clean,f6f65d085234,2
9522,zinas,zinas,𐌆𐌉𐌍𐌀𐌔,zinas,,,,1.000,clean,cf92983feefc,1
9527,scornia,scornia,𐌔𐌂𐌏𐌓𐌍𐌉𐌀,scornia,mrs-scornia,,,1.000,clean,a0e421ed1e64,1
9656,keina,keina,𐌊𐌄𐌉𐌍𐌀,keina,,,,1.000,clean,35e692ce8438,1
CIE 2698,rutia:velvaesa,rutia:velvaesa,𐌓𐌖𐌕𐌉𐌀:𐌅𐌄𐌋𐌅𐌀𐌄𐌔𐌀,rutia velvaesa,,,,1.000,clean,40d76e749609,2
CIE 2699,rutia:larisal:velvaes,rutia:larisal:velvaes,𐌓𐌖𐌕𐌉𐌀:𐌋𐌀𐌓𐌉𐌔𐌀𐌋:𐌅𐌄𐌋𐌅𐌀𐌄𐌔,rutia larisal velvaes,,,,1.000,clean,13615e7afa86,1
CIE 270,𐌉𐌅𐌀 𐌄𐌕𐌖𐌓𐌉𐌔𐌉𐌍𐌀𐌋 𐌋𐌀𐌏𐌉𐌀,a lecne vuisinal arθral,𐌀 𐌋𐌄𐌂𐌍𐌄 𐌅𐌖𐌉𐌔𐌉𐌍𐌀𐌋 𐌀𐌓𐌈𐌓𐌀𐌋,a lecne vuisinal arθral,,,,1.000,clean,40097ddb132b,1
14804,lartpetraulesa,lartpetraulesa,𐌋𐌀𐌓𐌕𐌐𐌄𐌕𐌓𐌀𐌖𐌋𐌄𐌔𐌀,lartpetraulesa,,,,1.000,clean,cf7933b3719c,1
CIE 2700,Ruti:Thana|Lar-ti,Ruti:Thana|Lar-ti,,Ruti Thana,,,,0.667,clean,4286cead72d7,1
CIE 2702,hasti:salvinei:veliesa,hasti:salvinei:veliesa,𐌇𐌀𐌔𐌕𐌉:𐌔𐌀𐌋𐌅𐌉𐌍𐌄𐌉:𐌅𐌄𐌋𐌉𐌄𐌔𐌀,hasti salvinei veliesa,,,,1.000,clean,1a2232ffcf29,1
9815,minispuriazamuluvanikekuritianas,minispuriazamuluvanikekuritianas,𐌌𐌉𐌍𐌉𐌔𐌐𐌖𐌓𐌉𐌀𐌆𐌀𐌌𐌖𐌋𐌖𐌅𐌀𐌍𐌉𐌊𐌄𐌊𐌖𐌓𐌉𐌕𐌉𐌀𐌍𐌀𐌔,minispuriazamuluvanikekuritianas,,,,1.000,clean,6fdb7b354910,1
9822,misukerus,misukerus,𐌌𐌉𐌔𐌖𐌊𐌄𐌓𐌖𐌔,misukerus,imr-sukerus,,,1.000,clean,fd43d9ae422a,1
9827,------etanturuce,------etanturuce,------𐌄𐌕𐌀𐌍𐌕𐌖𐌓𐌖𐌂𐌄,,,,,0.000,clean,007c58179424,1
9834,--ilarthia--------------,--ilarθia--------------,--𐌉𐌋𐌀𐌓𐌈𐌉𐌀--------------,,,,,0.000,clean,7353a99687cf,1
9880,chch,χχ,𐌙𐌙,χχ,mr-chaemr-chaes,,,1.000,clean,46e7c2fbc5a7,2
9888,vesthle,vesθle,𐌅𐌄𐌔𐌈𐌋𐌄,vesθle,mr-vesthle,,,1.000,clean,d786e77fb9e3,1
9889,scana,scana,𐌔𐌂𐌀𐌍𐌀,scana,,,,1.000,clean,841af9808896,1
9893,mivelthuruskanaius,mivelθuruskanaius,𐌌𐌉𐌅𐌄𐌋𐌈𐌖𐌓𐌖𐌔𐌊𐌀𐌍𐌀𐌉𐌖𐌔,mivelθuruskanaius,imr-velthurkunaius,,,1.000,clean,55b21554e225,1
9903,kreniasi,kreniasi,𐌊𐌓𐌄𐌍𐌉𐌀𐌔𐌉,kreniasi,,,,1.000,clean,e23ae90535ec,1
9904,f s r s ch,f s r s χ,𐌚 𐌔 𐌓 𐌔 𐌙,f s r s χ,,,,1.000,clean,7c480eca2015,1
CIE 2703,a:sali:se,a:sali:se,𐌀:𐌔𐌀𐌋𐌉:𐌔𐌄,a sali se,,,,1.000,clean,36ca755a869e,1
CIE 2704,salie,salie,𐌔𐌀𐌋𐌉𐌄,salie,,,,1.000,clean,7d7fd528fea0,2
2136,velsi(al) seitithial(isasa),velsi(al) seitiθial(isasa),𐌅𐌄𐌋𐌔𐌉(𐌀𐌋) 𐌔𐌄𐌉𐌕𐌉𐌈𐌉𐌀𐌋(𐌉𐌔𐌀𐌔𐌀),,,,,0.000,clean,086be3e3e1fa,1
9953,achule,aχule,𐌀𐌙𐌖𐌋𐌄,aχule,theheroakhilleus,,,1.000,clean,7d3c1737ebf1,1
9963,kailes,kailes,𐌊𐌀𐌉𐌋𐌄𐌔,kailes,,,,1.000,clean,21ead27a8686,1
9993,uv,uv,𐌖𐌅,uv,,,,1.000,clean,e6184ce10e26,1
10162,mp,mp,𐌌𐌐,mp,i-myself,,,1.000,clean,68dbf73d03d3,1
10163,------naszinac------,------naszinac------,------𐌍𐌀𐌔𐌆𐌉𐌍𐌀𐌂------,,,,,0.000,clean,b99c7095deac,1
10174,mnie,mnie,𐌌𐌍𐌉𐌄,mnie,me,,,1.000,clean,737e92c9ff68,1
10177,tiniia,tiniia,𐌕𐌉𐌍𐌉𐌉𐌀,tiniia,,,,1.000,clean,2849d327b45e,1
10186,larcnas,larcnas,𐌋𐌀𐌓𐌂𐌍𐌀𐌔,larcnas,,,,1.000,clean,7f9514fba224,2
10199,kastur,kastur,𐌊𐌀𐌔𐌕𐌖𐌓,kastur,thegodpollux,,,1.000,clean,6e891d182d17,1
10200,evru,evru,𐌄𐌅𐌓𐌖,evru,,,,1.000,clean,d1b97b9c0184,1
10201,velparun,velparun,𐌅𐌄𐌋𐌐𐌀𐌓𐌖𐌍,velparun,,,,1.000,clean,e6d3fee442bd,2
2154,v(e)l(ia) velusnei(al),v(e)l(ia) velusnei(al),𐌅(𐌄)𐌋(𐌉𐌀) 𐌅𐌄𐌋𐌖𐌔𐌍𐌄𐌉(𐌀𐌋),,,,,0.000,clean,24581609ec6b,1
2155,arnth cisvitn(i)al,arnθ cisvitn(i)al,𐌀𐌓𐌍𐌈 𐌂𐌉𐌔𐌅𐌉𐌕𐌍(𐌉)𐌀𐌋,arnθ,mr-arnthvenatemr-cicvitnes,,,0.500,clean,d362d31b389b,1
2156,pucsina,pucsina,𐌐𐌖𐌂𐌔𐌉𐌍𐌀,pucsina,,,,1.000,clean,e6b2b2df2c1a,1
2157,lathrthipucsin,laθrθipucsin,𐌋𐌀𐌈𐌓𐌈𐌉𐌐𐌖𐌂𐌔𐌉𐌍,laθrθipucsin,mrs-larthimrs-pucsineis,,,1.000,clean,21eaa11cecc3,1
2180,felesa,felesa,𐌚𐌄𐌋𐌄𐌔𐌀,felesa,mrs-vetinei,,,1.000,clean,a3910a5d2ed0,2
2181,--------vetinei,--------vetinei,--------𐌅𐌄𐌕𐌉𐌍𐌄𐌉,,,,,0.000,clean,1f400fc31d2e,1
2197,anasis,anasis,𐌀𐌍𐌀𐌔𐌉𐌔,anasis,,,,1.000,clean,ee028db1faf0,1
6743,atr(enas),atr(enas),𐌀𐌕𐌓(𐌄𐌍𐌀𐌔),,,,,0.000,clean,86b1cf94a807,1
10242,ve--a,ve--a,𐌅𐌄--𐌀,,,,,0.000,clean,e6439c877743,1
10251,ppn,ppn,𐌐𐌐𐌍,ppn,,,,1.000,clean,f4435ec544de,1
10253,lvr,lvr,𐌋𐌅𐌓,lvr,,,,1.000,clean,c7c5d311e1e3,1
10293,ta,ta,𐌕𐌀,ta,this-thing,,,1.000,clean,76592b9de6d3,5
10296,zalzelriniie,zalzelriniie,𐌆𐌀𐌋𐌆𐌄𐌋𐌓𐌉𐌍𐌉𐌉𐌄,zalzelriniie,,,,1.000,clean,61a42a7b2ace,1
10310,paithe,paiθe,𐌐𐌀𐌉𐌈𐌄,paiθe,mr-paithe,,,1.000,clean,97d42fe0eec5,1
10325,lra,lra,𐌋𐌓𐌀,lra,this-thing,,,1.000,clean,bf63d7dc09c2,1
10409,ataiun,ataiun,𐌀𐌕𐌀𐌉𐌖𐌍,ataiun,,,,1.000,clean,c65e43b522b3,2
10417,nunavasieitiarisviaiavineiaiavipiairase,nunavasieitiarisviaiavineiaiavipiairase,𐌍𐌖𐌍𐌀𐌅𐌀𐌔𐌉𐌄𐌉𐌕𐌉𐌀𐌓𐌉𐌔𐌅𐌉𐌀𐌉𐌀𐌅𐌉𐌍𐌄𐌉𐌀𐌉𐌀𐌅𐌉𐌐𐌉𐌀𐌉𐌓𐌀𐌔𐌄,nunavasieitiarisviaiavineiaiavipiairase,,,,1.000,clean,768aacdceb0c,1
14808,turs,turs,𐌕𐌖𐌓𐌔,turs,,,,1.000,clean,1299da02e32d,1
10419,cruties,cruties,𐌂𐌓𐌖𐌕𐌉𐌄𐌔,cruties,,,,1.000,clean,384c0ec86421,2
10421,cruties,cruties,𐌂𐌓𐌖𐌕𐌉𐌄𐌔,cruties,mr-cruties,,,1.000,clean,384c0ec86421,2
10423,malavisch,malavisχ,𐌌𐌀𐌋𐌀𐌅𐌉𐌔𐌙,malavisχ,themaenadattractiveness,,,1.000,clean,bcf50595653b,3
10424,eieirie,eieirie,𐌄𐌉𐌄𐌉𐌓𐌉𐌄,eieirie,,,,1.000,clean,d077c4288e97,1
2215,ranazunia(s),ranazunia(s),𐌓𐌀𐌍𐌀𐌆𐌖𐌍𐌉𐌀(𐌔),,mr-thanamrs-vipineismr-ranazunias,,,0.000,clean,66d74b803b53,1
2217,vipinei,vipinei,𐌅𐌉𐌐𐌉𐌍𐌄𐌉,vipinei,ms-vipinei,,,1.000,clean,d5c96de857b9,3
2219,crasni(e)sa,crasni(e)sa,𐌂𐌓𐌀𐌔𐌍𐌉(𐌄)𐌔𐌀,,mr-crasnies-daughters-husband,,,0.000,clean,ecd0bf697554,1
2228,leichunia(s),leiχunia(s),𐌋𐌄𐌉𐌙𐌖𐌍𐌉𐌀(𐌔),,mr-leichunias,,,0.000,clean,c2f7964421cb,1
2248,resna(s) p(upiasa) s(ethialisa),resna(s) p(upiasa) s(eθialisa),𐌓𐌄𐌔𐌍𐌀(𐌔) 𐌐(𐌖𐌐𐌉𐌀𐌔𐌀) 𐌔(𐌄𐌈𐌉𐌀𐌋𐌉𐌔𐌀),,,,,0.000,clean,4bd352323e70,1
2251,sveasla,sveasla,𐌔𐌅𐌄𐌀𐌔𐌋𐌀,sveasla,mr-sveasslave,,,1.000,clean,f38c6eab2002,1
2253,tutna,tutna,𐌕𐌖𐌕𐌍𐌀,tutna,mr-tutna,,,1.000,clean,3b29071c4a7d,1
2254,slepar(ie)s,slepar(ie)s,𐌔𐌋𐌄𐌐𐌀𐌓(𐌉𐌄)𐌔,,,,,0.000,clean,1a8b614830b2,1
2261,ariodantes,ariodantes,𐌀𐌓𐌉𐌏𐌃𐌀𐌍𐌕𐌄𐌔,ariodantes,,,,1.000,clean,9b2ab38504ab,1
10449,sp-------------------s,sp-------------------s,𐌔𐌐-------------------𐌔,,,,,0.000,clean,4da64b1c49fb,1
10454,miuna--,miuna--,𐌌𐌉𐌖𐌍𐌀--,,,,,0.000,clean,9a0817e1d573,1
10465,thina,θina,𐌈𐌉𐌍𐌀,θina,a-big-round-goblet,,,1.000,clean,8d7d606a04b6,2
10467,miutres,miutres,𐌌𐌉𐌖𐌕𐌓𐌄𐌔,miutres,,,,1.000,clean,4bd352766249,1
10496,munthuch,munθuχ,𐌌𐌖𐌍𐌈𐌖𐌙,munθuχ,thesatyrmischievousness,,,1.000,clean,812bb54643dd,2
10652,altui,altui,𐌀𐌋𐌕𐌖𐌉,altui,,,,1.000,clean,28ce0de58b04,1
10653,arnphth,arnφθ,𐌀𐌓𐌍𐌘𐌈,arnφθ,,,,1.000,clean,fdaac846276f,1
10654,ezifuileca,ezifuileca,𐌄𐌆𐌉𐌚𐌖𐌉𐌋𐌄𐌂𐌀,ezifuileca,,,,1.000,clean,bf389246c224,1
10658,fthiklmn,fθiklmn,𐌚𐌈𐌉𐌊𐌋𐌌𐌍,fθiklmn,,,,1.000,clean,5116ed58a74c,1
2266,thania feli(al),θania feli(al),𐌈𐌀𐌍𐌉𐌀 𐌚𐌄𐌋𐌉(𐌀𐌋),θania,,,,0.500,clean,dd17f899ed87,1
2267,larthi feli(al),larθi feli(al),𐌋𐌀𐌓𐌈𐌉 𐌚𐌄𐌋𐌉(𐌀𐌋),larθi,,,,0.500,clean,b18f7a0c314e,1
2268,feli,feli,𐌚𐌄𐌋𐌉,feli,mrs-feli,,,1.000,clean,fddb9d4ec27e,2
2278,velos,velos,𐌅𐌄𐌋𐌏𐌔,velos,,,,1.000,clean,d9e053ce1541,1
2279,l(arisus)a,l(arisus)a,𐌋(𐌀𐌓𐌉𐌔𐌖𐌔)𐌀,,,,,0.000,clean,45c1879181d6,4
2286,fufle(s),fufle(s),𐌚𐌖𐌚𐌋𐌄(𐌔),,,,,0.000,clean,1a83aa9140a5,1
2316,furas,furas,𐌚𐌖𐌓𐌀𐌔,furas,,,,1.000,clean,1959f7540a9e,1
2320,v(e)l(ia) thactara,v(e)l(ia) θactara,𐌅(𐌄)𐌋(𐌉𐌀) 𐌈𐌀𐌂𐌕𐌀𐌓𐌀,θactara,mr-veliathactaramr-larthsmr-aulias-daughtershusband,,,0.500,clean,a9a5ea59c8da,1
14817,fupnina,fupnina,𐌚𐌖𐌐𐌍𐌉𐌍𐌀,fupnina,,,,1.000,clean,46573a37f923,1
2321,fastia thactrei(al),fastia θactrei(al),𐌚𐌀𐌔𐌕𐌉𐌀 𐌈𐌀𐌂𐌕𐌓𐌄𐌉(𐌀𐌋),fastia,,,,0.500,clean,3e5ebbc1ac52,1
8470,fa,fa,𐌚𐌀,fa,,,,1.000,clean,3097e26b7f3c,1
2322,veini(e)s,veini(e)s,𐌅𐌄𐌉𐌍𐌉(𐌄)𐌔,,mr-thana,,,0.000,clean,d5a614874b9d,1
10683,ceithurnealsuthina,ceiθurnealsuθina,𐌂𐌄𐌉𐌈𐌖𐌓𐌍𐌄𐌀𐌋𐌔𐌖𐌈𐌉𐌍𐌀,ceiθurnealsuθina,,,,1.000,clean,ed780b78e8b4,1
10757,cicapcut,cicapcut,𐌂𐌉𐌂𐌀𐌐𐌂𐌖𐌕,cicapcut,,,,1.000,clean,64640fe9eeb9,1
10760,aurunu,aurunu,𐌀𐌖𐌓𐌖𐌍𐌖,aurunu,,,,1.000,clean,f2bfd9699170,1
10762,sutna,sutna,𐌔𐌖𐌕𐌍𐌀,sutna,,,,1.000,clean,4da4e68c18a4,1
10768,vipa patna velsnalthi,vipa patna velsnalθi,𐌅𐌉𐌐𐌀 𐌐𐌀𐌕𐌍𐌀 𐌅𐌄𐌋𐌔𐌍𐌀𐌋𐌈𐌉,vipa patna velsnalθi,,,,1.000,clean,5ef74f0c6810,1
10799,av,av,𐌀𐌅,av,mr-avle,,,1.000,clean,27a26bca625b,2
10819,larisalfavreniessuthina,larisalfavreniessuθina,𐌋𐌀𐌓𐌉𐌔𐌀𐌋𐌚𐌀𐌅𐌓𐌄𐌍𐌉𐌄𐌔𐌔𐌖𐌈𐌉𐌍𐌀,larisalfavreniessuθina,,,,1.000,clean,cef2896a411b,1
10842,achele,aχele,𐌀𐌙𐌄𐌋𐌄,aχele,theheroakhilleus,,,1.000,clean,ceece63ca80a,2
10854,cacu,cacu,𐌂𐌀𐌂𐌖,cacu,cacutheseer,,,1.000,clean,8d65f99e9407,3
10855,thanialucinisuthina,θanialucinisuθina,𐌈𐌀𐌍𐌉𐌀𐌋𐌖𐌂𐌉𐌍𐌉𐌔𐌖𐌈𐌉𐌍𐌀,θanialucinisuθina,,,,1.000,clean,fce24e65d772,1
10863,aminth,aminθ,𐌀𐌌𐌉𐌍𐌈,aminθ,theboygodamorgodoflove,,,1.000,clean,d573ef070c57,1
11336,vuli,vuli,𐌅𐌖𐌋𐌉,vuli,,,,1.000,clean,70d35dfbfe45,1
2324,thansi(al),θansi(al),𐌈𐌀𐌍𐌔𐌉(𐌀𐌋),,mr-thansies,,,0.000,clean,6343c53df4b7,2
2327,arnth thelazu ar(n)th(i)al,arnθ θelazu ar(n)θ(i)al,𐌀𐌓𐌍𐌈 𐌈𐌄𐌋𐌀𐌆𐌖 𐌀𐌓(𐌍)𐌈(𐌉)𐌀𐌋,arnθ θelazu,,,,0.667,clean,d5649e5dfe25,1
2328,arnth thelazu,arnθ θelazu,𐌀𐌓𐌍𐌈 𐌈𐌄𐌋𐌀𐌆𐌖,arnθ θelazu,,,,1.000,clean,dadab8891c57,1
2369,clanti(alisasa) latinial(isasasa) larth(i)al,clanti(alisasa) latinial(isasasa) larθ(i)al,𐌂𐌋𐌀𐌍𐌕𐌉(𐌀𐌋𐌉𐌔𐌀𐌔𐌀) 𐌋𐌀𐌕𐌉𐌍𐌉𐌀𐌋(𐌉𐌔𐌀𐌔𐌀𐌔𐌀) 𐌋𐌀𐌓𐌈(𐌉)𐌀𐌋,,mrs-larthisson,,,0.000,clean,a10d3c17be8b,1
2374,arath(i)al,araθ(i)al,𐌀𐌓𐌀𐌈(𐌉)𐌀𐌋,,,,,0.000,clean,7bbfd4ccef3c,1
2378,puia(l),puia(l),𐌐𐌖𐌉𐌀(𐌋),,mr-evtes,,,0.000,clean,d058f75779bc,3
10915,fupnii,fupnii,𐌚𐌖𐌐𐌍𐌉𐌉,fupnii,mr-velthurs,,,1.000,clean,267db3f175c9,1
10917,telfe,telfe,𐌕𐌄𐌋𐌚𐌄,telfe,telephos,,,1.000,clean,574cb78afcd0,1
10921,isfu,isfu,𐌉𐌔𐌚𐌖,isfu,,,,1.000,clean,d555301ea6d9,1
10927,iresatice,iresatice,𐌉𐌓𐌄𐌔𐌀𐌕𐌉𐌂𐌄,iresatice,,,,1.000,clean,c383233b6415,1
10990,putinas,putinas,𐌐𐌖𐌕𐌉𐌍𐌀𐌔,putinas,,,,1.000,clean,0982144d6ddd,1
10991,kape,kape,𐌊𐌀𐌐𐌄,kape,,,,1.000,clean,7beb9c73fa9b,1
10993,ukui,ukui,𐌖𐌊𐌖𐌉,ukui,mrs-caimr-aule,,,1.000,clean,4011f2ccfa95,1
10995,asu,asu,𐌀𐌔𐌖,asu,,,,1.000,clean,64d362d2e483,2
11002,persenascalia,persenascalia,𐌐𐌄𐌓𐌔𐌄𐌍𐌀𐌔𐌂𐌀𐌋𐌉𐌀,persenascalia,mr-versenasmscaithis,,,1.000,clean,ca116ecbb8cd,1
11004,ataiun,ataiun,𐌀𐌕𐌀𐌉𐌖𐌍,ataiun,actaeon,,,1.000,clean,c65e43b522b3,2
2387,snei,snei,𐌔𐌍𐌄𐌉,snei,,,,1.000,clean,e24231ef507d,1
2391,pucsini(al),pucsini(al),𐌐𐌖𐌂𐌔𐌉𐌍𐌉(𐌀𐌋),,,,,0.000,clean,5f960f2e2c6b,1
2400,v(e)l(ia) sachu(s) puiac,v(e)l(ia) saχu(s) puiac,𐌅(𐌄)𐌋(𐌉𐌀) 𐌔𐌀𐌙𐌖(𐌔) 𐌐𐌖𐌉𐌀𐌂,puiac,,,,0.333,clean,542466beed69,1
2403,selvans(ia)l,selvans(ia)l,𐌔𐌄𐌋𐌅𐌀𐌍𐌔(𐌉𐌀)𐌋,,the-goddess-selvanss,,,0.000,clean,f25212a170d2,2
2408,vanes,vanes,𐌅𐌀𐌍𐌄𐌔,vanes,,,,1.000,clean,8fba16c03a05,1
2411,lethia,leθia,𐌋𐌄𐌈𐌉𐌀,leθia,mr-lethia,,,1.000,clean,82cdb51ae34d,1
2412,muntnas,muntnas,𐌌𐌖𐌍𐌕𐌍𐌀𐌔,muntnas,mr-lefia,,,1.000,clean,15de5aa44587,1
2414,lethia lautnitha arnti(e)s,leθia lautniθa arnti(e)s,𐌋𐌄𐌈𐌉𐌀 𐌋𐌀𐌖𐌕𐌍𐌉𐌈𐌀 𐌀𐌓𐌍𐌕𐌉(𐌄)𐌔,leθia lautniθa,,,,0.667,clean,e9f68003c8ff,1
2417,lerni(al),lerni(al),𐌋𐌄𐌓𐌍𐌉(𐌀𐌋),,,,,0.000,clean,a05c820f70b7,1
11065,milaruslanathes,milaruslanaθes,𐌌𐌉𐌋𐌀𐌓𐌖𐌔𐌋𐌀𐌍𐌀𐌈𐌄𐌔,milaruslanaθes,imr-larthvelthurusslavesmr-nathes,,,1.000,clean,a79e5c979495,1
11070,ceistalus,ceistalus,𐌂𐌄𐌉𐌔𐌕𐌀𐌋𐌖𐌔,ceistalus,,,,1.000,clean,c6124e60cadf,1
11082,lanenispupena,lanenispupena,𐌋𐌀𐌍𐌄𐌍𐌉𐌔𐌐𐌖𐌐𐌄𐌍𐌀,lanenispupena,,,,1.000,clean,5c1446cafb08,1
11083,iiiiiiiii,iiiiiiiii,𐌉𐌉𐌉𐌉𐌉𐌉𐌉𐌉𐌉,iiiiiiiii,,,,1.000,clean,bdb179339ec1,1
11115,ci,ci,𐌂𐌉,ci,one,,,1.000,clean,1b158839f8aa,2
11117,tuntles,tuntles,𐌕𐌖𐌍𐌕𐌋𐌄𐌔,tuntles,tyndarus,,,1.000,clean,1ae37dca7d8b,1
11119,echtur,eχtur,𐌄𐌙𐌕𐌖𐌓,eχtur,hecuba,,,1.000,clean,86fbe644010c,1
11124,nuni,nuni,𐌍𐌖𐌍𐌉,nuni,,,,1.000,clean,081a6de3f152,1
11132,lenaiia,lenaiia,𐌋𐌄𐌍𐌀𐌉𐌉𐌀,lenaiia,mr-lenaiia,,,1.000,clean,a9b496c38523,1
11147,kapemukathesa,kapemukaθesa,𐌊𐌀𐌐𐌄𐌌𐌖𐌊𐌀𐌈𐌄𐌔𐌀,kapemukaθesa,,,,1.000,clean,df0ad8a1ca49,1
11154,ariz,ariz,𐌀𐌓𐌉𐌆,ariz,,,,1.000,clean,4a97d7325c45,1
11164,minilarekes,minilarekes,𐌌𐌉𐌍𐌉𐌋𐌀𐌓𐌄𐌊𐌄𐌔,minilarekes,,,,1.000,clean,afa48e361dcd,1
11169,caiau,caiau,𐌂𐌀𐌉𐌀𐌖,caiau,,,,1.000,clean,dcf3a935a1c2,1
2420,manth vatnei tumusa,manθ vatnei tumusa,𐌌𐌀𐌍𐌈 𐌅𐌀𐌕𐌍𐌄𐌉 𐌕𐌖𐌌𐌖𐌔𐌀,manθ vatnei tumusa,,,,1.000,clean,4d9a31eac105,1
2421,santhatnei(al),sanθatnei(al),𐌔𐌀𐌍𐌈𐌀𐌕𐌍𐌄𐌉(𐌀𐌋),,,,,0.000,clean,26193069aacb,1
2422,felz----,felz----,𐌚𐌄𐌋𐌆----,,,,,0.000,clean,e6c38f63e126,1
2423,salin,salin,𐌔𐌀𐌋𐌉𐌍,salin,,,,1.000,clean,b53960c67cb8,1
2427,ecna,ecna,𐌄𐌂𐌍𐌀,ecna,ecna,,,1.000,clean,560e1002eef5,1
2458,arnth(i)al,arnθ(i)al,𐌀𐌓𐌍𐌈(𐌉)𐌀𐌋,,mrs-arnthis,,,0.000,clean,348cedc0cd11,11
2459,ar,ar,𐌀𐌓,ar,of-mr-arnth,,,1.000,clean,ab5b62081b1d,4
9143,atrane,atrane,𐌀𐌕𐌓𐌀𐌍𐌄,atrane,,,,1.000,clean,519f25592af4,3
2467,metur,metur,𐌌𐌄𐌕𐌖𐌓,metur,,,,1.000,clean,ef5ed8fcd1ad,2
2469,tusnu,tusnu,𐌕𐌖𐌔𐌍𐌖,tusnu,,,,1.000,clean,76b408518ca4,2
2470,larthi curthutes,larθi curθutes,𐌋𐌀𐌓𐌈𐌉 𐌂𐌖𐌓𐌈𐌖𐌕𐌄𐌔,larθi curθutes,,,,1.000,clean,645886d57e67,1
2472,cheritna,χeritna,𐌙𐌄𐌓𐌉𐌕𐌍𐌀,χeritna,,,,1.000,clean,5bc4e3df6049,1
11183,achl--,aχl--,𐌀𐌙𐌋--,,theheroakhilleus,,,0.000,clean,26747986b5b6,1
11185,elinpi,elinpi,𐌄𐌋𐌉𐌍𐌐𐌉,elinpi,,,,1.000,clean,68433228b889,1
11187,acnaine,acnaine,𐌀𐌂𐌍𐌀𐌉𐌍𐌄,acnaine,,,,1.000,clean,a9d18fb279c9,1
11241,ut,ut,𐌖𐌕,ut,,,,1.000,clean,469cc643a19f,2
11255,mipaparnies,mipaparnies,𐌌𐌉𐌐𐌀𐌐𐌀𐌓𐌍𐌉𐌄𐌔,mipaparnies,,,,1.000,clean,5d343744b239,1
11257,eeevee,eeevee,𐌄𐌄𐌄𐌅𐌄𐌄,eeevee,,,,1.000,clean,63b913554bb4,1
11258,minemuluveneavileacvilnas,minemuluveneavileacvilnas,𐌌𐌉𐌍𐌄𐌌𐌖𐌋𐌖𐌅𐌄𐌍𐌄𐌀𐌅𐌉𐌋𐌄𐌀𐌂𐌅𐌉𐌋𐌍𐌀𐌔,minemuluveneavileacvilnas,,,,1.000,clean,42834780d165,1
11266,staties,staties,𐌔𐌕𐌀𐌕𐌉𐌄𐌔,staties,,,,1.000,clean,3049716d8bea,2
11267,statiesi,statiesi,𐌔𐌕𐌀𐌕𐌉𐌄𐌔𐌉,statiesi,,,,1.000,clean,5dfa4de42d2b,1
11289,nurzi,nurzi,𐌍𐌖𐌓𐌆𐌉,nurzi,,,,1.000,clean,77b3c409f774,1
250,lumscial,lumscial,𐌋𐌖𐌌𐌔𐌂𐌉𐌀𐌋,lumscial,,,,1.000,clean,b7bb0e705b9d,1
2501,numsi(al),numsi(al),𐌍𐌖𐌌𐌔𐌉(𐌀𐌋),,,,,0.000,clean,e369d284e793,1
2510,patislane,patislane,𐌐𐌀𐌕𐌉𐌔𐌋𐌀𐌍𐌄,patislane,,,,1.000,clean,a028e2c015ac,1
2511,patislane cencu(i)al,patislane cencu(i)al,𐌐𐌀𐌕𐌉𐌔𐌋𐌀𐌍𐌄 𐌂𐌄𐌍𐌂𐌖(𐌉)𐌀𐌋,patislane,,,,0.500,clean,27cdb2e27f99,1
2512,a(rn)th patislane,a(rn)θ patislane,𐌀(𐌓𐌍)𐌈 𐌐𐌀𐌕𐌉𐌔𐌋𐌀𐌍𐌄,patislane,,,,0.500,clean,51621b86a0b9,1
2515,purnei(al) patislanesa,purnei(al) patislanesa,𐌐𐌖𐌓𐌍𐌄𐌉(𐌀𐌋) 𐌐𐌀𐌕𐌉𐌔𐌋𐌀𐌍𐌄𐌔𐌀,patislanesa,,,,0.500,clean,d2a5745e6b7b,1
2517,a(rn)th patislane ancaria(s),a(rn)θ patislane ancaria(s),𐌀(𐌓𐌍)𐌈 𐌐𐌀𐌕𐌉𐌔𐌋𐌀𐌍𐌄 𐌀𐌍𐌂𐌀𐌓𐌉𐌀(𐌔),patislane,,,,0.333,clean,598fef187046,1
11359,atrane,atrane,𐌀𐌕𐌓𐌀𐌍𐌄,atrane,mr-atrane,,,1.000,clean,519f25592af4,3
11385,at,at,𐌀𐌕,at,mr-aulemr-tanas,,,1.000,clean,b1d6b91b67c2,1
11516,vipinaial,vipinaial,𐌅𐌉𐌐𐌉𐌍𐌀𐌉𐌀𐌋,vipinaial,,,,1.000,clean,0d11aaf0ed55,1
11520,miniainie,miniainie,𐌌𐌉𐌍𐌉𐌀𐌉𐌍𐌉𐌄,miniainie,,,,1.000,clean,f07c99cd74a4,1
11527,venete,venete,𐌅𐌄𐌍𐌄𐌕𐌄,venete,,,,1.000,clean,b4c84f045154,2
14820,paprsinei,paprsinei,𐌐𐌀𐌐𐌓𐌔𐌉𐌍𐌄𐌉,paprsinei,ms-paprsinei,,,1.000,clean,4451c50120cd,1
2589,nurziun,nurziun,𐌍𐌖𐌓𐌆𐌉𐌖𐌍,nurziun,,,,1.000,clean,de67d4861921,1
259,petrni(e)s,petrni(e)s,𐌐𐌄𐌕𐌓𐌍𐌉(𐌄)𐌔,,,,,0.000,clean,941a9ba19501,1
2592,aprasnar,aprasnar,𐌀𐌐𐌓𐌀𐌔𐌍𐌀𐌓,aprasnar,mr-auleprasnamr-ramthas,,,1.000,clean,d0ecc08fdf7e,1
2601,----praesen--------,----praesen--------,----𐌐𐌓𐌀𐌄𐌔𐌄𐌍--------,,,,,0.000,clean,c6282978973e,1
2603,-------intha,-------inθa,-------𐌉𐌍𐌈𐌀,,,,,0.000,clean,796a8efcc00c,1
11919,stasurcnas,stasurcnas,𐌔𐌕𐌀𐌔𐌖𐌓𐌂𐌍𐌀𐌔,stasurcnas,,,,1.000,clean,1cec0081eb95,1
11922,muna,muna,𐌌𐌖𐌍𐌀,muna,,,,1.000,clean,9cdc45e66b4c,1
11927,ir,ir,𐌉𐌓,ir,,,,1.000,clean,08c85bd37cdd,1
11971,oo,oo,𐌏𐌏,oo,the-son,,,1.000,clean,a8c23cc81417,1
11989,racventu,racventu,𐌓𐌀𐌂𐌅𐌄𐌍𐌕𐌖,racventu,,,,1.000,clean,644c9f906890,1
12022,ichulul,iχulul,𐌉𐌙𐌖𐌋𐌖𐌋,iχulul,,,,1.000,clean,d0748ac56b53,1
12023,faspnas,faspnas,𐌚𐌀𐌔𐌐𐌍𐌀𐌔,faspnas,,,,1.000,clean,aa21b4d69c57,7
12033,faspinas,faspinas,𐌚𐌀𐌔𐌐𐌉𐌍𐌀𐌔,faspinas,,,,1.000,clean,5e0b3417860b,1
12090,miarntha,miarnθa,𐌌𐌉𐌀𐌓𐌍𐌈𐌀,miarnθa,,,,1.000,clean,2427d91857bb,1
12093,minate,minate,𐌌𐌉𐌍𐌀𐌕𐌄,minate,imr-nates,,,1.000,clean,6074d527fd02,2
12123,pa,pa,𐌐𐌀,pa,grandfathers,,,1.000,clean,9513229d4359,2
12127,--rthreis,--rθreis,--𐌓𐌈𐌓𐌄𐌉𐌔,,,,,0.000,clean,f7749a0f4882,1
12147,savuitis,savuitis,𐌔𐌀𐌅𐌖𐌉𐌕𐌉𐌔,savuitis,,,,1.000,clean,96206c7f2b8c,1
12176,rkemulvaniketursikina,rkemulvaniketursikina,𐌓𐌊𐌄𐌌𐌖𐌋𐌅𐌀𐌍𐌉𐌊𐌄𐌕𐌖𐌓𐌔𐌉𐌊𐌉𐌍𐌀,rkemulvaniketursikina,,,,1.000,clean,be31211dfd09,1
12180,------i--------a,------i--------a,------𐌉--------𐌀,,,,,0.000,clean,26138d8a757d,3
12181,mifaltus,mifaltus,𐌌𐌉𐌚𐌀𐌋𐌕𐌖𐌔,mifaltus,,,,1.000,clean,159ea5f76aa4,1
2612,--arthalisa,--arθalisa,--𐌀𐌓𐌈𐌀𐌋𐌉𐌔𐌀,,,,,0.000,clean,0a4e798391ee,1
2627,arnthalitlepumpus,arnθalitlepumpus,𐌀𐌓𐌍𐌈𐌀𐌋𐌉𐌕𐌋𐌄𐌐𐌖𐌌𐌐𐌖𐌔,arnθalitlepumpus,,,,1.000,clean,64fb1d7513b5,1
2641,pupli(al),pupli(al),𐌐𐌖𐌐𐌋𐌉(𐌀𐌋),,,,,0.000,clean,c650a3b1c34a,3
2647,purnes,purnes,𐌐𐌖𐌓𐌍𐌄𐌔,purnes,,,,1.000,clean,0a743e8333a0,1
12231,titethve----------------,titeθve----------------,𐌕𐌉𐌕𐌄𐌈𐌅𐌄----------------,,,,,0.000,clean,427f75c56c36,1
12241,iexupk,iexupk,𐌉𐌄𐌗𐌖𐌐𐌊,iexupk,,,,1.000,clean,5fb9c7a0baf9,1
12311,atlenta,atlenta,𐌀𐌕𐌋𐌄𐌍𐌕𐌀,atlenta,meliager,,,1.000,clean,b3c573cc4057,1
12313,serturu,serturu,𐌔𐌄𐌓𐌕𐌖𐌓𐌖,serturu,,,,1.000,clean,1ea4d6087bca,1
12325,selacr,selacr,𐌔𐌄𐌋𐌀𐌂𐌓,selacr,meleager,,,1.000,clean,814460facafc,1
12327,uuu,uuu,𐌖𐌖𐌖,uuu,mr-uchuurte,,,1.000,clean,27cad5b4de3b,2
12335,malavisch,malavisχ,𐌌𐌀𐌋𐌀𐌅𐌉𐌔𐌙,malavisχ,,,,1.000,clean,bcf50595653b,3
12338,vipea,vipea,𐌅𐌉𐌐𐌄𐌀,vipea,,,,1.000,clean,fa457ae17330,1
12383,fermchrathmi,fermχraθmi,𐌚𐌄𐌓𐌌𐌙𐌓𐌀𐌈𐌌𐌉,fermχraθmi,triumphed-didmr-larthvipe,,,1.000,clean,be4a346ea837,1
729,------etisvasa,------etisvasa,------𐌄𐌕𐌉𐌔𐌅𐌀𐌔𐌀,,mrs-anniaetisvasa,,,0.000,clean,2aef9033b5ab,1
12396,-----------------------------ea,-----------------------------ea,-----------------------------𐌄𐌀,,,,,0.000,clean,8405ae6de3eb,2
12408,armni,armni,𐌀𐌓𐌌𐌍𐌉,armni,,,,1.000,clean,0bd1bdab1c95,4
12412,----rthaltite--,----rθaltite--,----𐌓𐌈𐌀𐌋𐌕𐌉𐌕𐌄--,,,,,0.000,clean,8d8229b481b1,1
12413,------vur------,------vur------,------𐌅𐌖𐌓------,,,,,0.000,clean,4aeb89588480,1
12431,sesipeiarce,sesipeiarce,𐌔𐌄𐌔𐌉𐌐𐌄𐌉𐌀𐌓𐌂𐌄,sesipeiarce,tarasedid-spill-a-libation-ofwine,,,1.000,clean,f637bd51b27d,1
12435,pusivenainas,pusivenainas,𐌐𐌖𐌔𐌉𐌅𐌄𐌍𐌀𐌉𐌍𐌀𐌔,pusivenainas,ms-pusimr-venainas,,,1.000,clean,bb42144f5d10,1
2682,v(e)l(ia) remzna,v(e)l(ia) remzna,𐌅(𐌄)𐌋(𐌉𐌀) 𐌓𐌄𐌌𐌆𐌍𐌀,remzna,mr-veliaremznamr-arnthsepies-daughters-husband,,,0.500,clean,1a816a3aa61c,1
2685,remznei(al),remznei(al),𐌓𐌄𐌌𐌆𐌍𐌄𐌉(𐌀𐌋),,,,,0.000,clean,93310e9e9b46,2
12481,munie,munie,𐌌𐌖𐌍𐌉𐌄,munie,,,,1.000,clean,272b46b3a083,1
12483,--------------opqrstv--------,--------------opqrstv--------,--------------𐌏𐌐𐌒𐌓𐌔𐌕𐌅--------,,,,,0.000,clean,9e50922abfd3,1
12654,mitetanas,mitetanas,𐌌𐌉𐌕𐌄𐌕𐌀𐌍𐌀𐌔,mitetanas,,,,1.000,clean,3b8c815319cc,1
12657,arzia,arzia,𐌀𐌓𐌆𐌉𐌀,arzia,,,,1.000,clean,512f8a243f26,1
12659,richa,riχa,𐌓𐌉𐌙𐌀,riχa,,,,1.000,clean,41dcd67e3b60,1
12670,ulfnei,ulfnei,𐌖𐌋𐌚𐌍𐌄𐌉,ulfnei,,,,1.000,clean,c37129047ac2,1
2686,larthi remsna(s) metrias(a),larθi remsna(s) metrias(a),𐌋𐌀𐌓𐌈𐌉 𐌓𐌄𐌌𐌔𐌍𐌀(𐌔) 𐌌𐌄𐌕𐌓𐌉𐌀𐌔(𐌀),larθi,,,,0.333,clean,855702f3196e,1
2687,v(e)l(ia) remni(al),v(e)l(ia) remni(al),𐌅(𐌄)𐌋(𐌉𐌀) 𐌓𐌄𐌌𐌍𐌉(𐌀𐌋),,,,,0.000,clean,baeef9b47c77,1
2715,larthi satnei(al) carnasa,larθi satnei(al) carnasa,𐌋𐌀𐌓𐌈𐌉 𐌔𐌀𐌕𐌍𐌄𐌉(𐌀𐌋) 𐌂𐌀𐌓𐌍𐌀𐌔𐌀,larθi carnasa,,,,0.667,clean,07bf1ef2f89b,1
2725,a(rn)th(ia)l,a(rn)θ(ia)l,𐌀(𐌓𐌍)𐌈(𐌉𐌀)𐌋,,,,,0.000,clean,348cedc0cd11,11
2728,capnas,capnas,𐌂𐌀𐌐𐌍𐌀𐌔,capnas,mr-sethria,,,1.000,clean,c63867d277e0,1
12743,meties,meties,𐌌𐌄𐌕𐌉𐌄𐌔,meties,,,,1.000,clean,7021a2071fb3,1
12749,paaa,paaa,𐌐𐌀𐌀𐌀,paaa,,,,1.000,clean,2b495ebd2a95,1
12761,munthch,munθχ,𐌌𐌖𐌍𐌈𐌙,munθχ,themaenadfemininity,,,1.000,clean,5262fc95b785,1
12762,scanusnasa,scanusnasa,𐌔𐌂𐌀𐌍𐌖𐌔𐌍𐌀𐌔𐌀,scanusnasa,,,,1.000,clean,a69f46858252,1
12767,mitulalu,mitulalu,𐌌𐌉𐌕𐌖𐌋𐌀𐌋𐌖,mitulalu,,,,1.000,clean,33728fc87f9d,1
12772,rauknalu,rauknalu,𐌓𐌀𐌖𐌊𐌍𐌀𐌋𐌖,rauknalu,,,,1.000,clean,06144ff03bd4,1
12773,suntalu,suntalu,𐌔𐌖𐌍𐌕𐌀𐌋𐌖,suntalu,,,,1.000,clean,6225d3b7c43d,1
12779,mimathuris,mimaθuris,𐌌𐌉𐌌𐌀𐌈𐌖𐌓𐌉𐌔,mimaθuris,imr-mathuries,,,1.000,clean,142bb47c463b,1
12800,etule,etule,𐌄𐌕𐌖𐌋𐌄,etule,thewingedhorsepegasos,,,1.000,clean,ac62e74227e1,1
12802,arcenziom,arcenziom,𐌀𐌓𐌂𐌄𐌍𐌆𐌉𐌏𐌌,arcenziom,,,,1.000,clean,9dcd2ec980e3,1
12803,dunumdedum,dunumdedum,𐌃𐌖𐌍𐌖𐌌𐌃𐌄𐌃𐌖𐌌,dunumdedum,mr-niumsistanunissit-is,,,1.000,clean,5cb9f36ebc06,1
12804,tt,tt,𐌕𐌕,tt,mr-titetute,,,1.000,clean,0e07cf830957,2
276,sesctn(i)al,sesctn(i)al,𐌔𐌄𐌔𐌂𐌕𐌍(𐌉)𐌀𐌋,,,,,0.000,clean,2478e1493079,1
2764,thaniase,θaniase,𐌈𐌀𐌍𐌉𐌀𐌔𐌄,θaniase,,,,1.000,clean,e8a47c9dddb4,1
2767,larthi frauni(e)sa atiu(s) piutes(a),larθi frauni(e)sa atiu(s) piutes(a),𐌋𐌀𐌓𐌈𐌉 𐌚𐌓𐌀𐌖𐌍𐌉(𐌄)𐌔𐌀 𐌀𐌕𐌉𐌖(𐌔) 𐌐𐌉𐌖𐌕𐌄𐌔(𐌀),larθi,,,,0.250,clean,676a68ce06b6,1
12864,atial,atial,𐌀𐌕𐌉𐌀𐌋,atial,mothers,,,1.000,clean,1a73cfc74065,3
12868,cne,cne,𐌂𐌍𐌄,cne,,,,1.000,clean,af8aaf399ae8,1
12881,mikrekeia,mikrekeia,𐌌𐌉𐌊𐌓𐌄𐌊𐌄𐌉𐌀,mikrekeia,,,,1.000,clean,83e21fcb4334,1
12931,arnthcaiscupus,arnθcaiscupus,𐌀𐌓𐌍𐌈𐌂𐌀𐌉𐌔𐌂𐌖𐌐𐌖𐌔,arnθcaiscupus,mr-arnthmr-caiecupus,,,1.000,clean,681dff51af44,1
12932,aneinal,aneinal,𐌀𐌍𐌄𐌉𐌍𐌀𐌋,aneinal,,,,1.000,clean,27a9fbd0277b,1
12933,arnthcutuslar,arnθcutuslar,𐌀𐌓𐌍𐌈𐌂𐌖𐌕𐌖𐌔𐌋𐌀𐌓,arnθcutuslar,mr-arnthmr-cutus,,,1.000,clean,240b2e030360,1
12956,luscialclan,luscialclan,𐌋𐌖𐌔𐌂𐌉𐌀𐌋𐌂𐌋𐌀𐌍,luscialclan,mr-velmr-caiecutussonmr-vels-daughters-husband,,,1.000,clean,61a1104a1ee2,1
12981,vinsa,vinsa,𐌅𐌉𐌍𐌔𐌀,vinsa,mr-vinsa,,,1.000,clean,60b66d9538ff,1
12992,vesv,vesv,𐌅𐌄𐌔𐌅,vesv,mr-avle,,,1.000,clean,1b1bbdd04cb2,1
12994,nacrinas,nacrinas,𐌍𐌀𐌂𐌓𐌉𐌍𐌀𐌔,nacrinas,,,,1.000,clean,bb47a350d762,1
12995,------nipeticesive------,------nipeticesive------,------𐌍𐌉𐌐𐌄𐌕𐌉𐌂𐌄𐌔𐌉𐌅𐌄------,,,,,0.000,clean,11f8505a8461,1
13803,itiiii,itiiii,𐌉𐌕𐌉𐌉𐌉𐌉,itiiii,,,,1.000,clean,e9ae82a7a958,1
13811,miachumuluanich,miaχumuluaniχ,𐌌𐌉𐌀𐌙𐌖𐌌𐌖𐌋𐌖𐌀𐌍𐌉𐌙,miaχumuluaniχ,,,,1.000,clean,55de89b1df45,1
13819,plikasnas,plikasnas,𐌐𐌋𐌉𐌊𐌀𐌔𐌍𐌀𐌔,plikasnas,mr-plikasnas,,,1.000,clean,bcbff2a82cc4,1
2770,th(an)a sathnpini(al),θ(an)a saθnpini(al),𐌈(𐌀𐌍)𐌀 𐌔𐌀𐌈𐌍𐌐𐌉𐌍𐌉(𐌀𐌋),,,,,0.000,clean,f17b3e5ec10b,1
2771,arnth seate,arnθ seate,𐌀𐌓𐌍𐌈 𐌔𐌄𐌀𐌕𐌄,arnθ seate,,,,1.000,clean,f27dac120ebb,1
2772,seiate,seiate,𐌔𐌄𐌉𐌀𐌕𐌄,seiate,,,,1.000,clean,2b7440752b86,1
2794,sethnasa,seθnasa,𐌔𐌄𐌈𐌍𐌀𐌔𐌀,seθnasa,,,,1.000,clean,91048144d1fd,1
2796,vels,vels,𐌅𐌄𐌋𐌔,vels,,,,1.000,clean,1b2b8a50a552,1
2799,vipinialisa,vipinialisa,𐌅𐌉𐌐𐌉𐌍𐌉𐌀𐌋𐌉𐌔𐌀,vipinialisa,,,,1.000,clean,a219fb0bfb97,1
2812,arnza,arnza,𐌀𐌓𐌍𐌆𐌀,arnza,mr-little-arnth,,,1.000,clean,fd842244748d,2
2815,pumpna,pumpna,𐌐𐌖𐌌𐌐𐌍𐌀,pumpna,,,,1.000,clean,c56a4cd0aa0d,1
2819,telsina,telsina,𐌕𐌄𐌋𐌔𐌉𐌍𐌀,telsina,,,,1.000,clean,ed08bd92e38e,1
282,nairn(ia)l,nairn(ia)l,𐌍𐌀𐌉𐌓𐌍(𐌉𐌀)𐌋,,,,,0.000,clean,d8ba2a6ed5cf,1
13884,----lisipiterece,----lisipiterece,----𐌋𐌉𐌔𐌉𐌐𐌉𐌕𐌄𐌓𐌄𐌂𐌄,,,,,0.000,clean,5d7548234366,1
13940,iththi,iθθi,𐌉𐌈𐌈𐌉,iθθi,ms-thithi,,,1.000,clean,cd9bd4648c03,1
13941,vtt,vtt,𐌅𐌕𐌕,vtt,,,,1.000,clean,78cd00835041,1
13951,feche,feχe,𐌚𐌄𐌙𐌄,feχe,,,,1.000,clean,06c94aed4bc0,1
13958,sv,sv,𐌔𐌅,sv,mr-sveitu,,,1.000,clean,afac70e63187,2
13963,enikes,enikes,𐌄𐌍𐌉𐌊𐌄𐌔,enikes,,,,1.000,clean,7f23ef4f7b9b,1
13967,fanachi,fanaχi,𐌚𐌀𐌍𐌀𐌙𐌉,fanaχi,for-msfanachi,,,1.000,clean,f848dd7c8ec5,1
13968,iuiu,iuiu,𐌉𐌖𐌉𐌖,iuiu,the-first-born-sonmr-uchu,,,1.000,clean,539a916e49fe,1
13969,titprla,titprla,𐌕𐌉𐌕𐌐𐌓𐌋𐌀,titprla,,,,1.000,clean,ecaceb6a15bf,1
13970,pitame,pitame,𐌐𐌉𐌕𐌀𐌌𐌄,pitame,,,,1.000,clean,3e434a6e8fcb,1
13976,ri<i>,ri<i>,𐌓𐌉<𐌉>,,,,,0.000,clean,50b9b82cbb6e,1
14006,ta,ta,𐌕𐌀,ta,,,,1.000,clean,76592b9de6d3,5
14024,spitucs,spitucs,𐌔𐌐𐌉𐌕𐌖𐌂𐌔,spitucs,,,,1.000,clean,3bf9d2bf48a9,1
2821,asch,asχ,𐌀𐌔𐌙,asχ,mr-teta,,,1.000,clean,198217116a09,1
2839,cumeresa,cumeresa,𐌂𐌖𐌌𐌄𐌓𐌄𐌔𐌀,cumeresa,mrs-tetineis,,,1.000,clean,92c700e4e049,2
2841,tetinei,tetinei,𐌕𐌄𐌕𐌉𐌍𐌄𐌉,tetinei,mrs-tetinei,,,1.000,clean,fd871c659556,2
2843,tetin(i)al,tetin(i)al,𐌕𐌄𐌕𐌉𐌍(𐌉)𐌀𐌋,,,,,0.000,clean,aa6ca7d8590c,1
2847,cicusa,cicusa,𐌂𐌉𐌂𐌖𐌔𐌀,cicusa,mr-cicus-sons-wife,,,1.000,clean,991337893d1d,3
2850,tutn(as),tutn(as),𐌕𐌖𐌕𐌍(𐌀𐌔),,mrs-velnthis-daughtershusband,,,0.000,clean,d09a1fc72b08,1
2851,tutnasa,tutnasa,𐌕𐌖𐌕𐌍𐌀𐌔𐌀,tutnasa,mr-tutnas-daughters-husband,,,1.000,clean,39cfadb6664a,2
2859,tites urfa(sa) th(an)i(al),tites urfa(sa) θ(an)i(al),𐌕𐌉𐌕𐌄𐌔 𐌖𐌓𐌚𐌀(𐌔𐌀) 𐌈(𐌀𐌍)𐌉(𐌀𐌋),tites,,,,0.333,clean,b7144f085d3c,1
14287,le,le,𐌋𐌄,le,,,,1.000,clean,61098a4bf2a5,1
14307,vipi,vipi,𐌅𐌉𐌐𐌉,vipi,,,,1.000,clean,2f7e29fbc47d,4
14316,fe,fe,𐌚𐌄,fe,,,,1.000,clean,2c9dcded5b6e,2
14325,av,av,𐌀𐌅,av,,,,1.000,clean,27a26bca625b,2
14341,ei,ei,𐌄𐌉,ei,,,,1.000,clean,39d633dc9cf0,2
14344,tr,tr,𐌕𐌓,tr,,,,1.000,clean,7817bb812e82,1
14351,lsla,lsla,𐌋𐌔𐌋𐌀,lsla,ofmr-luciusof-mr-sextusand-,,,1.000,clean,60c17c2e92d2,1
14365,ths,θs,𐌈𐌔,θs,,,,1.000,clean,112c226048b0,2
14370,xixi,xixi,𐌗𐌉𐌗𐌉,xixi,,,,1.000,clean,79d90153f879,1
14383,ar,ar,𐌀𐌓,ar,,,,1.000,clean,ab5b62081b1d,4
14464,otak,otak,𐌏𐌕𐌀𐌊,otak,,,,1.000,clean,06e71c533653,1
14490,panthsil,panθsil,𐌐𐌀𐌍𐌈𐌔𐌉𐌋,panθsil,,,,1.000,clean,5bd399cb7535,1
2885,a(rn)th v(e)l(us) puplin(i)al,a(rn)θ v(e)l(us) puplin(i)al,𐌀(𐌓𐌍)𐌈 𐌅(𐌄)𐌋(𐌖𐌔) 𐌐𐌖𐌐𐌋𐌉𐌍(𐌉)𐌀𐌋,,,,,0.000,clean,1640e8bf86ca,1
2886,pethias,peθias,𐌐𐌄𐌈𐌉𐌀𐌔,peθias,,,,1.000,clean,1dafcfacb5e3,1
2891,remzn(i)al(isasa),remzn(i)al(isasa),𐌓𐌄𐌌𐌆𐌍(𐌉)𐌀𐌋(𐌉𐌔𐌀𐌔𐌀),,mrs-remznis-daughtersdaughters-husband,,,0.000,clean,d01f882cda0e,1
2948,arnza tlesna arnth(i)alisa camarinesa,arnza tlesna arnθ(i)alisa camarinesa,𐌀𐌓𐌍𐌆𐌀 𐌕𐌋𐌄𐌔𐌍𐌀 𐌀𐌓𐌍𐌈(𐌉)𐌀𐌋𐌉𐌔𐌀 𐌂𐌀𐌌𐌀𐌓𐌉𐌍𐌄𐌔𐌀,arnza tlesna camarinesa,,,,0.750,clean,63394e0b46af,1
2953,a(rn)th tlesna papasa,a(rn)θ tlesna papasa,𐌀(𐌓𐌍)𐌈 𐌕𐌋𐌄𐌔𐌍𐌀 𐌐𐌀𐌐𐌀𐌔𐌀,tlesna papasa,,,,0.667,clean,6665d03f2598,1
2954,v(e)l(ia) tlesna pulfn(i)al,v(e)l(ia) tlesna pulfn(i)al,𐌅(𐌄)𐌋(𐌉𐌀) 𐌕𐌋𐌄𐌔𐌍𐌀 𐌐𐌖𐌋𐌚𐌍(𐌉)𐌀𐌋,tlesna,,,,0.333,clean,e1c7ea4fb6b0,1
14567,eal,eal,𐌄𐌀𐌋,eal,mr-arnthfele,,,1.000,clean,6773dfeea82e,1
14623,methina,meθina,𐌌𐌄𐌈𐌉𐌍𐌀,meθina,,,,1.000,clean,589ecade5826,2
14632,pavsko,pavsko,𐌐𐌀𐌅𐌔𐌊𐌏,pavsko,mr-pavsko,,,1.000,clean,7097e610c2b4,1
14653,rutirio,rutirio,𐌓𐌖𐌕𐌉𐌓𐌉𐌏,rutirio,,,,1.000,clean,c0b8e587e0b8,1
14871,se,se,𐌔𐌄,se,,,,1.000,clean,ad9a67fefa84,2
14981,milauchusve----------sieskurtesma,milauχusve----------sieskurtesma,𐌌𐌉𐌋𐌀𐌖𐌙𐌖𐌔𐌅𐌄----------𐌔𐌉𐌄𐌔𐌊𐌖𐌓𐌕𐌄𐌔𐌌𐌀,,,,,0.000,clean,c546eae6d492,1
3041,la(ri)s fraucni(al),la(ri)s fraucni(al),𐌋𐌀(𐌓𐌉)𐌔 𐌚𐌓𐌀𐌖𐌂𐌍𐌉(𐌀𐌋),,,,,0.000,clean,887e1c861e1e,1
3042,atinatial,atinatial,𐌀𐌕𐌉𐌍𐌀𐌕𐌉𐌀𐌋,atinatial,,,,1.000,clean,9e8bc0b1368f,1
3043,arnsa frauni(al),arnsa frauni(al),𐌀𐌓𐌍𐌔𐌀 𐌚𐌓𐌀𐌖𐌍𐌉(𐌀𐌋),arnsa,,,,0.500,clean,583f4dad36b5,1
3044,frauni(alisa),frauni(alisa),𐌚𐌓𐌀𐌖𐌍𐌉(𐌀𐌋𐌉𐌔𐌀),,,,,0.000,clean,b236d206c6c3,1
3058,larthi hollonia,larθi hollonia,𐌋𐌀𐌓𐌈𐌉 𐌇𐌏𐌋𐌋𐌏𐌍𐌉𐌀,larθi hollonia,,,,1.000,clean,0b7c06a9e4bf,1
3059,arnth lautni(al) fulni(e)s,arnθ lautni(al) fulni(e)s,𐌀𐌓𐌍𐌈 𐌋𐌀𐌖𐌕𐌍𐌉(𐌀𐌋) 𐌚𐌖𐌋𐌍𐌉(𐌄)𐌔,arnθ,,,,0.333,clean,7b213d0e4b68,1
3061,furace,furace,𐌚𐌖𐌓𐌀𐌂𐌄,furace,,,,1.000,clean,ed879485c00d,1
3068,spaspu(s),spaspu(s),𐌔𐌐𐌀𐌔𐌐𐌖(𐌔),,mr-spaspus,,,0.000,clean,57784517ea31,1
3069,sianusa,sianusa,𐌔𐌉𐌀𐌍𐌖𐌔𐌀,sianusa,mrs-fastimrs-calisnis,,,1.000,clean,b4a75a412d76,1
3093,sveit(i)al,sveit(i)al,𐌔𐌅𐌄𐌉𐌕(𐌉)𐌀𐌋,,,,,0.000,clean,7c20bf7897c5,1
3094,piuthnialisa,piuθnialisa,𐌐𐌉𐌖𐌈𐌍𐌉𐌀𐌋𐌉𐌔𐌀,piuθnialisa,,,,1.000,clean,6a735c0320c4,1
15034,vaii,vaii,𐌅𐌀𐌉𐌉,vaii,,,,1.000,clean,9ef5176ce27c,1
15044,apie,apie,𐌀𐌐𐌉𐌄,apie,,,,1.000,clean,9eb203b697a0,2
15158,ssss,ssss,𐌔𐌔𐌔𐌔,ssss,of-a-worthless-personhandsomei-myself,,,1.000,clean,28e51044f4a9,1
15181,sv,sv,𐌔𐌅,sv,,,,1.000,clean,afac70e63187,2
15187,aunisei,aunisei,𐌀𐌖𐌍𐌉𐌔𐌄𐌉,aunisei,aunisei,,,1.000,clean,560b68eb01bc,1
15195,esipapiapicierilzii,esipapiapicierilzii,𐌄𐌔𐌉𐌐𐌀𐌐𐌉𐌀𐌐𐌉𐌂𐌉𐌄𐌓𐌉𐌋𐌆𐌉𐌉,esipapiapicierilzii,,,,1.000,clean,4e9d3dc064d2,1
15199,sl,sl,𐌔𐌋,sl,awheelperhapsratherahandhelddrum,,,1.000,clean,a27154809ada,3
15215,rnei,rnei,𐌓𐌍𐌄𐌉,rnei,mr-tha,,,1.000,clean,373d11a47c3d,1
15327,--------prsna,--------prsna,--------𐌐𐌓𐌔𐌍𐌀,,,,,0.000,clean,e25c9a989df8,1
15344,meletem,meletem,𐌌𐌄𐌋𐌄𐌕𐌄𐌌,meletem,,,,1.000,clean,3a0336c96191,1
15353,ku,ku,𐌊𐌖,ku,mr-ku,,,1.000,clean,88d178d728e8,3
15363,turialsc,turialsc,𐌕𐌖𐌓𐌉𐌀𐌋𐌔𐌂,turialsc,and--also-mrs-turis,,,1.000,clean,f65a8c82e2e1,1
15364,bm,bm,𐌁𐌌,bm,to-the-godstothe-ghosts-of-the-ancestors,,,1.000,clean,7292b55d8cfc,1
15374,arnth----,arnθ----,𐌀𐌓𐌍𐌈----,,,,,0.000,clean,c80f3b04a01a,10
15429,velth,velθ,𐌅𐌄𐌋𐌈,velθ,,,,1.000,clean,9e7b950635ae,1
15442,felves,felves,𐌚𐌄𐌋𐌅𐌄𐌔,felves,,,,1.000,clean,3976e6465f21,1
15443,xx,xx,𐌗𐌗,xx,at-athensmr-aptas-slave,,,1.000,clean,5dde896887f6,6
15446,sacniu,sacniu,𐌔𐌀𐌂𐌍𐌉𐌖,sacniu,,,,1.000,clean,94ce308cdccb,1
15472,ze,ze,𐌆𐌄,ze,little-drinking-cup,,,1.000,clean,33129567e0bd,2
15489,fufluns,fufluns,𐌚𐌖𐌚𐌋𐌖𐌍𐌔,fufluns,thegodbacchus,,,1.000,clean,318d16430a49,1
15491,ranthu,ranθu,𐌓𐌀𐌍𐌈𐌖,ranθu,mr-ranthu,,,1.000,clean,403c61ab4007,1
3164,l(ar)th,l(ar)θ,𐌋(𐌀𐌓)𐌈,,,,,0.000,clean,9f14697d6e9e,8
3169,th(a)ru(sa),θ(a)ru(sa),𐌈(𐌀)𐌓𐌖(𐌔𐌀),,,,,0.000,clean,6e9b9015e6e5,1
3181,ciarthi(e)sa,ciarθi(e)sa,𐌂𐌉𐌀𐌓𐌈𐌉(𐌄)𐌔𐌀,,,,,0.000,clean,20dc4b453d2f,2
3183,uei,uei,𐌖𐌄𐌉,uei,,,,1.000,clean,328234f29d0b,1
3184,------an--------,------an--------,------𐌀𐌍--------,,,,,0.000,clean,ea325d761f98,3
3189,municl,municl,𐌌𐌖𐌍𐌉𐌂𐌋,municl,sarcophagus,,,1.000,clean,be71b1f89b52,1
3190,tumesniiu,tumesniiu,𐌕𐌖𐌌𐌄𐌔𐌍𐌉𐌉𐌖,tumesniiu,ms-vucuni,,,1.000,clean,d63727f538f1,1
3236,---------------------riartilneuna-------ril------kasurtrth,---------------------riartilneuna-------ril------kasurtrθ,---------------------𐌓𐌉𐌀𐌓𐌕𐌉𐌋𐌍𐌄𐌖𐌍𐌀-------𐌓𐌉𐌋------𐌊𐌀𐌔𐌖𐌓𐌕𐌓𐌈,,,,,0.000,clean,3874f930ad86,1
15540,sveitual,sveitual,𐌔𐌅𐌄𐌉𐌕𐌖𐌀𐌋,sveitual,,,,1.000,clean,894b0e96f193,1
15541,kainei,kainei,𐌊𐌀𐌉𐌍𐌄𐌉,kainei,,,,1.000,clean,afac0a5dae1a,1
15543,------eltessec,------eltessec,------𐌄𐌋𐌕𐌄𐌔𐌔𐌄𐌂,,,,,0.000,clean,834134c7006b,1
15547,miniurthanikearanthur,miniurθanikearanθur,𐌌𐌉𐌍𐌉𐌖𐌓𐌈𐌀𐌍𐌉𐌊𐌄𐌀𐌓𐌀𐌍𐌈𐌖𐌓,miniurθanikearanθur,,,,1.000,clean,f422d01335d7,1
15550,vernaia,vernaia,𐌅𐌄𐌓𐌍𐌀𐌉𐌀,vernaia,,,,1.000,clean,00211a69ee1d,1
15562,athti,aθti,𐌀𐌈𐌕𐌉,aθti,,,,1.000,clean,8d5567664ea9,1
15567,spuru,spuru,𐌔𐌐𐌖𐌓𐌖,spuru,,,,1.000,clean,efc964751e1d,1
15571,miatiialplavtanas,miatiialplavtanas,𐌌𐌉𐌀𐌕𐌉𐌉𐌀𐌋𐌐𐌋𐌀𐌅𐌕𐌀𐌍𐌀𐌔,miatiialplavtanas,,,,1.000,clean,419a9b488f71,1
15582,caiina,caiina,𐌂𐌀𐌉𐌉𐌍𐌀,caiina,,,,1.000,clean,31e7abc7f106,1
15602,fvlgvriator,fvlgvriator,,fvlgvriator,divinatorofthunderbolts,,,1.000,clean,53c26cc7a6ec,1
15607,tinespna,tinespna,𐌕𐌉𐌍𐌄𐌔𐌐𐌍𐌀,tinespna,,,,1.000,clean,2e9add2f6edb,1
15609,taniniutikuremiesfiratasuvakfikvepisanes,taniniutikuremiesfiratasuvakfikvepisanes,𐌕𐌀𐌍𐌉𐌍𐌉𐌖𐌕𐌉𐌊𐌖𐌓𐌄𐌌𐌉𐌄𐌔𐌚𐌉𐌓𐌀𐌕𐌀𐌔𐌖𐌅𐌀𐌊𐌚𐌉𐌊𐌅𐌄𐌐𐌉𐌔𐌀𐌍𐌄𐌔,taniniutikuremiesfiratasuvakfikvepisanes,,,,1.000,clean,4cf27aa5f2fa,1
16152,satiesi,satiesi,𐌔𐌀𐌕𐌉𐌄𐌔𐌉,satiesi,,,,1.000,clean,54fa326b863a,1
3237,uthuniaastrchu,uθuniaastrχu,𐌖𐌈𐌖𐌍𐌉𐌀𐌀𐌔𐌕𐌓𐌙𐌖,uθuniaastrχu,,,,1.000,clean,077cb6935e66,1
3243,chnia,χnia,𐌙𐌍𐌉𐌀,χnia,,,,1.000,clean,6b6d4abc53a4,1
3244,iiiiiiiiiiiiiiiiiiii,iiiiiiiiiiiiiiiiiiii,𐌉𐌉𐌉𐌉𐌉𐌉𐌉𐌉𐌉𐌉𐌉𐌉𐌉𐌉𐌉𐌉𐌉𐌉𐌉𐌉,iiiiiiiiiiiiiiiiiiii,,,,1.000,clean,7139a6d08969,1
3245,fraun(i)al,fraun(i)al,𐌚𐌓𐌀𐌖𐌍(𐌉)𐌀𐌋,,,,,0.000,clean,2fd7f606ae45,1
3248,titthial,titθial,𐌕𐌉𐌕𐌈𐌉𐌀𐌋,titθial,in-this-niche-of-tufa-stone,,,1.000,clean,35956c3dd03b,1
3250,ththpipisla,θθpipisla,𐌈𐌈𐌐𐌉𐌐𐌉𐌔𐌋𐌀,θθpipisla,,,,1.000,clean,6c3792c5a6dc,1
3284,avil,avil,𐌀𐌅𐌉𐌋,avil,for-years,,,1.000,clean,04b7a59b094b,4
3293,natia v(e)l(us),natia v(e)l(us),𐌍𐌀𐌕𐌉𐌀 𐌅(𐌄)𐌋(𐌖𐌔),natia,,,,0.500,clean,958b5e893e7c,1
3302,lth,lθ,𐌋𐌈,lθ,mr-larth,,,1.000,clean,0caa38a81b78,3
15654,chelivaitina,χelivaitina,𐌙𐌄𐌋𐌉𐌅𐌀𐌉𐌕𐌉𐌍𐌀,χelivaitina,,,,1.000,clean,106089461096,1
15655,vv,vv,𐌅𐌅,vv,my-horse-erikian,,,1.000,clean,fc47d240fe0c,1
15659,entetais,entetais,𐌄𐌍𐌕𐌄𐌕𐌀𐌉𐌔,entetais,mrs-lausimotherisyour-grand,,,1.000,clean,24732c40a85d,1
15660,laturusitianinzatanin,laturusitianinzatanin,𐌋𐌀𐌕𐌖𐌓𐌖𐌔𐌉𐌕𐌉𐌀𐌍𐌉𐌍𐌆𐌀𐌕𐌀𐌍𐌉𐌍,laturusitianinzatanin,,,,1.000,clean,a159799679be,1
15671,upi,upi,𐌖𐌐𐌉,upi,give,,,1.000,clean,cd37d2c8b3ee,2
15672,ke,ke,𐌊𐌄,ke,,,,1.000,clean,8e5202705183,1
15710,abiana,abiana,𐌀𐌁𐌉𐌀𐌍𐌀,abiana,,,,1.000,clean,1f6ababa102b,1
15726,avlenumnasturke,avlenumnasturke,𐌀𐌅𐌋𐌄𐌍𐌖𐌌𐌍𐌀𐌔𐌕𐌖𐌓𐌊𐌄,avlenumnasturke,,,,1.000,clean,cad3b8efd5f0,1
15762,mizuthiniai,mizuθiniai,𐌌𐌉𐌆𐌖𐌈𐌉𐌍𐌉𐌀𐌉,mizuθiniai,the-scribemr-cae,,,1.000,clean,044b3d698a49,1
15771,vithi------,viθi------,𐌅𐌉𐌈𐌉------,,,,,0.000,clean,2b24a22db774,1
15778,------zath------,------zaθ------,------𐌆𐌀𐌈------,,,,,0.000,clean,70e3f7e449e8,1
15925,--astlac----,--astlac----,--𐌀𐌔𐌕𐌋𐌀𐌂----,,,,,0.000,clean,de731efacedc,1
15931,th--------------tetinpi,θ--------------tetinpi,𐌈--------------𐌕𐌄𐌕𐌉𐌍𐌐𐌉,,,,,0.000,clean,e179cbc153b8,1
3303,setures,setures,𐌔𐌄𐌕𐌖𐌓𐌄𐌔,setures,mr-setures,,,1.000,clean,8a253523eb80,1
3304,vethsara,veθsara,𐌅𐌄𐌈𐌔𐌀𐌓𐌀,veθsara,mr-achnie,,,1.000,clean,f10f73bcda26,1
3305,arsuthin,arsuθin,𐌀𐌓𐌔𐌖𐌈𐌉𐌍,arsuθin,,,,1.000,clean,48e4e2c2024e,1
3321,p(uplies) r(amthas) (cltcu),p(uplies) r(amθas) (cltcu),𐌐(𐌖𐌐𐌋𐌉𐌄𐌔) 𐌓(𐌀𐌌𐌈𐌀𐌔) (𐌂𐌋𐌕𐌂𐌖),,mr-pupliesmr-ramthas,,,0.000,clean,50eceea03a0c,1
3347,satvrnin(a),satvrnin(a),𐌔𐌀𐌕𐌅𐌓𐌍𐌉𐌍(𐌀),,,,,0.000,clean,276c3c01265c,1
3359,larthiia(s) vipi(e)s,larθiia(s) vipi(e)s,𐌋𐌀𐌓𐌈𐌉𐌉𐌀(𐌔) 𐌅𐌉𐌐𐌉(𐌄)𐌔,,,,,0.000,clean,562ed1bdc4cc,1
3367,pacsinial,pacsinial,𐌐𐌀𐌂𐌔𐌉𐌍𐌉𐌀𐌋,pacsinial,mrs-larthimr-vuisiasmr-petrunies-sonswife,,,1.000,clean,131a693c7969,1
15813,silnanz,silnanz,𐌔𐌉𐌋𐌍𐌀𐌍𐌆,silnanz,,,,1.000,clean,b56a6e19a0e1,1
15814,mipethns,mipeθns,𐌌𐌉𐌐𐌄𐌈𐌍𐌔,mipeθns,mr-vucinasgave,,,1.000,clean,73affbbcbc88,1
15831,mielufae,mielufae,𐌌𐌉𐌄𐌋𐌖𐌚𐌀𐌄,mielufae,themagicianorpheus,,,1.000,clean,e78dbcb22817,1
15836,plunties,plunties,𐌐𐌋𐌖𐌍𐌕𐌉𐌄𐌔,plunties,,,,1.000,clean,a094aa53e1fa,1
15847,----rthcutussethres,----rθcutusseθres,----𐌓𐌈𐌂𐌖𐌕𐌖𐌔𐌔𐌄𐌈𐌓𐌄𐌔,,,,,0.000,clean,87541cfecafa,1
15870,riea,riea,𐌓𐌉𐌄𐌀,riea,,,,1.000,clean,aa5ff9bcdc9f,1
15872,velmi,velmi,𐌅𐌄𐌋𐌌𐌉,velmi,for-mr-poplios,,,1.000,clean,bc833db3c148,1
15891,---------------vc--------------------------------------,---------------vc--------------------------------------,---------------𐌅𐌂--------------------------------------,,as-censorial-officerat-tarquinia---------------------------,,,0.000,clean,522a45442726,1
15893,--------e----------------------ndvmqv------------------,--------e----------------------ndvmqv------------------,--------𐌄----------------------𐌍𐌃𐌅𐌌𐌒𐌅------------------,,,,,0.000,clean,5537b05edcf4,1
15894,------------------------------------priscv--------------,------------------------------------priscv--------------,------------------------------------𐌐𐌓𐌉𐌔𐌂𐌅--------------,,------to-mr-marcustarquitiusmr-marcusssonof-thestellatinustribepriscus,,,0.000,clean,ee753bceb9bd,1
15897,tluschvalmarvethulfaliath,tlusχvalmarveθulfaliaθ,𐌕𐌋𐌖𐌔𐌙𐌅𐌀𐌋𐌌𐌀𐌓𐌅𐌄𐌈𐌖𐌋𐌚𐌀𐌋𐌉𐌀𐌈,tlusχvalmarveθulfaliaθ,mrs-kanutismr-arecenas,,,1.000,clean,53520cf6f60d,1
15913,arnurnlzla,arnurnlzla,𐌀𐌓𐌍𐌖𐌓𐌍𐌋𐌆𐌋𐌀,arnurnlzla,mr-arnthurnumr-larths,,,1.000,clean,01273ad61b92,1
3373,thania caesinia,θania caesinia,𐌈𐌀𐌍𐌉𐌀 𐌂𐌀𐌄𐌔𐌉𐌍𐌉𐌀,θania caesinia,,,,1.000,clean,f20a49bca244,1
12418,vr,vr,𐌅𐌓,vr,,,,1.000,clean,6a16485f31a6,1
3375,volvmn(i)i l(ibertvs),volvmn(i)i l(ibertvs),𐌅𐌏𐌋𐌅𐌌𐌍(𐌉)𐌉 𐌋(𐌉𐌁𐌄𐌓𐌕𐌅𐌔),,,,,0.000,clean,8d4f57ae162f,1
3393,achuni(al),aχuni(al),𐌀𐌙𐌖𐌍𐌉(𐌀𐌋),,,,,0.000,clean,5a800f16f49c,1
3399,perprathe(s),perpraθe(s),𐌐𐌄𐌓𐌐𐌓𐌀𐌈𐌄(𐌔),,,,,0.000,clean,78ea27b3a352,1
3400,atnei(al) perpran(as),atnei(al) perpran(as),𐌀𐌕𐌍𐌄𐌉(𐌀𐌋) 𐌐𐌄𐌓𐌐𐌓𐌀𐌍(𐌀𐌔),,,,,0.000,clean,1a3ddec60da8,1
3403,zulus(a),zulus(a),𐌆𐌖𐌋𐌖𐌔(𐌀),,,,,0.000,clean,6c3c306d6b32,1
3406,cistnavi(al),cistnavi(al),𐌂𐌉𐌔𐌕𐌍𐌀𐌅𐌉(𐌀𐌋),,,,,0.000,clean,d2d413b01a8e,1
15966,pusu,pusu,𐌐𐌖𐌔𐌖,pusu,,,,1.000,clean,d4822ddc3221,1
15971,patislani,patislani,𐌐𐌀𐌕𐌉𐌔𐌋𐌀𐌍𐌉,patislani,,,,1.000,clean,f608efecd8a9,1
15976,ramtha,ramθa,𐌓𐌀𐌌𐌈𐌀,ramθa,,,,1.000,clean,bb65dc8de509,7
16039,artnas,artnas,𐌀𐌓𐌕𐌍𐌀𐌔,artnas,,,,1.000,clean,b3f44427ab41,1
16058,pumpui,pumpui,𐌐𐌖𐌌𐌐𐌖𐌉,pumpui,mrspumpui,,,1.000,clean,fdfbc4357df2,1
16072,itatinaia--,itatinaia--,𐌉𐌕𐌀𐌕𐌉𐌍𐌀𐌉𐌀--,,,,,0.000,clean,80c5718e4a1d,1
16096,----vs,----vs,----𐌅𐌔,,,,,0.000,clean,f130559f0e7f,2
16105,thu,θu,𐌈𐌖,θu,,,,1.000,clean,6c8847e04d7e,2
16108,vestar--------,vestar--------,𐌅𐌄𐌔𐌕𐌀𐌓--------,,,,,0.000,clean,a786cc72f2ad,1
16114,larz,larz,𐌋𐌀𐌓𐌆,larz,,,,1.000,clean,b43f6e83313e,1
16115,naiie,naiie,𐌍𐌀𐌉𐌉𐌄,naiie,,,,1.000,clean,1b8d7a2a1f08,1
16117,esle,esle,𐌄𐌔𐌋𐌄,esle,,,,1.000,clean,01c00c751466,2
16118,cevi,cevi,𐌂𐌄𐌅𐌉,cevi,,,,1.000,clean,fb817d56635c,1
16137,nisauchulin------,nisauχulin------,𐌍𐌉𐌔𐌀𐌖𐌙𐌖𐌋𐌉𐌍------,,ims-aranthis,,,0.000,clean,fa44ba96ba04,1
16140,mi------------thece,mi------------θece,𐌌𐌉------------𐌈𐌄𐌂𐌄,,imr-arnth,,,0.000,clean,5bd08ffee545,1
16142,miven,miven,𐌌𐌉𐌅𐌄𐌍,miven,,,,1.000,clean,a330ef5e6631,1
3411,titui(e)s puia(l),titui(e)s puia(l),𐌕𐌉𐌕𐌖𐌉(𐌄)𐌔 𐌐𐌖𐌉𐌀(𐌋),,,,,0.000,clean,c307b72c231b,1
3442,sefl(arisu)s,sefl(arisu)s,𐌔𐌄𐌚𐌋(𐌀𐌓𐌉𐌔𐌖)𐌔,,mr-aulemrs-acrismrcaies,,,0.000,clean,0877da54a50d,1
3445,patnei(al),patnei(al),𐌐𐌀𐌕𐌍𐌄𐌉(𐌀𐌋),,ms-fastimrs-patneis,,,0.000,clean,f68c4cea9196,1
3446,patnei(al) <v>estrcnas,patnei(al) <v>estrcnas,𐌐𐌀𐌕𐌍𐌄𐌉(𐌀𐌋) <𐌅>𐌄𐌔𐌕𐌓𐌂𐌍𐌀𐌔,,ms-fastimrs-patneis,,,0.000,clean,85cceee884da,1
3450,petruni(al),petruni(al),𐌐𐌄𐌕𐌓𐌖𐌍𐌉(𐌀𐌋),,mr-aulemrs-petrunismr-lariss,,,0.000,clean,8f9fb0fd6f3f,3
3468,v(e)l(ia) famfna,v(e)l(ia) famfna,𐌅(𐌄)𐌋(𐌉𐌀) 𐌚𐌀𐌌𐌚𐌍𐌀,famfna,,,,0.500,clean,208ef569207e,1
7116,pe(tnei),pe(tnei),𐌐𐌄(𐌕𐌍𐌄𐌉),,,,,0.000,clean,279fc25217c2,3
3471,arnzi(alisa),arnzi(alisa),𐌀𐌓𐌍𐌆𐌉(𐌀𐌋𐌉𐌔𐌀),,mr-aulemrs-rufismrslittle-arnthis-daughtershusband,,,0.000,clean,060ea95e4212,1
16158,versipinaia,versipinaia,𐌅𐌄𐌓𐌔𐌉𐌐𐌉𐌍𐌀𐌉𐌀,versipinaia,,,,1.000,clean,5defcd91d180,1
16243,sipinaial,sipinaial,𐌔𐌉𐌐𐌉𐌍𐌀𐌉𐌀𐌋,sipinaial,,,,1.000,clean,3454da3a5de9,1
16249,aa,aa,𐌀𐌀,aa,mr-aulesthe-fathers-of-the-,,,1.000,clean,961b6dd3ede3,3
16262,xi,xi,𐌗𐌉,xi,,,,1.000,clean,170570136520,1
16296,mimanilesthavfanaeiminipica----,mimanilesθavfanaeiminipica----,𐌌𐌉𐌌𐌀𐌍𐌉𐌋𐌄𐌔𐌈𐌀𐌅𐌚𐌀𐌍𐌀𐌄𐌉𐌌𐌉𐌍𐌉𐌐𐌉𐌂𐌀----,,,,,0.000,clean,ee2068ac14b4,1
16303,alnei,alnei,𐌀𐌋𐌍𐌄𐌉,alnei,,,,1.000,clean,987342b607e1,1
16305,seimes,seimes,𐌔𐌄𐌉𐌌𐌄𐌔,seimes,,,,1.000,clean,3e53c159e1fc,1
16306,rpethna--,rpeθna--,𐌓𐌐𐌄𐌈𐌍𐌀--,,mr-ramthamr-pethnas,,,0.000,clean,b58b618e8eb1,1
16310,sethanal,seθanal,𐌔𐌄𐌈𐌀𐌍𐌀𐌋,seθanal,mr-sethanas,,,1.000,clean,45faead4da86,1
16325,li,li,𐌋𐌉,li,,,,1.000,clean,00a9e4255a5b,3
16326,lartcani,lartcani,𐌋𐌀𐌓𐌕𐌂𐌀𐌍𐌉,lartcani,,,,1.000,clean,8f4484fec2e8,1
16370,ramta,ramta,𐌓𐌀𐌌𐌕𐌀,ramta,,,,1.000,clean,ecb5ec9cb045,2
16374,--etu,--etu,--𐌄𐌕𐌖,,,,,0.000,clean,ca3bbd5c1fe0,1
16375,zipie,zipie,𐌆𐌉𐌐𐌉𐌄,zipie,,,,1.000,clean,d8ef27aa1676,1
16396,n--n,n--n,𐌍--𐌍,,mr-nun,,,0.000,clean,fab66aa01347,1
3472,rafi(al),rafi(al),𐌓𐌀𐌚𐌉(𐌀𐌋),,,,,0.000,clean,c75552f59ba4,3
3474,v(e)l(ia) rafi(al),v(e)l(ia) rafi(al),𐌅(𐌄)𐌋(𐌉𐌀) 𐌓𐌀𐌚𐌉(𐌀𐌋),,mr-veliamrs-rafismrarnthsmrs-caisdaughters-husband,,,0.000,clean,1dfc2c65fd3e,1
3485,iixxx,iixxx,𐌉𐌉𐌗𐌗𐌗,iixxx,mr-larismrs-rafismrsuthrinas,,,1.000,clean,02523feb9039,1
3518,surna ferinial,surna ferinial,𐌔𐌖𐌓𐌍𐌀 𐌚𐌄𐌓𐌉𐌍𐌉𐌀𐌋,surna ferinial,,,,1.000,clean,340a4e0565be,1
3520,surna pacsnial,surna pacsnial,𐌔𐌖𐌓𐌍𐌀 𐌐𐌀𐌂𐌔𐌍𐌉𐌀𐌋,surna pacsnial,,,,1.000,clean,d1241bcea9e6,1
3534,ar(nthus) salvial,ar(nθus) salvial,𐌀𐌓(𐌍𐌈𐌖𐌔) 𐌔𐌀𐌋𐌅𐌉𐌀𐌋,salvial,,,,0.500,clean,227e717e6c23,1
3557,l(ar)th rafe ar(nthus),l(ar)θ rafe ar(nθus),𐌋(𐌀𐌓)𐌈 𐌓𐌀𐌚𐌄 𐌀𐌓(𐌍𐌈𐌖𐌔),rafe,,,,0.333,clean,7bf64e602613,1
16439,nisiav,nisiav,𐌍𐌉𐌔𐌉𐌀𐌅,nisiav,dionisiashe-lived,,,1.000,clean,afb7e67eda90,1
16466,athens,aθens,𐌀𐌈𐌄𐌍𐌔,aθens,,,,1.000,clean,4f467b702189,1
16477,lcais,lcais,𐌋𐌂𐌀𐌉𐌔,lcais,mr-luciuscaisennius,,,1.000,clean,e5adb10d0f44,1
16493,aninas,aninas,𐌀𐌍𐌉𐌍𐌀𐌔,aninas,of-mr-anina--,,,1.000,clean,f9cf76897442,2
16500,ravnthus,ravnθus,𐌓𐌀𐌅𐌍𐌈𐌖𐌔,ravnθus,,,,1.000,clean,d960bb1930d8,3
16525,------ia,------ia,------𐌉𐌀,,thegodjupiter,,,0.000,clean,26138d8a757d,3
16540,ikuvini,ikuvini,𐌉𐌊𐌖𐌅𐌉𐌍𐌉,ikuvini,of-the-town-of-gubbio,,,1.000,clean,139a9e309d01,1
2741,l(iberto),l(iberto),𐌋(𐌉𐌁𐌄𐌓𐌕𐌏),,mr-caiussfreedman,,,0.000,clean,7b27da02eff6,1
16553,ik,ik,𐌉𐌊,ik,of-the-town-of-gubbio,,,1.000,clean,72a7ab318788,1
16597,um,um,𐌖𐌌,um,mr-afalathe-divinating-man-ofthunderbolts,,,1.000,clean,289c90decf40,1
16598,utiknos,utiknos,𐌖𐌕𐌉𐌊𐌍𐌏𐌔,utiknos,arrange-didset-up-didtoo,,,1.000,clean,028457fffae7,1
16607,al,al,𐌀𐌋,al,mrs-erucis,,,1.000,clean,635182503015,5
16641,anchas,anχas,𐌀𐌍𐌙𐌀𐌔,anχas,anchises,,,1.000,clean,457a95374478,1
16643,velparun,velparun,𐌅𐌄𐌋𐌐𐌀𐌓𐌖𐌍,velparun,elpenor,,,1.000,clean,e6d3fee442bd,2
16644,uthste,uθste,𐌖𐌈𐌔𐌕𐌄,uθste,thewitchcirce,,,1.000,clean,d8e5c7b791be,1
3560,peiriachnaz,peiriaχnaz,𐌐𐌄𐌉𐌓𐌉𐌀𐌙𐌍𐌀𐌆,peiriaχnaz,,,,1.000,clean,af6cd81792b6,1
3566,sauturini chvestnas,sauturini χvestnas,𐌔𐌀𐌖𐌕𐌖𐌓𐌉𐌍𐌉 𐌙𐌅𐌄𐌔𐌕𐌍𐌀𐌔,sauturini χvestnas,,,,1.000,clean,969551aedfbf,1
3569,etanei(al),etanei(al),𐌄𐌕𐌀𐌍𐌄𐌉(𐌀𐌋),,mr-larismrs-etaneissonmrlariscusnas,,,0.000,clean,1e13db773f3d,1
3573,larthi sauturini nufrz(e)n(as),larθi sauturini nufrz(e)n(as),𐌋𐌀𐌓𐌈𐌉 𐌔𐌀𐌖𐌕𐌖𐌓𐌉𐌍𐌉 𐌍𐌖𐌚𐌓𐌆(𐌄)𐌍(𐌀𐌔),larθi sauturini,,,,0.667,clean,970693d4acdb,1
3574,veti(al),veti(al),𐌅𐌄𐌕𐌉(𐌀𐌋),,mr-larismrs-vetismraflesmr-larissdaughters-husband,,,0.000,clean,0327d22a8186,2
3575,thania veti(al),θania veti(al),𐌈𐌀𐌍𐌉𐌀 𐌅𐌄𐌕𐌉(𐌀𐌋),θania,,,,0.500,clean,45d5ddbba07b,1
16681,----uche,----uχe,----𐌖𐌙𐌄,,,,,0.000,clean,255e90d55482,1
16682,urusthe,urusθe,𐌖𐌓𐌖𐌔𐌈𐌄,urusθe,,,,1.000,clean,20269246fd4e,1
16683,urfea,urfea,𐌖𐌓𐌚𐌄𐌀,urfea,,,,1.000,clean,f11d8f793c32,1
16689,la----tnisa,la----tnisa,𐌋𐌀----𐌕𐌍𐌉𐌔𐌀,,,,,0.000,clean,4a1bc76bad45,1
16691,vatl,vatl,𐌅𐌀𐌕𐌋,vatl,the-town-of-vetuglia,,,1.000,clean,8c2ba123157c,2
16692,vetl,vetl,𐌅𐌄𐌕𐌋,vetl,the-town-of-vetuglia,,,1.000,clean,48b576b53eed,2
16725,tla,tla,𐌕𐌋𐌀,tla,thetownoftelamone,,,1.000,clean,59e5ad2a03d2,1
16730,tlasuna,tlasuna,𐌕𐌋𐌀𐌔𐌖𐌍𐌀,tlasuna,,,,1.000,clean,a766aa7d9f55,2
16754,afnas,afnas,𐌀𐌚𐌍𐌀𐌔,afnas,,,,1.000,clean,2470149e5840,1
16761,etvpaznra,etvpaznra,𐌄𐌕𐌅𐌐𐌀𐌆𐌍𐌓𐌀,etvpaznra,,,,1.000,clean,0970ece187e5,1
16767,aplu,aplu,𐌀𐌐𐌋𐌖,aplu,thegodfathersaturn,,,1.000,clean,012007c76866,4
16771,utuze,utuze,𐌖𐌕𐌖𐌆𐌄,utuze,,,,1.000,clean,bc729866dcc5,1
16774,fela,fela,𐌚𐌄𐌋𐌀,fela,,,,1.000,clean,87baaffef8a8,1
16792,akrathe,akraθe,𐌀𐌊𐌓𐌀𐌈𐌄,akraθe,,,,1.000,clean,121790eeb6bd,1
16794,leinth,leinθ,𐌋𐌄𐌉𐌍𐌈,leinθ,theanonymousasexualdivinitydenizenleinth,,,1.000,clean,1ad47239d115,1
3576,l(ar)th utavi(al) veti(alisa),l(ar)θ utavi(al) veti(alisa),𐌋(𐌀𐌓)𐌈 𐌖𐌕𐌀𐌅𐌉(𐌀𐌋) 𐌅𐌄𐌕𐌉(𐌀𐌋𐌉𐌔𐌀),,,,,0.000,clean,5b7da1e6edd0,1
3580,vipi(al),vipi(al),𐌅𐌉𐌐𐌉(𐌀𐌋),,,,,0.000,clean,281b4fd33735,2
3592,au(lialisa),au(lialisa),𐌀𐌖(𐌋𐌉𐌀𐌋𐌉𐌔𐌀),,,,,0.000,clean,914e09060d74,1
3594,larci(al) tusnu(s),larci(al) tusnu(s),𐌋𐌀𐌓𐌂𐌉(𐌀𐌋) 𐌕𐌖𐌔𐌍𐌖(𐌔),,,,,0.000,clean,bb4e20048e04,1
3595,larce larci(al),larce larci(al),𐌋𐌀𐌓𐌂𐌄 𐌋𐌀𐌓𐌂𐌉(𐌀𐌋),larce,,,,0.500,clean,266ce7a12169,1
3601,papni(al),papni(al),𐌐𐌀𐌐𐌍𐌉(𐌀𐌋),,,,,0.000,clean,b9d1fcb99b83,1
3602,mutei(al),mutei(al),𐌌𐌖𐌕𐌄𐌉(𐌀𐌋),,,,,0.000,clean,efc7beea332e,1
16869,ateuze,ateuze,𐌀𐌕𐌄𐌖𐌆𐌄,ateuze,,,,1.000,clean,81bf0c7cb2d9,1
16871,u-l,u-l,𐌖-𐌋,,,,,0.000,clean,51db25342581,1
16879,arusanial,arusanial,𐌀𐌓𐌖𐌔𐌀𐌍𐌉𐌀𐌋,arusanial,,,,1.000,clean,41f18e74c531,1
16887,wspe,vspe,𐌅𐌔𐌐𐌄,vspe,,,,1.000,clean,79f7fec10e8f,1
16888,epias,epias,𐌄𐌐𐌉𐌀𐌔,epias,,,,1.000,clean,a89f5de5ba10,1
16935,talmithe,talmiθe,𐌕𐌀𐌋𐌌𐌉𐌈𐌄,talmiθe,theheroulysses,,,1.000,clean,b6dc33a6018a,2
16936,evrfia,evrfia,𐌄𐌅𐌓𐌚𐌉𐌀,evrfia,,,,1.000,clean,91b6fc6bbf70,1
16940,cusiach,cusiaχ,𐌂𐌖𐌔𐌉𐌀𐌙,cusiaχ,,,,1.000,clean,cb881aaee671,1
16950,sirtir,sirtir,𐌔𐌉𐌓𐌕𐌉𐌓,sirtir,,,,1.000,clean,a9bb260cca68,1
16953,peitesa,peitesa,𐌐𐌄𐌉𐌕𐌄𐌔𐌀,peitesa,,,,1.000,clean,f8df2921327d,1
17000,lala,lala,𐌋𐌀𐌋𐌀,lala,mr-la-laris,,,1.000,clean,494414ded24d,1
17002,zipz,zipz,𐌆𐌉𐌐𐌆,zipz,themaenadattractiveness,,,1.000,clean,2927e9449a2d,1
17003,avun,avun,𐌀𐌅𐌖𐌍,avun,,,,1.000,clean,597c63125479,1
3607,fethi,feθi,𐌚𐌄𐌈𐌉,feθi,,,,1.000,clean,05927594018a,1
3608,iartinia,iartinia,𐌉𐌀𐌓𐌕𐌉𐌍𐌉𐌀,iartinia,ms-primaartinia,,,1.000,clean,66f864468849,1
3650,precu vitial,precu vitial,𐌐𐌓𐌄𐌂𐌖 𐌅𐌉𐌕𐌉𐌀𐌋,precu vitial,,,,1.000,clean,e7a9451d294e,1
3653,ceititespl,ceititespl,𐌂𐌄𐌉𐌕𐌉𐌕𐌄𐌔𐌐𐌋,ceititespl,mrs-ceimr-tites,,,1.000,clean,78520b53341a,1
3656,salvisprechu,salvispreχu,𐌔𐌀𐌋𐌅𐌉𐌔𐌐𐌓𐌄𐌙𐌖,salvispreχu,,,,1.000,clean,07f2c1dedfdf,1
3658,fermi cacei(e)s acsial,fermi cacei(e)s acsial,𐌚𐌄𐌓𐌌𐌉 𐌂𐌀𐌂𐌄𐌉(𐌄)𐌔 𐌀𐌂𐌔𐌉𐌀𐌋,fermi acsial,,,,0.667,clean,90a11b212947,1
3663,----ctarnitha,----ctarniθa,----𐌂𐌕𐌀𐌓𐌍𐌉𐌈𐌀,,,,,0.000,clean,31083e7f2787,1
17018,latva,latva,𐌋𐌀𐌕𐌅𐌀,latva,tyndarus,,,1.000,clean,ca538a5c78b1,1
17027,evas,evas,𐌄𐌅𐌀𐌔,evas,thegoddessdawns,,,1.000,clean,ef3e6e7dd233,4
17056,epn,epn,𐌄𐌐𐌍,epn,,,,1.000,clean,36f710737c7d,1
17063,stenule,stenule,𐌔𐌕𐌄𐌍𐌖𐌋𐌄,stenule,,,,1.000,clean,f00cdf20df76,1
17079,nvneril,nvneril,𐌍𐌅𐌍𐌄𐌓𐌉𐌋,nvneril,mr-numeriusnerilius,,,1.000,clean,5c1f0663c86c,1
17083,tru,tru,𐌕𐌓𐌖,tru,,,,1.000,clean,e2de3f751ecb,1
17084,mifurtinas,mifurtinas,𐌌𐌉𐌚𐌖𐌓𐌕𐌉𐌍𐌀𐌔,mifurtinas,,,,1.000,clean,5ad6772f6724,1
17097,nilai,nilai,𐌍𐌉𐌋𐌀𐌉,nilai,,,,1.000,clean,b783851878c5,1
17137,caispaizvariens,caispaizvariens,𐌂𐌀𐌉𐌔𐌐𐌀𐌉𐌆𐌅𐌀𐌓𐌉𐌄𐌍𐌔,caispaizvariens,mr-caisvariensmr-paizvariens,,,1.000,clean,52ea30932df8,1
17156,hiaco,hiaco,𐌇𐌉𐌀𐌂𐌏,hiaco,,,,1.000,clean,3e9e9922f7c0,1
17161,kvri,kvri,𐌊𐌅𐌓𐌉,kvri,tothe-goddess-ceres,,,1.000,clean,5ad29db41c3a,1
17180,romanom,romanom,𐌓𐌏𐌌𐌀𐌍𐌏𐌌,romanom,,,,1.000,clean,fed304d6ddd9,1
3664,lathianeinia,laθianeinia,𐌋𐌀𐌈𐌉𐌀𐌍𐌄𐌉𐌍𐌉𐌀,laθianeinia,,,,1.000,clean,2b8956d7c361,1
3665,starnithi,starniθi,𐌔𐌕𐌀𐌓𐌍𐌉𐌈𐌉,starniθi,ms-starnithi,,,1.000,clean,14de6f4f03ef,1
3668,caia umpres,caia umpres,𐌂𐌀𐌉𐌀 𐌖𐌌𐌐𐌓𐌄𐌔,caia umpres,mr-thanacaiamr-umpresmr-petvies,,,1.000,clean,9dad7466da77,1
3669,apunial,apunial,𐌀𐌐𐌖𐌍𐌉𐌀𐌋,apunial,,,,1.000,clean,1220eceff21a,2
3676,puia,puia,𐌐𐌖𐌉𐌀,puia,,,,1.000,clean,64f8f048df93,5
3677,masui(al),masui(al),𐌌𐌀𐌔𐌖𐌉(𐌀𐌋),,,,,0.000,clean,9292adcb8cb5,1
17273,ulugerna,ulugerna,,ulugerna,,,,1.000,clean,1e65557fd263,1
17278,licnia,licnia,𐌋𐌉𐌂𐌍𐌉𐌀,licnia,ms-licnia,,,1.000,clean,f42c2e39cc9c,1
17297,riuties,riuties,𐌓𐌉𐌖𐌕𐌉𐌄𐌔,riuties,,,,1.000,clean,4a970a7cf0a2,1
17309,aricin,aricin,𐌀𐌓𐌉𐌂𐌉𐌍,aricin,,,,1.000,clean,745888e0dd0d,1
17318,acvino,acvino,𐌀𐌂𐌅𐌉𐌍𐌏,acvino,of-the-people-of-,,,1.000,clean,7337a883ac1a,1
17329,avnom,avnom,𐌀𐌅𐌍𐌏𐌌,avnom,the-god-pomonuss,,,1.000,clean,6c3eb06132ab,1
17330,--irtuna,--irtuna,--𐌉𐌓𐌕𐌖𐌍𐌀,,the-town-of-minturno,,,0.000,clean,aea56e83d495,1
17336,cdimi,cdimi,𐌂𐌃𐌉𐌌𐌉,cdimi,ms-cidimi,,,1.000,clean,9f05779c23e4,1
17337,kampano,kampano,𐌊𐌀𐌌𐌐𐌀𐌍𐌏,kampano,campanian,,,1.000,clean,08d15f8390ba,1
17369,maakriis,maakriis,𐌌𐌀𐌀𐌊𐌓𐌉𐌉𐌔,maakriis,of-the-people-ofavrvnca,,,1.000,clean,2fd89f0d345b,1
17370,makriis,makriis,𐌌𐌀𐌊𐌓𐌉𐌉𐌔,makriis,the-senate-of-avrvnca,,,1.000,clean,e8458950cd2f,1
20028,sesiu,sesiu,𐌔𐌄𐌔𐌉𐌖,sesiu,,,,1.000,clean,0a17ae9b0e9b,1
20030,ankakrapnal,ankakrapnal,𐌀𐌍𐌊𐌀𐌊𐌓𐌀𐌐𐌍𐌀𐌋,ankakrapnal,the-bossed-sacrificial-bowlof-,,,1.000,clean,036e254c572f,1
20032,ka,ka,𐌊𐌀,ka,,,,1.000,clean,3ebb1c99b12b,3
20037,kutvalus,kutvalus,𐌊𐌖𐌕𐌅𐌀𐌋𐌖𐌔,kutvalus,,,,1.000,clean,f77d3c47a4c4,1
20051,titalu,titalu,𐌕𐌉𐌕𐌀𐌋𐌖,titalu,,,,1.000,clean,6ef41036e8c1,1
20121,ka,ka,𐌊𐌀,ka,mr-ka,,,1.000,clean,3ebb1c99b12b,3
20664,mama,mama,𐌌𐌀𐌌𐌀,mama,,,,1.000,clean,ccb711f092ac,1
20677,ankariu,ankariu,𐌀𐌍𐌊𐌀𐌓𐌉𐌖,ankariu,,,,1.000,clean,29ac7a6ea8ea,1
3690,carcus(a),carcus(a),𐌂𐌀𐌓𐌂𐌖𐌔(𐌀),,,,,0.000,clean,3531e8039c66,1
370,avlekavinisech,avlekaviniseχ,𐌀𐌅𐌋𐌄𐌊𐌀𐌅𐌉𐌍𐌉𐌔𐌄𐌙,avlekaviniseχ,,,,1.000,clean,560ec5f5ed07,1
3701,menzn(i)al,menzn(i)al,𐌌𐌄𐌍𐌆𐌍(𐌉)𐌀𐌋,,,,,0.000,clean,f6cc86f0f595,1
3702,se(th) tarchi(al),se(θ) tarχi(al),𐌔𐌄(𐌈) 𐌕𐌀𐌓𐌙𐌉(𐌀𐌋),,,,,0.000,clean,6779e42d9c62,1
3712,larthi cacei(e)s,larθi cacei(e)s,𐌋𐌀𐌓𐌈𐌉 𐌂𐌀𐌂𐌄𐌉(𐌄)𐌔,larθi,,,,0.500,clean,6b4ecf2090a2,1
6745,milarthuiaamunaia,milarθuiaamunaia,𐌌𐌉𐌋𐌀𐌓𐌈𐌖𐌉𐌀𐌀𐌌𐌖𐌍𐌀𐌉𐌀,milarθuiaamunaia,,,,1.000,clean,b21ec61f09ce,1
9678,l{--------}(ar)ch(us),l{--------}(ar)χ(us),𐌋{--------}(𐌀𐌓)𐌙(𐌖𐌔),,,,,0.000,clean,6c8f5f943318,2
20320,zuchu,zuχu,𐌆𐌖𐌙𐌖,zuχu,,,,1.000,clean,d44ac47530b8,1
20321,ct,ct,𐌂𐌕,ct,,,,1.000,clean,f8dcb34308e5,1
20330,kraiu,kraiu,𐌊𐌓𐌀𐌉𐌖,kraiu,,,,1.000,clean,5cadfa6c209a,1
20371,kae,kae,𐌊𐌀𐌄,kae,,,,1.000,clean,a6a09a883fd3,4
20375,anku,anku,𐌀𐌍𐌊𐌖,anku,,,,1.000,clean,21a39233319d,1
20491,lt,lt,𐌋𐌕,lt,,,,1.000,clean,67d4143062b5,1
20494,chae,χae,𐌙𐌀𐌄,χae,,,,1.000,clean,a2583e9e5004,4
20500,unithiu,uniθiu,𐌖𐌍𐌉𐌈𐌉𐌖,uniθiu,in-the-sanctuary-ofthe-goddess-junoof-mruchu,,,1.000,clean,90001cfa6df1,3
20509,utulu,utulu,𐌖𐌕𐌖𐌋𐌖,utulu,,,,1.000,clean,bf89a0e88ac7,1
20547,iple,iple,𐌉𐌐𐌋𐌄,iple,,,,1.000,clean,8a5579a1c5e1,1
20559,siliu,siliu,𐌔𐌉𐌋𐌉𐌖,siliu,mr-siliu,,,1.000,clean,316fc1d1bbf9,1
20590,ch,χ,𐌙,χ,mr-chelus,,,1.000,clean,ebf8943951c7,4
20591,churui,χurui,𐌙𐌖𐌓𐌖𐌉,χurui,,,,1.000,clean,88875ccb57a6,1
20594,fapile,fapile,𐌚𐌀𐌐𐌉𐌋𐌄,fapile,mr-fapile,,,1.000,clean,288938cbd34a,1
9711,larthi sasnati(alisa),larθi sasnati(alisa),𐌋𐌀𐌓𐌈𐌉 𐌔𐌀𐌔𐌍𐌀𐌕𐌉(𐌀𐌋𐌉𐌔𐌀),larθi,,,,0.500,clean,7a6529dd44e1,1
9714,milamila,milamila,𐌌𐌉𐌋𐌀𐌌𐌉𐌋𐌀,milamila,,,,1.000,clean,bae235689718,1
9715,lsil,lsil,𐌋𐌔𐌉𐌋,lsil,,,,1.000,clean,08a6ec9811b1,1
9717,viatorsi,viatorsi,𐌅𐌉𐌀𐌕𐌏𐌓𐌔𐌉,viatorsi,,,,1.000,clean,a9bccfe77bf6,1
9722,a------r--------larnthial------am--,a------r--------larnθial------am--,𐌀------𐌓--------𐌋𐌀𐌓𐌍𐌈𐌉𐌀𐌋------𐌀𐌌--,,,,,0.000,clean,b07a2017b0db,1
9724,thstth------,θstθ------,𐌈𐌔𐌕𐌈------,,mr-larispumpumr-nutes,,,0.000,clean,709343d1047c,1
9726,pufufl--,pufufl--,𐌐𐌖𐌚𐌖𐌚𐌋--,,mr-arnth,,,0.000,clean,4a308f2cb874,1
20804,atk,atk,𐌀𐌕𐌊,atk,,,,1.000,clean,bf38afd51be0,1
20824,mi,mi,𐌌𐌉,mi,,,,1.000,clean,eee1c1ade652,9
20826,slaithes,slaiθes,𐌔𐌋𐌀𐌉𐌈𐌄𐌔,slaiθes,,,,1.000,clean,c4cfb8944f59,1
20876,tz,tz,𐌕𐌆,tz,mr-tites,,,1.000,clean,11aebd1febd4,1
3054,patus,patus,𐌐𐌀𐌕𐌖𐌔,patus,,,,1.000,clean,6fa122386e83,1
20895,malni,malni,𐌌𐌀𐌋𐌍𐌉,malni,,,,1.000,clean,b35403c205bf,1
20904,venzamalni,venzamalni,𐌅𐌄𐌍𐌆𐌀𐌌𐌀𐌋𐌍𐌉,venzamalni,,,,1.000,clean,590539dcb1db,1
20920,iiixx,iiixx,𐌉𐌉𐌉𐌗𐌗,iiixx,,,,1.000,clean,4f5e8f97ebad,1
20924,vizamuliu,vizamuliu,𐌅𐌉𐌆𐌀𐌌𐌖𐌋𐌉𐌖,vizamuliu,,,,1.000,clean,901f05512bc0,1
20960,se,se,𐌔𐌄,se,mr-sethre,,,1.000,clean,ad9a67fefa84,2
21002,aisil--cu,aisil--cu,𐌀𐌉𐌔𐌉𐌋--𐌂𐌖,,gift,,,0.000,clean,f3d762311b98,1
21019,----lni,----lni,----𐌋𐌍𐌉,,,,,0.000,clean,14ed1f16f715,1
21021,casanco,casanco,𐌂𐌀𐌔𐌀𐌍𐌂𐌏,casanco,mr-casancos,,,1.000,clean,8a70f746b1c1,1
21027,sminthiakske,sminθiakske,𐌔𐌌𐌉𐌍𐌈𐌉𐌀𐌊𐌔𐌊𐌄,sminθiakske,the-dual-gods-culsanssthe-two-faced-god-ofgateways-and-nutes-the-godwho-polices-borders,,,1.000,clean,cba2500f1cf3,1
21032,karas,karas,𐌊𐌀𐌓𐌀𐌔,karas,,,,1.000,clean,43b9cbdbbd10,1
21041,pisna,pisna,𐌐𐌉𐌔𐌍𐌀,pisna,,,,1.000,clean,b83dfa6837c4,1
21046,ru,ru,𐌓𐌖,ru,mr-rufes,,,1.000,clean,ed5ad332c106,2
76,velchinei,velχinei,𐌅𐌄𐌋𐌙𐌉𐌍𐌄𐌉,velχinei,ithe-dedicatory-statueofmr-larthiaofsienams-,,,1.000,clean,bc956319aa6a,1
8,cl(en)t(ar),cl(en)t(ar),𐌂𐌋(𐌄𐌍)𐌕(𐌀𐌓),,boundariesof-the-townlawfullyand-protected-under-the-divineprotectionof-the-goddess-vipsiofmr-velch,,,0.000,clean,9c617e13a500,1
9,tapsina,tapsina,𐌕𐌀𐌐𐌔𐌉𐌍𐌀,tapsina,mr-laristapsinamr-aules,,,1.000,clean,fb999d80b036,1
ETP 326,avi,avi,𐌀𐌅𐌉,avi,,630.0,630.0,1.000,clean,12231659beee,1
21072,kakas,kakas,𐌊𐌀𐌊𐌀𐌔,kakas,,,,1.000,clean,1ed1f39ac41b,1
22,tlaboni(vs),tlaboni(vs),𐌕𐌋𐌀𐌁𐌏𐌍𐌉(𐌅𐌔),,mr-luciuscaecinatlaboniusmrluciusssonlivedfor-yearsfor-,,,0.000,clean,675eb29d23a2,1
3,vi(p)s(ia)l,vi(p)s(ia)l,𐌅𐌉(𐌐)𐌔(𐌉𐌀)𐌋,,boundaries,,,0.000,clean,cdd2a4a3894d,1
93,larthi prenthrei(al),larθi prenθrei(al),𐌋𐌀𐌓𐌈𐌉 𐌐𐌓𐌄𐌍𐌈𐌓𐌄𐌉(𐌀𐌋),larθi,,,,0.500,clean,787dcaff83d9,1
97,saucni(al),saucni(al),𐌔𐌀𐌖𐌂𐌍𐌉(𐌀𐌋),,,,,0.000,clean,36b89caa0c5c,1
19,ceicna caspu,ceicna caspu,𐌂𐌄𐌉𐌂𐌍𐌀 𐌂𐌀𐌔𐌐𐌖,ceicna caspu,,,,1.000,clean,06f9f7a6b52d,1
30,armn(i)al,armn(i)al,𐌀𐌓𐌌𐌍(𐌉)𐌀𐌋,,,,,0.000,clean,e913895eb877,1
31,ravnthu supnai(al),ravnθu supnai(al),𐌓𐌀𐌅𐌍𐌈𐌖 𐌔𐌖𐌐𐌍𐌀𐌉(𐌀𐌋),ravnθu,mr-ravnthumrs-supnaismr-larissof-ageof-,,,0.500,clean,0d9c9f9118e4,1
32,selcia(s),selcia(s),𐌔𐌄𐌋𐌂𐌉𐌀(𐌔),,,,,0.000,clean,cb41b868b8e5,1
35,felmui(al),felmui(al),𐌚𐌄𐌋𐌌𐌖𐌉(𐌀𐌋),,,,,0.000,clean,782fc6638e0f,1
38,ceicna a(ulial),ceicna a(ulial),𐌂𐌄𐌉𐌂𐌍𐌀 𐌀(𐌖𐌋𐌉𐌀𐌋),ceicna,mr-larisceicnamrs-aulis,,,0.500,clean,1ccacbe291cc,1
4,papsinas,papsinas,𐌐𐌀𐌐𐌔𐌉𐌍𐌀𐌔,papsinas,ofmr-aulepapsinamr-lariss,,,1.000,clean,7b81b56bf531,1
48,trec(e)s,trec(e)s,𐌕𐌓𐌄𐌂(𐌄)𐌔,,mr-sethtrecesandmrs-lariseitreces,,,0.000,clean,31455a20f849,1
49,cneunas,cneunas,𐌂𐌍𐌄𐌖𐌍𐌀𐌔,cneunas,cneunas,,,1.000,clean,159a21feca5c,1
52,larthru fulnei(al),larθru fulnei(al),𐌋𐌀𐌓𐌈𐌓𐌖 𐌚𐌖𐌋𐌍𐌄𐌉(𐌀𐌋),larθru,herethe-bones,,,0.500,clean,b4bc28fd4b6f,1
53,vipin(i)al,vipin(i)al,𐌅𐌉𐌐𐌉𐌍(𐌉)𐌀𐌋,,mrs-vipinismrtraulchniesslavegirl--,,,0.000,clean,229e7593e9c8,7
65,cevlna setres,cevlna setres,𐌂𐌄𐌅𐌋𐌍𐌀 𐌔𐌄𐌕𐌓𐌄𐌔,cevlna setres,mr-setrecevlnamr-setres,,,1.000,clean,cc04fc8124e6,1
3717,larthi meteli(alisa) veltsne(i)al,larθi meteli(alisa) veltsne(i)al,𐌋𐌀𐌓𐌈𐌉 𐌌𐌄𐌕𐌄𐌋𐌉(𐌀𐌋𐌉𐌔𐌀) 𐌅𐌄𐌋𐌕𐌔𐌍𐌄(𐌉)𐌀𐌋,larθi,,,,0.333,clean,3d80c89be591,1
104,xxiiix,xxiiix,𐌗𐌗𐌉𐌉𐌉𐌗,xxiiix,,,,1.000,clean,f3d89c52dacb,1
109,ravntza,ravntza,𐌓𐌀𐌅𐌍𐌕𐌆𐌀,ravntza,,,,1.000,clean,a52f2367198e,1
118,mi ma(rces) suthi,mi ma(rces) suθi,𐌌𐌉 𐌌𐌀(𐌓𐌂𐌄𐌔) 𐌔𐌖𐌈𐌉,mi suθi,,,,0.667,clean,17afbde379a3,1
125,apun(i)al,apun(i)al,𐌀𐌐𐌖𐌍(𐌉)𐌀𐌋,,,,,0.000,clean,1220eceff21a,2
126,pecse alpuialisa,pecse alpuialisa,𐌐𐌄𐌂𐌔𐌄 𐌀𐌋𐌐𐌖𐌉𐌀𐌋𐌉𐌔𐌀,pecse alpuialisa,,,,1.000,clean,f6b0f9ee4336,1
128,felmu,felmu,𐌚𐌄𐌋𐌌𐌖,felmu,mr-larisfelmumr-larths,,,1.000,clean,ff335510aead,1
133,vipin(i)al,vipin(i)al,𐌅𐌉𐌐𐌉𐌍(𐌉)𐌀𐌋,,mr-larcemr-lariss,,,0.000,clean,229e7593e9c8,7
142,se(thusausa),se(θusausa),𐌔𐌄(𐌈𐌖𐌔𐌀𐌖𐌔𐌀),,of-mr-larismrs-versnismr-seths-daughters-husband,,,0.000,clean,4aa674aff322,1
144,lathunikai,laθunikai,𐌋𐌀𐌈𐌖𐌍𐌉𐌊𐌀𐌉,laθunikai,ms-thafaalki,,,1.000,clean,53fcd42227ff,1
147,l(ar)th,l(ar)θ,𐌋(𐌀𐌓)𐌈,,inspectors-of-entrailslie-here,,,0.000,clean,9f14697d6e9e,8
150,cainai(al),cainai(al),𐌂𐌀𐌉𐌍𐌀𐌉(𐌀𐌋),,mr-aulimrs-cainais,,,0.000,clean,6ca63138dbcf,1
155,ceicna fetiu(s),ceicna fetiu(s),𐌂𐌄𐌉𐌂𐌍𐌀 𐌚𐌄𐌕𐌉𐌖(𐌔),ceicna,,,,0.500,clean,0c7300393077,1
156,l(ar)th pr(enthres) a(ulesa),l(ar)θ pr(enθres) a(ulesa),𐌋(𐌀𐌓)𐌈 𐌐𐌓(𐌄𐌍𐌈𐌓𐌄𐌔) 𐌀(𐌖𐌋𐌄𐌔𐌀),,,,,0.000,clean,108766223414,1
161,prenthrei(al),prenθrei(al),𐌐𐌓𐌄𐌍𐌈𐌓𐌄𐌉(𐌀𐌋),,mr-thanamrs-prenthreismr-carcnas,,,0.000,clean,dd371f59f6b7,1
168,masni(al) aviles,masni(al) aviles,𐌌𐌀𐌔𐌍𐌉(𐌀𐌋) 𐌀𐌅𐌉𐌋𐌄𐌔,aviles,ms-velimrs-masnis,,,0.500,clean,6eae3dd38cb5,1
181,thui,θui,𐌈𐌖𐌉,θui,mr-larthvete,,,1.000,clean,764b180cae97,5
192,larn(i)al,larn(i)al,𐌋𐌀𐌓𐌍(𐌉)𐌀𐌋,,mrs-larisis-daughters-husband,,,0.000,clean,2234e6c68a4a,1
195,mi murs,mi murs,𐌌𐌉 𐌌𐌖𐌓𐌔,mi murs,ithe-ossuaryof-mr-arnththrupete,,,1.000,clean,e60b30d8546a,1
200,a(r)n(th) mi,a(r)n(θ) mi,𐌀(𐌓)𐌍(𐌈) 𐌌𐌉,mi,,,,0.500,clean,ca987d822ac7,1
209,prumathn(i)al,prumaθn(i)al,𐌐𐌓𐌖𐌌𐌀𐌈𐌍(𐌉)𐌀𐌋,,,,,0.000,clean,d660cbeda30b,1
9727,th(an)a,θ(an)a,𐌈(𐌀𐌍)𐌀,,mr-thanamrs-vipinismr-venunias,,,0.000,clean,a094f7fd3c3a,4
9835,unial,unial,𐌖𐌍𐌉𐌀𐌋,unial,,,,1.000,clean,ec6433937e12,2
212,aspesa,aspesa,𐌀𐌔𐌐𐌄𐌔𐌀,aspesa,mr-veliasmrs-utimnis,,,1.000,clean,3118217be532,1
218,nuvpllni,nuvpllni,𐌍𐌖𐌅𐌐𐌋𐌋𐌍𐌉,nuvpllni,mrs-aulnis,,,1.000,clean,00a68b36cede,1
223,v(e)l(us),v(e)l(us),𐌅(𐌄)𐌋(𐌖𐌔),,mr-thanacaupnemrs-larisismr-vels,,,0.000,clean,aad623acfc02,1
229,velchatin(i)al,velχatin(i)al,𐌅𐌄𐌋𐌙𐌀𐌕𐌉𐌍(𐌉)𐌀𐌋,,,,,0.000,clean,f3e075330fa1,1
235,p(uple) cvenape mi,p(uple) cvenape mi,𐌐(𐌖𐌐𐌋𐌄) 𐌂𐌅𐌄𐌍𐌀𐌐𐌄 𐌌𐌉,cvenape mi,mr-puplecvenapemrs-larisis,,,0.667,clean,ee600979d715,1
245,anain(i)al,anain(i)al,𐌀𐌍𐌀𐌉𐌍(𐌉)𐌀𐌋,,,,,0.000,clean,d563290a3fcd,1
247,mulnanes,mulnanes,𐌌𐌖𐌋𐌍𐌀𐌍𐌄𐌔,mulnanes,,,,1.000,clean,81dfe4c16cb8,1
251,sesctna,sesctna,𐌔𐌄𐌔𐌂𐌕𐌍𐌀,sesctna,,,,1.000,clean,e386ee5d26bc,1
252,pesnasa,pesnasa,𐌐𐌄𐌔𐌍𐌀𐌔𐌀,pesnasa,mrs-arnthuismr-tesnasdaughters-husband,,,1.000,clean,07ca3469ca12,1
255,raufesa,raufesa,𐌓𐌀𐌖𐌚𐌄𐌔𐌀,raufesa,,,,1.000,clean,fb11a4c37e3a,1
257,atein(i)alisa,atein(i)alisa,𐌀𐌕𐌄𐌉𐌍(𐌉)𐌀𐌋𐌉𐌔𐌀,,,,,0.000,clean,0b581462466c,1
262,vencn(i)al(si),vencn(i)al(si),𐌅𐌄𐌍𐌂𐌍(𐌉)𐌀𐌋(𐌔𐌉),,,,,0.000,clean,9aafefe41545,1
265,amthnial,amθnial,𐌀𐌌𐌈𐌍𐌉𐌀𐌋,amθnial,,,,1.000,clean,7290da6e6c26,1
267,lecne amthnial renine(s),lecne amθnial renine(s),𐌋𐌄𐌂𐌍𐌄 𐌀𐌌𐌈𐌍𐌉𐌀𐌋 𐌓𐌄𐌍𐌉𐌍𐌄(𐌔),lecne amθnial,,,,0.667,clean,7c07e538f3cf,1
268,larthi lecnesa,larθi lecnesa,𐌋𐌀𐌓𐌈𐌉 𐌋𐌄𐌂𐌍𐌄𐌔𐌀,larθi lecnesa,,,,1.000,clean,670a74e2034e,1
269,vuisin(i)al,vuisin(i)al,𐌅𐌖𐌉𐌔𐌉𐌍(𐌉)𐌀𐌋,,,,,0.000,clean,37e554678f88,1
272,fapirn(i)al,fapirn(i)al,𐌚𐌀𐌐𐌉𐌓𐌍(𐌉)𐌀𐌋,,of-mr-caiusliciniusnigermr-caiuss,,,0.000,clean,6334dfef1ec9,1
3724,cestni(e)s,cestni(e)s,𐌂𐌄𐌔𐌕𐌍𐌉(𐌄)𐌔,,,,,0.000,clean,a187823326a7,1
9836,------axome,------axome,------𐌀𐌗𐌏𐌌𐌄,,,,,0.000,clean,9451d3624794,1
9840,avulnas,avulnas,𐌀𐌅𐌖𐌋𐌍𐌀𐌔,avulnas,,,,1.000,clean,3c9e5fb118ad,1
9841,furthus,furθus,𐌚𐌖𐌓𐌈𐌖𐌔,furθus,,,,1.000,clean,4f89a456e013,1
9846,aulepulfnaperis,aulepulfnaperis,𐌀𐌖𐌋𐌄𐌐𐌖𐌋𐌚𐌍𐌀𐌐𐌄𐌓𐌉𐌔,aulepulfnaperis,,,,1.000,clean,8b38c7b58aed,1
278,lecnesa,lecnesa,𐌋𐌄𐌂𐌍𐌄𐌔𐌀,lecnesa,mrs-tevatnis,,,1.000,clean,7f5ea3462fef,2
283,semna fapre(s),semna fapre(s),𐌔𐌄𐌌𐌍𐌀 𐌚𐌀𐌐𐌓𐌄(𐌔),semna,mr-larissemnamrs-aulismr-fapres,,,0.500,clean,a8c51c2d5f80,1
290,larthi larnei(al),larθi larnei(al),𐌋𐌀𐌓𐌈𐌉 𐌋𐌀𐌓𐌍𐌄𐌉(𐌀𐌋),larθi,,,,0.500,clean,bd7e4065f8d4,1
296,larthi pumpui(al),larθi pumpui(al),𐌋𐌀𐌓𐌈𐌉 𐌐𐌖𐌌𐌐𐌖𐌉(𐌀𐌋),larθi,,,,0.500,clean,9d1d70ffb0c9,1
303,(mi,(mi,(𐌌𐌉,,ofmr-velnata,,,0.000,clean,eee1c1ade652,9
309,larthi macia(s) sueitusi(al),larθi macia(s) sueitusi(al),𐌋𐌀𐌓𐌈𐌉 𐌌𐌀𐌂𐌉𐌀(𐌔) 𐌔𐌖𐌄𐌉𐌕𐌖𐌔𐌉(𐌀𐌋),larθi,,,,0.333,clean,7e952e235f17,1
313,arnth(i)al,arnθ(i)al,𐌀𐌓𐌍𐌈(𐌉)𐌀𐌋,,mrs-arnthis,,,0.000,clean,348cedc0cd11,11
339,thu(i),θu(i),𐌈𐌖(𐌉),,mr-seurus-sons-wife,,,0.000,clean,764b180cae97,5
347,alufnei(alisa),alufnei(alisa),𐌀𐌋𐌖𐌚𐌍𐌄𐌉(𐌀𐌋𐌉𐌔𐌀),,mrs-alufneis-daughtershusband,,,0.000,clean,abc0ba747f43,1
354,fulni(alisa),fulni(alisa),𐌚𐌖𐌋𐌍𐌉(𐌀𐌋𐌉𐌔𐌀),,mrs-fulnis-daughters-husband,,,0.000,clean,bc35bbf12478,1
362,lart,lart,𐌋𐌀𐌓𐌕,lart,mr-lart,,,1.000,clean,1e3d88b2c591,3
375,l(ar)th,l(ar)θ,𐌋(𐌀𐌓)𐌈,,,,,0.000,clean,9f14697d6e9e,8
376,knaes,knaes,𐌊𐌍𐌀𐌄𐌔,knaes,,,,1.000,clean,aa481a2f3170,1
384,authn(i)al,auθn(i)al,𐌀𐌖𐌈𐌍(𐌉)𐌀𐌋,,mr-larthmr-steprnies,,,0.000,clean,cd713e6d878a,1
385,lethial,leθial,𐌋𐌄𐌈𐌉𐌀𐌋,leθial,,,,1.000,clean,90ce1f205461,6
387,falasasnas,falasasnas,𐌚𐌀𐌋𐌀𐌔𐌀𐌔𐌍𐌀𐌔,falasasnas,,,,1.000,clean,9a59c8fd5de6,1
392,vestrn(i)alisa,vestrn(i)alisa,𐌅𐌄𐌔𐌕𐌓𐌍(𐌉)𐌀𐌋𐌉𐌔𐌀,,,,,0.000,clean,2d6b3821e0b4,3
6661,an,an,𐌀𐌍,an,this,,,1.000,clean,ea325d761f98,3
9850,avilesca,avilesca,𐌀𐌅𐌉𐌋𐌄𐌔𐌂𐌀,avilesca,mr-avilesthis,,,1.000,clean,6a3f6bc66178,1
9877,vth,vθ,𐌅𐌈,vθ,,,,1.000,clean,236508cdcaea,1
9878,tsm--,tsm--,𐌕𐌔𐌌--,,,,,0.000,clean,74a5371b6065,1
99,suplu,suplu,𐌔𐌖𐌐𐌋𐌖,suplu,suplus,,,1.000,clean,94a6b650bf00,2
9913,caprasis,caprasis,𐌂𐌀𐌐𐌓𐌀𐌔𐌉𐌔,caprasis,,,,1.000,clean,19ed13ef06a0,1
405,frauchni,frauχni,𐌚𐌓𐌀𐌖𐌙𐌍𐌉,frauχni,ms-frauchni,,,1.000,clean,b83a117f2ba8,1
408,kilnei(alisa),kilnei(alisa),𐌊𐌉𐌋𐌍𐌄𐌉(𐌀𐌋𐌉𐌔𐌀),,,,,0.000,clean,f6a26ccbc3e9,1
409,klan,klan,𐌊𐌋𐌀𐌍,klan,mr-lart,,,1.000,clean,8f09b956cbcf,2
412,klan,klan,𐌊𐌋𐌀𐌍,klan,mrs-arkanis,,,1.000,clean,8f09b956cbcf,2
414,sucnei(alisa),sucnei(alisa),𐌔𐌖𐌂𐌍𐌄𐌉(𐌀𐌋𐌉𐌔𐌀),,,,,0.000,clean,02ef7accebe6,1
419,arnth(i)al,arnθ(i)al,𐌀𐌓𐌍𐌈(𐌉)𐌀𐌋,,mr-veliamrs-fapurisdaughters-husband,,,0.000,clean,348cedc0cd11,11
423,mi,mi,𐌌𐌉,mi,,,,1.000,clean,eee1c1ade652,9
424,nerina(s),nerina(s),𐌍𐌄𐌓𐌉𐌍𐌀(𐌔),,,,,0.000,clean,be0770924dc7,1
426,aveini(al),aveini(al),𐌀𐌅𐌄𐌉𐌍𐌉(𐌀𐌋),,,,,0.000,clean,d6356349198b,1
428,ciarthialisa,ciarθialisa,𐌂𐌉𐌀𐌓𐌈𐌉𐌀𐌋𐌉𐌔𐌀,ciarθialisa,mrs-ciarthis-daughtershusband,,,1.000,clean,1aa828693c47,1
429,talce(s),talce(s),𐌕𐌀𐌋𐌂𐌄(𐌔),,mr-talces,,,0.000,clean,abf3f51e8f5d,1
430,steprni(al) talce(sa),steprni(al) talce(sa),𐌔𐌕𐌄𐌐𐌓𐌍𐌉(𐌀𐌋) 𐌕𐌀𐌋𐌂𐌄(𐌔𐌀),,,,,0.000,clean,5ee2cf2eff5d,1
435,zichu,ziχu,𐌆𐌉𐌙𐌖,ziχu,the-scribe,,,1.000,clean,027f798eef6e,1
439,rasn(i)al,rasn(i)al,𐌓𐌀𐌔𐌍(𐌉)𐌀𐌋,,boundaries,,,0.000,clean,5a0a4c25a1ce,1
443,salth(a)n,salθ(a)n,𐌔𐌀𐌋𐌈(𐌀)𐌍,,,,,0.000,clean,881e0fd8dafd,2
446,fanacn(i)al thu(v)flthas(i),fanacn(i)al θu(v)flθas(i),𐌚𐌀𐌍𐌀𐌂𐌍(𐌉)𐌀𐌋 𐌈𐌖(𐌅)𐌚𐌋𐌈𐌀𐌔(𐌉),,mr-veliasmrs-fanacnis,,,0.000,clean,00da97ebf317,1
458,v(e)l(ia) urstine,v(e)l(ia) urstine,𐌅(𐌄)𐌋(𐌉𐌀) 𐌖𐌓𐌔𐌕𐌉𐌍𐌄,urstine,,,,0.500,clean,85fecda05304,1
9914,th(a)n(a) veanei(al) prechus,θ(a)n(a) veanei(al) preχus,𐌈(𐌀)𐌍(𐌀) 𐌅𐌄𐌀𐌍𐌄𐌉(𐌀𐌋) 𐌐𐌓𐌄𐌙𐌖𐌔,preχus,,,,0.333,clean,526dfd682f32,1
462,tetnei(al),tetnei(al),𐌕𐌄𐌕𐌍𐌄𐌉(𐌀𐌋),,,,,0.000,clean,f36bab176d6a,1
467,thui,θui,𐌈𐌖𐌉,θui,ms-lartimr-caies,,,1.000,clean,764b180cae97,5
469,la(u)tn(itha),la(u)tn(iθa),𐌋𐌀(𐌖)𐌕𐌍(𐌉𐌈𐌀),,the-slave,,,0.000,clean,a8123a09e898,4
474,pisestestu,pisestestu,𐌐𐌉𐌔𐌄𐌔𐌕𐌄𐌔𐌕𐌖,pisestestu,the-fire,,,1.000,clean,88ea89129cfd,1
476,thania tetinasa,θania tetinasa,𐌈𐌀𐌍𐌉𐌀 𐌕𐌄𐌕𐌉𐌍𐌀𐌔𐌀,θania tetinasa,,,,1.000,clean,d89c4052d20e,1
484,z(eth) ar(n)thias epial,z(eθ) ar(n)θias epial,𐌆(𐌄𐌈) 𐌀𐌓(𐌍)𐌈𐌉𐌀𐌔 𐌄𐌐𐌉𐌀𐌋,epial,,,,0.333,clean,d20e78b1edab,1
490,vipine,vipine,𐌅𐌉𐌐𐌉𐌍𐌄,vipine,mr-vipine,,,1.000,clean,b9dc529c4132,1
492,tarusa,tarusa,𐌕𐌀𐌓𐌖𐌔𐌀,tarusa,,,,1.000,clean,ebc65ba21d0f,1
496,larth(i)al,larθ(i)al,𐌋𐌀𐌓𐌈(𐌉)𐌀𐌋,,,,,0.000,clean,8294e1c5939c,9
497,ancarias,ancarias,𐌀𐌍𐌂𐌀𐌓𐌉𐌀𐌔,ancarias,,,,1.000,clean,264bdc65b9fd,1
503,larthi murinei(al),larθi murinei(al),𐌋𐌀𐌓𐌈𐌉 𐌌𐌖𐌓𐌉𐌍𐌄𐌉(𐌀𐌋),larθi,,,,0.500,clean,a41e611cf39c,1
504,thermfi(al),θermfi(al),𐌈𐌄𐌓𐌌𐌚𐌉(𐌀𐌋),,mrs-thermfis,,,0.000,clean,6b37d6ccce40,1
509,velcaias,velcaias,𐌅𐌄𐌋𐌂𐌀𐌉𐌀𐌔,velcaias,,,,1.000,clean,a76c1199cb1e,1
526,larthi,larθi,𐌋𐌀𐌓𐌈𐌉,larθi,ms-larthi,,,1.000,clean,43cc77e6a66a,8
532,latial,latial,𐌋𐌀𐌕𐌉𐌀𐌋,latial,mr-larthpantnamr-velias,,,1.000,clean,b1535462dcee,1
539,fetarias,fetarias,𐌚𐌄𐌕𐌀𐌓𐌉𐌀𐌔,fetarias,mrs-vesacneis,,,1.000,clean,c6079c847fd4,1
3476,iiiixx,iiiixx,𐌉𐌉𐌉𐌉𐌗𐌗,iiiixx,,,,1.000,clean,bae344928517,1
546,velunu(s),velunu(s),𐌅𐌄𐌋𐌖𐌍𐌖(𐌔),,,,,0.000,clean,eb50267b9b65,1
547,l(ar)th vipi(al) a(rn)th(us),l(ar)θ vipi(al) a(rn)θ(us),𐌋(𐌀𐌓)𐌈 𐌅𐌉𐌐𐌉(𐌀𐌋) 𐌀(𐌓𐌍)𐌈(𐌖𐌔),,,,,0.000,clean,bb5c351f9ce3,1
548,melchr(i)al,melχr(i)al,𐌌𐌄𐌋𐌙𐌓(𐌉)𐌀𐌋,,,,,0.000,clean,b7021487052f,1
9915,veltri,veltri,𐌅𐌄𐌋𐌕𐌓𐌉,veltri,mr-velusveltriusmr-marcuss,,,1.000,clean,afc907343ad6,1
9918,ch(amars)i(al),χ(amars)i(al),𐌙(𐌀𐌌𐌀𐌓𐌔)𐌉(𐌀𐌋),,,,,0.000,clean,0e67ddadbd3f,1
9940,merta,merta,𐌌𐌄𐌓𐌕𐌀,merta,,,,1.000,clean,e97e95d255d5,1
9946,cvinai(al),cvinai(al),𐌂𐌅𐌉𐌍𐌀𐌉(𐌀𐌋),,,,,0.000,clean,fb84920203b6,1
9949,ranthumac,ranθumac,𐌓𐌀𐌍𐌈𐌖𐌌𐌀𐌂,ranθumac,,,,1.000,clean,4ca71d810d8e,1
555,chumtus,χumtus,𐌙𐌖𐌌𐌕𐌖𐌔,χumtus,,,,1.000,clean,198f0d3e4086,1
568,larsti(al),larsti(al),𐌋𐌀𐌓𐌔𐌕𐌉(𐌀𐌋),,mrs-larthi,,,0.000,clean,1459a6675cad,2
569,vezra(s),vezra(s),𐌅𐌄𐌆𐌓𐌀(𐌔),,mr-vezras,,,0.000,clean,a43ed9130f0a,1
572,fetharia,feθaria,𐌚𐌄𐌈𐌀𐌓𐌉𐌀,feθaria,fetharia,,,1.000,clean,9647fe0a0e89,1
578,pelnati(al),pelnati(al),𐌐𐌄𐌋𐌍𐌀𐌕𐌉(𐌀𐌋),,,,,0.000,clean,357eb734cb46,1
579,statinei(alisa),statinei(alisa),𐌔𐌕𐌀𐌕𐌉𐌍𐌄𐌉(𐌀𐌋𐌉𐌔𐌀),,mrs-statineis-daughtershusband,,,0.000,clean,3f8088090493,1
582,arnth ancari(al),arnθ ancari(al),𐌀𐌓𐌍𐌈 𐌀𐌍𐌂𐌀𐌓𐌉(𐌀𐌋),arnθ,,,,0.500,clean,f1383f7f35ad,1
592,lutnitha,lutniθa,𐌋𐌖𐌕𐌍𐌉𐌈𐌀,lutniθa,,,,1.000,clean,db24280c62d0,1
594,larth(i)alisa,larθ(i)alisa,𐌋𐌀𐌓𐌈(𐌉)𐌀𐌋𐌉𐌔𐌀,,,,,0.000,clean,f23f5661cf60,7
599,lartha(s),larθa(s),𐌋𐌀𐌓𐌈𐌀(𐌔),,mr-larthmrs-acis,,,0.000,clean,7e2e8d3b2384,1
608,l(ar)th,l(ar)θ,𐌋(𐌀𐌓)𐌈,,mr-larth,,,0.000,clean,9f14697d6e9e,8
628,arsme,arsme,𐌀𐌓𐌔𐌌𐌄,arsme,ms-arsme,,,1.000,clean,bc2a5494634c,1
631,fulnei,fulnei,𐌚𐌖𐌋𐌍𐌄𐌉,fulnei,ms-fulnei,,,1.000,clean,fd1f8c2bf406,1
633,lethial,leθial,𐌋𐌄𐌈𐌉𐌀𐌋,leθial,mr-leichuniasdaughter,,,1.000,clean,90ce1f205461,6
634,larthi leichunia(s),larθi leiχunia(s),𐌋𐌀𐌓𐌈𐌉 𐌋𐌄𐌉𐌙𐌖𐌍𐌉𐌀(𐌔),larθi,,,,0.500,clean,c301941968c5,1
636,capzn(i)al,capzn(i)al,𐌂𐌀𐌐𐌆𐌍(𐌉)𐌀𐌋,,mr-larthia,,,0.000,clean,89c437aa9d44,1
Af 3.1,mi puinel kartazie : els φ[---]na,mi puinel kartazie els φ[---]na,𐌌𐌉 𐌐𐌖𐌉𐌍𐌄𐌋 𐌊𐌀𐌓𐌕𐌀𐌆𐌉𐌄 𐌄𐌋𐌔 𐌘[---]𐌍𐌀,mi puinel kartazie els,I (am) Poenel Kartazie...,600.0,500.0,0.800,clean,c4737678fa66,1
CIE 2705,hasti:salia:pucsanas:la[u]tniθa,hasti:salia:pucsanas:la[u]tniθa,𐌇𐌀𐌔𐌕𐌉:𐌔𐌀𐌋𐌉𐌀:𐌐𐌖𐌂𐌔𐌀𐌍𐌀𐌔:𐌋𐌀[𐌖]𐌕𐌍𐌉𐌈𐌀,hasti salia pucsanas,,,,0.750,clean,97c9bda5b94c,1
644,th(an)a velni(al) uchumzna(s),θ(an)a velni(al) uχumzna(s),𐌈(𐌀𐌍)𐌀 𐌅𐌄𐌋𐌍𐌉(𐌀𐌋) 𐌖𐌙𐌖𐌌𐌆𐌍𐌀(𐌔),,,,,0.000,clean,fc2886668624,1
653,petruni(al),petruni(al),𐌐𐌄𐌕𐌓𐌖𐌍𐌉(𐌀𐌋),,,,,0.000,clean,8f9fb0fd6f3f,3
668,vipin(i)al,vipin(i)al,𐌅𐌉𐌐𐌉𐌍(𐌉)𐌀𐌋,,,,,0.000,clean,229e7593e9c8,7
680,papir(i)i,papir(i)i,𐌐𐌀𐌐𐌉𐌓(𐌉)𐌉,,,,,0.000,clean,5916a310fa22,1
685,arnt,arnt,𐌀𐌓𐌍𐌕,arnt,mr-arnt,,,1.000,clean,da3d04fe81a1,3
686,a(rn)th artni(al),a(rn)θ artni(al),𐌀(𐌓𐌍)𐌈 𐌀𐌓𐌕𐌍𐌉(𐌀𐌋),,mr-anfares,,,0.000,clean,28540898ce34,2
694,a(rn)th artni(al),a(rn)θ artni(al),𐌀(𐌓𐌍)𐌈 𐌀𐌓𐌕𐌍𐌉(𐌀𐌋),,,,,0.000,clean,28540898ce34,2
697,arnza petrni(al),arnza petrni(al),𐌀𐌓𐌍𐌆𐌀 𐌐𐌄𐌕𐌓𐌍𐌉(𐌀𐌋),arnza,,,,0.500,clean,9e0781a72fa0,1
698,velsi(al),velsi(al),𐌅𐌄𐌋𐌔𐌉(𐌀𐌋),,,,,0.000,clean,c3c1b8098233,2
708,sethre cezartle,seθre cezartle,𐌔𐌄𐌈𐌓𐌄 𐌂𐌄𐌆𐌀𐌓𐌕𐌋𐌄,seθre cezartle,,,,1.000,clean,52ec892a6056,1
709,l(ibertvs),l(ibertvs),𐌋(𐌉𐌁𐌄𐌓𐌕𐌅𐌔),,,,,0.000,clean,1c391b7d40e5,2
714,thocerv(i)al,θocerv(i)al,𐌈𐌏𐌂𐌄𐌓𐌅(𐌉)𐌀𐌋,,mrs-thocervis,,,0.000,clean,a93e28384eb1,1
726,c(aii),c(aii),𐌂(𐌀𐌉𐌉),,mr-caiusanniusmr-caiussson,,,0.000,clean,f01fc62dfcfd,11
727,t(iti) arniese,t(iti) arniese,𐌕(𐌉𐌕𐌉) 𐌀𐌓𐌍𐌉𐌄𐌔𐌄,arniese,,,,0.500,clean,59b6c2be3fdb,1
728,maxsimi,maxsimi,𐌌𐌀𐌗𐌔𐌉𐌌𐌉,maxsimi,mr-maxsimuss,,,1.000,clean,673feda7cccf,1
731,arices,arices,𐌀𐌓𐌉𐌂𐌄𐌔,arices,mr-veliaapice,,,1.000,clean,c5adb804f31e,1
732,l(ar)th arntni(al),l(ar)θ arntni(al),𐌋(𐌀𐌓)𐌈 𐌀𐌓𐌍𐌕𐌍𐌉(𐌀𐌋),,,,,0.000,clean,4119a64e5a62,1
CIE 2706,hasti:salinei:vizurisa,hasti:salinei:vizurisa,𐌇𐌀𐌔𐌕𐌉:𐌔𐌀𐌋𐌉𐌍𐌄𐌉:𐌅𐌉𐌆𐌖𐌓𐌉𐌔𐌀,hasti salinei vizurisa,,,,1.000,clean,e0a26b55953c,1
ETP 327,caial,caial,𐌂𐌀𐌉𐌀𐌋,caial,,,,1.000,clean,d09ce7d67425,1
742,pecian(i)a(sa),pecian(i)a(sa),𐌐𐌄𐌂𐌉𐌀𐌍(𐌉)𐌀(𐌔𐌀),,mr-pecianias-sons-wife,,,0.000,clean,c5199b62587d,1
745,varnali(e)s,varnali(e)s,𐌅𐌀𐌓𐌍𐌀𐌋𐌉(𐌄)𐌔,,mr-varnaliesslave,,,0.000,clean,f49eab13edfc,1
746,velnei(al),velnei(al),𐌅𐌄𐌋𐌍𐌄𐌉(𐌀𐌋),,,,,0.000,clean,ca02ccb5eebb,1
747,nsm,nsm,𐌍𐌔𐌌,nsm,,,,1.000,clean,ae0e2a372cc6,1
752,veliesa,veliesa,𐌅𐌄𐌋𐌉𐌄𐌔𐌀,veliesa,,,,1.000,clean,f43f0407890b,2
764,ramtha,ramθa,𐌓𐌀𐌌𐌈𐌀,ramθa,mr-ramtha,,,1.000,clean,bb65dc8de509,7
772,cecu(s),cecu(s),𐌂𐌄𐌂𐌖(𐌔),,,,,0.000,clean,94cefbae298f,1
774,reuthn(i)al,reuθn(i)al,𐌓𐌄𐌖𐌈𐌍(𐌉)𐌀𐌋,,mr-vaninas,,,0.000,clean,7405f781747a,1
780,raufias,raufias,𐌓𐌀𐌖𐌚𐌉𐌀𐌔,raufias,,,,1.000,clean,b45ea5dc1b4c,1
781,numsina,numsina,𐌍𐌖𐌌𐌔𐌉𐌍𐌀,numsina,,,,1.000,clean,90b55933b00c,1
782,raufial,raufial,𐌓𐌀𐌖𐌚𐌉𐌀𐌋,raufial,,,,1.000,clean,21f23d54e67c,1
786,harispex,harispex,𐌇𐌀𐌓𐌉𐌔𐌐𐌄𐌗,harispex,inspector-of-entrails,,,1.000,clean,e9e5b92745da,3
789,vuuv,vuuv,𐌅𐌖𐌖𐌅,vuuv,petroniaof-years,,,1.000,clean,e11949f8c898,2
795,l(ar)th seiante,l(ar)θ seiante,𐌋(𐌀𐌓)𐌈 𐌔𐌄𐌉𐌀𐌍𐌕𐌄,seiante,,,,0.500,clean,87cdf507b6b9,1
796,remznei(al),remznei(al),𐌓𐌄𐌌𐌆𐌍𐌄𐌉(𐌀𐌋),,,,,0.000,clean,93310e9e9b46,2
803,tetin(i)alisa,tetin(i)alisa,𐌕𐌄𐌕𐌉𐌍(𐌉)𐌀𐌋𐌉𐌔𐌀,,,,,0.000,clean,dd413dc8f6ae,1
804,v(e)l(ia) tetina cultan(i)al,v(e)l(ia) tetina cultan(i)al,𐌅(𐌄)𐌋(𐌉𐌀) 𐌕𐌄𐌕𐌉𐌍𐌀 𐌂𐌖𐌋𐌕𐌀𐌍(𐌉)𐌀𐌋,tetina,,,,0.333,clean,6aa55f7987c4,1
807,presntial,presntial,𐌐𐌓𐌄𐌔𐌍𐌕𐌉𐌀𐌋,presntial,,,,1.000,clean,b90e0eb34332,1
811,anetn(i)al,anetn(i)al,𐌀𐌍𐌄𐌕𐌍(𐌉)𐌀𐌋,,,,,0.000,clean,9d28df35f752,1
CIE 2707,hastia:salinei:θucernasa,hastia:salinei:θucernasa,𐌇𐌀𐌔𐌕𐌉𐌀:𐌔𐌀𐌋𐌉𐌍𐌄𐌉:𐌈𐌖𐌂𐌄𐌓𐌍𐌀𐌔𐌀,hastia salinei θucernasa,,,,1.000,clean,c325852e5887,1
CIE 2708,salinei,salinei,𐌔𐌀𐌋𐌉𐌍𐌄𐌉,salinei,,,,1.000,clean,3d4acc1cf9e8,2
ETP 328,ram[θa---]xi,ram[θa---]xi,𐌓𐌀𐌌[𐌈𐌀---]𐌗𐌉,,,300.0,100.0,0.000,clean,10aaf864c78d,1
827,melutasa,melutasa,𐌌𐌄𐌋𐌖𐌕𐌀𐌔𐌀,melutasa,,,,1.000,clean,5dcc882ae717,1
832,arnth(i)al,arnθ(i)al,𐌀𐌓𐌍𐌈(𐌉)𐌀𐌋,,mrs-artabassa,,,0.000,clean,348cedc0cd11,11
834,paperis,paperis,𐌐𐌀𐌐𐌄𐌓𐌉𐌔,paperis,ms-anicona,,,1.000,clean,0958696c20be,1
847,l(ar)th canzna velthurusa,l(ar)θ canzna velθurusa,𐌋(𐌀𐌓)𐌈 𐌂𐌀𐌍𐌆𐌍𐌀 𐌅𐌄𐌋𐌈𐌖𐌓𐌖𐌔𐌀,canzna velθurusa,,,,0.667,clean,1d5ce805f0a2,1
849,pu(plial),pu(plial),𐌐𐌖(𐌐𐌋𐌉𐌀𐌋),,mr-larthcaupnemr-larissmrs-puplis,,,0.000,clean,c650a3b1c34a,3
859,nunialisa,nunialisa,𐌍𐌖𐌍𐌉𐌀𐌋𐌉𐌔𐌀,nunialisa,mr-faltunetes,,,1.000,clean,79f17d11ddc3,1
860,faltunei(al),faltunei(al),𐌚𐌀𐌋𐌕𐌖𐌍𐌄𐌉(𐌀𐌋),,mrs-faltuneis,,,0.000,clean,22899c2867e7,1
868,passien(i)ae l(vc(i)i),passien(i)ae l(vc(i)i),𐌐𐌀𐌔𐌔𐌉𐌄𐌍(𐌉)𐌀𐌄 𐌋(𐌅𐌂(𐌉)𐌉),,mr-luciuspassieniusapollonussmr-luciuss,,,0.000,clean,2cfca059b599,1
870,serturus,serturus,𐌔𐌄𐌓𐌕𐌖𐌓𐌖𐌔,serturus,slave,,,1.000,clean,4c54c9ce503d,2
873,svdernia ar(rvntis),svdernia ar(rvntis),𐌔𐌅𐌃𐌄𐌓𐌍𐌉𐌀 𐌀𐌓(𐌓𐌅𐌍𐌕𐌉𐌔),svdernia,suderniamr-arrunssdaughter,,,0.500,clean,34f8e1882552,1
890,c(aii),c(aii),𐌂(𐌀𐌉𐌉),,mr-varnaliesslave,,,0.000,clean,f01fc62dfcfd,11
895,pulfnei(al),pulfnei(al),𐌐𐌖𐌋𐌚𐌍𐌄𐌉(𐌀𐌋),,mr-thanamrs-pulfneimrs-patacsis-sons-wifemrs-,,,0.000,clean,3515b00350f9,1
902,l(a)r(is) canthusa cetisn(i)al,l(a)r(is) canθusa cetisn(i)al,𐌋(𐌀)𐌓(𐌉𐌔) 𐌂𐌀𐌍𐌈𐌖𐌔𐌀 𐌂𐌄𐌕𐌉𐌔𐌍(𐌉)𐌀𐌋,canθusa,,,,0.333,clean,ed10cda96a02,1
912,visce(s),visce(s),𐌅𐌉𐌔𐌂𐌄(𐌔),,,,,0.000,clean,3cd24a7498de,1
917,vecn(i)al,vecn(i)al,𐌅𐌄𐌂𐌍(𐌉)𐌀𐌋,,,,,0.000,clean,42d52c75b67e,1
928,pacinn(i)al,pacinn(i)al,𐌐𐌀𐌂𐌉𐌍𐌍(𐌉)𐌀𐌋,,,,,0.000,clean,f6be1de953fa,1
930,pacin(i)al,pacin(i)al,𐌐𐌀𐌂𐌉𐌍(𐌉)𐌀𐌋,,,,,0.000,clean,fd4964fae51b,1
CIE 2709,śalinei pυmp[u]ni[śa],śalinei pump[u]ni[śa],𐌑𐌀𐌋𐌉𐌍𐌄𐌉 𐌐𐌖𐌌𐌐[𐌖]𐌍𐌉[𐌑𐌀],śalinei,,,,0.500,clean,fd321a21251e,1
CIE 271,𐌋𐌄𐌂𐌍𐌄 𐌅𐌖𐌉𐌔𐌉𐌍𐌀𐌋,lecne ..[v]uisinal,𐌋𐌄𐌂𐌍𐌄 ..[𐌅]𐌖𐌉𐌔𐌉𐌍𐌀𐌋,lecne,,,,0.500,clean,5616be72d0d6,1
3728,achu casnial,aχu casnial,𐌀𐌙𐌖 𐌂𐌀𐌔𐌍𐌉𐌀𐌋,aχu casnial,,,,1.000,clean,e1156ae83cc9,1
373,kapusa,kapusa,𐌊𐌀𐌐𐌖𐌔𐌀,kapusa,mr-kames-daughters-husband,,,1.000,clean,59ce0a84d083,1
6751,uthuze,uθuze,𐌖𐌈𐌖𐌆𐌄,uθuze,,,,1.000,clean,4897c5e62d04,2
944,presntesa,presntesa,𐌐𐌓𐌄𐌔𐌍𐌕𐌄𐌔𐌀,presntesa,,,,1.000,clean,f74146d88736,1
949,cicusa,cicusa,𐌂𐌉𐌂𐌖𐌔𐌀,cicusa,,,,1.000,clean,991337893d1d,3
962,a(rn)th,a(rn)θ,𐌀(𐌓𐌍)𐌈,,mr-arnthmrs-marcnismr-fermes,,,0.000,clean,c80f3b04a01a,10
1019,citheris,ciθeris,𐌂𐌉𐌈𐌄𐌓𐌉𐌔,ciθeris,,,,1.000,clean,4b39f593846a,1
1020,larthi,larθi,𐌋𐌀𐌓𐌈𐌉,larθi,mrs-larthi,,,1.000,clean,43cc77e6a66a,8
1025,velchrasa,velχrasa,𐌅𐌄𐌋𐌙𐌓𐌀𐌔𐌀,velχrasa,,,,1.000,clean,4ce2ae2efd60,1
1026,utiesa,utiesa,𐌖𐌕𐌉𐌄𐌔𐌀,utiesa,,,,1.000,clean,6fbe2e4de5b2,1
978,netsvis,netsvis,𐌍𐌄𐌕𐌔𐌅𐌉𐌔,netsvis,mrs-pethnis,,,1.000,clean,436fd6845efa,2
982,c(a(i)i) ofill(i)i c(a(i)i),c(a(i)i) ofill(i)i c(a(i)i),𐌂(𐌀(𐌉)𐌉) 𐌏𐌚𐌉𐌋𐌋(𐌉)𐌉 𐌂(𐌀(𐌉)𐌉),,mr-caiusofilliusbuculussmrcaiusssons,,,0.000,clean,0a2069d16030,1
985,veliza,veliza,𐌅𐌄𐌋𐌉𐌆𐌀,veliza,ms-little-velia,,,1.000,clean,eb08906636b5,3
986,barnaevs,barnaevs,𐌁𐌀𐌓𐌍𐌀𐌄𐌅𐌔,barnaevs,barnaeus,,,1.000,clean,6f2b1d9b7644,1
987,barnaes,barnaes,𐌁𐌀𐌓𐌍𐌀𐌄𐌔,barnaes,mr-gaviamrs-larthis,,,1.000,clean,10d452eafb90,1
993,puplin(i)al,puplin(i)al,𐌐𐌖𐌐𐌋𐌉𐌍(𐌉)𐌀𐌋,,,,,0.000,clean,93a7c09971ee,1
996,petinates,petinates,𐌐𐌄𐌕𐌉𐌍𐌀𐌕𐌄𐌔,petinates,,,,1.000,clean,8cb2b4c9b392,2
998,lentie(s),lentie(s),𐌋𐌄𐌍𐌕𐌉𐌄(𐌔),,,,,0.000,clean,6b93ea30a588,1
3739,ecnat(nasa),ecnat(nasa),𐌄𐌂𐌍𐌀𐌕(𐌍𐌀𐌔𐌀),,,,,0.000,clean,bfb825c64d00,1
3755,etere,etere,𐌄𐌕𐌄𐌓𐌄,etere,mr-sethumie,,,1.000,clean,597afa80c089,1
6839,crisitha,crisiθa,𐌂𐌓𐌉𐌔𐌉𐌈𐌀,crisiθa,chryseis,,,1.000,clean,56b95456df2c,1
1040,cumere ar(n)th(ia)l,cumere ar(n)θ(ia)l,𐌂𐌖𐌌𐌄𐌓𐌄 𐌀𐌓(𐌍)𐌈(𐌉𐌀)𐌋,cumere,mr-lariscumeremrs-arnthis,,,0.500,clean,f1bed7619cc8,1
1046,se(c),se(c),𐌔𐌄(𐌂),,,,,0.000,clean,add93534eeb4,1
1047,l(arisusa),l(arisusa),𐌋(𐌀𐌓𐌉𐌔𐌖𐌔𐌀),,mr-thana,,,0.000,clean,45c1879181d6,4
3778,arnth ceisi(al),arnθ ceisi(al),𐌀𐌓𐌍𐌈 𐌂𐌄𐌉𐌔𐌉(𐌀𐌋),arnθ,,,,0.500,clean,8cc1e6dd9069,1
1061,larthi pulfnei(al) perisnei(alisa) la(utni),larθi pulfnei(al) perisnei(alisa) la(utni),𐌋𐌀𐌓𐌈𐌉 𐌐𐌖𐌋𐌚𐌍𐌄𐌉(𐌀𐌋) 𐌐𐌄𐌓𐌉𐌔𐌍𐌄𐌉(𐌀𐌋𐌉𐌔𐌀) 𐌋𐌀(𐌖𐌕𐌍𐌉),larθi,,,,0.250,clean,44fd9d64a42e,1
1075,th(an)a,θ(an)a,𐌈(𐌀𐌍)𐌀,,mr-thana,,,0.000,clean,a094f7fd3c3a,4
1076,th(an)a remznei cezrtlial,θ(an)a remznei cezrtlial,𐌈(𐌀𐌍)𐌀 𐌓𐌄𐌌𐌆𐌍𐌄𐌉 𐌂𐌄𐌆𐌓𐌕𐌋𐌉𐌀𐌋,remznei cezrtlial,,,,0.667,clean,ce8c73a54c7a,1
1077,thania caiizirtli(al) puntas,θania caiizirtli(al) puntas,𐌈𐌀𐌍𐌉𐌀 𐌂𐌀𐌉𐌉𐌆𐌉𐌓𐌕𐌋𐌉(𐌀𐌋) 𐌐𐌖𐌍𐌕𐌀𐌔,θania puntas,,,,0.667,clean,c1377a3fed54,1
1085,arnt zichn(i)al,arnt ziχn(i)al,𐌀𐌓𐌍𐌕 𐌆𐌉𐌙𐌍(𐌉)𐌀𐌋,arnt,mrs-fremrnis-daughtershusband,,,0.500,clean,655ce0b31454,1
1097,arnthial,arnθial,𐌀𐌓𐌍𐌈𐌉𐌀𐌋,arnθial,mrs-arnthis,,,1.000,clean,348cedc0cd11,11
1098,ifi,ifi,𐌉𐌚𐌉,ifi,,,,1.000,clean,b808760de233,1
1111,salint(as),salint(as),𐌔𐌀𐌋𐌉𐌍𐌕(𐌀𐌔),,,,,0.000,clean,de29331c53a5,1
1114,furazni,furazni,𐌚𐌖𐌓𐌀𐌆𐌍𐌉,furazni,ms-furazni,,,1.000,clean,5d913db6fe75,1
1118,acnaice(sa),acnaice(sa),𐌀𐌂𐌍𐌀𐌉𐌂𐌄(𐌔𐌀),,,,,0.000,clean,242d0f8b3f97,1
1119,nitruta,nitruta,𐌍𐌉𐌕𐌓𐌖𐌕𐌀,nitruta,,,,1.000,clean,d6a9a4a06cce,1
1122,teti(al),teti(al),𐌕𐌄𐌕𐌉(𐌀𐌋),,,,,0.000,clean,1a14af7f5f0b,2
1124,arnthialisa,arnθialisa,𐌀𐌓𐌍𐌈𐌉𐌀𐌋𐌉𐌔𐌀,arnθialisa,aulnies,,,1.000,clean,6de74c2ea28e,6
1130,sethre,seθre,𐌔𐌄𐌈𐌓𐌄,seθre,mr-sethre,,,1.000,clean,dc4220d137ca,3
3759,larthvelimnasaules,larθvelimnasaules,𐌋𐌀𐌓𐌈𐌅𐌄𐌋𐌉𐌌𐌍𐌀𐌔𐌀𐌖𐌋𐌄𐌔,larθvelimnasaules,,,,1.000,clean,7a8dc79a69a9,1
3766,caiai(alisa) larn(i)al tetal(ie)s(a),caiai(alisa) larn(i)al tetal(ie)s(a),𐌂𐌀𐌉𐌀𐌉(𐌀𐌋𐌉𐌔𐌀) 𐌋𐌀𐌓𐌍(𐌉)𐌀𐌋 𐌕𐌄𐌕𐌀𐌋(𐌉𐌄)𐌔(𐌀),,,,,0.000,clean,8633f43fa271,1
3768,vitli(alisa),vitli(alisa),𐌅𐌉𐌕𐌋𐌉(𐌀𐌋𐌉𐌔𐌀),,,,,0.000,clean,d1ebfba36c7e,1
3777,ceisi(al),ceisi(al),𐌂𐌄𐌉𐌔𐌉(𐌀𐌋),,,,,0.000,clean,32e7ca930a14,2
3779,larthi l(a)utni(al),larθi l(a)utni(al),𐌋𐌀𐌓𐌈𐌉 𐌋(𐌀)𐌖𐌕𐌍𐌉(𐌀𐌋),larθi,,,,0.500,clean,27b8f83f3dd0,1
3784,larvipiupelsipetrnal,larvipiupelsipetrnal,𐌋𐌀𐌓𐌅𐌉𐌐𐌉𐌖𐌐𐌄𐌋𐌔𐌉𐌐𐌄𐌕𐌓𐌍𐌀𐌋,larvipiupelsipetrnal,,,,1.000,clean,cca49084a371,1
1155,anvai,anvai,𐌀𐌍𐌅𐌀𐌉,anvai,of-mrs-anva,,,1.000,clean,1dc12fdc8f49,1
1163,seiantial,seiantial,𐌔𐌄𐌉𐌀𐌍𐌕𐌉𐌀𐌋,seiantial,,,,1.000,clean,407a562f6974,2
1167,plautri(e)sa,plautri(e)sa,𐌐𐌋𐌀𐌖𐌕𐌓𐌉(𐌄)𐌔𐌀,,mrs-patunis-daughters-husband,,,0.000,clean,1ab8a1494c4f,1
1169,aniusa,aniusa,𐌀𐌍𐌉𐌖𐌔𐌀,aniusa,,,,1.000,clean,9b9a6663d8c2,1
1188,a(rn)th fraucni(al) raufe(s),a(rn)θ fraucni(al) raufe(s),𐌀(𐌓𐌍)𐌈 𐌚𐌓𐌀𐌖𐌂𐌍𐌉(𐌀𐌋) 𐌓𐌀𐌖𐌚𐌄(𐌔),,,,,0.000,clean,e23f229639c8,1
1189,ca(es),ca(es),𐌂𐌀(𐌄𐌔),,mr-fraucnies-daughtershusband,,,0.000,clean,02052ccf503a,1
1190,larcna(s),larcna(s),𐌋𐌀𐌓𐌂𐌍𐌀(𐌔),,,,,0.000,clean,7f9514fba224,2
1193,sepiesa ucumzn(i)al,sepiesa ucumzn(i)al,𐌔𐌄𐌐𐌉𐌄𐌔𐌀 𐌖𐌂𐌖𐌌𐌆𐌍(𐌉)𐌀𐌋,sepiesa,,,,0.500,clean,3292d59824ef,1
1195,a(rn)th remzna zuchn(i)al,a(rn)θ remzna zuχn(i)al,𐌀(𐌓𐌍)𐌈 𐌓𐌄𐌌𐌆𐌍𐌀 𐌆𐌖𐌙𐌍(𐌉)𐌀𐌋,remzna,,,,0.333,clean,14d19d85788b,1
1200,scirias,scirias,𐌔𐌂𐌉𐌓𐌉𐌀𐌔,scirias,mr-sinu,,,1.000,clean,4e3f89f40225,1
1205,acilusa,acilusa,𐌀𐌂𐌉𐌋𐌖𐌔𐌀,acilusa,,,,1.000,clean,8c162eeb7af5,1
1206,velsi(al),velsi(al),𐌅𐌄𐌋𐌔𐌉(𐌀𐌋),,mr-thastia,,,0.000,clean,c3c1b8098233,2
1808,afuna,afuna,𐌀𐌚𐌖𐌍𐌀,afuna,,,,1.000,clean,0f2b81b74773,2
3788,vetlneitrazlus,vetlneitrazlus,𐌅𐌄𐌕𐌋𐌍𐌄𐌉𐌕𐌓𐌀𐌆𐌋𐌖𐌔,vetlneitrazlus,,,,1.000,clean,26c6a16f4bcf,1
3796,pumpusnute,pumpusnute,𐌐𐌖𐌌𐌐𐌖𐌔𐌍𐌖𐌕𐌄,pumpusnute,mr-pumpumr-snutes,,,1.000,clean,86375f67945b,1
3798,snute,snute,𐌔𐌍𐌖𐌕𐌄,snute,,,,1.000,clean,9acc08830084,1
3818,alcla,alcla,𐌀𐌋𐌂𐌋𐌀,alcla,mrs-cuethnis,,,1.000,clean,4be0dea370e9,1
3826,arnthial,arnθial,𐌀𐌓𐌍𐌈𐌉𐌀𐌋,arnθial,,,,1.000,clean,348cedc0cd11,11
3828,larthial,larθial,𐌋𐌀𐌓𐌈𐌉𐌀𐌋,larθial,mr-larthmr-acsies,,,1.000,clean,8294e1c5939c,9
1215,seianti(alisa),seianti(alisa),𐌔𐌄𐌉𐌀𐌍𐌕𐌉(𐌀𐌋𐌉𐌔𐌀),,imr-larthiamrs-seiantisdaughters-husbandmrs-sinunismr-svenias,,,0.000,clean,992a9a1aa04e,2
1220,thania cuizlania(s),θania cuizlania(s),𐌈𐌀𐌍𐌉𐌀 𐌂𐌖𐌉𐌆𐌋𐌀𐌍𐌉𐌀(𐌔),θania,,,,0.500,clean,af208f2b22ae,1
1223,l(ar)th,l(ar)θ,𐌋(𐌀𐌓)𐌈,,son,,,0.000,clean,9f14697d6e9e,8
1224,tutn(i)al,tutn(i)al,𐌕𐌖𐌕𐌍(𐌉)𐌀𐌋,,,,,0.000,clean,2057cc51f5c7,2
1232,larza,larza,𐌋𐌀𐌓𐌆𐌀,larza,mr-little-larth,,,1.000,clean,0d1aeb848b7b,2
1235,sinunas,sinunas,𐌔𐌉𐌍𐌖𐌍𐌀𐌔,sinunas,mr-sinunas,,,1.000,clean,79fc896db902,1
1236,thania tetasa,θania tetasa,𐌈𐌀𐌍𐌉𐌀 𐌕𐌄𐌕𐌀𐌔𐌀,θania tetasa,,,,1.000,clean,701f9c8dde6b,1
1237,l(ar)th melutn(i)al,l(ar)θ melutn(i)al,𐌋(𐌀𐌓)𐌈 𐌌𐌄𐌋𐌖𐌕𐌍(𐌉)𐌀𐌋,,,,,0.000,clean,d66e76238b3f,1
1238,urinatesa,urinatesa,𐌖𐌓𐌉𐌍𐌀𐌕𐌄𐌔𐌀,urinatesa,mrs-melutneis-sons-wife,,,1.000,clean,0e9324024268,2
1244,thania fusui(al) cestnasa,θania fusui(al) cestnasa,𐌈𐌀𐌍𐌉𐌀 𐌚𐌖𐌔𐌖𐌉(𐌀𐌋) 𐌂𐌄𐌔𐌕𐌍𐌀𐌔𐌀,θania cestnasa,,,,0.667,clean,f24bad3dbefa,1
1258,th(an)a tutnei(al),θ(an)a tutnei(al),𐌈(𐌀𐌍)𐌀 𐌕𐌖𐌕𐌍𐌄𐌉(𐌀𐌋),,,,,0.000,clean,774b91f05d00,1
1259,thania tutnei(al),θania tutnei(al),𐌈𐌀𐌍𐌉𐌀 𐌕𐌖𐌕𐌍𐌄𐌉(𐌀𐌋),θania,,,,0.500,clean,eb75c6c3247e,1
1260,ernth,ernθ,𐌄𐌓𐌍𐌈,ernθ,,,,1.000,clean,8a0a60ac8836,1
1268,thania remznei(al) felesa,θania remznei(al) felesa,𐌈𐌀𐌍𐌉𐌀 𐌓𐌄𐌌𐌆𐌍𐌄𐌉(𐌀𐌋) 𐌚𐌄𐌋𐌄𐌔𐌀,θania felesa,,,,0.667,clean,8c4c6f9b083d,1
1269,felesa,felesa,𐌚𐌄𐌋𐌄𐌔𐌀,felesa,,,,1.000,clean,a3910a5d2ed0,2
2648,purnas,purnas,𐌐𐌖𐌓𐌍𐌀𐌔,purnas,mr-lartthe-nameless-slavegirls,,,1.000,clean,ef466be51287,1
3830,arnth,arnθ,𐌀𐌓𐌍𐌈,arnθ,mr-arnthmr-acsiesdaughters-husbandmrthethures,,,1.000,clean,c80f3b04a01a,10
3832,larthi(alisa),larθi(alisa),𐌋𐌀𐌓𐌈𐌉(𐌀𐌋𐌉𐌔𐌀),,,,,0.000,clean,f23f5661cf60,7
3833,palpe,palpe,𐌐𐌀𐌋𐌐𐌄,palpe,mrs-arnthis-daughters-husband,,,1.000,clean,0b5488b33535,1
3840,arnth veti(al),arnθ veti(al),𐌀𐌓𐌍𐌈 𐌅𐌄𐌕𐌉(𐌀𐌋),arnθ,,,,0.500,clean,8151cf709e9b,1
3844,marcnei(alisa),marcnei(alisa),𐌌𐌀𐌓𐌂𐌍𐌄𐌉(𐌀𐌋𐌉𐌔𐌀),,,,,0.000,clean,6c327f0d93aa,1
3867,slaithes(a),slaiθes(a),𐌔𐌋𐌀𐌉𐌈𐌄𐌔(𐌀),,,,,0.000,clean,c7f02dcec293,1
3886,arnti(al),arnti(al),𐌀𐌓𐌍𐌕𐌉(𐌀𐌋),,,,,0.000,clean,90562276fc88,1
3893,arza veti(al),arza veti(al),𐌀𐌓𐌆𐌀 𐌅𐌄𐌕𐌉(𐌀𐌋),arza,,,,0.500,clean,60ac75c9d008,1
3894,navesial,navesial,𐌍𐌀𐌅𐌄𐌔𐌉𐌀𐌋,navesial,,,,1.000,clean,633c843032fb,1
3899,petsn(i)al,petsn(i)al,𐌐𐌄𐌕𐌔𐌍(𐌉)𐌀𐌋,,,,,0.000,clean,9c618c15b470,1
3900,vezi(al),vezi(al),𐌅𐌄𐌆𐌉(𐌀𐌋),,,,,0.000,clean,20aa0cad939c,2
3908,se(th),se(θ),𐌔𐌄(𐌈),,mr-sethaflemr-larissmr-fastias-daughters-husbandmrs-fustneimrs-arznismr-aitus,,,0.000,clean,fa4e2d66f9f9,3
ETP 329,mi • selvansl • canlas,mi • selvansl • canlas,𐌌𐌉 • 𐌔𐌄𐌋𐌅𐌀𐌍𐌔𐌋 • 𐌂𐌀𐌍𐌋𐌀𐌔,mi selvansl canlas,I (belong) to Selvans Canla.,400.0,400.0,1.000,clean,66edd3ffa8c5,1
1274,teuci(al),teuci(al),𐌕𐌄𐌖𐌂𐌉(𐌀𐌋),,,,,0.000,clean,c235db18bebb,1
1280,a(rn)th tumiltni(al),a(rn)θ tumiltni(al),𐌀(𐌓𐌍)𐌈 𐌕𐌖𐌌𐌉𐌋𐌕𐌍𐌉(𐌀𐌋),,,,,0.000,clean,07d795ee7ea1,1
1290,fapi(al),fapi(al),𐌚𐌀𐌐𐌉(𐌀𐌋),,mr-aulemrs-fapis,,,0.000,clean,710001a07eb2,1
1298,c(aii),c(aii),𐌂(𐌀𐌉𐌉),,quintustitiussrabliomrcaiussson,,,0.000,clean,f01fc62dfcfd,11
1299,tiusa,tiusa,𐌕𐌉𐌖𐌔𐌀,tiusa,mrs-fermneis,,,1.000,clean,f7ce4238364a,1
1303,tiuza,tiuza,𐌕𐌉𐌖𐌆𐌀,tiuza,,,,1.000,clean,ce8601efa859,2
1304,thanas(a),θanas(a),𐌈𐌀𐌍𐌀𐌔(𐌀),,mr-little-tiu,,,0.000,clean,a6229c37b618,1
1305,tetina,tetina,𐌕𐌄𐌕𐌉𐌍𐌀,tetina,mr-larthtetinamrs-arnthisdaughters-husbandmrs-,,,1.000,clean,7714ab60ac7f,1
3909,fustn(i)al,fustn(i)al,𐌚𐌖𐌔𐌕𐌍(𐌉)𐌀𐌋,,,,,0.000,clean,212e22c75535,1
393,vestrnaisa,vestrnaisa,𐌅𐌄𐌔𐌕𐌓𐌍𐌀𐌉𐌔𐌀,vestrnaisa,mr-arnthmrs-velchatinis,,,1.000,clean,1f1295839325,1
394,vestrn(i)alisa,vestrn(i)alisa,𐌅𐌄𐌔𐌕𐌓𐌍(𐌉)𐌀𐌋𐌉𐌔𐌀,,mr-arnthvelchatinis,,,0.000,clean,2d6b3821e0b4,3
1438,c(aii),c(aii),𐌂(𐌀𐌉𐌉),,mr-caiusvensiusmr-caiussson,,,0.000,clean,f01fc62dfcfd,11
3942,larthi ancari(al) upelsi(e)s,larθi ancari(al) upelsi(e)s,𐌋𐌀𐌓𐌈𐌉 𐌀𐌍𐌂𐌀𐌓𐌉(𐌀𐌋) 𐌖𐌐𐌄𐌋𐌔𐌉(𐌄)𐌔,larθi,,,,0.333,clean,72bd54a661bc,1
3944,setri(al) ar(nthus),setri(al) ar(nθus),𐌔𐌄𐌕𐌓𐌉(𐌀𐌋) 𐌀𐌓(𐌍𐌈𐌖𐌔),,,,,0.000,clean,01fc7a23fe11,1
395,vestrn(i)al(i)sa,vestrn(i)al(i)sa,𐌅𐌄𐌔𐌕𐌓𐌍(𐌉)𐌀𐌋(𐌉)𐌔𐌀,,,,,0.000,clean,2d6b3821e0b4,3
3956,calisn(i)al,calisn(i)al,𐌂𐌀𐌋𐌉𐌔𐌍(𐌉)𐌀𐌋,,,,,0.000,clean,6b1f5a9890e3,3
396,nal,nal,𐌍𐌀𐌋,nal,,,,1.000,clean,77f908e6ab73,1
1355,rathmsn(i)al,raθmsn(i)al,𐌓𐌀𐌈𐌌𐌔𐌍(𐌉)𐌀𐌋,,,,,0.000,clean,21cc1f026809,1
1357,th(an)a tlesnei(al),θ(an)a tlesnei(al),𐌈(𐌀𐌍)𐌀 𐌕𐌋𐌄𐌔𐌍𐌄𐌉(𐌀𐌋),,mr-thanamrs-tlesneismr-ferinies-daughters-husband,,,0.000,clean,873fb4944565,1
1389,l(ar)th,l(ar)θ,𐌋(𐌀𐌓)𐌈,,mr-larthetruscamrs-larthismr-arnths,,,0.000,clean,9f14697d6e9e,8
1394,arnth(i)al pulfnas,arnθ(i)al pulfnas,𐌀𐌓𐌍𐌈(𐌉)𐌀𐌋 𐌐𐌖𐌋𐌚𐌍𐌀𐌔,pulfnas,,,,0.500,clean,d09d90eefbd8,1
1398,clatpalci(al),clatpalci(al),𐌂𐌋𐌀𐌕𐌐𐌀𐌋𐌂𐌉(𐌀𐌋),,,,,0.000,clean,a70a4cafc46f,1
1414,mutu(i)al,mutu(i)al,𐌌𐌖𐌕𐌖(𐌉)𐌀𐌋,,,,,0.000,clean,812115b44c57,1
1421,(nefts),(nefts),(𐌍𐌄𐌚𐌕𐌔),,sentia,,,0.000,clean,b2c0a20fff30,1
1422,cumerusia(s),cumerusia(s),𐌂𐌖𐌌𐌄𐌓𐌖𐌔𐌉𐌀(𐌔),,mr-cumerusias,,,0.000,clean,8444cf5b083d,1
1427,a(rn)th cumere,a(rn)θ cumere,𐌀(𐌓𐌍)𐌈 𐌂𐌖𐌌𐌄𐌓𐌄,cumere,,,,0.500,clean,c42162c37d0f,1
1429,tutnei(al),tutnei(al),𐌕𐌖𐌕𐌍𐌄𐌉(𐌀𐌋),,mr-veliamrs-tutneismr-cumerus-daughtershusband,,,0.000,clean,b6faa1d6af0e,2
1431,tlesnei(alisa) cumeresa,tlesnei(alisa) cumeresa,𐌕𐌋𐌄𐌔𐌍𐌄𐌉(𐌀𐌋𐌉𐌔𐌀) 𐌂𐌖𐌌𐌄𐌓𐌄𐌔𐌀,cumeresa,mrs-fastimrs-tlesneis-sonswifemr-cumeres-sons-wife,,,0.500,clean,ed5479ec7527,1
1433,clepatras,clepatras,𐌂𐌋𐌄𐌐𐌀𐌕𐌓𐌀𐌔,clepatras,clepatras,,,1.000,clean,714cb9964140,1
3960,larthi puia tites,larθi puia tites,𐌋𐌀𐌓𐌈𐌉 𐌐𐌖𐌉𐌀 𐌕𐌉𐌕𐌄𐌔,larθi puia tites,mrs-larthimrs-vipis-sonswifewifeof-mr-tite,,,1.000,clean,df5524b0a143,1
3975,anein{ }ei(al) farui(alisa),anein{ }ei(al) farui(alisa),𐌀𐌍𐌄𐌉𐌍{ }𐌄𐌉(𐌀𐌋) 𐌚𐌀𐌓𐌖𐌉(𐌀𐌋𐌉𐌔𐌀),,,,,0.000,clean,d5724207b359,1
1447,venza,venza,𐌅𐌄𐌍𐌆𐌀,venza,mr-venzaumranamrs-,,,1.000,clean,d89ad4f9d306,2
1455,purnei,purnei,𐌐𐌖𐌓𐌍𐌄𐌉,purnei,mrs-purnei,,,1.000,clean,73551eb905d4,2
1458,larzile,larzile,𐌋𐌀𐌓𐌆𐌉𐌋𐌄,larzile,mr-little-larth,,,1.000,clean,056e4808731b,1
1459,th(an)a setumnei(al) pumpuni(e)sa,θ(an)a setumnei(al) pumpuni(e)sa,𐌈(𐌀𐌍)𐌀 𐌔𐌄𐌕𐌖𐌌𐌍𐌄𐌉(𐌀𐌋) 𐌐𐌖𐌌𐌐𐌖𐌍𐌉(𐌄)𐌔𐌀,,,,,0.000,clean,4bf5cd368bb3,1
1460,l(ar)th tlesna,l(ar)θ tlesna,𐌋(𐌀𐌓)𐌈 𐌕𐌋𐌄𐌔𐌍𐌀,tlesna,mr-larthtlesnamrs-larthismrs-clantis,,,0.500,clean,91b19fd93de7,1
1462,thania velsi(al) tlesnasa,θania velsi(al) tlesnasa,𐌈𐌀𐌍𐌉𐌀 𐌅𐌄𐌋𐌔𐌉(𐌀𐌋) 𐌕𐌋𐌄𐌔𐌍𐌀𐌔𐌀,θania tlesnasa,mr-thaniamrs-velsismr-tlesnas-daughters-husband,,,0.667,clean,1770489f5fde,1
1468,a(rn)th arntni(al),a(rn)θ arntni(al),𐌀(𐌓𐌍)𐌈 𐌀𐌓𐌍𐌕𐌍𐌉(𐌀𐌋),,mr-caiusarriusmr-caiussson,,,0.000,clean,e861d8f2c45f,1
1469,arntni(nial,arntni(nial,𐌀𐌓𐌍𐌕𐌍𐌉(𐌍𐌉𐌀𐌋,,mr-arnthof-the-arniensistribemrs-arris,,,0.000,clean,a1d88f0a80b4,1
1473,laut(nitha),laut(niθa),𐌋𐌀𐌖𐌕(𐌍𐌉𐌈𐌀),,,,,0.000,clean,a8123a09e898,4
1478,resciunia(s),resciunia(s),𐌓𐌄𐌔𐌂𐌉𐌖𐌍𐌉𐌀(𐌔),,,,,0.000,clean,72d8ff7a6529,1
1484,falsnesa,falsnesa,𐌚𐌀𐌋𐌔𐌍𐌄𐌔𐌀,falsnesa,,,,1.000,clean,5eb4f8546ffb,1
1486,th(a)ns(ia)l,θ(a)ns(ia)l,𐌈(𐌀)𐌍𐌔(𐌉𐌀)𐌋,,,,,0.000,clean,6343c53df4b7,2
1487,ferclite,ferclite,𐌚𐌄𐌓𐌂𐌋𐌉𐌕𐌄,ferclite,,,,1.000,clean,c0d45183ac08,1
1495,auntn(i)al,auntn(i)al,𐌀𐌖𐌍𐌕𐌍(𐌉)𐌀𐌋,,,,,0.000,clean,c00cfd996615,1
1500,vecui(al),vecui(al),𐌅𐌄𐌂𐌖𐌉(𐌀𐌋),,,,,0.000,clean,f13abcb5588a,1
1501,alfni(al),alfni(al),𐌀𐌋𐌚𐌍𐌉(𐌀𐌋),,ms-larthi,,,0.000,clean,91ed81c74de6,1
1513,arnthialisa,arnθialisa,𐌀𐌓𐌍𐌈𐌉𐌀𐌋𐌉𐌔𐌀,arnθialisa,,,,1.000,clean,6de74c2ea28e,6
3978,vezial,vezial,𐌅𐌄𐌆𐌉𐌀𐌋,vezial,,,,1.000,clean,20aa0cad939c,2
3983,s(eth) elith(a),s(eθ) eliθ(a),𐌔(𐌄𐌈) 𐌄𐌋𐌉𐌈(𐌀),,mr-sethelithamrs-vanisson,,,0.000,clean,5a627ff49eeb,1
3985,aruseri(alisa),aruseri(alisa),𐌀𐌓𐌖𐌔𐌄𐌓𐌉(𐌀𐌋𐌉𐌔𐌀),,,,,0.000,clean,40969addf8a4,1
1528,tetinasa,tetinasa,𐌕𐌄𐌕𐌉𐌍𐌀𐌔𐌀,tetinasa,mr-thaniamrs-tutneismrs-pulfnis-daughters-husband,,,1.000,clean,3995ac710378,1
1529,tetinas lautni(al),tetinas lautni(al),𐌕𐌄𐌕𐌉𐌍𐌀𐌔 𐌋𐌀𐌖𐌕𐌍𐌉(𐌀𐌋),tetinas,,,,0.500,clean,a8893500ae8a,1
1532,celmnei(al),celmnei(al),𐌂𐌄𐌋𐌌𐌍𐌄𐌉(𐌀𐌋),,mr-little-vel,,,0.000,clean,a75cb4b69b50,1
1536,zuchn(i)al,zuχn(i)al,𐌆𐌖𐌙𐌍(𐌉)𐌀𐌋,,velche,,,0.000,clean,1e36d8006f5e,1
1537,laristnei(al),laristnei(al),𐌋𐌀𐌓𐌉𐌔𐌕𐌍𐌄𐌉(𐌀𐌋),,mr-thanamrs-laristneismr-ravfes,,,0.000,clean,542139c2572a,1
1552,turke,turke,𐌕𐌖𐌓𐌊𐌄,turke,saplthnagave,,,1.000,clean,04d23fccf3da,1
1555,vanin(i)al,vanin(i)al,𐌅𐌀𐌍𐌉𐌍(𐌉)𐌀𐌋,,,,,0.000,clean,a80e35ce9f8a,1
1560,th(an)a varnei(al) tetasa,θ(an)a varnei(al) tetasa,𐌈(𐌀𐌍)𐌀 𐌅𐌀𐌓𐌍𐌄𐌉(𐌀𐌋) 𐌕𐌄𐌕𐌀𐌔𐌀,tetasa,,,,0.333,clean,d632a3e5cec7,1
1562,thania teti(al),θania teti(al),𐌈𐌀𐌍𐌉𐌀 𐌕𐌄𐌕𐌉(𐌀𐌋),θania,,,,0.500,clean,898e3bf71c37,1
1568,ufalesa,ufalesa,𐌖𐌚𐌀𐌋𐌄𐌔𐌀,ufalesa,,,,1.000,clean,7fec64e9ec34,1
1569,ativu,ativu,𐌀𐌕𐌉𐌅𐌖,ativu,his-own--mr-rive--relatives-daughters-husband,,,1.000,clean,1f24617cba08,1
1573,toceronia,toceronia,𐌕𐌏𐌂𐌄𐌓𐌏𐌍𐌉𐌀,toceronia,mrs-thanusa,,,1.000,clean,8645c6b25bea,1
1576,vetn(i)al,vetn(i)al,𐌅𐌄𐌕𐌍(𐌉)𐌀𐌋,,,,,0.000,clean,d9eb8bc97f34,2
1580,ancarialisa,ancarialisa,𐌀𐌍𐌂𐌀𐌓𐌉𐌀𐌋𐌉𐌔𐌀,ancarialisa,,,,1.000,clean,cd02d2a834d2,2
1582,haerinna,haerinna,𐌇𐌀𐌄𐌓𐌉𐌍𐌍𐌀,haerinna,mr-quintushaerinnamr-,,,1.000,clean,fa642227621d,1
1586,tanvsa,tanvsa,𐌕𐌀𐌍𐌅𐌔𐌀,tanvsa,mrs-tanusa,,,1.000,clean,6e209291cf9f,1
1588,murinei(al),murinei(al),𐌌𐌖𐌓𐌉𐌍𐌄𐌉(𐌀𐌋),,,,,0.000,clean,b7f41254de71,1
1599,a(rn)th(us),a(rn)θ(us),𐌀(𐌓𐌍)𐌈(𐌖𐌔),,,,,0.000,clean,a3c93500b5ee,10
3991,se(th) casni(al),se(θ) casni(al),𐌔𐌄(𐌈) 𐌂𐌀𐌔𐌍𐌉(𐌀𐌋),,,,,0.000,clean,3c9bad2c41db,1
3994,sethre casni(al),seθre casni(al),𐌔𐌄𐌈𐌓𐌄 𐌂𐌀𐌔𐌍𐌉(𐌀𐌋),seθre,,,,0.500,clean,0f2a3c144ac1,1
4001,puiac,puiac,𐌐𐌖𐌉𐌀𐌂,puiac,mr-aulemr-petrucasnies,,,1.000,clean,8340312c61c6,2
1607,pupainai(al),pupainai(al),𐌐𐌖𐌐𐌀𐌉𐌍𐌀𐌉(𐌀𐌋),,mr-thaniamr-aules,,,0.000,clean,d509b23c28e3,1
1610,varnei(al),varnei(al),𐌅𐌀𐌓𐌍𐌄𐌉(𐌀𐌋),,,,,0.000,clean,79d8f9b21f70,1
1612,ar(nthus),ar(nθus),𐌀𐌓(𐌍𐌈𐌖𐌔),,,,,0.000,clean,a3c93500b5ee,10
1616,riti,riti,𐌓𐌉𐌕𐌉,riti,,,,1.000,clean,da1e76ff28b2,2
1617,vetna,vetna,𐌅𐌄𐌕𐌍𐌀,vetna,mr-larthvetnrana,,,1.000,clean,fd88f1bcb508,1
1624,pe(tru) v(elu)z,pe(tru) v(elu)z,𐌐𐌄(𐌕𐌓𐌖) 𐌅(𐌄𐌋𐌖)𐌆,,mr-petrumr-velsmrsthanismrs-thankvils-,,,0.000,clean,044ddba7ca44,1
1628,regv(la),regv(la),,,mr-luciusplotiusregulamraulusssonof-the-arniensistribe,,,0.000,clean,753410c7cd04,1
1629,l(ar)th(us){----------},l(ar)θ(us){----------},𐌋(𐌀𐌓)𐌈(𐌖𐌔){----------},,,,,0.000,clean,57523d573939,2
14882,arzna,arzna,𐌀𐌓𐌆𐌍𐌀,arzna,,,,1.000,clean,4232ff1a9817,1
1639,l(a)r(is) pu(rnial),l(a)r(is) pu(rnial),𐌋(𐌀)𐌓(𐌉𐌔) 𐌐𐌖(𐌓𐌍𐌉𐌀𐌋),,,,,0.000,clean,1afaccebad12,1
1641,svenias,svenias,𐌔𐌅𐌄𐌍𐌉𐌀𐌔,svenias,,,,1.000,clean,d79eab93546b,1
1649,clute(sa),clute(sa),𐌂𐌋𐌖𐌕𐌄(𐌔𐌀),,mr-nunias,,,0.000,clean,62e164be3d1c,1
1650,sepiasa,sepiasa,𐌔𐌄𐌐𐌉𐌀𐌔𐌀,sepiasa,ms-avlimr-acliniesslavegirl,,,1.000,clean,f91bb9ce16cd,1
1655,athnu(sa),aθnu(sa),𐌀𐌈𐌍𐌖(𐌔𐌀),,,,,0.000,clean,95245d0e6620,2
1658,athnu(sa),aθnu(sa),𐌀𐌈𐌍𐌖(𐌔𐌀),,,,,0.000,clean,95245d0e6620,2
1665,aluni(ial),aluni(ial),𐌀𐌋𐌖𐌍𐌉(𐌉𐌀𐌋),,,,,0.000,clean,24f17e5234b5,1
1674,alfiae,alfiae,𐌀𐌋𐌚𐌉𐌀𐌄,alfiae,,,,1.000,clean,0ed8d5d30bfe,1
1675,achlesa,aχlesa,𐌀𐌙𐌋𐌄𐌔𐌀,aχlesa,,,,1.000,clean,576922edcb1b,1
1688,anainai,anainai,𐌀𐌍𐌀𐌉𐌍𐌀𐌉,anainai,of-ms-anaina,,,1.000,clean,eac37ecebc7f,1
1692,ancari(alisa),ancari(alisa),𐌀𐌍𐌂𐌀𐌓𐌉(𐌀𐌋𐌉𐌔𐌀),,,,,0.000,clean,cd02d2a834d2,2
4007,aclinei(al),aclinei(al),𐌀𐌂𐌋𐌉𐌍𐌄𐌉(𐌀𐌋),,,,,0.000,clean,a3af90f7944e,1
4009,aritha(s),ariθa(s),𐌀𐌓𐌉𐌈𐌀(𐌔),,mr-sethre,,,0.000,clean,7daca83a215b,1
2199,xx,xx,𐌗𐌗,xx,mr-thaniavipinamrs-arnthismr-pupumpnas,,,1.000,clean,5dde896887f6,6
402,asate(sa) atain(i)al,asate(sa) atain(i)al,𐌀𐌔𐌀𐌕𐌄(𐌔𐌀) 𐌀𐌕𐌀𐌉𐌍(𐌉)𐌀𐌋,,,,,0.000,clean,c72f2c373cf5,1
4024,atnei(al),atnei(al),𐌀𐌕𐌍𐌄𐌉(𐌀𐌋),,,,,0.000,clean,f800405682a0,1
406,mi arunth{ }i{ }a(s),mi arunθ{ }i{ }a(s),𐌌𐌉 𐌀𐌓𐌖𐌍𐌈{ }𐌉{ }𐌀(𐌔),mi,imr-arunthiakusiunas,,,0.250,clean,74ebb011d830,1
4062,arnth patruni(al),arnθ patruni(al),𐌀𐌓𐌍𐌈 𐌐𐌀𐌕𐌓𐌖𐌍𐌉(𐌀𐌋),arnθ,mr-arnthmrs-patrunismr-lariss,,,0.500,clean,6783d0369811,1
4073,arnthtantli------,arnθtantli------,𐌀𐌓𐌍𐌈𐌕𐌀𐌍𐌕𐌋𐌉------,,mr-arnthmr-tantlies,,,0.000,clean,baccc2f17df6,1
4078,cuspi(alisa),cuspi(alisa),𐌂𐌖𐌔𐌐𐌉(𐌀𐌋𐌉𐌔𐌀),,,,,0.000,clean,ba046571c36a,1
4079,vafruni(e)s,vafruni(e)s,𐌅𐌀𐌚𐌓𐌖𐌍𐌉(𐌄)𐌔,,,,,0.000,clean,2deff969ea2e,1
1702,larcan(i)al,larcan(i)al,𐌋𐌀𐌓𐌂𐌀𐌍(𐌉)𐌀𐌋,,,,,0.000,clean,024ca1dda226,1
1709,larthi felzumnati(al) aniesa,larθi felzumnati(al) aniesa,𐌋𐌀𐌓𐌈𐌉 𐌚𐌄𐌋𐌆𐌖𐌌𐌍𐌀𐌕𐌉(𐌀𐌋) 𐌀𐌍𐌉𐌄𐌔𐌀,larθi aniesa,,,,0.667,clean,5fb70e1eb80f,1
1710,arnth anie carcu(s) anies(a),arnθ anie carcu(s) anies(a),𐌀𐌓𐌍𐌈 𐌀𐌍𐌉𐌄 𐌂𐌀𐌓𐌂𐌖(𐌔) 𐌀𐌍𐌉𐌄𐌔(𐌀),arnθ anie,,,,0.500,clean,879310e0babb,1
1736,arnth(i)alisa,arnθ(i)alisa,𐌀𐌓𐌍𐌈(𐌉)𐌀𐌋𐌉𐌔𐌀,,mrs-arnthis-sons-wife,,,0.000,clean,6de74c2ea28e,6
1739,atain(i)al,atain(i)al,𐌀𐌕𐌀𐌉𐌍(𐌉)𐌀𐌋,,,,,0.000,clean,f86d72bfaef8,1
1740,v(e)l(ia) thans(i)es,v(e)l(ia) θans(i)es,𐌅(𐌄)𐌋(𐌉𐌀) 𐌈𐌀𐌍𐌔(𐌉)𐌄𐌔,,,,,0.000,clean,2372c38e02ea,1
1777,saein(i)al,saein(i)al,𐌔𐌀𐌄𐌉𐌍(𐌉)𐌀𐌋,,,,,0.000,clean,c9b9ad23b507,1
1780,restumn(i)al(isasa),restumn(i)al(isasa),𐌓𐌄𐌔𐌕𐌖𐌌𐌍(𐌉)𐌀𐌋(𐌉𐌔𐌀𐌔𐌀),,,,,0.000,clean,d6c68f6fb246,1
1781,atainei,atainei,𐌀𐌕𐌀𐌉𐌍𐌄𐌉,atainei,,,,1.000,clean,f9aadee732d4,4
1784,velus(a),velus(a),𐌅𐌄𐌋𐌖𐌔(𐌀),,,,,0.000,clean,78b8a0b66eb4,5
1795,frauni(e)s(a),frauni(e)s(a),𐌚𐌓𐌀𐌖𐌍𐌉(𐌄)𐌔(𐌀),,mr-little-arnth,,,0.000,clean,1b4d094f1782,1
2317,fulni(al),fulni(al),𐌚𐌖𐌋𐌍𐌉(𐌀𐌋),,ms-fusunei,,,0.000,clean,e4b170497e9c,1
4082,c(v)el(suial),c(v)el(suial),𐌂(𐌅)𐌄𐌋(𐌔𐌖𐌉𐌀𐌋),,of-the-goddess-cvelsui,,,0.000,clean,a31778c67ef8,1
4083,maalnas,maalnas,𐌌𐌀𐌀𐌋𐌍𐌀𐌔,maalnas,,,,1.000,clean,02637bb7c49e,1
4084,a(rn)th atna v(e)l(us),a(rn)θ atna v(e)l(us),𐌀(𐌓𐌍)𐌈 𐌀𐌕𐌍𐌀 𐌅(𐌄)𐌋(𐌖𐌔),atna,,,,0.333,clean,c644c1c838a3,1
4086,rutsnisla,rutsnisla,𐌓𐌖𐌕𐌔𐌍𐌉𐌔𐌋𐌀,rutsnisla,,,,1.000,clean,fd61f53fe31d,1
4087,venetes,venetes,𐌅𐌄𐌍𐌄𐌕𐌄𐌔,venetes,mr-larthachu,,,1.000,clean,02d544ecc8fe,1
4088,pu(rthie)s la(utnitha),pu(rθie)s la(utniθa),𐌐𐌖(𐌓𐌈𐌉𐌄)𐌔 𐌋𐌀(𐌖𐌕𐌍𐌉𐌈𐌀),,,,,0.000,clean,47631dc2ca0c,1
4090,venz{}etaz,venz{}etaz,𐌅𐌄𐌍𐌆{}𐌄𐌕𐌀𐌆,,mrs-velthurnis,,,0.000,clean,aa78e34d0638,1
4091,larthfatunilatni,larθfatunilatni,𐌋𐌀𐌓𐌈𐌚𐌀𐌕𐌖𐌍𐌉𐌋𐌀𐌕𐌍𐌉,larθfatunilatni,,,,1.000,clean,1b19129c9b8b,1
4094,vesi(al),vesi(al),𐌅𐌄𐌔𐌉(𐌀𐌋),,,,,0.000,clean,7fd2ac6a64ea,3
4095,tites vesi(e)s arnthial,tites vesi(e)s arnθial,𐌕𐌉𐌕𐌄𐌔 𐌅𐌄𐌔𐌉(𐌄)𐌔 𐌀𐌓𐌍𐌈𐌉𐌀𐌋,tites arnθial,,,,0.667,clean,6a96720a76a7,1
CIE 2272,𐌀𐌓𐌍𐌀𐌉𐌏𐌄 𐌀𐌍𐌉𐌀𐌏,ARNAIOE ANIAO,,ARNAIOE ANIAO,,,,1.000,clean,dd7f61eccf97,1
1830,th(an)a sininei(alisa),θ(an)a sininei(alisa),𐌈(𐌀𐌍)𐌀 𐌔𐌉𐌍𐌉𐌍𐌄𐌉(𐌀𐌋𐌉𐌔𐌀),,mr-thanamrs-vaineismrs-sinineis-daughtershusband,,,0.000,clean,89c756dbc590,1
1908,carcunia(s),carcunia(s),𐌂𐌀𐌓𐌂𐌖𐌍𐌉𐌀(𐌔),,,,,0.000,clean,fa1f9f94c426,1
1909,plautr(i)al,plautr(i)al,𐌐𐌋𐌀𐌖𐌕𐌓(𐌉)𐌀𐌋,,mr-vels-daughters-husband,,,0.000,clean,23103d4821fe,2
1910,thanas,θanas,𐌈𐌀𐌍𐌀𐌔,θanas,of-mr-thana,,,1.000,clean,529bf0fae9b6,5
1918,a(rn)th pecesa,a(rn)θ pecesa,𐌀(𐌓𐌍)𐌈 𐌐𐌄𐌂𐌄𐌔𐌀,pecesa,,,,0.500,clean,11a10143e84f,1
1919,l(ar)th peche(s),l(ar)θ peχe(s),𐌋(𐌀𐌓)𐌈 𐌐𐌄𐌙𐌄(𐌔),,,,,0.000,clean,2c57673b9fb8,1
1920,peche(s) trepin(i)al,peχe(s) trepin(i)al,𐌐𐌄𐌙𐌄(𐌔) 𐌕𐌓𐌄𐌐𐌉𐌍(𐌉)𐌀𐌋,,,,,0.000,clean,28435bc53059,1
1923,tecumn(i)al(isasa),tecumn(i)al(isasa),𐌕𐌄𐌂𐌖𐌌𐌍(𐌉)𐌀𐌋(𐌉𐌔𐌀𐌔𐌀),,mr-pumpneias-daughtershusband,,,0.000,clean,75e150561538,1
4098,se(th) ti(te) vesi(al) seftmn(i)al(isasa),se(θ) ti(te) vesi(al) seftmn(i)al(isasa),𐌔𐌄(𐌈) 𐌕𐌉(𐌕𐌄) 𐌅𐌄𐌔𐌉(𐌀𐌋) 𐌔𐌄𐌚𐌕𐌌𐌍(𐌉)𐌀𐌋(𐌉𐌔𐌀𐌔𐌀),,,,,0.000,clean,a57296b6c158,1
4100,tites(a) vesi(al),tites(a) vesi(al),𐌕𐌉𐌕𐌄𐌔(𐌀) 𐌅𐌄𐌔𐌉(𐌀𐌋),,,,,0.000,clean,c374e9aa1bd0,1
17057,ths,θs,𐌈𐌔,θs,mr-thanas,,,1.000,clean,112c226048b0,2
411,viskesa,viskesa,𐌅𐌉𐌔𐌊𐌄𐌔𐌀,viskesa,mr-velmrs-femnis,,,1.000,clean,c2fc968bb7ec,1
4114,svarnas,svarnas,𐌔𐌅𐌀𐌓𐌍𐌀𐌔,svarnas,mr-vipiesmr-varnas,,,1.000,clean,0f42bc9ac28a,1
4115,--------------nalsec,--------------nalsec,--------------𐌍𐌀𐌋𐌔𐌄𐌂,,mrs-fasti,,,0.000,clean,b672922618e9,1
4144,lethial,leθial,𐌋𐌄𐌈𐌉𐌀𐌋,leθial,mr-larisvenetemr-larissmrs-lethis,,,1.000,clean,90ce1f205461,6
415,tites crespe(s) tarchniei(alisa),tites crespe(s) tarχniei(alisa),𐌕𐌉𐌕𐌄𐌔 𐌂𐌓𐌄𐌔𐌐𐌄(𐌔) 𐌕𐌀𐌓𐌙𐌍𐌉𐌄𐌉(𐌀𐌋𐌉𐌔𐌀),tites,,,,0.333,clean,11d28423ab54,1
4151,venete azlsn(i)al,venete azlsn(i)al,𐌅𐌄𐌍𐌄𐌕𐌄 𐌀𐌆𐌋𐌔𐌍(𐌉)𐌀𐌋,venete,,,,0.500,clean,b19823957913,1
4164,percumsn(i)al,percumsn(i)al,𐌐𐌄𐌓𐌂𐌖𐌌𐌔𐌍(𐌉)𐌀𐌋,,,,,0.000,clean,3cec2684952e,1
4176,rezus(a),rezus(a),𐌓𐌄𐌆𐌖𐌔(𐌀),,,,,0.000,clean,26ebfcc43159,1
4178,th(an)a caspri(al) trisn(as),θ(an)a caspri(al) trisn(as),𐌈(𐌀𐌍)𐌀 𐌂𐌀𐌔𐌐𐌓𐌉(𐌀𐌋) 𐌕𐌓𐌉𐌔𐌍(𐌀𐌔),,,,,0.000,clean,3a5980c5e6ef,1
1941,camei(al) larthi(e)sa satnas,camei(al) larθi(e)sa satnas,𐌂𐌀𐌌𐌄𐌉(𐌀𐌋) 𐌋𐌀𐌓𐌈𐌉(𐌄)𐌔𐌀 𐌔𐌀𐌕𐌍𐌀𐌔,satnas,,,,0.333,clean,b7be3f4052be,1
1944,fastia crmartnei(al) rutmate(s)a,fastia crmartnei(al) rutmate(s)a,𐌚𐌀𐌔𐌕𐌉𐌀 𐌂𐌓𐌌𐌀𐌓𐌕𐌍𐌄𐌉(𐌀𐌋) 𐌓𐌖𐌕𐌌𐌀𐌕𐌄(𐌔)𐌀,fastia,,,,0.333,clean,754e151c0b4a,1
1945,lautni(al),lautni(al),𐌋𐌀𐌖𐌕𐌍𐌉(𐌀𐌋),,,,,0.000,clean,32f94980a3a7,3
1946,vetn(i)al,vetn(i)al,𐌅𐌄𐌕𐌍(𐌉)𐌀𐌋,,,,,0.000,clean,d9eb8bc97f34,2
1947,canzna(sa),canzna(sa),𐌂𐌀𐌍𐌆𐌍𐌀(𐌔𐌀),,mr-velicu,,,0.000,clean,ad9e490a7ca1,1
1982,peithial,peiθial,𐌐𐌄𐌉𐌈𐌉𐌀𐌋,peiθial,,,,1.000,clean,f0567336e217,2
1985,astn(a)tpu,astn(a)tpu,𐌀𐌔𐌕𐌍(𐌀)𐌕𐌐𐌖,,,,,0.000,clean,387c498cac09,1
2389,cupsnasa,cupsnasa,𐌂𐌖𐌐𐌔𐌍𐌀𐌔𐌀,cupsnasa,,,,1.000,clean,f14bec2c0501,1
1992,larthi larcnasa,larθi larcnasa,𐌋𐌀𐌓𐌈𐌉 𐌋𐌀𐌓𐌂𐌍𐌀𐌔𐌀,larθi larcnasa,,,,1.000,clean,827b8b044053,1
2066,laut(n)i,laut(n)i,𐌋𐌀𐌖𐌕(𐌍)𐌉,,ms-tinusi,,,0.000,clean,2ab58e43c63b,3
2068,aprnasa,aprnasa,𐌀𐌐𐌓𐌍𐌀𐌔𐌀,aprnasa,mr-veliams-cutnisslave,,,1.000,clean,3d97e2a3c033,1
2069,ezna,ezna,𐌄𐌆𐌍𐌀,ezna,mr-larth,,,1.000,clean,ea2215a96445,1
2074,l(arisusa),l(arisusa),𐌋(𐌀𐌓𐌉𐌔𐌖𐌔𐌀),,mr-lariss-daughters-husband,,,0.000,clean,45c1879181d6,4
2078,pulfnasa,pulfnasa,𐌐𐌖𐌋𐌚𐌍𐌀𐌔𐌀,pulfnasa,mr-larthmrs-varneismrs-vrinatis-daughtershusband,,,1.000,clean,c6c87643e063,2
2081,{---}----ia,{---}----ia,{---}----𐌉𐌀,,,,,0.000,clean,26138d8a757d,3
2087,numsin(i)al,numsin(i)al,𐌍𐌖𐌌𐌔𐌉𐌍(𐌉)𐌀𐌋,,ms-veizi,,,0.000,clean,4e5905ec9d81,1
4207,cafatial,cafatial,𐌂𐌀𐌚𐌀𐌕𐌉𐌀𐌋,cafatial,,,,1.000,clean,f59bbc4bef2d,1
4224,aneinei(alisa),aneinei(alisa),𐌀𐌍𐌄𐌉𐌍𐌄𐌉(𐌀𐌋𐌉𐌔𐌀),,,,,0.000,clean,50642d51d604,1
4232,v(e)l(ia) razi(e)s,v(e)l(ia) razi(e)s,𐌅(𐌄)𐌋(𐌉𐌀) 𐌓𐌀𐌆𐌉(𐌄)𐌔,,mr-veliaapicemr-razies,,,0.000,clean,6b2331828d97,1
7060,pui,pui,𐌐𐌖𐌉,pui,wife,,,1.000,clean,e661873825b1,2
AH 3.4,mi titasi cver menaχe,mi titasi cver menaχe,𐌌𐌉 𐌕𐌉𐌕𐌀𐌔𐌉 𐌂𐌅𐌄𐌓 𐌌𐌄𐌍𐌀𐌙𐌄,mi titasi cver menaχe,I was made as a votive offering (?) for Tita,,,1.000,clean,fc4fd0b77927,1
2013,l(iberta),l(iberta),𐌋(𐌉𐌁𐌄𐌓𐌕𐌀),,,,,0.000,clean,8ff576f9c1f4,1
2014,arnt,arnt,𐌀𐌓𐌍𐌕,arnt,mr-arnt,,,1.000,clean,da3d04fe81a1,3
2030,a(rn)th cumni(al),a(rn)θ cumni(al),𐌀(𐌓𐌍)𐌈 𐌂𐌖𐌌𐌍𐌉(𐌀𐌋),,,,,0.000,clean,7c6dca90a1eb,1
2031,v(e)l(ia) cumni(al),v(e)l(ia) cumni(al),𐌅(𐌄)𐌋(𐌉𐌀) 𐌂𐌖𐌌𐌍𐌉(𐌀𐌋),,,,,0.000,clean,d80823e8d2ec,1
2044,qvattvorvir,qvattvorvir,𐌒𐌅𐌀𐌕𐌕𐌅𐌏𐌓𐌅𐌉𐌓,qvattvorvir,member-of-the-board-of-fourmen-empowered-to-dispensejustice,,,1.000,clean,0af565f07a63,2
2050,cupslna arnth(i)alisa,cupslna arnθ(i)alisa,𐌂𐌖𐌐𐌔𐌋𐌍𐌀 𐌀𐌓𐌍𐌈(𐌉)𐌀𐌋𐌉𐌔𐌀,cupslna,,,,0.500,clean,6a05ce3f6f0b,1
2052,vipi(e)sa,vipi(e)sa,𐌅𐌉𐌐𐌉(𐌄)𐌔𐌀,,,,,0.000,clean,d3088121d7b7,1
2054,larthi cupslnei(al) tutnasa,larθi cupslnei(al) tutnasa,𐌋𐌀𐌓𐌈𐌉 𐌂𐌖𐌐𐌔𐌋𐌍𐌄𐌉(𐌀𐌋) 𐌕𐌖𐌕𐌍𐌀𐌔𐌀,larθi tutnasa,,,,0.667,clean,4f4dc088d145,1
Ar 1.3,a • haprni • a aχratinalśa,a • haprni • a aχratinalśa,𐌀 • 𐌇𐌀𐌐𐌓𐌍𐌉 • 𐌀 𐌀𐌙𐌓𐌀𐌕𐌉𐌍𐌀𐌋𐌑𐌀,a haprni a aχratinalśa,"Gnaeus Laberius, son of Aulus, of the voting tribe Pomptina",50.0,50.0,1.000,clean,840a3f7c9acf,1
Ar 4.3,tinσ lut,tinσ lut,𐌕𐌉𐌍𐌑 𐌋𐌖𐌕,tinσ lut,sacred area (?) of Tinia,,,1.000,clean,aba41e56a92e,1
AS 1.40,[m]i lariśa feleśkenaσ' am[---],[m]i lariśa feleśkenaσ' am[---],[𐌌]𐌉 𐌋𐌀𐌓𐌉𐌑𐌀 𐌚𐌄𐌋𐌄𐌑𐌊𐌄𐌍𐌀𐌑' 𐌀𐌌[---],lariśa feleśkenaσ',I (am the cippus) of Larish Feleshkena...,500.0,500.0,0.500,clean,47037e0ad65c,1
AS 2.1,mi avil[e-------],mi avil[e-------],𐌌𐌉 𐌀𐌅𐌉𐌋[𐌄-------],mi,I (belong to) Avile...,600.0,600.0,0.500,clean,803774b4ee7c,1
AS 5.1,aneσ' • caeσ' • puil • hu<p> ni • ei • itruta,aneσ' • caeσ' • puil • hu<p> ni • ei • itruta,𐌀𐌍𐌄𐌑' • 𐌂𐌀𐌄𐌑' • 𐌐𐌖𐌉𐌋 • 𐌇𐌖<𐌐> 𐌍𐌉 • 𐌄𐌉 • 𐌉𐌕𐌓𐌖𐌕𐌀,aneσ' caeσ' puil ni ei itruta,Ane Cae Vetu made (?) (this urn).,,,0.857,clean,0c82224bef50,1
CIE 1889,larθia.cainei.a.velcia[?],larθia.cainei.a.velcia[?],𐌋𐌀𐌓𐌈𐌉𐌀.𐌂𐌀𐌉𐌍𐌄𐌉.𐌀.𐌅𐌄𐌋𐌂𐌉𐌀[?],,,,,0.000,clean,63a2246adc0d,1
2096,puliac,puliac,𐌐𐌖𐌋𐌉𐌀𐌂,puliac,,,,1.000,clean,9be778d2ab8a,1
2120,pethia,peθia,𐌐𐌄𐌈𐌉𐌀,peθia,,,,1.000,clean,511c661fde51,1
2123,thvsntia(sa),θvsntia(sa),𐌈𐌅𐌔𐌍𐌕𐌉𐌀(𐌔𐌀),,,,,0.000,clean,07fafb7126b0,1
2125,arnth velsi(al),arnθ velsi(al),𐌀𐌓𐌍𐌈 𐌅𐌄𐌋𐌔𐌉(𐌀𐌋),arnθ,,,,0.500,clean,540d90c066c5,1
2171,l(ar)th veti(al),l(ar)θ veti(al),𐌋(𐌀𐌓)𐌈 𐌅𐌄𐌕𐌉(𐌀𐌋),,mr-larthmrs-vetismrsfremrnis-daughters-husband,,,0.000,clean,e13dc1b47484,1
2176,resnasa,resnasa,𐌓𐌄𐌔𐌍𐌀𐌔𐌀,resnasa,,,,1.000,clean,9a026fbeb85c,2
2182,vetnei(al),vetnei(al),𐌅𐌄𐌕𐌍𐌄𐌉(𐌀𐌋),,mrs-vetneis,,,0.000,clean,dfdbc9c4d000,1
2183,resnasa,resnasa,𐌓𐌄𐌔𐌍𐌀𐌔𐌀,resnasa,,,,1.000,clean,9a026fbeb85c,2
2194,athununial,aθununial,𐌀𐌈𐌖𐌍𐌖𐌍𐌉𐌀𐌋,aθununial,,,,1.000,clean,d1e1653770c3,1
2195,panza(s),panza(s),𐌐𐌀𐌍𐌆𐌀(𐌔),,,,,0.000,clean,d21f630402bd,1
2200,ar(nthi) vipi vuisin{-}(i)al,ar(nθi) vipi vuisin{-}(i)al,𐌀𐌓(𐌍𐌈𐌉) 𐌅𐌉𐌐𐌉 𐌅𐌖𐌉𐌔𐌉𐌍{-}(𐌉)𐌀𐌋,vipi,ms-arnthivipimrs-vuisinis,,,0.333,clean,7bbf240aa889,1
At 1.100,[al]eθnas : arnθ : larisal : zilaθ : tarχnalθi : amce,[al]eθnas arnθ larisal zilaθ tarχnalθi amce,[𐌀𐌋]𐌄𐌈𐌍𐌀𐌔 𐌀𐌓𐌍𐌈 𐌋𐌀𐌓𐌉𐌔𐌀𐌋 𐌆𐌉𐌋𐌀𐌈 𐌕𐌀𐌓𐌙𐌍𐌀𐌋𐌈𐌉 𐌀𐌌𐌂𐌄,arnθ larisal zilaθ tarχnalθi amce,"Arnth Alethnas, (son) of Laris, was governor in the [city] of Tarkhna.",,,0.833,clean,e25739bd8ecc,1
AT 1.105,aleθnas • v • v • θelu • zilaθ • parχis • | zilaθ • eterav clenar • ci • acnanasa • | elsσ'i zilaχnu • θeluσ'a ril • XXVIIII | papalser • acnanasa • VI • manim • arce ril • LXVI,aleθnas • v • v • θelu • zilaθ • parχis • zilaθ • eterav clenar • ci • acnanasa • elsσ'i zilaχnu • θeluσ'a ril • xxviiii papalser • acnanasa • vi • manim • arce ril • lxvi,𐌀𐌋𐌄𐌈𐌍𐌀𐌔 • 𐌅 • 𐌅 • 𐌈𐌄𐌋𐌖 • 𐌆𐌉𐌋𐌀𐌈 • 𐌐𐌀𐌓𐌙𐌉𐌔 • 𐌆𐌉𐌋𐌀𐌈 • 𐌄𐌕𐌄𐌓𐌀𐌅 𐌂𐌋𐌄𐌍𐌀𐌓 • 𐌂𐌉 • 𐌀𐌂𐌍𐌀𐌍𐌀𐌔𐌀 • 𐌄𐌋𐌔𐌑'𐌉 𐌆𐌉𐌋𐌀𐌙𐌍𐌖 • 𐌈𐌄𐌋𐌖𐌑'𐌀 𐌓𐌉𐌋 • 𐌗𐌗𐌅𐌉𐌉𐌉𐌉 𐌐𐌀𐌐𐌀𐌋𐌔𐌄𐌓 • 𐌀𐌂𐌍𐌀𐌍𐌀𐌔𐌀 • 𐌅𐌉 • 𐌌𐌀𐌍𐌉𐌌 • 𐌀𐌓𐌂𐌄 𐌓𐌉𐌋 • 𐌋𐌗𐌅𐌉,aleθnas v v θelu zilaθ parχis zilaθ eterav clenar ci acnanasa elsσ'i zilaχnu θeluσ'a ril xxviiii papalser acnanasa vi manim arce ril lxvi,"'Vel Alethnas, son of Vel, ... having produced six descendants constructed this tomb monument.",,,1.000,clean,45d602eb4c98,1
AT 1.108,av[le] [•] [al]eθnas • ... zilaχn[ce] | spureθi • apasi • svalas ...,av[le] [•] [al]eθnas • ... zilaχn[ce] spureθi • apasi • svalas ...,𐌀𐌅[𐌋𐌄] [•] [𐌀𐌋]𐌄𐌈𐌍𐌀𐌔 • ... 𐌆𐌉𐌋𐌀𐌙𐌍[𐌂𐌄] 𐌔𐌐𐌖𐌓𐌄𐌈𐌉 • 𐌀𐌐𐌀𐌔𐌉 • 𐌔𐌅𐌀𐌋𐌀𐌔 ...,... spureθi apasi svalas ...,Aule Alethnas ... served as governor (while) living in the community of his father,,,0.500,clean,67f7f593bd34,1
At 1.111,θanχvil : ruvfi : puia arnθal aleθ{na}s,θanχvil ruvfi puia arnθal aleθ{na}s,𐌈𐌀𐌍𐌙𐌅𐌉𐌋 𐌓𐌖𐌅𐌚𐌉 𐌐𐌖𐌉𐌀 𐌀𐌓𐌍𐌈𐌀𐌋 𐌀𐌋𐌄𐌈{𐌍𐌀}𐌔,θanχvil ruvfi puia arnθal,"Thankhvil Ruvfi, wife of Arnth Alethnas",,,0.800,clean,e0eaf918636d,1
2222,f(asti)a v(ip)i(al) farp(itias),f(asti)a v(ip)i(al) farp(itias),𐌚(𐌀𐌔𐌕𐌉)𐌀 𐌅(𐌉𐌐)𐌉(𐌀𐌋) 𐌚𐌀𐌓𐌐(𐌉𐌕𐌉𐌀𐌔),,,,,0.000,clean,766389d3bf09,1
2225,vipine(s),vipine(s),𐌅𐌉𐌐𐌉𐌍𐌄(𐌔),,,,,0.000,clean,a382993a12db,1
2296,th(e)vrin(as),θ(e)vrin(as),𐌈(𐌄)𐌅𐌓𐌉𐌍(𐌀𐌔),,,,,0.000,clean,5816908929a7,1
2298,uchu(s),uχu(s),𐌖𐌙𐌖(𐌔),,mr-larthferinemr-uchus,,,0.000,clean,73dde691d8c9,6
2299,fastia ferin(i)alisa,fastia ferin(i)alisa,𐌚𐌀𐌔𐌕𐌉𐌀 𐌚𐌄𐌓𐌉𐌍(𐌉)𐌀𐌋𐌉𐌔𐌀,fastia,,,,0.500,clean,164d36898a04,1
2301,th(an)a f(erin)e,θ(an)a f(erin)e,𐌈(𐌀𐌍)𐌀 𐌚(𐌄𐌓𐌉𐌍)𐌄,,,,,0.000,clean,16955b49843f,1
2304,sethrn(i)al,seθrn(i)al,𐌔𐌄𐌈𐌓𐌍(𐌉)𐌀𐌋,,,,,0.000,clean,51ddc8402292,2
2311,purn(i)al,purn(i)al,𐌐𐌖𐌓𐌍(𐌉)𐌀𐌋,,,,,0.000,clean,271520d2e58b,2
2313,vipin(i)al,vipin(i)al,𐌅𐌉𐌐𐌉𐌍(𐌉)𐌀𐌋,,mr-aulefisucna,,,0.000,clean,229e7593e9c8,7
AT 1.15,vipinanas • velθur • velθurus • avils • XV,vipinanas • velθur • velθurus • avils • xv,𐌅𐌉𐌐𐌉𐌍𐌀𐌍𐌀𐌔 • 𐌅𐌄𐌋𐌈𐌖𐌓 • 𐌅𐌄𐌋𐌈𐌖𐌓𐌖𐌔 • 𐌀𐌅𐌉𐌋𐌔 • 𐌗𐌅,vipinanas velθur velθurus avils xv,"Velthur Vipinanas, (son) of Velthur, (dead) at fifteen years of age",,,1.000,clean,7ede07f09b66,1
AT 1.171,arnθ : χurlces : ... zilc : parχis : amce | marunuχ : spurana : cepen : tenu : avils : maχs semφalχls lupu,arnθ χurlces ... zilc parχis amce marunuχ spurana cepen tenu avils maχs semφalχls lupu,𐌀𐌓𐌍𐌈 𐌙𐌖𐌓𐌋𐌂𐌄𐌔 ... 𐌆𐌉𐌋𐌂 𐌐𐌀𐌓𐌙𐌉𐌔 𐌀𐌌𐌂𐌄 𐌌𐌀𐌓𐌖𐌍𐌖𐌙 𐌔𐌐𐌖𐌓𐌀𐌍𐌀 𐌂𐌄𐌐𐌄𐌍 𐌕𐌄𐌍𐌖 𐌀𐌅𐌉𐌋𐌔 𐌌𐌀𐌙𐌔 𐌔𐌄𐌌𐌘𐌀𐌋𐌙𐌋𐌔 𐌋𐌖𐌐𐌖,arnθ χurlces ... zilc parχis amce marunuχ spurana cepen tenu avils maχs semφalχls lupu,"Arnth Khurkles ... was governor of the parkh (?). Having held the office of marunuc of the city (as) priest, (he) died at age seventy-five.",,,1.000,clean,01e426085896,1
At 1.172,larθ : χurχles : arnθal : χurχles : θanχvilus[c] cracial | clan : avils : ciem zaθrms : lupu,larθ χurχles arnθal χurχles θanχvilus[c] cracial clan avils ciem zaθrms lupu,𐌋𐌀𐌓𐌈 𐌙𐌖𐌓𐌙𐌋𐌄𐌔 𐌀𐌓𐌍𐌈𐌀𐌋 𐌙𐌖𐌓𐌙𐌋𐌄𐌔 𐌈𐌀𐌍𐌙𐌅𐌉𐌋𐌖𐌔[𐌂] 𐌂𐌓𐌀𐌂𐌉𐌀𐌋 𐌂𐌋𐌀𐌍 𐌀𐌅𐌉𐌋𐌔 𐌂𐌉𐌄𐌌 𐌆𐌀𐌈𐌓𐌌𐌔 𐌋𐌖𐌐𐌖,larθ χurχles arnθal χurχles cracial clan avils ciem zaθrms lupu,"Larth Khurkhles, son of Arnth Khurkhles and Thankhvil Craci, (was) dead at seventeen years of age.",,,0.909,clean,5da7929a7ef2,1
AT 1.34,eca : mutna : velθurus : sta<t>lanes | larisaliσ'la,eca mutna velθurus sta<t>lanes larisaliσ'la,𐌄𐌂𐌀 𐌌𐌖𐌕𐌍𐌀 𐌅𐌄𐌋𐌈𐌖𐌓𐌖𐌔 𐌔𐌕𐌀<𐌕>𐌋𐌀𐌍𐌄𐌔 𐌋𐌀𐌓𐌉𐌔𐌀𐌋𐌉𐌑'𐌋𐌀,eca mutna velθurus larisaliσ'la,"This (is the) sarcophagus of Velthur Statlanes, the (son) of Laris.",,,0.800,clean,93bacae7c11d,1
CIE 1938,SAHSAI:ENISNAI:AIOQAI,SAHSAI:ENISNAI:AIOQAI,,SAHSAI ENISNAI AIOQAI,,,,1.000,clean,a3dd99b4d141,1
2329,a(rn)th thelazu carpnatial,a(rn)θ θelazu carpnatial,𐌀(𐌓𐌍)𐌈 𐌈𐌄𐌋𐌀𐌆𐌖 𐌂𐌀𐌓𐌐𐌍𐌀𐌕𐌉𐌀𐌋,θelazu carpnatial,mr-arnththelazumrs-,,,0.667,clean,c1b8893e860e,1
2331,theprie vetn(i)alisa,θeprie vetn(i)alisa,𐌈𐌄𐌐𐌓𐌉𐌄 𐌅𐌄𐌕𐌍(𐌉)𐌀𐌋𐌉𐌔𐌀,θeprie,,,,0.500,clean,b6c900a60bf5,1
2340,turce,turce,𐌕𐌖𐌓𐌂𐌄,turce,,,,1.000,clean,0beec1919a73,5
2348,a(rn)th larcna,a(rn)θ larcna,𐌀(𐌓𐌍)𐌈 𐌋𐌀𐌓𐌂𐌍𐌀,larcna,,,,0.500,clean,924567b08078,1
2351,f(asti)a tutn(i)alisa,f(asti)a tutn(i)alisa,𐌚(𐌀𐌔𐌕𐌉)𐌀 𐌕𐌖𐌕𐌍(𐌉)𐌀𐌋𐌉𐌔𐌀,,,,,0.000,clean,370b1fa130ac,1
2360,erantra,erantra,𐌄𐌓𐌀𐌍𐌕𐌓𐌀,erantra,mr-erantra,,,1.000,clean,416db3cdf05c,1
2390,larthi larsti(al) pucsini(e)sa,larθi larsti(al) pucsini(e)sa,𐌋𐌀𐌓𐌈𐌉 𐌋𐌀𐌓𐌔𐌕𐌉(𐌀𐌋) 𐌐𐌖𐌂𐌔𐌉𐌍𐌉(𐌄)𐌔𐌀,larθi,,,,0.333,clean,1873df2cf7ce,1
AT 1.46,ceisu[i] : σ'eθra | σ'eθres : sec | calisnia[l]c : ramθ[as] | avils : XV,ceisu[i] σ'eθra σ'eθres sec calisnia[l]c ramθ[as] avils xv,𐌂𐌄𐌉𐌔𐌖[𐌉] 𐌑'𐌄𐌈𐌓𐌀 𐌑'𐌄𐌈𐌓𐌄𐌔 𐌔𐌄𐌂 𐌂𐌀𐌋𐌉𐌔𐌍𐌉𐌀[𐌋]𐌂 𐌓𐌀𐌌𐌈[𐌀𐌔] 𐌀𐌅𐌉𐌋𐌔 𐌗𐌅,σ'eθra σ'eθres sec avils xv,"Shethra Ceisui, daughter of Shethre and Ramtba Calisni, (was dead) at fifteen years.",,,0.625,clean,13dbf8dc9623,1
AT 1.47,saturinies • arnθ • | larθal • fulnial | avils • XXXVIII,saturinies • arnθ • larθal • fulnial avils • xxxviii,𐌔𐌀𐌕𐌖𐌓𐌉𐌍𐌉𐌄𐌔 • 𐌀𐌓𐌍𐌈 • 𐌋𐌀𐌓𐌈𐌀𐌋 • 𐌚𐌖𐌋𐌍𐌉𐌀𐌋 𐌀𐌅𐌉𐌋𐌔 • 𐌗𐌗𐌗𐌅𐌉𐌉𐌉,saturinies arnθ larθal fulnial avils xxxviii,"Arnth Saturnies, (son) of Larth (and) Fulni, (dead) at thirty-eight years",,,1.000,clean,408fd9e187ee,1
CIE 100,I3HAAINAOAR3H2391,I3HAAINAOAR3H2391,,,,,,0.000,ocr_failed,526867d4ecaf,1
CIE 1962,𐌀𐌓:𐌊𐌀𐌓𐌆𐌉𐌖|𐌋𐌄𐌈𐌉𐌀𐌔,ar:carziu|leθias,𐌀𐌓:𐌂𐌀𐌓𐌆𐌉𐌖|𐌋𐌄𐌈𐌉𐌀𐌔,ar carziu leθias,,,,1.000,clean,2f9002665fc6,1
2429,arnth(i)alisa,arnθ(i)alisa,𐌀𐌓𐌍𐌈(𐌉)𐌀𐌋𐌉𐌔𐌀,,,,,0.000,clean,6de74c2ea28e,6
2440,marcnei,marcnei,𐌌𐌀𐌓𐌂𐌍𐌄𐌉,marcnei,mrs-marcnei,,,1.000,clean,c5066a7a0a19,1
2445,trepucsa,trepucsa,𐌕𐌓𐌄𐌐𐌖𐌂𐌔𐌀,trepucsa,mr-trepus-sons-wife,,,1.000,clean,e9f2c1886605,1
2447,thania tlesnei(al) lulia(s),θania tlesnei(al) lulia(s),𐌈𐌀𐌍𐌉𐌀 𐌕𐌋𐌄𐌔𐌍𐌄𐌉(𐌀𐌋) 𐌋𐌖𐌋𐌉𐌀(𐌔),θania,mr-thaniamrs-tlesneismr-lulias,,,0.333,clean,fd752250b6b5,1
2454,velsunias(a),velsunias(a),𐌅𐌄𐌋𐌔𐌖𐌍𐌉𐌀𐌔(𐌀),,mr-larthmaricanemr-arnths,,,0.000,clean,82278b3383ca,1
2462,piuta(i)al,piuta(i)al,𐌐𐌉𐌖𐌕𐌀(𐌉)𐌀𐌋,,,,,0.000,clean,c44d43d44088,1
2481,larth(i)al lautn(itha),larθ(i)al lautn(iθa),𐌋𐌀𐌓𐌈(𐌉)𐌀𐌋 𐌋𐌀𐌖𐌕𐌍(𐌉𐌈𐌀),,,,,0.000,clean,78e03f385946,1
2487,mu(tu) c(nevn(i)al),mu(tu) c(nevn(i)al),𐌌𐌖(𐌕𐌖) 𐌂(𐌍𐌄𐌅𐌍(𐌉)𐌀𐌋),,,,,0.000,clean,e6cb7b330b18,1
2489,nicipur,nicipur,𐌍𐌉𐌂𐌉𐌐𐌖𐌓,nicipur,nicuss-boyms-naulisisslave,,,1.000,clean,1dedce8478f4,1
2492,achu(i)al,aχu(i)al,𐌀𐌙𐌖(𐌉)𐌀𐌋,,,,,0.000,clean,69007cb5e4bc,1
2496,saprias,saprias,𐌔𐌀𐌐𐌓𐌉𐌀𐌔,saprias,,,,1.000,clean,44344114db29,1
2497,thania nuzrnei(al),θania nuzrnei(al),𐌈𐌀𐌍𐌉𐌀 𐌍𐌖𐌆𐌓𐌍𐌄𐌉(𐌀𐌋),θania,,,,0.500,clean,8328577cf88b,1
CIE 110,arni-surinate-ls,ARNISURINATELS,,ARNISURINATELS,,,,1.000,clean,20fc546b63d5,1
CIE 111,mi arni-usini-es,MAMVSVIATIAM,,MAMVSVIATIAM,,,,1.000,clean,a198e4ebc451,1
CIE 112,a-flave-a-ceicnal,ANVSISARNISALVSINIES,,ANVSISARNISALVSINIES,,,,1.000,clean,56452141487c,1
CIE 113,ls-flave-ls-curial-ril-IIL,ALINVSINALVSINIESALVSINIES,,ALINVSINALVSINIESALVSINIES,,,,1.000,clean,c023a3bf4b8d,3
2530,pethna,peθna,𐌐𐌄𐌈𐌍𐌀,peθna,mr-pethnamr-sciresmr-arnths-daughters-husband,,,1.000,clean,ee4502f6ecf3,1
2539,arrespex,arrespex,𐌀𐌓𐌓𐌄𐌔𐌐𐌄𐌗,arrespex,,,,1.000,clean,26069097917c,1
2540,c(aii),c(aii),𐌂(𐌀𐌉𐌉),,mr-caiusbabiusmr-caiussson,,,0.000,clean,f01fc62dfcfd,11
2550,petinate(s),petinate(s),𐌐𐌄𐌕𐌉𐌍𐌀𐌕𐌄(𐌔),,mr-petinates,,,0.000,clean,8cb2b4c9b392,2
2561,ar(nthus),ar(nθus),𐌀𐌓(𐌍𐌈𐌖𐌔),,mr-aulepetrumr-arnthsmrs-sethrascis,,,0.000,clean,a3c93500b5ee,10
2570,petrui,petrui,𐌐𐌄𐌕𐌓𐌖𐌉,petrui,mrs-petrui,,,1.000,clean,94281add80e7,3
2615,thania pulfnei(al) tutnasa,θania pulfnei(al) tutnasa,𐌈𐌀𐌍𐌉𐌀 𐌐𐌖𐌋𐌚𐌍𐌄𐌉(𐌀𐌋) 𐌕𐌖𐌕𐌍𐌀𐌔𐌀,θania tutnasa,,,,0.667,clean,c3a4c82689af,1
2617,pulfnei(al) raufia(s),pulfnei(al) raufia(s),𐌐𐌖𐌋𐌚𐌍𐌄𐌉(𐌀𐌋) 𐌓𐌀𐌖𐌚𐌉𐌀(𐌔),,,,,0.000,clean,4e073c7f966e,1
2620,arntni(e)sa,arntni(e)sa,𐌀𐌓𐌍𐌕𐌍𐌉(𐌄)𐌔𐌀,,mrs-pulfnei,,,0.000,clean,19e8ece81af8,1
2621,pvlfennia,pvlfennia,𐌐𐌅𐌋𐌚𐌄𐌍𐌍𐌉𐌀,pvlfennia,ms-pulfennia,,,1.000,clean,ee7f04271d26,1
2622,arntn(i)al,arntn(i)al,𐌀𐌓𐌍𐌕𐌍(𐌉)𐌀𐌋,,,,,0.000,clean,896747983853,2
2635,anaini(e)s,anaini(e)s,𐌀𐌍𐌀𐌉𐌍𐌉(𐌄)𐌔,,mr-anainies,,,0.000,clean,fc02d1761279,1
CIE 114,[f]lave-ls-felmuial-r-III,ALINVSINALVSINIESALVSINIES,,ALINVSINALVSINIESALVSINIES,,,,1.000,clean,c023a3bf4b8d,3
CIE 115,[f]lave-ls-felmuial-r-XXI,ALINVSINALVSINIESALVSINIES,,ALINVSINALVSINIESALVSINIES,,,,1.000,clean,c023a3bf4b8d,3
CIE 116,Flavia-C-f-a-III,FLAVIA-C-F-A-III,,,,,,0.000,clean,2d0504708cb3,1
CIE 117,seira:fulunei,IAMVSV8:A9OIE,,,,,,0.000,ocr_failed,038314a7cd0c,1
CIE 118,mi-ma-[su]si[e]-l-fulus-ls,MIMASVARHIL,,MIMASVARHIL,,,,1.000,clean,fb03bd4f0a9a,1
2691,puia,puia,𐌐𐌖𐌉𐌀,puia,mr-renchies,,,1.000,clean,64f8f048df93,5
2692,resui(al),resui(al),𐌓𐌄𐌔𐌖𐌉(𐌀𐌋),,,,,0.000,clean,e972de97b506,1
2693,reusti(al),reusti(al),𐌓𐌄𐌖𐌔𐌕𐌉(𐌀𐌋),,,,,0.000,clean,43ecf622ff0e,1
2695,r(u)vsinas(a),r(u)vsinas(a),𐌓(𐌖)𐌅𐌔𐌉𐌍𐌀𐌔(𐌀),,,,,0.000,clean,578724555c15,1
2697,rutia,rutia,𐌓𐌖𐌕𐌉𐌀,rutia,mr-rutia,,,1.000,clean,a6cb773dea5d,1
2700,larthli(al),larθli(al),𐌋𐌀𐌓𐌈𐌋𐌉(𐌀𐌋),,,,,0.000,clean,1e42d626765a,1
2703,as(i)alise,as(i)alise,𐌀𐌔(𐌉)𐌀𐌋𐌉𐌔𐌄,,,,,0.000,clean,545df2b9c84b,1
2713,sapu l(autnitha),sapu l(autniθa),𐌔𐌀𐌐𐌖 𐌋(𐌀𐌖𐌕𐌍𐌉𐌈𐌀),sapu,,,,0.500,clean,68e0941451eb,1
2714,uipi(e)s(a),uipi(e)s(a),𐌖𐌉𐌐𐌉(𐌄)𐌔(𐌀),,mr-thanamrs-satneismr-uelsmr-uipiesdaughters-husband,,,0.000,clean,df847eac5a9d,1
2718,vetuniasa,vetuniasa,𐌅𐌄𐌕𐌖𐌍𐌉𐌀𐌔𐌀,vetuniasa,,,,1.000,clean,3a3b9e965691,1
2720,vetesa,vetesa,𐌅𐌄𐌕𐌄𐌔𐌀,vetesa,,,,1.000,clean,b40fdd5b3ff4,1
CIE 119,[f]ana minia avles cainal,ANASINIALVSINIES,,ANASINIALVSINIES,,,,1.000,clean,3f819066e452,1
CIE 123,A):MV[V]I[I]A[I]O,A):MV[V]I[I]A[I]O,𐌀):𐌌𐌅[𐌅]𐌉[𐌉]𐌀[𐌉]𐌏,,,,,0.000,clean,f798f01e14c6,1
CIE 124,····I·IJA9I··VIJ,····I·IJA9I··VIJ,,,,,,0.000,ocr_failed,0c66d47518f9,1
CIE 125,IAHVJ8·J·J9V,IAHVJ8·J·J9V,,,,,,0.000,ocr_failed,dbff431c9c1f,1
CIE 126,····ecse·v·alpvilisa·,····ecse·v·alpvilisa·,····𐌄𐌂𐌔𐌄·𐌅·𐌀𐌋𐌐𐌅𐌉𐌋𐌉𐌔𐌀·,ecse v alpvilisa,,,,1.000,clean,4d657009d41a,1
CIE 127,IXXJ8J9J8J9,IXXJ8J9J8J9,,,,,,0.000,ocr_failed,77980a459050,1
2779,tetine,tetine,𐌕𐌄𐌕𐌉𐌍𐌄,tetine,tetine,,,1.000,clean,f108860b95dc,1
2782,felsui(al),felsui(al),𐌚𐌄𐌋𐌔𐌖𐌉(𐌀𐌋),,,,,0.000,clean,7aeb626b5c74,1
2798,thani seprsnei(al) alnia(s),θani seprsnei(al) alnia(s),𐌈𐌀𐌍𐌉 𐌔𐌄𐌐𐌓𐌔𐌍𐌄𐌉(𐌀𐌋) 𐌀𐌋𐌍𐌉𐌀(𐌔),θani,,,,0.333,clean,cd628dddcfcc,1
2801,cicu(sa),cicu(sa),𐌂𐌉𐌂𐌖(𐌔𐌀),,mr-veinva,,,0.000,clean,991337893d1d,3
2805,arnth spltur(e) larth(i)al,arnθ spltur(e) larθ(i)al,𐌀𐌓𐌍𐌈 𐌔𐌐𐌋𐌕𐌖𐌓(𐌄) 𐌋𐌀𐌓𐌈(𐌉)𐌀𐌋,arnθ,,,,0.333,clean,ce066e7134f7,1
2808,larthi,larθi,𐌋𐌀𐌓𐌈𐌉,larθi,ms-larthi,,,1.000,clean,43cc77e6a66a,8
2809,krutpu{u}s,krutpu{u}s,𐌊𐌓𐌖𐌕𐌐𐌖{𐌖}𐌔,,,,,0.000,clean,0a2e19d5f67b,1
2825,teti(al),teti(al),𐌕𐌄𐌕𐌉(𐌀𐌋),,mr-larthiamrs-tetis,,,0.000,clean,1a14af7f5f0b,2
2829,a(rn)th tetina a(rn)th(us),a(rn)θ tetina a(rn)θ(us),𐌀(𐌓𐌍)𐌈 𐌕𐌄𐌕𐌉𐌍𐌀 𐌀(𐌓𐌍)𐌈(𐌖𐌔),tetina,,,,0.333,clean,1049e4136432,1
2834,peithn(i)al,peiθn(i)al,𐌐𐌄𐌉𐌈𐌍(𐌉)𐌀𐌋,,mr-aulevipinpamr-aules,,,0.000,clean,d2be0be5aa58,1
CIE 128,la[ri]s:fe[lm]u[········]salisa,la[ri]s:fe[lm]u[········]salisa,𐌋𐌀[𐌓𐌉]𐌔:𐌚𐌄[𐌋𐌌]𐌖[········]𐌔𐌀𐌋𐌉𐌔𐌀,,,,,0.000,clean,3ef0233a1a11,1
CIE 129,[JAIJAS·J·IHVAI·J],[JAIJAS·J·IHVAI·J],,,,,,0.000,needs_review,04afd5ae3ac0,1
CIE 130,fa....vnei.l.velanial....,fa....vnei.l.velanial....,𐌚𐌀....𐌅𐌍𐌄𐌉.𐌋.𐌅𐌄𐌋𐌀𐌍𐌉𐌀𐌋....,fa....vnei.l.velanial....,,,,1.000,clean,2cef03bdc9cf,1
CIE 131,....iu.s.prvini.fulvnal,....iu.s.prvini.fulvnal,....𐌉𐌖.𐌔.𐌐𐌓𐌅𐌉𐌍𐌉.𐌚𐌖𐌋𐌅𐌍𐌀𐌋,....iu.s.prvini.fulvnal,,,,1.000,clean,033c26fa01b5,1
CIE 132,....ll.e.s.flavial,....ll.e.s.flavial,....𐌋𐌋.𐌄.𐌔.𐌚𐌋𐌀𐌅𐌉𐌀𐌋,....ll.e.s.flavial,,,,1.000,clean,74b208025140,1
CIE 1985,A2INMYO:ANAO,A2INMYO:ANAO,,,,,,0.000,ocr_failed,0a12a2f0c766,1
2893,vipin(i)al,vipin(i)al,𐌅𐌉𐌐𐌉𐌍(𐌉)𐌀𐌋,,,,,0.000,clean,229e7593e9c8,7
2894,matiasa,matiasa,𐌌𐌀𐌕𐌉𐌀𐌔𐌀,matiasa,,,,1.000,clean,e344b275c43d,1
2903,veti(al),veti(al),𐌅𐌄𐌕𐌉(𐌀𐌋),,,,,0.000,clean,0327d22a8186,2
2906,th(an)a latuni(alisa) ucrislan(es),θ(an)a latuni(alisa) ucrislan(es),𐌈(𐌀𐌍)𐌀 𐌋𐌀𐌕𐌖𐌍𐌉(𐌀𐌋𐌉𐌔𐌀) 𐌖𐌂𐌓𐌉𐌔𐌋𐌀𐌍(𐌄𐌔),,,,,0.000,clean,60330c9ac387,1
2910,purcesa,purcesa,𐌐𐌖𐌓𐌂𐌄𐌔𐌀,purcesa,,,,1.000,clean,c0fa960b4c66,1
2924,zintta(s),zintta(s),𐌆𐌉𐌍𐌕𐌕𐌀(𐌔),,,,,0.000,clean,e1d484a48abd,1
2925,veiia vipv(e)sa,veiia vipv(e)sa,𐌅𐌄𐌉𐌉𐌀 𐌅𐌉𐌐𐌅(𐌄)𐌔𐌀,veiia,,,,0.500,clean,575e6de7415a,1
2926,mulsuna(s),mulsuna(s),𐌌𐌖𐌋𐌔𐌖𐌍𐌀(𐌔),,,,,0.000,clean,8ec3f7d01b60,1
2942,latinial,latinial,𐌋𐌀𐌕𐌉𐌍𐌉𐌀𐌋,latinial,,,,1.000,clean,836c589a0835,2
2946,tlesnei(al),tlesnei(al),𐌕𐌋𐌄𐌔𐌍𐌄𐌉(𐌀𐌋),,,,,0.000,clean,d64bdce41883,1
CIE 133,....ls.vipinal,....ls.vipinal,....𐌋𐌔.𐌅𐌉𐌐𐌉𐌍𐌀𐌋,....ls.vipinal,,,,1.000,clean,daf3aec2d87b,1
CIE 134,A....aei.Tf.lT,A....aei.Tf.lT,𐌀....𐌀𐌄𐌉.𐌕𐌚.𐌋𐌕,A....aei.Tf.lT,,,,1.000,clean,83e671b5bf86,1
CIE 135,....rgi.s....vixi[t anno]s.XI,....rgi.s....vixi[t anno]s.XI,,,,,,0.000,clean,a1a51883ba26,1
CIE 136,v[el]ane.ce[i]gnal.r[i].XXXX,v[el]ane.ce[i]gnal.r[i].XXXX,,,,,,0.000,clean,15b1d249b22e,1
CIE 137,[l]arθ.vel....l,[l]arθ.vel....l,[𐌋]𐌀𐌓𐌈.𐌅𐌄𐌋....𐌋,,,,,0.000,clean,84a9c51a8a35,1
CIE 138,av[.]lt....ll.cai[a]l.l[r]il....,av[.]lt....ll.cai[a]l.l[r]il....,𐌀𐌅[.]𐌋𐌕....𐌋𐌋.𐌂𐌀𐌉[𐌀]𐌋.𐌋[𐌓]𐌉𐌋....,,,,,0.000,clean,a39da064acad,1
CIE 139,a.call,a.call,𐌀.𐌂𐌀𐌋𐌋,a.call,,,,1.000,clean,0ed2b2d400ac,1
CIE 143,ΘIO·Ξ·V·IΛIΛ·ΛV·ΞΛ·VA·Ξ·Θ·OI,ΘIO·Ξ·V·IΛIΛ·ΛV·ΞΛ·VA·Ξ·Θ·OI,,,,,,0.000,needs_review,abf34d380b2c,1
2959,papasa a(rn)th(us) marcn(i)al,papasa a(rn)θ(us) marcn(i)al,𐌐𐌀𐌐𐌀𐌔𐌀 𐌀(𐌓𐌍)𐌈(𐌖𐌔) 𐌌𐌀𐌓𐌂𐌍(𐌉)𐌀𐌋,papasa,,,,0.333,clean,61beff49df0b,1
2963,tlesnas,tlesnas,𐌕𐌋𐌄𐌔𐌍𐌀𐌔,tlesnas,,,,1.000,clean,c67a8055cb03,1
2965,ar(rvntis),ar(rvntis),𐌀𐌓(𐌓𐌅𐌍𐌕𐌉𐌔),,,,,0.000,clean,d800886ce47f,1
2966,trepi(al) v(e)l(us),trepi(al) v(e)l(us),𐌕𐌓𐌄𐌐𐌉(𐌀𐌋) 𐌅(𐌄)𐌋(𐌖𐌔),,,,,0.000,clean,d43ba7f3549a,1
2979,tutnei(al) alethnas,tutnei(al) aleθnas,𐌕𐌖𐌕𐌍𐌄𐌉(𐌀𐌋) 𐌀𐌋𐌄𐌈𐌍𐌀𐌔,aleθnas,,,,0.500,clean,0c01132d6f5e,1
3007,turtesa,turtesa,𐌕𐌖𐌓𐌕𐌄𐌔𐌀,turtesa,mrs-ucirineis,,,1.000,clean,d64cf00bc9e2,1
3024,stenias(a),stenias(a),𐌔𐌕𐌄𐌍𐌉𐌀𐌔(𐌀),,,,,0.000,clean,4755fc4dfde5,1
3031,ucumzn(i)al,ucumzn(i)al,𐌖𐌂𐌖𐌌𐌆𐌍(𐌉)𐌀𐌋,,,,,0.000,clean,7e9358f71415,2
3283,n(atias),n(atias),𐌍(𐌀𐌕𐌉𐌀𐌔),,for-years,,,0.000,clean,1aba592ce2c1,1
CIE 144,ΘAΘAΛΛKI ΛAΘVHIΛAI ΘANIA HIIΘAΛVII a. ΘaΘaalki | laΘvhiikai b. Θania iiuiaΘi lin,ΘAΘAΛΛKI ΛAΘVHIΛAI ΘANIA HIIΘAΛVII a. ΘaΘaalki | laΘvhiikai b. Θania iiuiaΘi lin,,,,,,0.000,needs_review,05f0e1a10ad5,1
CIE 145,[laR]Θ RIXIX [aw]Θil,[laR]Θ RIXIX [aw]Θil,,,,,,0.000,needs_review,557512564df8,1
2992,luscna(s),luscna(s),𐌋𐌖𐌔𐌂𐌍𐌀(𐌔),,,,,0.000,clean,6dd2ccff6513,1
CIE 146,PT·HNNLVI,PT·HNNLVI,,PT HNNLVI,,,,1.000,clean,ae32827d9ebc,1
CIE 147,TΛT·MIΘH A·MIIΘLA ΘITΘTA intis·pap axelis·a t s v atetzc·,TΛT·MIΘH A·MIIΘLA ΘITΘTA intis·pap axelis·a t s v atetzc·,,,,,,0.000,needs_review,47daef8130a8,1
CIE 148,T·A M I ...ima·t,T·A M I ...ima·t,𐌕·𐌀 𐌌 𐌉 ...𐌉𐌌𐌀·𐌕,T A M I ...ima t,,,,1.000,clean,84f0cf225504,1
3070,trepi(e)sa,trepi(e)sa,𐌕𐌓𐌄𐌐𐌉(𐌄)𐌔𐌀,,mr-calisunia,,,0.000,clean,a30dcdd53729,1
3071,viscv(e)s,viscv(e)s,𐌅𐌉𐌔𐌂𐌅(𐌄)𐌔,,ms-tutni,,,0.000,clean,0014ed8931e0,1
3073,tetrui(al),tetrui(al),𐌕𐌄𐌕𐌓𐌖𐌉(𐌀𐌋),,mrs-tetruis,,,0.000,clean,6e3f1f41f2a5,1
3075,pilunice lautni(al),pilunice lautni(al),𐌐𐌉𐌋𐌖𐌍𐌉𐌂𐌄 𐌋𐌀𐌖𐌕𐌍𐌉(𐌀𐌋),pilunice,,,,0.500,clean,91c2ff5583a3,1
3076,venzile lautni(al),venzile lautni(al),𐌅𐌄𐌍𐌆𐌉𐌋𐌄 𐌋𐌀𐌖𐌕𐌍𐌉(𐌀𐌋),venzile,,,,0.500,clean,6f867c8e0279,1
3079,seiantial,seiantial,𐌔𐌄𐌉𐌀𐌍𐌕𐌉𐌀𐌋,seiantial,ms-tretnei,,,1.000,clean,407a562f6974,2
3085,muteni(alisa),muteni(alisa),𐌌𐌖𐌕𐌄𐌍𐌉(𐌀𐌋𐌉𐌔𐌀),,,,,0.000,clean,d9f880e64282,1
3092,larthi arntni(al),larθi arntni(al),𐌋𐌀𐌓𐌈𐌉 𐌀𐌓𐌍𐌕𐌍𐌉(𐌀𐌋),larθi,,,,0.500,clean,0576c9d29296,1
3125,la(u)tni,la(u)tni,𐌋𐌀(𐌖)𐌕𐌍𐌉,,,,,0.000,clean,2ab58e43c63b,3
CIE 149,ΘAVLINNA·SEX·F Q·Aulinna·Sex·f | Sab,ΘAVLINNA·SEX·F Q·Aulinna·Sex·f | Sab,,ΘAVLINNA SEX F Q Aulinna Sex f Sab,,,,1.000,clean,80a15113fb3d,1
CIE 150,II9·I·IVIV Θ·IANIAΘ·A a·cainai·Θulvi[a]Θ·ril·....,II9·I·IVIV Θ·IANIAΘ·A a·cainai·Θulvi[a]Θ·ril·....,,,,,,0.000,ocr_failed,3074538d2104,1
CIE 151,ΛNAΘ II9·IΘIIΛΘ T·ΞIIΘV Θana | cainai·ril | leine·L,ΛNAΘ II9·IΘIIΛΘ T·ΞIIΘV Θana | cainai·ril | leine·L,,,,,,0.000,ocr_failed,4b73e34da149,1
CIE 1986,CELETA:CLOLINHA,CELETA:CLOLINHA,,CELETA CLOLINHA,,,,1.000,clean,d16bcd3722c3,1
3193,felmui(alisa),felmui(alisa),𐌚𐌄𐌋𐌌𐌖𐌉(𐌀𐌋𐌉𐌔𐌀),,,,,0.000,clean,9be9512ef2a5,1
3194,v(e)lriasi(alisa),v(e)lriasi(alisa),𐌅(𐌄)𐌋𐌓𐌉𐌀𐌔𐌉(𐌀𐌋𐌉𐌔𐌀),,mrs-velriasis-daughtershusband,,,0.000,clean,d5e5d8f85eb8,1
3199,avzs,avzs,𐌀𐌅𐌆𐌔,avzs,faruae,,,1.000,clean,9b34bfbb4129,1
3205,laut(n)i(al),laut(n)i(al),𐌋𐌀𐌖𐌕(𐌍)𐌉(𐌀𐌋),,mr-fanathe-nameless-slavegirls,,,0.000,clean,32f94980a3a7,3
3206,elenei(al),elenei(al),𐌄𐌋𐌄𐌍𐌄𐌉(𐌀𐌋),,mr-velvelsiemrs-larthis,,,0.000,clean,4602bae0330b,1
3230,l(ar)th(ial),l(ar)θ(ial),𐌋(𐌀𐌓)𐌈(𐌉𐌀𐌋),,ms-fasimrs-larthismr-vels,,,0.000,clean,8294e1c5939c,9
3231,th(anasasa),θ(anasasa),𐌈(𐌀𐌍𐌀𐌔𐌀𐌔𐌀),,mr-aules-sons-wife,,,0.000,clean,5c0665b0bdbc,1
3251,a(rn)th,a(rn)θ,𐌀(𐌓𐌍)𐌈,,mr-arnth,,,0.000,clean,c80f3b04a01a,10
4040,petrui,petrui,𐌐𐌄𐌕𐌓𐌖𐌉,petrui,ms-petrui,,,1.000,clean,94281add80e7,3
3258,mi seniu(s),mi seniu(s),𐌌𐌉 𐌔𐌄𐌍𐌉𐌖(𐌔),mi,,,,0.500,clean,b7d339101e91,1
3264,turesa,turesa,𐌕𐌖𐌓𐌄𐌔𐌀,turesa,mr-cavires,,,1.000,clean,db1a5607f0ae,1
3265,ficine(s),ficine(s),𐌚𐌉𐌂𐌉𐌍𐌄(𐌔),,mrs-auniseis,,,0.000,clean,837032886827,1
3273,raes,raes,𐌓𐌀𐌄𐌔,raes,,,,1.000,clean,cb5a2a274b33,1
3278,vicei(e)s,vicei(e)s,𐌅𐌉𐌂𐌄𐌉(𐌄)𐌔,,,,,0.000,clean,c43fc63a29f9,1
CIE 152,C·CAECINA C·L·BARO V·A·XXXIIX C·Caecina | C·l·Baro | v·a·XXXIIX,C·CAECINA C·L·BARO V·A·XXXIIX C·Caecina | C·l·Baro | v·a·XXXIIX,,C CAECINA C L BARO V A XXXIIX C Caecina C l Baro v a XXXIIX,,,,1.000,clean,8a5541fa5556,1
CIE 153,XXX VΘΛΘ XXX ····caspu XXX,XXX VΘΛΘ XXX ····caspu XXX,,,,,,0.000,needs_review,51af12316d59,1
CIE 154,ABONI•VIX•ANNOS•XX,ABONI•VIX•ANNOS•XX,,ABONI VIX ANNOS XX,,,,1.000,clean,f4571215ab26,1
CIE 155,VXXXX•VIX•VITA8•ANDI8•A,VXXXX•VIX•VITA8•ANDI8•A,,,,,,0.000,ocr_failed,fe90db3ef867,1
CIE 156,AXX•9•VAB888•8•A•99•13HCI3•O,AXX•9•VAB888•8•A•99•13HCI3•O,,,,,,0.000,ocr_failed,cb7845d42d1d,1
CIE 157,AXX•J9••••I3HCI3•J,AXX•J9••••I3HCI3•J,,,,,,0.000,ocr_failed,627cddfd7e3e,1
CIE 1987,NNAI:OA A IAITEN,NNAI:OA A IAITEN,,NNAI OA A IAITEN,,,,1.000,clean,8e3a17f3b644,1
3322,r(amthas) (cltcu),r(amθas) (cltcu),𐌓(𐌀𐌌𐌈𐌀𐌔) (𐌂𐌋𐌕𐌂𐌖),,,,,0.000,clean,669633960183,1
3324,naperi(al),naperi(al),𐌍𐌀𐌐𐌄𐌓𐌉(𐌀𐌋),,of-ms-susni,,,0.000,clean,94921c1cf059,1
3327,presnte serturial,presnte serturial,𐌐𐌓𐌄𐌔𐌍𐌕𐌄 𐌔𐌄𐌓𐌕𐌖𐌓𐌉𐌀𐌋,presnte serturial,,,,1.000,clean,091f54ff7b2f,1
3427,trucaini(al),trucaini(al),𐌕𐌓𐌖𐌂𐌀𐌉𐌍𐌉(𐌀𐌋),,ms-serturi,,,0.000,clean,4556cb678d4b,1
3431,thealpe,θealpe,𐌈𐌄𐌀𐌋𐌐𐌄,θealpe,mr-arusathmus-daughters-husband,,,1.000,clean,2a034628abba,1
3435,tecsa(s),tecsa(s),𐌕𐌄𐌂𐌔𐌀(𐌔),,in-the-magistracyof-mr-tecsa,,,0.000,clean,d5a2d62be1e1,1
3523,surnei(al),surnei(al),𐌔𐌖𐌓𐌍𐌄𐌉(𐌀𐌋),,,,,0.000,clean,10190858a69c,1
CIE 158,IIXT•M•I9A•MI9O3•2•V•I3A9•AHAO,IIXT•M•I9A•MI9O3•2•V•I3A9•AHAO,,,,,,0.000,ocr_failed,fedc878061ab,1
CIE 159,IIXXXX•J9•J•I3HTVAJ•I9AJ,IIXXXX•J9•J•I3HTVAJ•I9AJ,,,,,,0.000,ocr_failed,14c9fcb5943d,1
CIE 162,JAOЯA:MVЯA:OЯAV,larθ:trepus:larθal,𐌋𐌀𐌓𐌈:𐌕𐌓𐌄𐌐𐌖𐌔:𐌋𐌀𐌓𐌈𐌀𐌋,larθ trepus larθal,,,,1.000,clean,42eec5a5cccf,1
CIE 163,2+4+8291:1+A+A9Y:A+A9,aθ:eθ:uθ:i:a:n:a:c,𐌀𐌈:𐌄𐌈:𐌖𐌈:𐌉:𐌀:𐌍:𐌀:𐌂,aθ eθ uθ i a n a c,,,,1.000,clean,8fd0cdc2dc93,1
CIE 164,AAM2V3:2:3:7JA8:,l:faθe:s:velusnal,𐌋:𐌚𐌀𐌈𐌄:𐌔:𐌅𐌄𐌋𐌖𐌔𐌍𐌀𐌋,l faθe s velusnal,,,,1.000,clean,e1aec45312e9,1
CIE 165,AM:L:L:L:L:A,am:l:l:l:l:a,𐌀𐌌:𐌋:𐌋:𐌋:𐌋:𐌀,am l l l l a,,,,1.000,clean,f5a3be9438dd,1
3486,sutrinei(al) raufi(e)s,sutrinei(al) raufi(e)s,𐌔𐌖𐌕𐌓𐌉𐌍𐌄𐌉(𐌀𐌋) 𐌓𐌀𐌖𐌚𐌉(𐌄)𐌔,,,,,0.000,clean,21f2ab98e283,1
3488,rafi(al) ar(n)th(us),rafi(al) ar(n)θ(us),𐌓𐌀𐌚𐌉(𐌀𐌋) 𐌀𐌓(𐌍)𐌈(𐌖𐌔),,mr-arnthmrs-rafismrarnths,,,0.000,clean,e772a45e0ea1,1
3490,iiiix,iiiix,𐌉𐌉𐌉𐌉𐌗,iiiix,,,,1.000,clean,8e54ec1bad5c,2
3491,ix} {,ix} {,𐌉𐌗} {,,,,,0.000,clean,ed171375d0bf,3
3689,vlesi(al),vlesi(al),𐌅𐌋𐌄𐌔𐌉(𐌀𐌋),,,,,0.000,clean,79efc699d041,1
3493,a(ulesa) rafi(al),a(ulesa) rafi(al),𐌀(𐌖𐌋𐌄𐌔𐌀) 𐌓𐌀𐌚𐌉(𐌀𐌋),,mrs-fastimr-aules-sons-wifemrs-rafisdaughtermr-larissdaughtermr-cacnies-sonssons-wife,,,0.000,clean,342afd213213,1
3500,rafi(al),rafi(al),𐌓𐌀𐌚𐌉(𐌀𐌋),,mr-aulemrs-rafismrscutunis-daughters-husband,,,0.000,clean,c75552f59ba4,3
3509,alfial,alfial,𐌀𐌋𐌚𐌉𐌀𐌋,alfial,,,,1.000,clean,efa564a67184,1
3513,velthuri(al) surnas,velθuri(al) surnas,𐌅𐌄𐌋𐌈𐌖𐌓𐌉(𐌀𐌋) 𐌔𐌖𐌓𐌍𐌀𐌔,surnas,,,,0.500,clean,8e369cfea73e,1
3515,surna vipial,surna vipial,𐌔𐌖𐌓𐌍𐌀 𐌅𐌉𐌐𐌉𐌀𐌋,surna vipial,,,,1.000,clean,d5d5b6e55296,1
CIE 166,MI:LS,mi:ls,𐌌𐌉:𐌋𐌔,mi ls,,,,1.000,clean,4f480ca416fd,1
CIE 167,///TIVS:VIXIT:ANNOS:LX,tivs:vixit:annos:lx,𐌕𐌉𐌅𐌔:𐌅𐌉𐌗𐌉𐌕:𐌀𐌍𐌍𐌏𐌔:𐌋𐌗,tivs vixit annos lx,,,,1.000,clean,1f3f37d0d573,1
CIE 168,MVVLV:TMMX:FAIXUMAMAI:NI. TMAΘAW. VΘΘW:A:M:E:L:L:A:M:M:A:M:A:Θ ATVAWAMMELIAMMAMIHA AΘIΘLUI LIVVTMMANALAMMIHA LIVVI,mvvlv:tmmx:faixumamai:ni. tmaθaw. vθθw:a:m:e:l:l:a:m:m:a:m:a:θ. atv:a:w:a:m:m:e:l:l:a:m:m:a:m:i:h:a. aθiθlui. livv:t:m:m:a:n:a:l:a:m:m:i:h:a. livv:i,,,,,,0.000,needs_review,a21aa456fe26,1
CIE 169,JANNA:Z,annae,𐌀𐌍𐌍𐌀𐌄,annae,,,,1.000,clean,0904e080b7ba,1
CIE 170,S:U:C:A:N:Y:S:X:I,s:u:c:a:n:y:s:x:i,,s u c a n y s x i,,,,1.000,clean,4ba2ac313ea6,1
CIE 171,UXA:L:A:L:A:M:I:N:V:A:P:X:J:A:V,u:x:a:l:a:l:a:m:i:n:v:a:p:x:j:a:v,,,,,,0.000,needs_review,79d42b76a177,1
CIE 172,L:V,l:v,𐌋:𐌅,l v,,,,1.000,clean,0dba3271ab39,1
3552,fvloni(vs),fvloni(vs),𐌚𐌅𐌋𐌏𐌍𐌉(𐌅𐌔),,,,,0.000,clean,6b8d2d7831ad,1
3612,larthi senithna(s),larθi seniθna(s),𐌋𐌀𐌓𐌈𐌉 𐌔𐌄𐌍𐌉𐌈𐌍𐌀(𐌔),larθi,,,,0.500,clean,9f59a31a5b78,1
3616,p(upli)z(a) velti(al),p(upli)z(a) velti(al),𐌐(𐌖𐌐𐌋𐌉)𐌆(𐌀) 𐌅𐌄𐌋𐌕𐌉(𐌀𐌋),,,,,0.000,clean,61fd5569af8b,1
3628,th(an)a pumpui(al) ar(nthus),θ(an)a pumpui(al) ar(nθus),𐌈(𐌀𐌍)𐌀 𐌐𐌖𐌌𐌐𐌖𐌉(𐌀𐌋) 𐌀𐌓(𐌍𐌈𐌖𐌔),,mr-thanamrs-pumpuismrs-plautis-daughters-husbandmr-arnthpumpus,,,0.000,clean,0768c4d42c1d,1
3629,pumpuni(al),pumpuni(al),𐌐𐌖𐌌𐌐𐌖𐌍𐌉(𐌀𐌋),,,,,0.000,clean,c63ff375c760,1
CIE 173,AHVMVHVH:OAV,AHVMVHVH:OAV,,AHVMVHVH OAV,,,,1.000,clean,3787ed81e99f,2
CIE 174,IVO | IMVHVV:IOAA | IVO | IMVHVV:IOAA | IVO | IMVHVV:IOAA,IVO | IMVHVV:IOAA | IVO | IMVHVV:IOAA | IVO | IMVHVV:IOAA,,IVO IMVHVV IOAA IVO IMVHVV IOAA IVO IMVHVV IOAA,,,,1.000,clean,e15ca0754200,1
CIE 1743,MAI:MA:S:SVA:SVA,MAI:MA:S:SVA:SVA,,MAI MA S SVA SVA,,,,1.000,clean,1e3dca50e4a2,1
CIE 1744,AHHVAI2993 A2AI9A,AHHVAI2993 A2AI9A,,,,,,0.000,ocr_failed,c19bcbe7b1a5,1
CIE 1745,SAIT:2AOMA9:IHVA:OJ,SAIT:2AOMA9:IHVA:OJ,,,,,,0.000,ocr_failed,5cd5ed139df3,1
CIE 1746,AUMU9A:IHM29A,AUMU9A:IHM29A,,,,,,0.000,ocr_failed,1a1a07dade68,1
CIE 1747,IHVM9A AAIJAS,IHVM9A AAIJAS,,,,,,0.000,ocr_failed,e3830d953b0c,1
CIE 1751,JAO9AS:INTNA:O9,JAO9AS:INTNA:O9,,,,,,0.000,ocr_failed,ae1904bdad59,1
CIE 1752,A2V2I:IHM9A,A2V2I:IHM9A,,,,,,0.000,ocr_failed,9fe72ab4f481,1
3679,numsi(e)s,numsi(e)s,𐌍𐌖𐌌𐌔𐌉(𐌄)𐌔,,numsie,,,0.000,clean,b860a95356c7,1
3680,salvial(isasa),salvial(isasa),𐌔𐌀𐌋𐌅𐌉𐌀𐌋(𐌉𐌔𐌀𐌔𐌀),,mrs-larthimrs-vipismrs-aulnis-sonswife,,,0.000,clean,9f7434706b24,1
3687,vlesi(al) ar(nthus),vlesi(al) ar(nθus),𐌅𐌋𐌄𐌔𐌉(𐌀𐌋) 𐌀𐌓(𐌍𐌈𐌖𐌔),,,,,0.000,clean,5b7b00d4bcee,1
3744,thania cascel(i)i,θania cascel(i)i,𐌈𐌀𐌍𐌉𐌀 𐌂𐌀𐌔𐌂𐌄𐌋(𐌉)𐌉,θania,,,,0.500,clean,99e22c832079,1
3747,c(aii) l(iberta) pvmpva,c(aii) l(iberta) pvmpva,𐌂(𐌀𐌉𐌉) 𐌋(𐌉𐌁𐌄𐌓𐌕𐌀) 𐌐𐌅𐌌𐌐𐌅𐌀,pvmpva,,,,0.333,clean,22c487628a47,1
17061,puci,puci,𐌐𐌖𐌂𐌉,puci,,,,1.000,clean,cd564334dcdf,1
3750,tarchi(e)s(a) l(autnith)a(sa),tarχi(e)s(a) l(autniθ)a(sa),𐌕𐌀𐌓𐌙𐌉(𐌄)𐌔(𐌀) 𐌋(𐌀𐌖𐌕𐌍𐌉𐌈)𐌀(𐌔𐌀),,mr-tlaputhe-nameless-,,,0.000,clean,38fd0217e35a,1
3751,thania harnvstia,θania harnvstia,𐌈𐌀𐌍𐌉𐌀 𐌇𐌀𐌓𐌍𐌅𐌔𐌕𐌉𐌀,θania harnvstia,,,,1.000,clean,448db2c57e50,1
CIE 1753,MAJ:A2I:2I8OA:I:IMAAJ9,MAJ:A2I:2I8OA:I:IMAAJ9,,,,,,0.000,ocr_failed,108a85e85dac,1
CIE 1754,𐌅𐌋:𐌀𐌓𐌍𐌕𐌍𐌉:𐌊𐌋𐌀𐌍𐌕𐌉:𐌀𐌓𐌍𐌕𐌍𐌀𐌋:,vl: arntni : clanti : arntnal :,𐌅𐌋: 𐌀𐌓𐌍𐌕𐌍𐌉 : 𐌂𐌋𐌀𐌍𐌕𐌉 : 𐌀𐌓𐌍𐌕𐌍𐌀𐌋 :,vl arntni clanti arntnal,,,,1.000,clean,f9c3950ace72,1
CIE 1755,𐌀𐌐:𐌀𐌓𐌍𐌕𐌍𐌉:𐌊𐌉𐌊𐌖𐌍:𐌐𐌀𐌋𐌐𐌄,aθ: arntni : cicun : palpe,𐌀𐌈: 𐌀𐌓𐌍𐌕𐌍𐌉 : 𐌂𐌉𐌂𐌖𐌍 : 𐌐𐌀𐌋𐌐𐌄,aθ arntni cicun palpe,,,,1.000,clean,3a479f5e3a76,1
CIE 1756,𐌋𐌐:𐌀𐌓𐌍𐌕𐌍𐌉:𐌊𐌓𐌄𐌉𐌊𐌄:𐌅𐌄𐌉𐌆𐌉𐌀𐌋:𐌋𐌉,lθ: arntni : creice : veizial : l𐌉,𐌋𐌈: 𐌀𐌓𐌍𐌕𐌍𐌉 : 𐌂𐌓𐌄𐌉𐌂𐌄 : 𐌅𐌄𐌉𐌆𐌉𐌀𐌋 : 𐌋𐌉,lθ arntni creice veizial l𐌉,,,,1.000,clean,04b78504bdc6,1
CIE 1757,𐌋𐌀𐌓𐌐𐌉:𐌅𐌄𐌉𐌆𐌉:𐌀𐌓𐌍𐌕𐌍𐌉𐌔𐌀:𐌊𐌓𐌄𐌉𐌊𐌄𐌔𐌀,larθi : veizi : arntnisa : || creicesa,𐌋𐌀𐌓𐌈𐌉 : 𐌅𐌄𐌉𐌆𐌉 : 𐌀𐌓𐌍𐌕𐌍𐌉𐌔𐌀 : || 𐌂𐌓𐌄𐌉𐌂𐌄𐌔𐌀,larθi veizi arntnisa creicesa,,,,1.000,clean,e80b287b414e,1
3785,upelsi(al),upelsi(al),𐌖𐌐𐌄𐌋𐌔𐌉(𐌀𐌋),,,,,0.000,clean,976520f264d8,1
3787,trazlui(al) upelsi(e)s,trazlui(al) upelsi(e)s,𐌕𐌓𐌀𐌆𐌋𐌖𐌉(𐌀𐌋) 𐌖𐌐𐌄𐌋𐌔𐌉(𐌄)𐌔,,,,,0.000,clean,b1b3d79b95f4,1
3791,puia(l),puia(l),𐌐𐌖𐌉𐌀(𐌋),,wifes,,,0.000,clean,d058f75779bc,3
3792,snutes(a),snutes(a),𐌔𐌍𐌖𐌕𐌄𐌔(𐌀),,mr-arnthmr-pupus,,,0.000,clean,285bd3285309,3
3793,snutes(a),snutes(a),𐌔𐌍𐌖𐌕𐌄𐌔(𐌀),,mr-snutes-daughters-husband,,,0.000,clean,285bd3285309,3
14895,snitla,snitla,𐌔𐌍𐌉𐌕𐌋𐌀,snitla,mr-sunitslave,,,1.000,clean,7c2f5db4cfb7,1
3797,snute(sa),snute(sa),𐌔𐌍𐌖𐌕𐌄(𐌔𐌀),,,,,0.000,clean,285bd3285309,3
3854,petrunial,petrunial,𐌐𐌄𐌕𐌓𐌖𐌍𐌉𐌀𐌋,petrunial,,,,1.000,clean,8f9fb0fd6f3f,3
3855,tites petruni(e)s,tites petruni(e)s,𐌕𐌉𐌕𐌄𐌔 𐌐𐌄𐌕𐌓𐌖𐌍𐌉(𐌄)𐌔,tites,mr-aulemr-titepetrunies,,,0.500,clean,376dbcaf970e,1
3863,v(e)l(ia) ti(te) famfn(i)al,v(e)l(ia) ti(te) famfn(i)al,𐌅(𐌄)𐌋(𐌉𐌀) 𐌕𐌉(𐌕𐌄) 𐌚𐌀𐌌𐌚𐌍(𐌉)𐌀𐌋,,,,,0.000,clean,d98768635a3f,1
3865,arnziu slaithes,arnziu slaiθes,𐌀𐌓𐌍𐌆𐌉𐌖 𐌔𐌋𐌀𐌉𐌈𐌄𐌔,arnziu slaiθes,,,,1.000,clean,e24997e5b3e8,1
CIE 1758,𐌅𐌄𐌋:𐌀𐌓𐌍𐌕𐌍𐌉:𐌋𐌀𐌕𐌉𐌍𐌉𐌀𐌋:𐌊𐌓𐌄𐌉𐌊𐌄𐌔𐌀,vel : arntni : latinial : creicesa,𐌅𐌄𐌋 : 𐌀𐌓𐌍𐌕𐌍𐌉 : 𐌋𐌀𐌕𐌉𐌍𐌉𐌀𐌋 : 𐌂𐌓𐌄𐌉𐌂𐌄𐌔𐌀,vel arntni latinial creicesa,,,,1.000,clean,9b9efdf0ce6e,1
CIE 1759,𐌅𐌄𐌋:𐌀𐌓𐌍𐌕𐌍𐌉:𐌋𐌀𐌕𐌉𐌍𐌉𐌀𐌋:,vel : arntni : latinial :,𐌅𐌄𐌋 : 𐌀𐌓𐌍𐌕𐌍𐌉 : 𐌋𐌀𐌕𐌉𐌍𐌉𐌀𐌋 :,vel arntni latinial,,,,1.000,clean,55fd9cf2c9ac,1
CIE 1760,𐌅𐌄𐌋:𐌀𐌓𐌍𐌕𐌍𐌉:𐌅𐌄𐌋𐌖𐌔𐌀:𐌀𐌉:,vel : arntni : velusa : ai :,𐌅𐌄𐌋 : 𐌀𐌓𐌍𐌕𐌍𐌉 : 𐌅𐌄𐌋𐌖𐌔𐌀 : 𐌀𐌉 :,vel arntni velusa ai,,,,1.000,clean,5351c9bc83bc,1
CIE 1761,𐌋𐌐:𐌀𐌓𐌍𐌕𐌍𐌉:𐌐𐌋𐌀𐌍𐌕𐌉𐌀𐌋:,lθ: arntni : plantial :,𐌋𐌈: 𐌀𐌓𐌍𐌕𐌍𐌉 : 𐌐𐌋𐌀𐌍𐌕𐌉𐌀𐌋 :,lθ arntni plantial,,,,1.000,clean,7ff26a5ffb41,1
CIE 1762,𐌋𐌐:𐌕𐌖𐌕𐌍𐌀𐌋:,lθ: tutnal:,𐌋𐌈: 𐌕𐌖𐌕𐌍𐌀𐌋:,lθ tutnal,,,,1.000,clean,dd95c5a0596d,1
3918,larthi pitiui(alisa),larθi pitiui(alisa),𐌋𐌀𐌓𐌈𐌉 𐌐𐌉𐌕𐌉𐌖𐌉(𐌀𐌋𐌉𐌔𐌀),larθi,mrs-larthimrs-caismrs-pitiuis-sonswife,,,0.500,clean,d4bc1f1dbc28,1
3920,marcnas,marcnas,𐌌𐌀𐌓𐌂𐌍𐌀𐌔,marcnas,,,,1.000,clean,d8543db7c45f,1
3922,velcznei(al),velcznei(al),𐌅𐌄𐌋𐌂𐌆𐌍𐌄𐌉(𐌀𐌋),,,,,0.000,clean,4a81965ee276,1
3929,olipor,olipor,𐌏𐌋𐌉𐌐𐌏𐌓,olipor,mr-oluss-slaveboy,,,1.000,clean,b79cc041d990,1
3932,luchumni(al),luχumni(al),𐌋𐌖𐌙𐌖𐌌𐌍𐌉(𐌀𐌋),,,,,0.000,clean,53244033d06d,1
3940,felvinati(al) upelsi(e)s,felvinati(al) upelsi(e)s,𐌚𐌄𐌋𐌅𐌉𐌍𐌀𐌕𐌉(𐌀𐌋) 𐌖𐌐𐌄𐌋𐌔𐌉(𐌄)𐌔,,,,,0.000,clean,d589e991a4c6,1
3951,atial,atial,𐌀𐌕𐌉𐌀𐌋,atial,,,,1.000,clean,1a73cfc74065,3
3962,vercnas(a),vercnas(a),𐌅𐌄𐌓𐌂𐌍𐌀𐌔(𐌀),,,,,0.000,clean,db1900ad434f,1
3966,semthni(alisa),semθni(alisa),𐌔𐌄𐌌𐌈𐌍𐌉(𐌀𐌋𐌉𐌔𐌀),,mr-aulemrs-semthnisdaughters-husbandmr-aules,,,0.000,clean,1dc8f9b9ca09,1
3968,semtni(al),semtni(al),𐌔𐌄𐌌𐌕𐌍𐌉(𐌀𐌋),,,,,0.000,clean,643770e8a692,1
CIE 1763,vl: arntni: tutnal: larθal,vl: arntni: tutnal: larθal,𐌅𐌋: 𐌀𐌓𐌍𐌕𐌍𐌉: 𐌕𐌖𐌕𐌍𐌀𐌋: 𐌋𐌀𐌓𐌈𐌀𐌋,vl arntni tutnal larθal,,,,1.000,clean,df574383c726,1
CIE 1764,larθni: tutnal,larθni: tutnal,𐌋𐌀𐌓𐌈𐌍𐌉: 𐌕𐌖𐌕𐌍𐌀𐌋,larθni tutnal,,,,1.000,clean,14f4b806f19d,1
CIE 1765,ana: arntnei: tutnal: vl: papasna: puia,ana: arntnei: tutnal: vl: papasna: puia,𐌀𐌍𐌀: 𐌀𐌓𐌍𐌕𐌍𐌄𐌉: 𐌕𐌖𐌕𐌍𐌀𐌋: 𐌅𐌋: 𐌐𐌀𐌐𐌀𐌔𐌍𐌀: 𐌐𐌖𐌉𐌀,ana arntnei tutnal vl papasna puia,,,,1.000,clean,230b361886de,1
CIE 1766,ana: tutnei: arntnisa,ana: tutnei: arntnisa,𐌀𐌍𐌀: 𐌕𐌖𐌕𐌍𐌄𐌉: 𐌀𐌓𐌍𐌕𐌍𐌉𐌔𐌀,ana tutnei arntnisa,,,,1.000,clean,ca0cfcc9ec20,1
CIE 189,ΛRΘΛΛIΛS:ΛRΘΛΛIΛSΛ,laris·vete·larθalisa,𐌋𐌀𐌓𐌉𐌔·𐌅𐌄𐌕𐌄·𐌋𐌀𐌓𐌈𐌀𐌋𐌉𐌔𐌀,laris vete larθalisa,,,,1.000,clean,d7b66747673d,1
4028,lecusti,lecusti,𐌋𐌄𐌂𐌖𐌔𐌕𐌉,lecusti,,,,1.000,clean,38e4764e9081,1
4034,petruni(e)s,petruni(e)s,𐌐𐌄𐌕𐌓𐌖𐌍𐌉(𐌄)𐌔,,mr-thanamrs-sentinatisdaughters-husbandmrpetrunies,,,0.000,clean,ce531b952253,2
4036,trila,trila,𐌕𐌓𐌉𐌋𐌀,trila,mr-luciusanniustrilamrcaiussson,,,1.000,clean,f330fb794d49,1
4037,triile,triile,𐌕𐌓𐌉𐌉𐌋𐌄,triile,,,,1.000,clean,35aaa922f003,1
4049,nurziu(s),nurziu(s),𐌍𐌖𐌓𐌆𐌉𐌖(𐌔),,,,,0.000,clean,337156c3ef07,1
4051,rafe(s) vipiaz(a),rafe(s) vipiaz(a),𐌓𐌀𐌚𐌄(𐌔) 𐌅𐌉𐌐𐌉𐌀𐌆(𐌀),,,,,0.000,clean,11c83c1f7b07,1
4060,vi(pe) ma(rces),vi(pe) ma(rces),𐌅𐌉(𐌐𐌄) 𐌌𐌀(𐌓𐌂𐌄𐌔),,,,,0.000,clean,2befb05b617a,1
4061,felsci(al),felsci(al),𐌚𐌄𐌋𐌔𐌂𐌉(𐌀𐌋),,,,,0.000,clean,192356d2483a,1
4074,larstial,larstial,𐌋𐌀𐌓𐌔𐌕𐌉𐌀𐌋,larstial,,,,1.000,clean,1459a6675cad,2
CIE 1768,larθ: arntni: śepusa,larθ: arntni: śepusa,𐌋𐌀𐌓𐌈: 𐌀𐌓𐌍𐌕𐌍𐌉: 𐌑𐌄𐌐𐌖𐌔𐌀,larθ arntni śepusa,,,,1.000,clean,db048efe48b9,1
CIE 1769,vl: arntni: senθial: cumer,vl: arntni: senθial: cumer,𐌅𐌋: 𐌀𐌓𐌍𐌕𐌍𐌉: 𐌔𐌄𐌍𐌈𐌉𐌀𐌋: 𐌂𐌖𐌌𐌄𐌓,vl arntni senθial cumer,,,,1.000,clean,11037fcc6607,1
CIE 176a,39V018X1X7XMV--- 3913V91XWIMAI--- 191391X1 W-A),39V018X1X7XMV--- 3913V91XWIMAI--- 191391X1 W-A),,,,,,0.000,ocr_failed,32c341cb4efe,1
CIE 1890,larθi:caine:vecia,larθi:caine:vecia,𐌋𐌀𐌓𐌈𐌉:𐌂𐌀𐌉𐌍𐌄:𐌅𐌄𐌂𐌉𐌀,larθi caine vecia,,,,1.000,clean,f7d74cc7819a,1
4118,afli(al),afli(al),𐌀𐌚𐌋𐌉(𐌀𐌋),,mr-larthiamrs-aflismrs-arznis-daughters-husbandmr-anainas,,,0.000,clean,330069a31129,1
4126,v(e)l(ia) veti(al),v(e)l(ia) veti(al),𐌅(𐌄)𐌋(𐌉𐌀) 𐌅𐌄𐌕𐌉(𐌀𐌋),,,,,0.000,clean,4c263eeef397,1
4127,veti(as),veti(as),𐌅𐌄𐌕𐌉(𐌀𐌔),,,,,0.000,clean,3e0c0ff42166,1
4128,vescn(i)al(isasa),vescn(i)al(isasa),𐌅𐌄𐌔𐌂𐌍(𐌉)𐌀𐌋(𐌉𐌔𐌀𐌔𐌀),,,,,0.000,clean,d20f9dfea3dc,1
4444,sauturines,sauturines,𐌔𐌀𐌖𐌕𐌖𐌓𐌉𐌍𐌄𐌔,sauturines,,,,1.000,clean,9ab0ba4749c2,1
4131,l(ar)th velcznei(al),l(ar)θ velcznei(al),𐌋(𐌀𐌓)𐌈 𐌅𐌄𐌋𐌂𐌆𐌍𐌄𐌉(𐌀𐌋),,,,,0.000,clean,34d09345b927,1
4133,varnei(al) lethial,varnei(al) leθial,𐌅𐌀𐌓𐌍𐌄𐌉(𐌀𐌋) 𐌋𐌄𐌈𐌉𐌀𐌋,leθial,,,,0.500,clean,33983f56ee45,1
4134,th(an)a paniathi(al),θ(an)a paniaθi(al),𐌈(𐌀𐌍)𐌀 𐌐𐌀𐌍𐌉𐌀𐌈𐌉(𐌀𐌋),,mr-thanamrs-paniathismr-velchznas,,,0.000,clean,fc15cf9dc3c6,1
4140,l(ar)th setri(al) velthurnas,l(ar)θ setri(al) velθurnas,𐌋(𐌀𐌓)𐌈 𐌔𐌄𐌕𐌓𐌉(𐌀𐌋) 𐌅𐌄𐌋𐌈𐌖𐌓𐌍𐌀𐌔,velθurnas,,,,0.333,clean,e1d542a3bcc2,1
4143,se(th) venete,se(θ) venete,𐌔𐌄(𐌈) 𐌅𐌄𐌍𐌄𐌕𐌄,venete,,,,0.500,clean,683c76f391fd,1
CIE 176b,ABCDECIEOIKLMNBO----MVMIMEMUNVa b c d e v i h θ i,ABCDECIEOIKLMNBO----MVMIMEMUNVa b c d e v i h θ i,,b c d e v i h θ i,,,,0.900,clean,89f986325c2d,1
CIE 176c,}VAJXIVMMAXAIMmi la lauχa.....mi a kaθ,}VAJXIVMMAXAIMmi la lauχa.....mi a kaθ,,,,,,0.000,needs_review,4c06c3642b52,1
CIE 1770,𐌋𐌀𐌓𐌕𐌉𐌀𐌉𐌀𐌋:𐌀𐌓𐌕𐌍𐌉𐌀𐌉:𐌔𐌄𐌉𐌀𐌕𐌉𐌀𐌋,larθiaial:arθniai:seiaθial | sec,𐌋𐌀𐌓𐌈𐌉𐌀𐌉𐌀𐌋:𐌀𐌓𐌈𐌍𐌉𐌀𐌉:𐌔𐌄𐌉𐌀𐌈𐌉𐌀𐌋 | 𐌔𐌄𐌂,larθiaial arθniai seiaθial sec,,,,1.000,clean,f28f8888d89f,1
4197,asles,asles,𐌀𐌔𐌋𐌄𐌔,asles,youin-the-tomb,,,1.000,clean,be0b849df0e1,1
4203,casuntinial,casuntinial,𐌂𐌀𐌔𐌖𐌍𐌕𐌉𐌍𐌉𐌀𐌋,casuntinial,,,,1.000,clean,f1930322a28b,1
4209,amthni capznas,amθni capznas,𐌀𐌌𐌈𐌍𐌉 𐌂𐌀𐌐𐌆𐌍𐌀𐌔,amθni capznas,,,,1.000,clean,f49a17ee2879,1
4213,se(th) ancari(al),se(θ) ancari(al),𐌔𐌄(𐌈) 𐌀𐌍𐌂𐌀𐌓𐌉(𐌀𐌋),,,,,0.000,clean,d3f11ed3dfc9,1
4218,cacni(e)s,cacni(e)s,𐌂𐌀𐌂𐌍𐌉(𐌄)𐌔,,,,,0.000,clean,1d35ab285218,1
4277,larthi caia(s) pumpuni(al),larθi caia(s) pumpuni(al),𐌋𐌀𐌓𐌈𐌉 𐌂𐌀𐌉𐌀(𐌔) 𐌐𐌖𐌌𐌐𐌖𐌍𐌉(𐌀𐌋),larθi,,,,0.333,clean,80c5fcae467a,1
4278,caith(i)o c(aii),caiθ(i)o c(aii),𐌂𐌀𐌉𐌈(𐌉)𐌏 𐌂(𐌀𐌉𐌉),,,,,0.000,clean,ec183972e559,1
4283,l(ar)th calisnei(al) capevanes,l(ar)θ calisnei(al) capevanes,𐌋(𐌀𐌓)𐌈 𐌂𐌀𐌋𐌉𐌔𐌍𐌄𐌉(𐌀𐌋) 𐌂𐌀𐌐𐌄𐌅𐌀𐌍𐌄𐌔,capevanes,,,,0.333,clean,c5d9fcde1ef0,1
4293,rafial,rafial,𐌓𐌀𐌚𐌉𐌀𐌋,rafial,,,,1.000,clean,c75552f59ba4,3
4301,fa(stia) cestnei(alisa),fa(stia) cestnei(alisa),𐌚𐌀(𐌔𐌕𐌉𐌀) 𐌂𐌄𐌔𐌕𐌍𐌄𐌉(𐌀𐌋𐌉𐌔𐌀),,,,,0.000,clean,42645ad8ccb5,1
4481,t(it)i(al),t(it)i(al),𐌕(𐌉𐌕)𐌉(𐌀𐌋),,mr-thanamrs-titis,,,0.000,clean,3c26a24322ca,1
CIE 1771,𐌉𐌍𐌉𐌅𐌔𐌄𐌀𐌀𐌕𐌄𐌀 𐌉𐌀𐌉𐌏𐌔𐌄𐌀𐌀,inivqaaθa | iaioqaa | [v]el arntni | vel θial,𐌉𐌍𐌉𐌅𐌒𐌀𐌀𐌈𐌀 | 𐌉𐌀𐌉𐌏𐌒𐌀𐌀 | [𐌅]𐌄𐌋 𐌀𐌓𐌍𐌕𐌍𐌉 | 𐌅𐌄𐌋 𐌈𐌉𐌀𐌋,inivqaaθa iaioqaa arntni vel θial,,,,0.833,clean,a861fbd96380,1
CIE 1772,a) LARTH HASTIA SCANIA HASTIA SCANIA b) LARTH· ANTIA·SCAN· ·ASTLAC···,a) LARTH HASTIA SCANIA HASTIA SCANIA b) LARTH· ANTIA·SCAN· ·ASTLAC···,,LARTH HASTIA SCANIA HASTIA SCANIA LARTH ANTIA SCAN ASTLAC,,,,0.818,clean,6916e7aa20f4,1
CIE 1773,𐌋𐌀𐌍𐌕𐌉𐌀:𐌔𐌄𐌉𐌀,[s]ans[v]i:arntni,[𐌔]𐌀𐌍𐌔[𐌅]𐌉:𐌀𐌓𐌍𐌕𐌍𐌉,arntni,,,,0.500,clean,776b41676300,1
CIE 1774,𐌂𐌀𐌓𐌓𐌉,C·Arri,,C Arri,,,,1.000,clean,b344e3bbf7ba,1
4373,fuzetnei(al),fuzetnei(al),𐌚𐌖𐌆𐌄𐌕𐌍𐌄𐌉(𐌀𐌋),,mr-thanamrs-fuzetneismr-fethius,,,0.000,clean,b6e1e624e373,1
4382,atnei(e)s(a),atnei(e)s(a),𐌀𐌕𐌍𐌄𐌉(𐌄)𐌔(𐌀),,,,,0.000,clean,f16adc99e62c,1
4386,lethial,leθial,𐌋𐌄𐌈𐌉𐌀𐌋,leθial,,,,1.000,clean,90ce1f205461,6
4443,sauturine ar(nthus),sauturine ar(nθus),𐌔𐌀𐌖𐌕𐌖𐌓𐌉𐌍𐌄 𐌀𐌓(𐌍𐌈𐌖𐌔),sauturine,,,,0.500,clean,e6408d44a4b0,1
4453,larthi,larθi,𐌋𐌀𐌓𐌈𐌉,larθi,ms-larthi,,,1.000,clean,43cc77e6a66a,8
4455,vesi(al),vesi(al),𐌅𐌄𐌔𐌉(𐌀𐌋),,mr-thanamrs-vesis,,,0.000,clean,7fd2ac6a64ea,3
4460,serturus,serturus,𐌔𐌄𐌓𐌕𐌖𐌓𐌖𐌔,serturus,mr-arnthmr-serturusmrs-cacnis,,,1.000,clean,4c54c9ce503d,2
4461,thafnas,θafnas,𐌈𐌀𐌚𐌍𐌀𐌔,θafnas,,,,1.000,clean,2c6588b08c7b,1
4465,tatnei(al) spurinas,tatnei(al) spurinas,𐌕𐌀𐌕𐌍𐌄𐌉(𐌀𐌋) 𐌔𐌐𐌖𐌓𐌉𐌍𐌀𐌔,spurinas,,,,0.500,clean,cf0c16da6dd7,1
4468,surti(al),surti(al),𐌔𐌖𐌓𐌕𐌉(𐌀𐌋),,mr-veiliamrs-surtis,,,0.000,clean,bfb8861de760,1
4477,capznas,capznas,𐌂𐌀𐌐𐌆𐌍𐌀𐌔,capznas,,,,1.000,clean,3a96d5a19c0c,1
CIE 1775,𐌀𐌓𐌓𐌉𐌀·𐌄𐌔,Arriaes,,Arriaes,,,,1.000,clean,8809fb8326f2,1
CIE 1776,𐌀𐌓𐌓𐌉𐌀·𐌏·𐌋· 𐌐𐌄𐌑𐌀𐌕𐌉𐌏,Arria·O·L· | Philematio,,Arria O L Philematio,,,,1.000,clean,eaeb4beb5703,1
CIE 1777,𐌀𐌓𐌍·𐌀𐌓𐌉𐌔 𐌔𐌀𐌄𐌉𐌍𐌀𐌋,Arn·Aris | Saeinal,,Arn Aris Saeinal,,,,1.000,clean,a28e17634247,1
CIE 1778,AHITQA.A VAHIYAV,AHITQA.A VAHIYAV,,AHITQA.A VAHIYAV,,,,1.000,clean,244b8002704d,1
CIE 1779,MANTIQ A.IHIQVA.AIHAO,MANTIQ A.IHIQVA.AIHAO,,MANTIQ A.IHIQVA.AIHAO,,,,1.000,clean,dcdc08cb095e,1
15288,lairis,lairis,𐌋𐌀𐌉𐌓𐌉𐌔,lairis,,,,1.000,clean,961853aea963,1
4498,larthi turpli(al),larθi turpli(al),𐌋𐌀𐌓𐌈𐌉 𐌕𐌖𐌓𐌐𐌋𐌉(𐌀𐌋),larθi,,,,0.500,clean,6727edf20ced,1
4499,turpli(al),turpli(al),𐌕𐌖𐌓𐌐𐌋𐌉(𐌀𐌋),,mr-arnthmrs-turplismr-lariss,,,0.000,clean,a3b52597130c,1
4551,thanvi(alisa) therini(alisasa),θanvi(alisa) θerini(alisasa),𐌈𐌀𐌍𐌅𐌉(𐌀𐌋𐌉𐌔𐌀) 𐌈𐌄𐌓𐌉𐌍𐌉(𐌀𐌋𐌉𐌔𐌀𐌔𐌀),,,,,0.000,clean,5eaeb698e1e5,1
4553,pupln(i)al,pupln(i)al,𐌐𐌖𐌐𐌋𐌍(𐌉)𐌀𐌋,,ms-arnthni,,,0.000,clean,f945b252e9ff,1
4562,flezr(eial),flezr(eial),𐌚𐌋𐌄𐌆𐌓(𐌄𐌉𐌀𐌋),,,,,0.000,clean,4f867a1f4fc2,1
4565,favstio,favstio,𐌚𐌀𐌅𐌔𐌕𐌉𐌏,favstio,for-the-throat,,,1.000,clean,a2f685610f6a,1
4567,c(vm) v(ngvento),c(vm) v(ngvento),,,bon-cintcum,,,0.000,clean,e5a6c6feb08c,1
4569,svtvs,svtvs,𐌔𐌅𐌕𐌅𐌔,svtvs,pitch,,,1.000,clean,71f106aadb9d,1
4591,uisc(ial),uisc(ial),𐌖𐌉𐌔𐌂(𐌉𐌀𐌋),,,,,0.000,clean,c6cedd87c000,1
4594,lethiu fiu(sa),leθiu fiu(sa),𐌋𐌄𐌈𐌉𐌖 𐌚𐌉𐌖(𐌔𐌀),leθiu,,,,0.500,clean,df733543467a,1
4602,celiu(s),celiu(s),𐌂𐌄𐌋𐌉𐌖(𐌔),,mr-seflatna,,,0.000,clean,ae5d51dbd463,1
4609,pulzia(s),pulzia(s),𐌐𐌖𐌋𐌆𐌉𐌀(𐌔),,mr-pulzias,,,0.000,clean,10d0cf725362,1
CIE 178,AƦNΘAOMΘA·ƦIƎƦI·VNAΘ MAIAS,ArNΘAOMΘA·rIerI·VNAΘ MAIAS,,ArNΘAOMΘA rIerI VNAΘ MAIAS,,,,1.000,clean,baf699622cd8,1
CIE 1780,IMIA+A.OV IAZI9AV IANHV+239,IMIA+A.OV IAZI9AV IANHV+239,,,,,,0.000,ocr_failed,d78eec5bc545,1
CIE 1781,IEMIATA,IEMIATA,,IEMIATA,,,,1.000,clean,aa27812dc684,1
14896,--elthurpr----------,--elθurpr----------,--𐌄𐌋𐌈𐌖𐌓𐌐𐌓----------,,mr-velthurpriumna,,,0.000,clean,74a4c43e4cb6,1
CIE 1784,a. VJV8.I+A:J3I b. VJ3I:2ITHI:3AD:J3I,a. VJV8.I+A:J3I b. VJ3I:2ITHI:3AD:J3I,,,,,,0.000,ocr_failed,f09c61b6bfb9,1
CIE 1785,AZATA:AIT9I:I+Z A8,AZATA:AIT9I:I+Z A8,,,,,,0.000,ocr_failed,c4a56c171d86,1
CIE 1786,AMITAANAC,AMITAANAC,,AMITAANAC,,,,1.000,clean,fcab9b28e504,1
4664,arnth(i)alisa,arnθ(i)alisa,𐌀𐌓𐌍𐌈(𐌉)𐌀𐌋𐌉𐌔𐌀,,mrs-arnthis-sons-wife,,,0.000,clean,6de74c2ea28e,6
4668,fapisne(s),fapisne(s),𐌚𐌀𐌐𐌉𐌔𐌍𐌄(𐌔),,forthe-king,,,0.000,clean,c7074ded75c8,1
4669,paethinia,paeθinia,𐌐𐌀𐌄𐌈𐌉𐌍𐌉𐌀,paeθinia,,,,1.000,clean,37975b9cdec2,2
4670,paethinia,paeθinia,𐌐𐌀𐌄𐌈𐌉𐌍𐌉𐌀,paeθinia,paethinia,,,1.000,clean,37975b9cdec2,2
4671,seiante trepu(s),seiante trepu(s),𐌔𐌄𐌉𐌀𐌍𐌕𐌄 𐌕𐌓𐌄𐌐𐌖(𐌔),seiante,,,,0.500,clean,9d6bd8a905c7,1
4675,latithe(s) arnth(i)al,latiθe(s) arnθ(i)al,𐌋𐌀𐌕𐌉𐌈𐌄(𐌔) 𐌀𐌓𐌍𐌈(𐌉)𐌀𐌋,,,,,0.000,clean,a1d1943e74d9,1
4678,a(rn)th(i)al,a(rn)θ(i)al,𐌀(𐌓𐌍)𐌈(𐌉)𐌀𐌋,,mrs-arnthis,,,0.000,clean,348cedc0cd11,11
4970,mi,mi,𐌌𐌉,mi,ifor-mr-velturskanesna,,,1.000,clean,eee1c1ade652,9
CIE 1787,METAMITA:AIT:ZAQ,METAMITA:AIT:ZAQ,,METAMITA AIT ZAQ,,,,1.000,clean,27d8d8bb85b0,1
CIE 1788,QALVMVI:HAMITA:QIMAQ,QALVMVI:HAMITA:QIMAQ,,QALVMVI HAMITA QIMAQ,,,,1.000,clean,c485f4bf05e5,1
CIE 1789,TVI:QVAQ ANIKALEN AMAT,TVI:QVAQ ANIKALEN AMAT,,TVI QVAQ ANIKALEN AMAT,,,,1.000,clean,ca74f5ab8ee7,1
CIE 179,AΘAƦAƦIƎƦI·VNAΘA,AΘArArIerI·VNAΘA,,AΘArArIerI VNAΘA,,,,1.000,clean,579e7ce1bbd4,1
CIE 1790,QORP:VSAMNA,QORP:VSAMNA,,QORP VSAMNA,,,,1.000,clean,de3d0b293da1,1
CIE 1791,AVIVVAQAGAJ IVOVMA,AVIVVAQAGAJ IVOVMA,,,,,,0.000,needs_review,e7a2ed795cfb,1
4695,pupu(i)al,pupu(i)al,𐌐𐌖𐌐𐌖(𐌉)𐌀𐌋,,,,,0.000,clean,0ae9959f3fd7,1
4701,v(el)i(al),v(el)i(al),𐌅(𐌄𐌋)𐌉(𐌀𐌋),,mr-thanamr-fasties,,,0.000,clean,d67786175d7c,1
4702,anin(i)al,anin(i)al,𐌀𐌍𐌉𐌍(𐌉)𐌀𐌋,,mrs-aninis,,,0.000,clean,baa116ee4523,1
4760,fuluni(alisa),fuluni(alisa),𐌚𐌖𐌋𐌖𐌍𐌉(𐌀𐌋𐌉𐌔𐌀),,,,,0.000,clean,c1dad52fad5b,1
4763,l(ar)th cultanei(al) tetinasa,l(ar)θ cultanei(al) tetinasa,𐌋(𐌀𐌓)𐌈 𐌂𐌖𐌋𐌕𐌀𐌍𐌄𐌉(𐌀𐌋) 𐌕𐌄𐌕𐌉𐌍𐌀𐌔𐌀,tetinasa,,,,0.333,clean,62cb6e2c6f06,1
4769,c(a(i)i) avfid(i)i c(a(i)i),c(a(i)i) avfid(i)i c(a(i)i),𐌂(𐌀(𐌉)𐌉) 𐌀𐌅𐌚𐌉𐌃(𐌉)𐌉 𐌂(𐌀(𐌉)𐌉),,examiner-of-entrails,,,0.000,clean,70d12b0c59e7,1
4772,c(aii) l(ibertvs),c(aii) l(ibertvs),𐌂(𐌀𐌉𐌉) 𐌋(𐌉𐌁𐌄𐌓𐌕𐌅𐌔),,mr-caiusvettiusplinthamrcaiussfreedman,,,0.000,clean,fb2065be527d,1
4798,petrui(al),petrui(al),𐌐𐌄𐌕𐌓𐌖𐌉(𐌀𐌋),,mrs-petruis,,,0.000,clean,725f6cbc836d,3
4804,v(e)l(ia) velsi(al),v(e)l(ia) velsi(al),𐌅(𐌄)𐌋(𐌉𐌀) 𐌅𐌄𐌋𐌔𐌉(𐌀𐌋),,,,,0.000,clean,26d68459c6bc,1
4813,pruciu(s),pruciu(s),𐌐𐌓𐌖𐌂𐌉𐌖(𐌔),,ms-larthi,,,0.000,clean,61b8dd73a0dc,1
CIE 1792,EVA:QNAA,EVA:QNAA,,EVA QNAA,,,,1.000,clean,e9b6f492780b,1
CIE 1793,IAIQAN:MEVVA[....],IAIQAN:MEVVA[....],,IAIQAN,,,,0.500,clean,b22089a962fb,1
CIE 1794,ANAQ AILVA ZAQIAQ A,ANAQ AILVA ZAQIAQ A,,ANAQ AILVA ZAQIAQ A,,,,1.000,clean,1a9bceb8212b,1
CIE 1795,AIVVA:AINAAO MYAQ MVAQ MIHVAQ IN+VA,AIVVA:AINAAO MYAQ MVAQ MIHVAQ IN+VA,,,,,,0.000,ocr_failed,fb79401d2251,1
CIE 1796,ANVA IAVATI,ANVA IAVATI,,ANVA IAVATI,,,,1.000,clean,8473936f6800,1
CIE 1891,larθi:cainei:axrumiasa,larθi:cainei:axrumiasa,𐌋𐌀𐌓𐌈𐌉:𐌂𐌀𐌉𐌍𐌄𐌉:𐌀𐌗𐌓𐌖𐌌𐌉𐌀𐌔𐌀,larθi cainei axrumiasa,,,,1.000,clean,96224586212f,1
4852,meinei(al),meinei(al),𐌌𐌄𐌉𐌍𐌄𐌉(𐌀𐌋),,mr-thanamrs-meineismrs-varnis-daughters-husband,,,0.000,clean,cd4bcada9c24,1
4854,larthi puia,larθi puia,𐌋𐌀𐌓𐌈𐌉 𐌐𐌖𐌉𐌀,larθi puia,mrs-larthimrs-carneis,,,1.000,clean,dee8a0ba09c3,1
4856,thani patislani(alisa),θani patislani(alisa),𐌈𐌀𐌍𐌉 𐌐𐌀𐌕𐌉𐌔𐌋𐌀𐌍𐌉(𐌀𐌋𐌉𐌔𐌀),θani,mrs-thanimr-aulesdaughtermrs-patislanis-sons-wifemrsveluisdaughter,,,0.500,clean,749e474fb1ff,1
4862,thania larci(al),θania larci(al),𐌈𐌀𐌍𐌉𐌀 𐌋𐌀𐌓𐌂𐌉(𐌀𐌋),θania,,,,0.500,clean,3fdafecc0c3f,1
4915,calisn(i)al,calisn(i)al,𐌂𐌀𐌋𐌉𐌔𐌍(𐌉)𐌀𐌋,,,,,0.000,clean,6b1f5a9890e3,3
4917,s(a)nsiusa,s(a)nsiusa,𐌔(𐌀)𐌍𐌔𐌉𐌖𐌔𐌀,,bmrs-aulimr-verisnas-sons-,,,0.000,clean,3aacb7637c22,1
4930,nemu,nemu,𐌍𐌄𐌌𐌖,nemu,,,,1.000,clean,da27ee0f7148,1
4945,mi larthiza(s),mi larθiza(s),𐌌𐌉 𐌋𐌀𐌓𐌈𐌉𐌆𐌀(𐌔),mi,,,,0.500,clean,ff68be37a027,1
4947,mi,mi,𐌌𐌉,mi,imr-aranthiathanursies,,,1.000,clean,eee1c1ade652,9
4966,mi fulchenas velthuruscles,mi fulχenas velθuruscles,𐌌𐌉 𐌚𐌖𐌋𐌙𐌄𐌍𐌀𐌔 𐌅𐌄𐌋𐌈𐌖𐌓𐌖𐌔𐌂𐌋𐌄𐌔,mi fulχenas velθuruscles,imr-larthiafulchenasmr-velthursons,,,1.000,clean,57ee803f3c1f,1
CIE 180,OMAΘA:ƎNƎΘ:VΘAƦ AƦNAIAD:NA,OMAΘA:eNeΘ:VΘAr ArNAIAD:NA,,OMAΘA eNeΘ VΘAr ArNAIAD NA,,,,1.000,clean,97c9519eeb53,1
CIE 181,MOAƦAƦIƎƦO ΘAIVΘAƦI AƦNAIƎ,MOArArIerO ΘAIVΘArI ArNAIe,,MOArArIerO ΘAIVΘArI ArNAIe,,,,1.000,clean,69a067b942ca,1
CIE 1818,𐌅𐌀𐌍𐌔𐌀𐌔:𐌉𐌔𐌖𐌅𐌀:𐌔𐌖𐌀𐌔,fasti: afunei: varnal,𐌚𐌀𐌔𐌕𐌉: 𐌀𐌚𐌖𐌍𐌄𐌉: 𐌅𐌀𐌓𐌍𐌀𐌋,fasti afunei varnal,,,,1.000,clean,92eef774e1a8,1
5037,suthi,suθi,𐌔𐌖𐌈𐌉,suθi,imr-larecezuchusmrmutus,,,1.000,clean,abcaa6d97968,2
5053,ma(rces) fermenas,ma(rces) fermenas,𐌌𐌀(𐌓𐌂𐌄𐌔) 𐌚𐌄𐌓𐌌𐌄𐌍𐌀𐌔,fermenas,,,,0.500,clean,c1c10d90c433,1
5060,mi larthas,mi larθas,𐌌𐌉 𐌋𐌀𐌓𐌈𐌀𐌔,mi larθas,,,,1.000,clean,bb4aada7c263,1
5097,suplu,suplu,𐌔𐌖𐌐𐌋𐌖,suplu,of-mr-velthur,,,1.000,clean,94a6b650bf00,2
5100,lesna,lesna,𐌋𐌄𐌔𐌍𐌀,lesna,one-of-his-fates,,,1.000,clean,a377726423f3,1
5112,zilathus,zilaθus,𐌆𐌉𐌋𐌀𐌈𐌖𐌔,zilaθus,leinies,,,1.000,clean,a37741496859,2
5116,ar(n)thaes,ar(n)θaes,𐌀𐌓(𐌍)𐌈𐌀𐌄𐌔,,,,,0.000,clean,0b64320c8df5,1
5117,ansina(s),ansina(s),𐌀𐌍𐌔𐌉𐌍𐌀(𐌔),,,,,0.000,clean,1231b1105097,1
5146,iculnei(al),iculnei(al),𐌉𐌂𐌖𐌋𐌍𐌄𐌉(𐌀𐌋),,,,,0.000,clean,6bd2d0c78dd9,1
5152,euach(i)al,euaχ(i)al,𐌄𐌖𐌀𐌙(𐌉)𐌀𐌋,,cbathe-lawfulof-,,,0.000,clean,117af227bd77,1
5160,larthial,larθial,𐌋𐌀𐌓𐌈𐌉𐌀𐌋,larθial,mrs-larthis,,,1.000,clean,8294e1c5939c,9
14949,larisaczun,larisaczun,𐌋𐌀𐌓𐌉𐌔𐌀𐌂𐌆𐌖𐌍,larisaczun,,,,1.000,clean,4f55367894a0,1
5368,teriasal(se)s,teriasal(se)s,𐌕𐌄𐌓𐌉𐌀𐌔𐌀𐌋(𐌔𐌄)𐌔,,ghost,,,0.000,clean,8785016cd1ba,1
CIE 1819,𐌀𐌓:𐌀𐌅𐌓𐌂𐌄:,ar:afrce:,𐌀𐌓:𐌀𐌚𐌓𐌂𐌄:,ar afrce,,,,1.000,clean,0091453de8ee,1
CIE 1820,𐌔𐌍:𐌀𐌅𐌓𐌂𐌄𐌉𐌀:𐌋𐌀𐌓𐌂𐌉:,sn:afrceia:larci:,𐌔𐌍:𐌀𐌚𐌓𐌂𐌄𐌉𐌀:𐌋𐌀𐌓𐌂𐌉:,sn afrceia larci,,,,1.000,clean,253a3814ccfd,1
CIE 1821,𐌅𐌀𐌔𐌖𐌔𐌀:𐌏𐌔,l𐌉:ar:cau,𐌋𐌉:𐌀𐌓:𐌂𐌀𐌖,l𐌉 ar cau,,,,1.000,clean,60b6d4ee649a,1
CIE 1894,A3ENA:SVA:IHIA:IO:9A:J,A3ENA:SVA:IHIA:IO:9A:J,,,,,,0.000,ocr_failed,eba18a449225,1
5243,latherialch,laθerialχ,𐌋𐌀𐌈𐌄𐌓𐌉𐌀𐌋𐌙,laθerialχ,mr-raventhus-sons-wife,,,1.000,clean,b1d34a279a09,1
5244,sethras,seθras,𐌔𐌄𐌈𐌓𐌀𐌔,seθras,mr-sethra--,,,1.000,clean,e3c6da55ed5d,3
5258,vanth,vanθ,𐌅𐌀𐌍𐌈,vanθ,,,,1.000,clean,0de73a193c37,3
5298,la(utnithas),la(utniθas),𐌋𐌀(𐌖𐌕𐌍𐌉𐌈𐌀𐌔),,mr-tarnasmrs-larthisslavesmr-velsslaves,,,0.000,clean,299d4f3168f7,1
5309,arnth(us) larth(i)al,arnθ(us) larθ(i)al,𐌀𐌓𐌍𐌈(𐌖𐌔) 𐌋𐌀𐌓𐌈(𐌉)𐌀𐌋,,,,,0.000,clean,0c16f86c1e14,1
5313,an arnthe(i)al(e)s tetni(e)s,an arnθe(i)al(e)s tetni(e)s,𐌀𐌍 𐌀𐌓𐌍𐌈𐌄(𐌉)𐌀𐌋(𐌄)𐌔 𐌕𐌄𐌕𐌍𐌉(𐌄)𐌔,an,hewas-containedby-of-a-son-of-a-mother-mrsarntheimr-tetniesand--by--mr-ramthesmrs-visnais,,,0.333,clean,39dd93ebb65e,1
5315,fathlial(u)s ravnthu(s) thunz,faθlial(u)s ravnθu(s) θunz,𐌚𐌀𐌈𐌋𐌉𐌀𐌋(𐌖)𐌔 𐌓𐌀𐌅𐌍𐌈𐌖(𐌔) 𐌈𐌖𐌍𐌆,θunz,mr-tute-larth--andhewas-containedby-mr-tuteby-mrs-arnthi--deadof-yearsof-twoofeighty,,,0.333,clean,9b30470b737b,1
5323,cutne(i)al,cutne(i)al,𐌂𐌖𐌕𐌍𐌄(𐌉)𐌀𐌋,,ms-cutneis,,,0.000,clean,23610216cb6c,3
5356,charu,χaru,𐌙𐌀𐌓𐌖,χaru,,,,1.000,clean,5158555771f7,3
5360,thefrinai(al),θefrinai(al),𐌈𐌄𐌚𐌓𐌉𐌍𐌀𐌉(𐌀𐌋),,mr-ravnthu,,,0.000,clean,3342a9cb33e0,1
5362,ci matvesi,ci matvesi,𐌂𐌉 𐌌𐌀𐌕𐌅𐌄𐌔𐌉,ci matvesi,threealtarsdedicatingto-thegod-matveand-to-the-god-calushould-begrantedmr-cae,,,1.000,clean,5dda4020cc3a,1
CIE 1822,𐌐.𐌇𐌉𐌉𐌉𐌐𐌐𐌉𐌏.𐌂𐌀𐌄𐌋𐌉,P.HIIIPPIO.CAELI Philippio.Caeli,,P.HIIIPPIO.CAELI Philippio.Caeli,,,,1.000,clean,37b0ce2828f2,1
CIE 1823,𐌂.𐌂𐌀𐌄𐌕𐌄𐌍𐌍𐌉𐌅𐌖𐌔 𐌅𐌄𐌔𐌉𐌍𐌍𐌉𐌀𐌍𐌀𐌕𐌖𐌔,C.Caetennius | Vesinnia.natus,,C.Caetennius Vesinnia.natus,,,,1.000,clean,6dc67c4e1f98,1
CIE 1824,:AVLD:ALVD:AVVA,:AVLD:ALVD:AVVA,,AVLD ALVD AVVA,,,,1.000,clean,6e5bc6f651dc,1
CIE 1825,ARNΘADIOA,ARNΘADIOA,,ARNΘADIOA,,,,1.000,clean,23a2a6e3a536,1
CIE 1826,AΘEALAMΘEAΘLA,AΘEALAMΘEAΘLA,,AΘEALAMΘEAΘLA,,,,1.000,clean,207c1d963171,1
CIE 1827,MΘAΘ:LAHOΘA:LAΘ:OJ,MΘAΘ:LAHOΘA:LAΘ:OJ,,,,,,0.000,needs_review,7e0e36e59781,1
CIE 1828,[MAIΘAM:AVD:AVVA],[MAIΘAM:AVD:AVVA],,AVD,,,,0.333,clean,5a9f9ce7ba74,1
5400,velthurus,velθurus,𐌅𐌄𐌋𐌈𐌖𐌓𐌖𐌔,velθurus,mr-velthurs,,,1.000,clean,372cd980409c,4
5401,aninai(al)c,aninai(al)c,𐌀𐌍𐌉𐌍𐌀𐌉(𐌀𐌋)𐌂,,mr-vels-daughters-husband,,,0.000,clean,44d019050d24,1
5402,velthurusa,velθurusa,𐌅𐌄𐌋𐌈𐌖𐌓𐌖𐌔𐌀,velθurusa,mr-velthurs-sons-wife,,,1.000,clean,8e0b61169f9e,1
5404,larthialisa,larθialisa,𐌋𐌀𐌓𐌈𐌉𐌀𐌋𐌉𐌔𐌀,larθialisa,mrs-larthis-daughters-husband,,,1.000,clean,f23f5661cf60,7
5407,scuna,scuna,𐌔𐌂𐌖𐌍𐌀,scuna,alsothe-flenznate---------------ce------------ms-mataniasbeforein-september--------,,,1.000,clean,16f88b21ea7c,1
5436,partunial,partunial,𐌐𐌀𐌓𐌕𐌖𐌍𐌉𐌀𐌋,partunial,,,,1.000,clean,6f01de405db5,1
5438,cuclnies,cuclnies,𐌂𐌖𐌂𐌋𐌍𐌉𐌄𐌔,cuclnies,,,,1.000,clean,3c91c50bd77b,1
8070,cafi,cafi,𐌂𐌀𐌚𐌉,cafi,,,,1.000,clean,dbda299a72bb,2
CIE 1829,TΘAELALAS,TΘAELALAS,,TΘAELALAS,,,,1.000,clean,6ab9f94835c3,1
CIE 1830,ΘINIΘIM:ΘINAO,ΘINIΘIM:ΘINAO,,ΘINIΘIM ΘINAO,,,,1.000,clean,a91a297cca88,1
CIE 1831,IAVLAΘAD:A,IAVLAΘAD:A,,IAVLAΘAD A,,,,1.000,clean,e1d8ff48d6b8,1
CIE 1832,:IAVLAΘA:LAΘA,:IAVLAΘA:LAΘA,,IAVLAΘA LAΘA,,,,1.000,clean,9b74c25c9ebd,1
CIE 1833,IΘIΘAΘAΘA,IΘIΘAΘAΘA,𐌉𐌈𐌉𐌈𐌀𐌈𐌀𐌈𐌀,IΘIΘAΘAΘA,,,,1.000,clean,b8a09e71d544,1
CIE 1834,vel·cae·abrunias,MAIHvQTA aAJOA,,,,,,0.000,needs_review,6fa16cc7f0f6,1
CIE 1835,vl·cae·plas,sAaI:sAc:aA,𐌔𐌀𐌀𐌉:𐌔𐌀𐌂:𐌀𐌀,sAaI sAc aA,,,,1.000,clean,6b5cf4849147,1
5487,thrutnuth,θrutnuθ,𐌈𐌓𐌖𐌕𐌍𐌖𐌈,θrutnuθ,mr-apriesmr-arnthsmr-velthurs-daughtershusbands,,,1.000,clean,465077fda044,1
5488,apries,apries,𐌀𐌐𐌓𐌉𐌄𐌔,apries,mr-apriesmr-vels,,,1.000,clean,69f04c5dbe54,1
5489,apries v(el)th(urusas),apries v(el)θ(urusas),𐌀𐌐𐌓𐌉𐌄𐌔 𐌅(𐌄𐌋)𐌈(𐌖𐌓𐌖𐌔𐌀𐌔),apries,,,,0.500,clean,bb8bc16c3223,1
5497,lurcni,lurcni,𐌋𐌖𐌓𐌂𐌍𐌉,lurcni,ms-lurcni,,,1.000,clean,a67acd724e0d,1
5500,ti(berii),ti(berii),𐌕𐌉(𐌁𐌄𐌓𐌉𐌉),,,,,0.000,clean,521b38b08016,1
5503,vs,vs,𐌅𐌔,vs,mr-luciusssonof-yearsof-,,,1.000,clean,f130559f0e7f,2
5504,oronia,oronia,𐌏𐌓𐌏𐌍𐌉𐌀,oronia,ms-caiaoroniamr-marcussdaughter,,,1.000,clean,82f76044bef4,1
5511,cuclnies la(utni),cuclnies la(utni),𐌂𐌖𐌂𐌋𐌍𐌉𐌄𐌔 𐌋𐌀(𐌖𐌕𐌍𐌉),cuclnies,mrs-ecnatis--wifemrslarthismrcuclniesmrvelthursslavegirl,,,0.500,clean,e08c1676ca22,1
CIE 1836,vel·cae·anain[al],sANaA:aA:sAc:sA,𐌔𐌀𐌍𐌀𐌀:𐌀𐌀:𐌔𐌀𐌂:𐌔𐌀,sANaA aA sAc sA,,,,1.000,clean,bd443f3171dd,1
CIE 1837,vl·cae·seiatial,[sA]IHAIs:sAc:aI,,sAc aI,,,,0.667,clean,a6142bf219f2,1
CIE 1843,lar·ci·cainei·aclnis,MIHsA IsHIAc IOs As,,MIHsA IsHIAc IOs As,,,,1.000,clean,2b9e732b1493,1
CIE 1844,laXcae|ful,laXcae|ful,𐌋𐌀𐌗𐌂𐌀𐌄|𐌚𐌖𐌋,laXcae ful,,,,1.000,clean,352bbbe1e83c,1
CIE 1845,l𐌗:cae···fulu f···,l𐌗:cae···fulu f···,𐌋𐌗:𐌂𐌀𐌄···𐌚𐌖𐌋𐌖 𐌚···,l𐌗 cae fulu f,,,,1.000,clean,5699ce61c78b,1
CIE 1846,[la|r𐌗:cae:arn𐌗a|l𐌗]:vipinalisa,[la|r𐌗:cae:arn𐌗a|l𐌗]:vipinalisa,[𐌋𐌀|𐌓𐌗:𐌂𐌀𐌄:𐌀𐌓𐌍𐌗𐌀|𐌋𐌗]:𐌅𐌉𐌐𐌉𐌍𐌀𐌋𐌉𐌔𐌀,r𐌗 cae arn𐌗a vipinalisa,,,,0.667,clean,0bf384cc0e73,1
CIE 1847,arn𐌗 cae······,arn𐌗 cae······,𐌀𐌓𐌍𐌗 𐌂𐌀𐌄······,arn𐌗 cae,,,,1.000,clean,da5add99257e,1
CIE 1848,vel:cae:l𐌗[r𐌗al],vel:cae:l𐌗[r𐌗al],𐌅𐌄𐌋:𐌂𐌀𐌄:𐌋𐌗[𐌓𐌗𐌀𐌋],vel cae,,,,0.667,clean,f4c9b8444182,1
5576,larthi(al),larθi(al),𐌋𐌀𐌓𐌈𐌉(𐌀𐌋),,mr-velfrethe-father,,,0.000,clean,8294e1c5939c,9
5578,ethras,eθras,𐌄𐌈𐌓𐌀𐌔,eθras,mr-fluventramr-laris,,,1.000,clean,4f6cea38ce26,1
5580,cusinei,cusinei,𐌂𐌖𐌔𐌉𐌍𐌄𐌉,cusinei,mrs-cusinei,,,1.000,clean,6eec8775bdfd,1
5590,larthi(al),larθi(al),𐌋𐌀𐌓𐌈𐌉(𐌀𐌋),,mrs-larthis,,,0.000,clean,8294e1c5939c,9
5592,statie,statie,𐌔𐌕𐌀𐌕𐌉𐌄,statie,mr-statiemr-lariss,,,1.000,clean,ff5e08c79ea7,1
5596,felces,felces,𐌚𐌄𐌋𐌂𐌄𐌔,felces,mr-felces,,,1.000,clean,34efa77fcbbb,2
5603,------sthuktith nefunt,------sθuktiθ nefunt,------𐌔𐌈𐌖𐌊𐌕𐌉𐌈 𐌍𐌄𐌚𐌖𐌍𐌕,nefunt,,,,0.500,clean,0a0d24cac31b,1
5620,splaturi(al),splaturi(al),𐌔𐌐𐌋𐌀𐌕𐌖𐌓𐌉(𐌀𐌋),,,,,0.000,clean,ae04fd67c718,1
CIE 1849,[!]ar𐌗·cae·aule[s],[!]ar𐌗·cae·aule[s],[!]𐌀𐌓𐌗·𐌂𐌀𐌄·𐌀𐌖𐌋𐌄[𐌔],cae,,,,0.333,clean,3e83d1272200,1
CIE 1850,·······cae······,·······cae······,·······𐌂𐌀𐌄······,cae,,,,1.000,clean,721f35245526,1
CIE 1851,lar𐌗a:cae:velxies,lar𐌗a:cae:velxies,𐌋𐌀𐌓𐌗𐌀:𐌂𐌀𐌄:𐌅𐌄𐌋𐌗𐌉𐌄𐌔,lar𐌗a cae velxies,,,,1.000,clean,f46cc28066e5,1
CIE 1852,l𐌗:cae:tutnas,l𐌗:cae:tutnas,𐌋𐌗:𐌂𐌀𐌄:𐌕𐌖𐌕𐌍𐌀𐌔,l𐌗 cae tutnas,,,,1.000,clean,5113952b93d7,1
CIE 1853,hastia:cainei:leusla,hastia:cainei:leusla,𐌇𐌀𐌔𐌕𐌉𐌀:𐌂𐌀𐌉𐌍𐌄𐌉:𐌋𐌄𐌖𐌔𐌋𐌀,hastia cainei leusla,,,,1.000,clean,45d3c025366c,1
5715,savfea,savfea,𐌔𐌀𐌅𐌚𐌄𐌀,savfea,ms-saufea,,,1.000,clean,0ebed0d9f2a8,1
5722,eca mutna velthurus stalanes,eca mutna velθurus stalanes,𐌄𐌂𐌀 𐌌𐌖𐌕𐌍𐌀 𐌅𐌄𐌋𐌈𐌖𐌓𐌖𐌔 𐌔𐌕𐌀𐌋𐌀𐌍𐌄𐌔,eca mutna velθurus stalanes,seethe-sarcophagusof-mrvelthurstalane,,,1.000,clean,f7642b01f9b2,1
5724,eca mutna ramthas,eca mutna ramθas,𐌄𐌂𐌀 𐌌𐌖𐌕𐌍𐌀 𐌓𐌀𐌌𐌈𐌀𐌔,eca mutna ramθas,seethe-sarcophagusof-mr-,,,1.000,clean,1150cbdb4acd,1
5727,thanchvil(ialisa),θanχvil(ialisa),𐌈𐌀𐌍𐌙𐌅𐌉𐌋(𐌉𐌀𐌋𐌉𐌔𐌀),,,,,0.000,clean,8ff6c2bd77fd,1
5728,futhizars,fuθizars,𐌚𐌖𐌈𐌉𐌆𐌀𐌓𐌔,fuθizars,of-mrs-larisis,,,1.000,clean,ab2510d52f87,1
5729,v(e)t(ie)s(i) caschce,v(e)t(ie)s(i) casχce,𐌅(𐌄)𐌕(𐌉𐌄)𐌔(𐌉) 𐌂𐌀𐌔𐌙𐌂𐌄,casχce,,,,0.500,clean,4df2b59e24bf,1
5732,larth(i)al statlanes,larθ(i)al statlanes,𐌋𐌀𐌓𐌈(𐌉)𐌀𐌋 𐌔𐌕𐌀𐌕𐌋𐌀𐌍𐌄𐌔,statlanes,,,,0.500,clean,6baa0a4c95fb,1
5768,vipi(al),vipi(al),𐌅𐌉𐌐𐌉(𐌀𐌋),,,,,0.000,clean,281b4fd33735,2
5769,visili,visili,𐌅𐌉𐌔𐌉𐌋𐌉,visili,ms-visili,,,1.000,clean,705495664b08,1
5771,sethres fermelus(a),seθres fermelus(a),𐌔𐌄𐌈𐌓𐌄𐌔 𐌚𐌄𐌓𐌌𐌄𐌋𐌖𐌔(𐌀),seθres,of-mr-sethremrfermelus,,,0.500,clean,a56fa1dc3c44,1
5773,thanas,θanas,𐌈𐌀𐌍𐌀𐌔,θanas,,,,1.000,clean,529bf0fae9b6,5
8071,cafi,cafi,𐌂𐌀𐌚𐌉,cafi,,,,1.000,clean,dbda299a72bb,2
CIE 1854,MAE : LAUTNI : CULTECES,cae : lautni : culteces,𐌂𐌀𐌄 : 𐌋𐌀𐌖𐌕𐌍𐌉 : 𐌂𐌖𐌋𐌕𐌄𐌂𐌄𐌔,cae lautni culteces,,,,1.000,clean,985b5a198246,1
CIE 1855,AETNALLARΘASAE C,cae...s larθal laetne,𐌂𐌀𐌄...𐌔 𐌋𐌀𐌓𐌈𐌀𐌋 𐌋𐌀𐌄𐌕𐌍𐌄,cae...s larθal laetne,,,,1.000,clean,3d1f3c622c46,1
CIE 1895,"13RIA:D A2IΠ937 cainei | pernisa A2IΠ937 | 13RIA:D Fa., cainei | pernisa Ga.","13RIA:D A2IΠ937 cainei | pernisa A2IΠ937 | 13RIA:D Fa., cainei | pernisa Ga.",,,,,,0.000,ocr_failed,cea4f67714fa,1
CIE 1896,:A2IΠ937:13RIA:D cainei | purnisa :,:A2IΠ937:13RIA:D cainei | purnisa :,,,,,,0.000,ocr_failed,310a9e975f4f,1
CIE 1897,1AΠI9MΨ:A2I42A:13RIA:D cainei | vetisa | umrinal,1AΠI9MΨ:A2I42A:13RIA:D cainei | vetisa | umrinal,,,,,,0.000,ocr_failed,f83099528d22,1
5830,alethnas,aleθnas,𐌀𐌋𐌄𐌈𐌍𐌀𐌔,aleθnas,of-mr-alethna,,,1.000,clean,fa5b4f1aa2e9,2
5834,xiixx,xiixx,𐌗𐌉𐌉𐌗𐌗,xiixx,mr-alethna,,,1.000,clean,6dd9efd6fbca,1
5840,l(ar)th(us) veies,l(ar)θ(us) veies,𐌋(𐌀𐌓)𐌈(𐌖𐌔) 𐌅𐌄𐌉𐌄𐌔,veies,of-mr-larthveiemrs-larisis,,,0.500,clean,98592cfe27e4,1
5842,cainie,cainie,𐌂𐌀𐌉𐌍𐌉𐌄,cainie,mr-cainie,,,1.000,clean,fb28d35be9e2,1
6980,v<e>cial,v<e>cial,𐌅<𐌄>𐌂𐌉𐌀𐌋,,,,,0.000,clean,f951be44a4b1,1
14967,--------esthenas,--------esθenas,--------𐌄𐌔𐌈𐌄𐌍𐌀𐌔,,,,,0.000,clean,961c4adafc8c,1
5843,thvetlies l(a)r(isus),θvetlies l(a)r(isus),𐌈𐌅𐌄𐌕𐌋𐌉𐌄𐌔 𐌋(𐌀)𐌓(𐌉𐌔𐌖𐌔),θvetlies,of-mr-thvetliemr-larissof-yearsof-ageof-,,,0.500,clean,211170b1d3a4,1
5853,fr(aucniesa),fr(aucniesa),𐌚𐌓(𐌀𐌖𐌂𐌍𐌉𐌄𐌔𐌀),,tetnie,,,0.000,clean,8f34f2135038,1
5888,ramtha,ramθa,𐌓𐌀𐌌𐌈𐌀,ramθa,mrs-pepnei,,,1.000,clean,bb65dc8de509,7
5892,a(nnos),a(nnos),𐌀(𐌍𐌍𐌏𐌔),,for-,,,0.000,clean,cdebe6cf77f9,3
5896,ritnei,ritnei,𐌓𐌉𐌕𐌍𐌄𐌉,ritnei,mr-petnas,,,1.000,clean,a563a7d3ab8a,1
5900,liptinia,liptinia,𐌋𐌉𐌐𐌕𐌉𐌍𐌉𐌀,liptinia,,,,1.000,clean,b7ab893f073f,2
5909,pistra,pistra,𐌐𐌉𐌔𐌕𐌓𐌀,pistra,mr-caiustarquitiusmr-,,,1.000,clean,25ea43aa48b8,1
CIE 1856,[HAC.ΘA.RVS] SUS.VE.CALISUS LARΘ.CAES INTVAJ,[hac.θa.rvs] sus.ve.cali|sus larθ.caes | lautni,[𐌇𐌀𐌂.𐌈𐌀.𐌓𐌅𐌔] 𐌔𐌖𐌔.𐌅𐌄.𐌂𐌀𐌋𐌉|𐌔𐌖𐌔 𐌋𐌀𐌓𐌈.𐌂𐌀𐌄𐌔 | 𐌋𐌀𐌖𐌕𐌍𐌉,sus.ve.cali sus larθ.caes lautni,,,,0.800,clean,418c4c2db99f,1
CIE 1857,LCAVILF,L Gavi L f,,L Gavi L f,,,,1.000,clean,edf03faf4a21,1
CIE 1858,L.GAVI.L.F CLEMENTIS,L.Gavi.L.f Clementis,,L.Gavi.L.f Clementis,,,,1.000,clean,bfdef335435a,1
CIE 1859,THANNIA.CAVIA.CE,Thannia | Gavia | C.f,,Thannia Gavia C.f,,,,1.000,clean,b61898cb1096,1
5991,nauclitia la(utnitha),nauclitia la(utniθa),𐌍𐌀𐌖𐌂𐌋𐌉𐌕𐌉𐌀 𐌋𐌀(𐌖𐌕𐌍𐌉𐌈𐌀),nauclitia,,,,0.500,clean,ae4fa8d8f443,1
6019,campanes,campanes,𐌂𐌀𐌌𐌐𐌀𐌍𐌄𐌔,campanes,,,,1.000,clean,f0a7d88feeb5,1
6022,l(vc(i)i) arvnt(i)i,l(vc(i)i) arvnt(i)i,𐌋(𐌅𐌂(𐌉)𐌉) 𐌀𐌓𐌅𐌍𐌕(𐌉)𐌉,,,,,0.000,clean,e21e88da61a7,1
6024,laeis,laeis,𐌋𐌀𐌄𐌉𐌔,laeis,,,,1.000,clean,ed84c5228320,1
6041,liptinia,liptinia,𐌋𐌉𐌐𐌕𐌉𐌍𐌉𐌀,liptinia,ms-liptiniamr-marcuss,,,1.000,clean,b7ab893f073f,2
6078,l(ar)th althras(a),l(ar)θ alθras(a),𐌋(𐌀𐌓)𐌈 𐌀𐌋𐌈𐌓𐌀𐌔(𐌀),,,,,0.000,clean,c4248a72e728,1
6085,l(vc(i)i) leptina(e),l(vc(i)i) leptina(e),𐌋(𐌅𐌂(𐌉)𐌉) 𐌋𐌄𐌐𐌕𐌉𐌍𐌀(𐌄),,,,,0.000,clean,048201a293de,1
6103,l(ar)th(us) muras,l(ar)θ(us) muras,𐌋(𐌀𐌓)𐌈(𐌖𐌔) 𐌌𐌖𐌓𐌀𐌔,muras,,,,0.500,clean,15fc408bbda9,1
6115,c(a(i)i) titin(i)i c(aii),c(a(i)i) titin(i)i c(aii),𐌂(𐌀(𐌉)𐌉) 𐌕𐌉𐌕𐌉𐌍(𐌉)𐌉 𐌂(𐌀𐌉𐌉),,,,,0.000,clean,cccaf64e9600,1
6127,magilia l(vc(i)i),magilia l(vc(i)i),,magilia,,,,0.500,clean,c65d87152b72,1
6157,matunas(a),matunas(a),𐌌𐌀𐌕𐌖𐌍𐌀𐌔(𐌀),,,,,0.000,clean,db2b89cd8307,1
6158,canatnei(alisa),canatnei(alisa),𐌂𐌀𐌍𐌀𐌕𐌍𐌄𐌉(𐌀𐌋𐌉𐌔𐌀),,,,,0.000,clean,baa8936b210f,1
6416,acvilnas,acvilnas,𐌀𐌂𐌅𐌉𐌋𐌍𐌀𐌔,acvilnas,,,,1.000,clean,dfa95ec4ba4d,1
CIE 1860,GAVIAPRIMIGENE C.GAVI.L,Gavia.Primigene C.f Gavi.l.,,Gavia.Primigene C.f Gavi.l.,,,,1.000,clean,9f58bf1b557e,1
CIE 1861,GAVIA.P.L.TARNTIA,Gavia.P.L. | Tarntia,,Gavia.P.L. Tarntia,,,,1.000,clean,d9a5790089f7,1
CIE 1862,AULE CAINI,aule caini,𐌀𐌖𐌋𐌄 𐌂𐌀𐌉𐌍𐌉,aule caini,,,,1.000,clean,fc5e5c1d7970,1
CIE 1863,HASTI VEL XAINE,hasti vel xaine,𐌇𐌀𐌔𐌕𐌉 𐌅𐌄𐌋 𐌗𐌀𐌉𐌍𐌄,hasti vel xaine,,,,1.000,clean,7dbb8693ed2c,1
CIE 1864,aule : caim : aueca,AΘVA:IMIAΘ:ΘVA,,AΘVA IMIAΘ ΘVA,,,,1.000,clean,06fff80cfbde,1
CIE 1865,cainei : aulesa,AΘJVA:ΘMIA,,,,,,0.000,needs_review,b387627fe507,1
CIE 1866,aule caini sainal,𐌀𐌖𐌋𐌄:𐌂𐌀𐌉𐌍𐌉:𐌔𐌀𐌉𐌍𐌀𐌋,𐌀𐌖𐌋𐌄:𐌂𐌀𐌉𐌍𐌉:𐌔𐌀𐌉𐌍𐌀𐌋,𐌀𐌖𐌋𐌄 𐌂𐌀𐌉𐌍𐌉 𐌔𐌀𐌉𐌍𐌀𐌋,,,,1.000,clean,b630157fe2c9,1
CIE 1867,aule : caini : tetnal : aθ,ΘA:JANTAT:IMIAΘ:JVA,,,,,,0.000,needs_review,fb3e7d8f0550,1
6959,zaip{ei}<ie>s,zaip{ei}<ie>s,𐌆𐌀𐌉𐌐{𐌄𐌉}<𐌉𐌄>𐌔,,,,,0.000,clean,12673d00a0e3,1
CIE 1868,aθ : caini,𐌀𐌈:𐌂𐌀𐌉𐌍𐌉,𐌀𐌈:𐌂𐌀𐌉𐌍𐌉,𐌀𐌈 𐌂𐌀𐌉𐌍𐌉,,,,1.000,clean,73098ffd0ea3,1
6207,m(u)ni,m(u)ni,𐌌(𐌖)𐌍𐌉,,,,,0.000,clean,a99a715378fb,1
6211,sucu,sucu,𐌔𐌖𐌂𐌖,sucu,,,,1.000,clean,fd1979d82cb7,1
6212,methina,meθina,𐌌𐌄𐌈𐌉𐌍𐌀,meθina,we-the-deceased,,,1.000,clean,589ecade5826,2
6213,cesu,cesu,𐌂𐌄𐌔𐌖,cesu,built,,,1.000,clean,afd6a3cdd042,2
6316,qa,qa,𐌒𐌀,qa,,,,1.000,clean,3f3ef786b34d,1
6322,a(ulesa),a(ulesa),𐌀(𐌖𐌋𐌄𐌔𐌀),,,,,0.000,clean,25fa6f7538f8,1
6342,af(le),af(le),𐌀𐌚(𐌋𐌄),,,,,0.000,clean,e9b5dd8f7247,1
CIE 1869,aθ : caini : au : iansinal,:𐌂𐌀𐌉𐌍𐌉:𐌀𐌖:𐌉𐌀𐌍𐌔𐌉𐌍𐌀𐌔:𐌀𐌖,:𐌂𐌀𐌉𐌍𐌉:𐌀𐌖:𐌉𐌀𐌍𐌔𐌉𐌍𐌀𐌔:𐌀𐌖,𐌂𐌀𐌉𐌍𐌉 𐌀𐌖 𐌉𐌀𐌍𐌔𐌉𐌍𐌀𐌔 𐌀𐌖,,,,1.000,clean,14aa5cfd16c6,1
CIE 1870,ana : cain[ei] : ia : nena,𐌀𐌍𐌀:𐌂𐌀𐌉𐌍[𐌄𐌉]:𐌉𐌀:𐌍𐌄𐌍𐌀,𐌀𐌍𐌀:𐌂𐌀𐌉𐌍[𐌄𐌉]:𐌉𐌀:𐌍𐌄𐌍𐌀,𐌀𐌍𐌀 𐌉𐌀 𐌍𐌄𐌍𐌀,,,,0.750,clean,2b7f5eb6367a,1
CIE 1871,hastia : cainei,𐌇𐌀𐌔𐌕𐌉𐌀:𐌂𐌀𐌉𐌍𐌄𐌉,𐌇𐌀𐌔𐌕𐌉𐌀:𐌂𐌀𐌉𐌍𐌄𐌉,𐌇𐌀𐌔𐌕𐌉𐌀 𐌂𐌀𐌉𐌍𐌄𐌉,,,,1.000,clean,c1027d54abb9,1
CIE 1872,[hastia :] cainei : minasa,:𐌂𐌀𐌉𐌍𐌄𐌉:𐌌𐌉𐌍𐌀𐌔𐌀,:𐌂𐌀𐌉𐌍𐌄𐌉:𐌌𐌉𐌍𐌀𐌔𐌀,𐌂𐌀𐌉𐌍𐌄𐌉 𐌌𐌉𐌍𐌀𐌔𐌀,,,,1.000,clean,77fe58b75138,1
6688,z(ilch),z(ilχ),𐌆(𐌉𐌋𐌙),,the-general,,,0.000,clean,00d3cdc74299,2
6703,seticu,seticu,𐌔𐌄𐌕𐌉𐌂𐌖,seticu,mr-veneldedicated,,,1.000,clean,02228ec0ad8c,1
6726,thas,θas,𐌈𐌀𐌔,θas,,,,1.000,clean,edc2ba44eac5,1
6752,alsaianasi,alsaianasi,𐌀𐌋𐌔𐌀𐌉𐌀𐌍𐌀𐌔𐌉,alsaianasi,mea-little-large-handled-cupmr-etruscrna,,,1.000,clean,0a45f91ad987,1
6838,menle,menle,𐌌𐌄𐌍𐌋𐌄,menle,palamedes,,,1.000,clean,ac2acf4d314b,2
6846,<i>p,<i>p,<𐌉>𐌐,,,,,0.000,clean,bb9af5d1915d,1
6976,afunas,afunas,𐌀𐌚𐌖𐌍𐌀𐌔,afunas,,,,1.000,clean,c80f82586f2c,1
6995,s(eth)i,s(eθ)i,𐌔(𐌄𐌈)𐌉,,,,,0.000,clean,c7c849fc1f41,1
7012,s(e)t(us),s(e)t(us),𐌔(𐌄)𐌕(𐌖𐌔),,mr-sets,,,0.000,clean,4570d9c233fb,1
7014,puspmas,puspmas,𐌐𐌖𐌔𐌐𐌌𐌀𐌔,puspmas,,,,1.000,clean,bf69ede92573,1
7024,f(astia)n(as),f(astia)n(as),𐌚(𐌀𐌔𐌕𐌉𐌀)𐌍(𐌀𐌔),,,,,0.000,clean,d87d325cde3f,1
7025,vaip(e)n(a)s,vaip(e)n(a)s,𐌅𐌀𐌉𐌐(𐌄)𐌍(𐌀)𐌔,,,,,0.000,clean,33701fd0fd18,1
7033,vipuzes,vipuzes,𐌅𐌉𐌐𐌖𐌆𐌄𐌔,vipuzes,,,,1.000,clean,442f0e2139b0,1
CIE 1873,Flastia . Cainei . Clantie . Puia . Ame,Flastia . Cainei . Clantie . Puia . Ame,,Flastia . Cainei . Clantie . Puia . Ame,,,,1.000,clean,650d425551ff,1
CIE 188,L·VΛЯΛI ΛJΛI,lari·vete·laθi,𐌋𐌀𐌓𐌉·𐌅𐌄𐌕𐌄·𐌋𐌀𐌈𐌉,lari vete laθi,,,,1.000,clean,ebff8af7c997,1
CIE 1880,θana : cainei,θana : cainei,𐌈𐌀𐌍𐌀 : 𐌂𐌀𐌉𐌍𐌄𐌉,θana cainei,,,,1.000,clean,36f88a94cd86,2
CIE 1881,[θ]ana : cainei : velus,[θ]ana : cainei : velus,[𐌈]𐌀𐌍𐌀 : 𐌂𐌀𐌉𐌍𐌄𐌉 : 𐌅𐌄𐌋𐌖𐌔,cainei velus,,,,0.667,clean,d258e6fa3cc6,1
14975,ziumithe,ziumiθe,𐌆𐌉𐌖𐌌𐌉𐌈𐌄,ziumiθe,helena,,,1.000,clean,f3f66b150252,1
CIE 1884,θana : cainei : setumesa,θana : cainei : setumesa,𐌈𐌀𐌍𐌀 : 𐌂𐌀𐌉𐌍𐌄𐌉 : 𐌔𐌄𐌕𐌖𐌌𐌄𐌔𐌀,θana cainei setumesa,,,,1.000,clean,b8ae7d25b0c3,1
CIE 2710,arnt śalie | pυlpae,arnt śalie | pulpae,𐌀𐌓𐌍𐌕 𐌑𐌀𐌋𐌉𐌄 | 𐌐𐌖𐌋𐌐𐌀𐌄,arnt śalie pulpae,,,,1.000,clean,1f82033cd3b1,1
7089,plautri(al),plautri(al),𐌐𐌋𐌀𐌖𐌕𐌓𐌉(𐌀𐌋),,,,,0.000,clean,23103d4821fe,2
7115,petnei,petnei,𐌐𐌄𐌕𐌍𐌄𐌉,petnei,,,,1.000,clean,279fc25217c2,3
7135,metelial,metelial,𐌌𐌄𐌕𐌄𐌋𐌉𐌀𐌋,metelial,,,,1.000,clean,c8eedf25cb2a,1
7137,teperial,teperial,𐌕𐌄𐌐𐌄𐌓𐌉𐌀𐌋,teperial,mrs-teperis,,,1.000,clean,0adb27a748b7,1
7140,pesnas kathles,pesnas kaθles,𐌐𐌄𐌔𐌍𐌀𐌔 𐌊𐌀𐌈𐌋𐌄𐌔,pesnas kaθles,,,,1.000,clean,46c699d15fa4,1
7147,atain(i)al thansi(e)sa,atain(i)al θansi(e)sa,𐌀𐌕𐌀𐌉𐌍(𐌉)𐌀𐌋 𐌈𐌀𐌍𐌔𐌉(𐌄)𐌔𐌀,,,,,0.000,clean,d4964ce964b9,1
7155,palmena,palmena,𐌐𐌀𐌋𐌌𐌄𐌍𐌀,palmena,,,,1.000,clean,058bff77f91d,1
7178,precnaitus,precnaitus,𐌐𐌓𐌄𐌂𐌍𐌀𐌉𐌕𐌖𐌔,precnaitus,,,,1.000,clean,920f02261227,1
7183,veu(lthe),veu(lθe),𐌅𐌄𐌖(𐌋𐌈𐌄),,,,,0.000,clean,2fce8cc7b309,1
7203,erapi(al),erapi(al),𐌄𐌓𐌀𐌐𐌉(𐌀𐌋),,,,,0.000,clean,46439dd2627e,1
7222,eplesa,eplesa,𐌄𐌐𐌋𐌄𐌔𐌀,eplesa,mr-thanaslaveof-ms-capsni,,,1.000,clean,508c3697c824,1
CIE 1885,[θ]ania : cainei …………larθal,[θ]ania : cainei …………larθal,[𐌈]𐌀𐌍𐌉𐌀 : 𐌂𐌀𐌉𐌍𐌄𐌉 …………𐌋𐌀𐌓𐌈𐌀𐌋,cainei …………larθal,,,,0.667,clean,aa76292e43b5,1
CIE 2717,A·Scandio Mvniatiae v[at(us)],A·Scandio Mvniatiae v[at(us)],,A Scandio Mvniatiae,,,,0.750,clean,4a8ed12c837c,1
15223,usmare,usmare,𐌖𐌔𐌌𐌀𐌓𐌄,usmare,,,,1.000,clean,a02d8fbe184f,1
CIE 2718,θ·scansna | vetuviasa,θ·scansna | vetuviasa,𐌈·𐌔𐌂𐌀𐌍𐌔𐌍𐌀 | 𐌅𐌄𐌕𐌖𐌅𐌉𐌀𐌔𐌀,θ scansna vetuviasa,,,,1.000,clean,77cfc49338b1,1
CIE 2719,𐌅𐌄:𐌔𐌊𐌀𐌕𐌖:𐌅𐌄𐌋𐌔,VE:SCATU:VELS,,VE SCATU VELS,,,,1.000,clean,a6ffc65e0bbb,1
ETP 330,peleas turis nele,peleas turis nele,𐌐𐌄𐌋𐌄𐌀𐌔 𐌕𐌖𐌓𐌉𐌔 𐌍𐌄𐌋𐌄,peleas turis nele,,400.0,300.0,1.000,clean,46578f0d31b9,1
7254,mi falai[e]<a>l,mi falai[e]<a>l,𐌌𐌉 𐌚𐌀𐌋𐌀𐌉[𐌄]<𐌀>𐌋,mi,,,,0.500,clean,547a18f353bc,1
7263,micanias,micanias,𐌌𐌉𐌂𐌀𐌍𐌉𐌀𐌔,micanias,,,,1.000,clean,b4ee5600da47,1
7267,terchunas,terχunas,𐌕𐌄𐌓𐌙𐌖𐌍𐌀𐌔,terχunas,mr-terchunas,,,1.000,clean,aabdb2bc33cb,1
7271,fla(ves),fla(ves),𐌚𐌋𐌀(𐌅𐌄𐌔),,,,,0.000,clean,c335e2a0d912,1
7273,rav(nthus),rav(nθus),𐌓𐌀𐌅(𐌍𐌈𐌖𐌔),,,,,0.000,clean,d960bb1930d8,3
7289,elinai,elinai,𐌄𐌋𐌉𐌍𐌀𐌉,elinai,helena,,,1.000,clean,fd3f6037be3b,3
7295,calanic(e),calanic(e),𐌂𐌀𐌋𐌀𐌍𐌉𐌂(𐌄),,,,,0.000,clean,f1aa878bba61,2
7296,lart(us),lart(us),𐌋𐌀𐌓𐌕(𐌖𐌔),,mr-lartsmrs-cilnismr-vels-daughtershusband,,,0.000,clean,30915fc75ac3,1
7311,ceisu,ceisu,𐌂𐌄𐌉𐌔𐌖,ceisu,,,,1.000,clean,fd818f3d41d8,1
7323,arntni(e)s,arntni(e)s,𐌀𐌓𐌍𐌕𐌍𐌉(𐌄)𐌔,,,,,0.000,clean,0981dbe920e7,1
7326,r(am)th(ia)l,r(am)θ(ia)l,𐌓(𐌀𐌌)𐌈(𐌉𐌀)𐌋,,,,,0.000,clean,34682eee7a3e,3
7331,l(ar)ch,l(ar)χ,𐌋(𐌀𐌓)𐌙,,,,,0.000,clean,ee6c0da38f47,4
7359,z(ethras),z(eθras),𐌆(𐌄𐌈𐌓𐌀𐌔),,,,,0.000,clean,98c0a7a19d25,1
7383,aeser,aeser,𐌀𐌄𐌔𐌄𐌓,aeser,,,,1.000,clean,60a9173ef681,1
5630,secna,secna,𐌔𐌄𐌂𐌍𐌀,secna,,,,1.000,clean,ae371a957842,1
CIE 272,𐌉𐌂𐌉𐌍𐌉 𐌂 𐌋𐌉𐌂𐌉𐌍𐌉 𐌍𐌉𐌂𐌓𐌉,ICINI C LICINI NIGRI,,ICINI C LICINI NIGRI,,,,1.000,clean,4c78283b3fc5,1
CIE 2720,𐌉𐌅𐌄𐌃𐌔𐌉𐌀𐌍𐌀𐌒𐌄𐌕𐌖𐌉𐌅𐌄𐌕𐌄𐌔𐌀,IVEDS IANAQ ETUI VETESA,,IVEDS IANAQ ETUI VETESA,,,,1.000,clean,9d84b46c9b9d,1
ETP 331,mi venus platunalus,mi venus platunalus,𐌌𐌉 𐌅𐌄𐌍𐌖𐌔 𐌐𐌋𐌀𐌕𐌖𐌍𐌀𐌋𐌖𐌔,mi venus platunalus,I (am the plate) of Venu Platunalu.,350.0,350.0,1.000,clean,71a8883ff774,1
7409,zevesu,zevesu,𐌆𐌄𐌅𐌄𐌔𐌖,zevesu,mr-lariszevesu,,,1.000,clean,3ca96f0dcee9,1
7417,c(amerasa),c(amerasa),𐌂(𐌀𐌌𐌄𐌓𐌀𐌔𐌀),,mr-velcameras-daughtershusbanda-soldierthree-times,,,0.000,clean,bed7b4ac60df,1
7419,razure,razure,𐌓𐌀𐌆𐌖𐌓𐌄,razure,,,,1.000,clean,21c1ca34aeab,1
7469,cver,cver,𐌂𐌅𐌄𐌓,cver,mr-larth,,,1.000,clean,c0323323234e,1
7471,p(upli)a,p(upli)a,𐌐(𐌖𐌐𐌋𐌉)𐌀,,,,,0.000,clean,8f5bbe5ed4c7,1
7480,pa(chanasi),pa(χanasi),𐌐𐌀(𐌙𐌀𐌍𐌀𐌔𐌉),,,,,0.000,clean,183523d9762e,1
7486,p(arace),p(arace),𐌐(𐌀𐌓𐌀𐌂𐌄),,velsna,,,0.000,clean,9d88091d1995,1
7488,tunas,tunas,𐌕𐌖𐌍𐌀𐌔,tunas,,,,1.000,clean,715cefd21edf,1
7514,e(chatna),e(χatna),𐌄(𐌙𐌀𐌕𐌍𐌀),,,,,0.000,clean,eaeee6575d49,1
7549,chechanar,χeχanar,𐌙𐌄𐌙𐌀𐌍𐌀𐌓,χeχanar,the-members-of-the-family-ofmr-chechana,,,1.000,clean,fc536aa60c20,1
7551,mataliai,mataliai,𐌌𐌀𐌕𐌀𐌋𐌉𐌀𐌉,mataliai,incised-it-didmr-kisneemadeit-didthe-slave,,,1.000,clean,01556a5d1e60,1
7633,a(u)l(es),a(u)l(es),𐌀(𐌖)𐌋(𐌄𐌔),,,,,0.000,clean,0f6262818dc2,1
7646,mi vetale,mi vetale,𐌌𐌉 𐌅𐌄𐌕𐌀𐌋𐌄,mi vetale,,,,1.000,clean,9ef66b9e3dd5,1
3109,larthi maninasa,larθi maninasa,𐌋𐌀𐌓𐌈𐌉 𐌌𐌀𐌍𐌉𐌍𐌀𐌔𐌀,larθi maninasa,,,,1.000,clean,cf8ebec97c80,1
7669,cleusinas,cleusinas,𐌂𐌋𐌄𐌖𐌔𐌉𐌍𐌀𐌔,cleusinas,of-mr-cleusinalaris,,,1.000,clean,1c9ab876cd9d,1
7672,a(ul)e cultce,a(ul)e cultce,𐌀(𐌖𐌋)𐌄 𐌂𐌖𐌋𐌕𐌂𐌄,cultce,,,,0.500,clean,b85415ca0177,1
7680,m(en)er(v)a,m(en)er(v)a,𐌌(𐌄𐌍)𐌄𐌓(𐌅)𐌀,,alex,,,0.000,clean,c20e3cf4186e,1
CIE 2721,𐌋.𐌃𐌀𐌍𐌕𐌀𐌑.𐌀𐌈𐌉.𐌋.𐌏𐌈,L.DANTAM.Ś.AΘI.L.OΘ,,L.DANTAM.Ś.AΘI.L.OΘ,,,,1.000,clean,14f9e41e15bc,1
CIE 2722,𐌋.𐌔𐌊𐌀𐌄𐌅𐌉𐌅𐌔.𐌋.𐌚.𐌀𐌓𐌍𐌋𐌀𐌄.𐌅𐌉𐌍𐌅𐌔,L.SCAEVIVS.L.F.ARNLAE.VINVS,,L.SCAEVIVS.L.F.ARNLAE.VINVS,,,,1.000,clean,609f80955b1c,1
CIE 2723,𐌅𐌈𐌉:𐌀𐌃𐌀𐌈𐌉𐌈𐌀,VΘI:AD:AΘIΘA,,VΘI AD AΘIΘA,,,,1.000,clean,fe78b22f4683,1
CIE 2724,𐌉𐌍𐌈𐌅𐌀𐌉:𐌑𐌀𐌈𐌈𐌄𐌑,INΘVAI:ŚAΘΘEŚ,,INΘVAI ŚAΘΘEŚ,,,,1.000,clean,b5b37f2c0718,1
7768,an(i)al,an(i)al,𐌀𐌍(𐌉)𐌀𐌋,,,,,0.000,clean,59e371e023b9,1
7770,------svalce------,------svalce------,------𐌔𐌅𐌀𐌋𐌂𐌄------,,------rins------,,,0.000,clean,6fe669a1af20,2
7773,(finthial,(finθial,(𐌚𐌉𐌍𐌈𐌉𐌀𐌋,,,,,0.000,clean,568c750bf4ac,1
7774,li,li,𐌋𐌉,li,,,,1.000,clean,00a9e4255a5b,3
7802,------------ nethsrac,------------ neθsrac,------------ 𐌍𐌄𐌈𐌔𐌓𐌀𐌂,neθsrac,------------------n------a----he-built--------,,,0.500,clean,3c4eeff7e03c,1
7803,atial zilcti,atial zilcti,𐌀𐌕𐌉𐌀𐌋 𐌆𐌉𐌋𐌂𐌕𐌉,atial zilcti,----------cof-his-motherin-hismagistracy-as-headmanof-littletarquiniaof-the-townfasci,,,1.000,clean,d54a335f49d0,1
7804,----cs----------------,----cs----------------,----𐌂𐌔----------------,,,,,0.000,clean,3b8b91c75627,2
7825,sethrna,seθrna,𐌔𐌄𐌈𐌓𐌍𐌀,seθrna,,,,1.000,clean,98fbfa3b2ee5,1
7829,harispex,harispex,𐌇𐌀𐌓𐌉𐌔𐌐𐌄𐌗,harispex,,,,1.000,clean,e9e5b92745da,3
7831,iarnea,iarnea,𐌉𐌀𐌓𐌍𐌄𐌀,iarnea,,,,1.000,clean,2f19216c807c,1
7832,ve(l)osai,ve(l)osai,𐌅𐌄(𐌋)𐌏𐌔𐌀𐌉,,mrs-velosas,,,0.000,clean,568454801074,1
CIE 2725,𐌀𐌈𐌉:𐌔𐌄𐌊𐌖𐌍𐌄:𐌀𐌈𐌉,AΘI:SECUNE:AΘI,,AΘI SECUNE AΘI,,,,1.000,clean,87305b10694c,1
CIE 2726,𐌀𐌓𐌍𐌉:𐌔𐌄𐌈𐌓𐌄,ARNI:SEΘRE,,ARNI SEΘRE,,,,1.000,clean,a051a0a6b13c,1
CIE 2727,seDRe|puiac,seDRe|puiac,𐌔𐌄𐌃𐌓𐌄|𐌐𐌖𐌉𐌀𐌂,seDRe puiac,,,,1.000,clean,89696ed3c535,1
CIE 2728,seDria|capnas,seDria|capnas,𐌔𐌄𐌃𐌓𐌉𐌀|𐌂𐌀𐌐𐌍𐌀𐌔,seDria capnas,,,,1.000,clean,e0f4b902e280,1
7946,menrva,menrva,𐌌𐌄𐌍𐌓𐌅𐌀,menrva,thegoddessminerva,,,1.000,clean,ba57cf03d1b1,5
7947,zilci la(r)th(es,zilci la(r)θ(es,𐌆𐌉𐌋𐌂𐌉 𐌋𐌀(𐌓)𐌈(𐌄𐌔,zilci,the-god-of-the-college-ofmerchantsthe-god-mercuryheentrusts,,,0.500,clean,761d5a51052b,1
7950,karkus,karkus,𐌊𐌀𐌓𐌊𐌖𐌔,karkus,do-notme-my-very-own-selfputto-use iimr-karkus,,,1.000,clean,b97d5632f9b6,1
7969,s{----}(ethres),s{----}(eθres),𐌔{----}(𐌄𐌈𐌓𐌄𐌔),,,,,0.000,clean,88e05e7652d0,2
8000,sp(urie),sp(urie),𐌔𐌐(𐌖𐌓𐌉𐌄),,,,,0.000,clean,a6f02a1bc871,1
8024,septimios,septimios,𐌔𐌄𐌐𐌕𐌉𐌌𐌉𐌏𐌔,septimios,,,,1.000,clean,a5ac4d4b1327,1
15293,thina,θina,𐌈𐌉𐌍𐌀,θina,,,,1.000,clean,8d7d606a04b6,2
8027,ar(ntos),ar(ntos),𐌀𐌓(𐌍𐌕𐌏𐌔),,,,,0.000,clean,2b951f1499b9,2
8028,a(rntos),a(rntos),𐌀(𐌓𐌍𐌕𐌏𐌔),,,,,0.000,clean,2b951f1499b9,2
8032,e(cnatnas) a(ulesa),e(cnatnas) a(ulesa),𐌄(𐌂𐌍𐌀𐌕𐌍𐌀𐌔) 𐌀(𐌖𐌋𐌄𐌔𐌀),,,,,0.000,clean,fdd64f0f0b8f,1
8033,ac(os),ac(os),𐌀𐌂(𐌏𐌔),,,,,0.000,clean,15e96cbef508,1
8036,mercvi,mercvi,𐌌𐌄𐌓𐌂𐌅𐌉,mercvi,mercuoss,,,1.000,clean,7252850aedf1,2
8037,mercvi,mercvi,𐌌𐌄𐌓𐌂𐌅𐌉,mercvi,mercuos,,,1.000,clean,7252850aedf1,2
8038,efiles,efiles,𐌄𐌚𐌉𐌋𐌄𐌔,efiles,mercuoss,,,1.000,clean,cb5e20c9de77,2
8039,efiles,efiles,𐌄𐌚𐌉𐌋𐌄𐌔,efiles,,,,1.000,clean,cb5e20c9de77,2
CIE 2729,seDria:|fraucnis,seDria:|fraucnis,𐌔𐌄𐌃𐌓𐌉𐌀:|𐌚𐌓𐌀𐌖𐌂𐌍𐌉𐌔,seDria fraucnis,,,,1.000,clean,bd2fd05142dd,1
CIE 2732,Hastia:Sethrnei Vibinnal,Hastia:Sethrnei Vibinnal,,Hastia Sethrnei Vibinnal,,,,1.000,clean,cc9fa7c2e61a,2
CIE 2734,hasDi:setrni:velSusa,hasDi:setrni:velSusa,𐌇𐌀𐌔𐌃𐌉:𐌔𐌄𐌕𐌓𐌍𐌉:𐌅𐌄𐌋𐌔𐌖𐌔𐌀,hasDi setrni velSusa,,,,1.000,clean,1abe74f9f61c,1
CIE 2735,MAИIA.V.IЭVОИЭ.ОИ,MAnIA.V.IeVone.on,,MAnIA.V.IeVone.on,,,,1.000,clean,7560abecb638,1
8168,thanacvil(a),θanacvil(a),𐌈𐌀𐌍𐌀𐌂𐌅𐌉𐌋(𐌀),,,,,0.000,clean,7257b4dbccd0,1
8177,rezo,rezo,𐌓𐌄𐌆𐌏,rezo,mr-calinos,,,1.000,clean,442c386fe280,1
8223,anelia,anelia,𐌀𐌍𐌄𐌋𐌉𐌀,anelia,mrs-tanacuil,,,1.000,clean,5cf187194c98,1
8224,reicia,reicia,𐌓𐌄𐌉𐌂𐌉𐌀,reicia,mr-marcus,,,1.000,clean,211c6ef8dc92,1
8226,saxoli,saxoli,𐌔𐌀𐌗𐌏𐌋𐌉,saxoli,mr-reios,,,1.000,clean,24edab27b9e8,1
8229,tisos,tisos,𐌕𐌉𐌔𐌏𐌔,tisos,,,,1.000,clean,0739cc8270a5,1
8232,maxomo,maxomo,𐌌𐌀𐌗𐌏𐌌𐌏,maxomo,,,,1.000,clean,7f4936db7180,2
8256,holoni,holoni,𐌇𐌏𐌋𐌏𐌍𐌉,holoni,of-mr-caios,,,1.000,clean,661f452af166,1
8267,veltor,veltor,𐌅𐌄𐌋𐌕𐌏𐌓,veltor,,,,1.000,clean,93b82dc9b41f,1
8273,caviacve,caviacve,𐌂𐌀𐌅𐌉𐌀𐌂𐌅𐌄,caviacve,,,,1.000,clean,a4072fba2fdb,1
8274,io,io,𐌉𐌏,io,,,,1.000,clean,4021fadf187f,2
8281,fafarpios,fafarpios,𐌚𐌀𐌚𐌀𐌓𐌐𐌉𐌏𐌔,fafarpios,mr-fafarpios,,,1.000,clean,3a48d487b6f0,1
8284,xiiin,xiiin,𐌗𐌉𐌉𐌉𐌍,xiiin,,,,1.000,clean,eea9eacbdaf1,1
CIE 2736,Э∂VTAЯ.Э.ЭVОЭЯ.АJ,eVTAr.e.eVoer.aJ,,,,,,0.000,needs_review,8a8b3ceb7263,1
CIE 2737,MVJAAЯЯЯЯ.ОА,MVJAArrrr.oa,,,,,,0.000,needs_review,5e582b6e7db8,1
CIE 2738,Э.Э:ЭI∂AИ,e.e:eIAn,𐌄.𐌄:𐌄𐌉𐌀𐌍,e.e eIAn,,,,1.000,clean,df4b0ea50bd0,1
CIE 2739,AJTИAIЭЭ:ЭTИAIЭЭ:ОЭ AJ,AJTnAIee:eTnAIee:oe AJ,,,,,,0.000,needs_review,a55c8a57a97d,1
CIE 2740,L.SEИTIO.PHOEBO,L.SEnTIO.PHOEBO,,L.SEnTIO.PHOEBO,,,,1.000,clean,944ecce47282,1
CIE 2741,L.SEИTIO.C.L.PHOEBO,L.SEnTIO.C.L.PHOEBO,,L.SEnTIO.C.L.PHOEBO,,,,1.000,clean,e9ccdaec7b22,1
8383,decimos,decimos,𐌃𐌄𐌂𐌉𐌌𐌏𐌔,decimos,mr-decimos,,,1.000,clean,0359bc01e4b8,2
8384,murenez(a),murenez(a),𐌌𐌖𐌓𐌄𐌍𐌄𐌆(𐌀),,,,,0.000,clean,4d2247064ad9,1
8397,volteo,volteo,𐌅𐌏𐌋𐌕𐌄𐌏,volteo,,,,1.000,clean,252a8c2228f9,1
8398,voldeo,voldeo,𐌅𐌏𐌋𐌃𐌄𐌏,voldeo,,,,1.000,clean,223400f89d50,1
8428,senthia,senθia,𐌔𐌄𐌍𐌈𐌉𐌀,senθia,,,,1.000,clean,8b82d7310228,1
8457,tif(erios),tif(erios),𐌕𐌉𐌚(𐌄𐌓𐌉𐌏𐌔),,,,,0.000,clean,841b0ee465a0,1
8461,panvr(o),panvr(o),𐌐𐌀𐌍𐌅𐌓(𐌏),,,,,0.000,clean,1780ce6a216a,1
8466,s(extos),s(extos),𐌔(𐌄𐌗𐌕𐌏𐌔),,,,,0.000,clean,a7e5996eebca,1
8477,d(ecimos),d(ecimos),𐌃(𐌄𐌂𐌉𐌌𐌏𐌔),,,,,0.000,clean,0359bc01e4b8,2
8509,a(vlos),a(vlos),𐌀(𐌅𐌋𐌏𐌔),,,,,0.000,clean,9ff3f27bf3da,2
CIE 2742,L.SEИTIVS.L.L.TELESPhORVS,L.SEnTIVS.L.L.TELESPhORVS,,L.SEnTIVS.L.L.TELESPhORVS,,,,1.000,clean,da67427fd51e,1
CIE 2743,L.SEИTI.ИAS.OИIS.L.SCARIPH|,L.SEnTI.nAS.OnIS.L.SCARIPH|,,L.SEnTI.nAS.OnIS.L.SCARIPH,,,,1.000,clean,e31e3b965cf3,1
CIE 2744,A2I19ATIH32.O133,velia.senti.tarxisa.,𐌅𐌄𐌋𐌉𐌀.𐌔𐌄𐌍𐌕𐌉.𐌕𐌀𐌓𐌗𐌉𐌔𐌀.,velia.senti.tarxisa.,,,,1.000,clean,b1480f97b504,1
8598,ti(ti),ti(ti),𐌕𐌉(𐌕𐌉),,sonsmr-titossgrandsonsfromspoils,,,0.000,clean,cce66316b4c1,2
8599,fa(bricandvm),fa(bricandvm),𐌚𐌀(𐌁𐌓𐌉𐌂𐌀𐌍𐌃𐌅𐌌),,having-givenof-their-ownmoneythe-building-ofsupervised,,,0.000,clean,ed4b193a7261,1
8600,a(vlos),a(vlos),𐌀(𐌅𐌋𐌏𐌔),,mr-aulos,,,0.000,clean,9ff3f27bf3da,2
8613,mi mulu,mi mulu,𐌌𐌉 𐌌𐌖𐌋𐌖,mi mulu,,,,1.000,clean,1625da909722,1
8616,menar{er}va,menar{er}va,𐌌𐌄𐌍𐌀𐌓{𐌄𐌓}𐌅𐌀,,,,,0.000,clean,2b182275ec14,1
8620,menar{e}va,menar{e}va,𐌌𐌄𐌍𐌀𐌓{𐌄}𐌅𐌀,,perseus,,,0.000,clean,04bcb3edd5b2,1
8632,e(cnatna),e(cnatna),𐌄(𐌂𐌍𐌀𐌕𐌍𐌀),,mr-ecnatna,,,0.000,clean,4f197c689f2c,2
8682,zichunce,ziχunce,𐌆𐌉𐌙𐌖𐌍𐌂𐌄,ziχunce,tal----------------------------------------------------------------------------------------twoasin-the-morninga-stately,,,1.000,clean,6f7401f3537f,1
8686,zalus tantlnas,zalus tantlnas,𐌆𐌀𐌋𐌖𐌔 𐌕𐌀𐌍𐌕𐌋𐌍𐌀𐌔,zalus tantlnas,ofonemugthis-very-one,,,1.000,clean,d8b568846615,1
8699,kae(s),kae(s),𐌊𐌀𐌄(𐌔),,,,,0.000,clean,1d811e6fcd5e,1
8702,eu,eu,𐌄𐌖,eu,,,,1.000,clean,4d0282941aaf,1
8767,thani,θani,𐌈𐌀𐌍𐌉,θani,,,,1.000,clean,932dd8c15e98,2
8770,thanas,θanas,𐌈𐌀𐌍𐌀𐌔,θanas,,,,1.000,clean,529bf0fae9b6,5
8817,ra(mtha),ra(mθa),𐌓𐌀(𐌌𐌈𐌀),,,,,0.000,clean,bb65dc8de509,7
8822,pe apas,pe apas,𐌐𐌄 𐌀𐌐𐌀𐌔,pe apas,myselfmr-tathavesthefathers-of-the-familycreated-didmr-laicansiiemr-nunies,,,1.000,clean,3e26f3281bd0,1
8828,pupnas,pupnas,𐌐𐌖𐌐𐌍𐌀𐌔,pupnas,,,,1.000,clean,4d5e84b4f351,1
CIE 2745,MA32.7I IT.2AIJA,veliza.seanti.calias.,𐌅𐌄𐌋𐌉𐌆𐌀.𐌔𐌄𐌀𐌍𐌕𐌉.𐌂𐌀𐌋𐌉𐌀𐌔.,veliza.seanti.calias.,,,,1.000,clean,2bbbf513d20c,1
CIE 2746,A3AD.MVJ3I.IHMA,seiantis.velus.caeaf,𐌔𐌄𐌉𐌀𐌍𐌕𐌉𐌔.𐌅𐌄𐌋𐌖𐌔.𐌂𐌀𐌄𐌀𐌚,seiantis.velus.caeaf,,,,1.000,clean,c5ba91e80116,1
CIE 2747,MAI32AIA[O],fana seiant.,𐌚𐌀𐌍𐌀 𐌔𐌄𐌉𐌀𐌍𐌕.,fana seiant.,,,,1.000,clean,958ae273a555,1
CIE 2752,:JAHIQVM:ATHAI2:VA,au.seiante.murinal.,𐌀𐌖.𐌔𐌄𐌉𐌀𐌍𐌕𐌄.𐌌𐌖𐌓𐌉𐌍𐌀𐌋.,au.seiante.murinal.,,,,1.000,clean,111b969bea71,1
8896,alcestei,alcestei,𐌀𐌋𐌂𐌄𐌔𐌕𐌄𐌉,alcestei,alcestis,,,1.000,clean,df4901541504,1
8898,erise,erise,𐌄𐌓𐌉𐌔𐌄,erise,mr-erise,,,1.000,clean,7f3f430d84e1,1
8918,faste,faste,𐌚𐌀𐌔𐌕𐌄,faste,mrs-lurnimr-larissmr-larts-sons-wifemr-larts-sons-sons-wifemrsvatlimismr-fastes,,,1.000,clean,2ecc6c00f0e6,1
8937,kaiknas,kaiknas,𐌊𐌀𐌉𐌊𐌍𐌀𐌔,kaiknas,,,,1.000,clean,9d2035b2ca4e,1
8939,munata(s),munata(s),𐌌𐌖𐌍𐌀𐌕𐌀(𐌔),,mr-munata,,,0.000,clean,6901d118bed5,1
8949,cerichunce,ceriχunce,𐌂𐌄𐌓𐌉𐌙𐌖𐌍𐌂𐌄,ceriχunce,,,,1.000,clean,eb694f81c9e5,1
9005,eqvit(i)i,eqvit(i)i,𐌄𐌒𐌅𐌉𐌕(𐌉)𐌉,,,,,0.000,clean,6c6f07a04680,1
9022,n(um)a,n(um)a,𐌍(𐌖𐌌)𐌀,,,,,0.000,clean,148f8f184ff9,2
9072,secan mama,secan mama,𐌔𐌄𐌂𐌀𐌍 𐌌𐌀𐌌𐌀,secan mama,ithe-aeneadanmr-titeturnasthis-incisedheadof-a-gorgoneionagorgon,,,1.000,clean,733c8d790b4d,1
9073,mi uinias,mi uinias,𐌌𐌉 𐌖𐌉𐌍𐌉𐌀𐌔,mi uinias,,,,1.000,clean,3674921a0557,1
9108,at(es),at(es),𐌀𐌕(𐌄𐌔),,,,,0.000,clean,4eb9fdf62eb1,1
9110,m(arcia)l,m(arcia)l,𐌌(𐌀𐌓𐌂𐌉𐌀)𐌋,,ms-marcis,,,0.000,clean,1934d2caba2b,1
9118,t(e)nial,t(e)nial,𐌕(𐌄)𐌍𐌉𐌀𐌋,,mr-arezulties-daughtershusband,,,0.000,clean,52d5135c3b27,1
CIE 2753,MVJ3A:JAIH297:VJDA:32:VA,au.acilu.presntial.velus,𐌀𐌖.𐌀𐌂𐌉𐌋𐌖.𐌐𐌓𐌄𐌔𐌍𐌕𐌉𐌀𐌋.𐌅𐌄𐌋𐌖𐌔,au.acilu.presntial.velus,,,,1.000,clean,55701a5a2bf0,1
CIE 2754,fasti : senti [a]cilumia : teti[nal],fasti : senti [a]cilumia : teti[nal],𐌚𐌀𐌔𐌕𐌉 : 𐌔𐌄𐌍𐌕𐌉 [𐌀]𐌂𐌉𐌋𐌖𐌌𐌉𐌀 : 𐌕𐌄𐌕𐌉[𐌍𐌀𐌋],fasti senti,,,,0.500,clean,b70e024c85c3,1
CIE 2755,ha:tu:su:sec:acilusa,ha:tu:su:sec:acilusa,𐌇𐌀:𐌕𐌖:𐌔𐌖:𐌔𐌄𐌂:𐌀𐌂𐌉𐌋𐌖𐌔𐌀,ha tu su sec acilusa,,,,1.000,clean,9234e0e58af1,1
ETP 51,camnas vel larθal,camnas vel larθal,𐌂𐌀𐌌𐌍𐌀𐌔 𐌅𐌄𐌋 𐌋𐌀𐌓𐌈𐌀𐌋,camnas vel larθal,,340.0,330.0,1.000,clean,2f5cba1f85be,1
9213,vipin(i)al,vipin(i)al,𐌅𐌉𐌐𐌉𐌍(𐌉)𐌀𐌋,,mrs-vipinis,,,0.000,clean,229e7593e9c8,7
9214,thupltha(s),θuplθa(s),𐌈𐌖𐌐𐌋𐌈𐌀(𐌔),,mr-thuplthas,,,0.000,clean,4348be10b48e,1
9217,felei(al),felei(al),𐌚𐌄𐌋𐌄𐌉(𐌀𐌋),,,,,0.000,clean,6c19de1ab218,1
9223,asth,asθ,𐌀𐌔𐌈,asθ,kill,,,1.000,clean,4eff2dfe49f5,1
9234,ecanthlaireul,ecanθlaireul,𐌄𐌂𐌀𐌍𐌈𐌋𐌀𐌉𐌓𐌄𐌖𐌋,ecanθlaireul,ecanthlaireul,,,1.000,clean,ece918bc028f,1
9239,turms,turms,𐌕𐌖𐌓𐌌𐌔,turms,,,,1.000,clean,abbd2cc76716,2
9240,mi aliethi f(astias),mi alieθi f(astias),𐌌𐌉 𐌀𐌋𐌉𐌄𐌈𐌉 𐌚(𐌀𐌔𐌕𐌉𐌀𐌔),mi alieθi,mr-tarchies,,,0.667,clean,d78e9987efc8,1
9251,caivia,caivia,𐌂𐌀𐌉𐌅𐌉𐌀,caivia,mr-lariscaiviathe-equipmentof-the-tomb,,,1.000,clean,c04d785f22a2,1
9255,resucusa,resucusa,𐌓𐌄𐌔𐌖𐌂𐌖𐌔𐌀,resucusa,mr-nalu,,,1.000,clean,12f1b2161621,1
9262,kemenelus,kemenelus,𐌊𐌄𐌌𐌄𐌍𐌄𐌋𐌖𐌔,kemenelus,ithe-tombof-mr-larth,,,1.000,clean,d64a8c63073e,1
9264,mi puin(i)el,mi puin(i)el,𐌌𐌉 𐌐𐌖𐌉𐌍(𐌉)𐌄𐌋,mi,iof-ms-,,,0.500,clean,27c97bd439c1,1
9265,re(nines),re(nines),𐌓𐌄(𐌍𐌉𐌍𐌄𐌔),,,,,0.000,clean,0409a06fbc14,1
9270,velthur,velθur,𐌅𐌄𐌋𐌈𐌖𐌓,velθur,,,,1.000,clean,e46640bb4ba6,6
9274,mi,mi,𐌌𐌉,mi,ithe-representationtrueofthe-goddess-artemis,,,1.000,clean,eee1c1ade652,9
CIE 2756,arnθ:acilu:tutn[a]l:,arnθ:acilu:tutn[a]l:,𐌀𐌓𐌍𐌈:𐌀𐌂𐌉𐌋𐌖:𐌕𐌖𐌕𐌍[𐌀]𐌋:,arnθ acilu,,,,0.667,clean,8d4fbc384c66,1
CIE 2757,θania:seianti:tutnal:sec:herinisa,θania:seianti:tutnal:sec:herinisa,𐌈𐌀𐌍𐌉𐌀:𐌔𐌄𐌉𐌀𐌍𐌕𐌉:𐌕𐌖𐌕𐌍𐌀𐌋:𐌔𐌄𐌂:𐌇𐌄𐌓𐌉𐌍𐌉𐌔𐌀,θania seianti tutnal sec herinisa,,,,1.000,clean,d19c06cfe099,1
CIE 2758,aθ:acilu:pvrnal:,aθ:acilu:pvrnal:,𐌀𐌈:𐌀𐌂𐌉𐌋𐌖:𐌐𐌅𐌓𐌍𐌀𐌋:,aθ acilu pvrnal,,,,1.000,clean,f0eec0b522dc,1
CIE 2759,aθ:aci[lu],aθ:aci[lu],𐌀𐌈:𐌀𐌂𐌉[𐌋𐌖],aθ,,,,0.500,clean,a72cbedb4a39,1
CIE 276,V: LECNE: V | SESETNAL,V: LECNE: V | SESETNAL,,V LECNE V SESETNAL,,,,1.000,clean,32de693cd587,1
4245,auliai,auliai,𐌀𐌖𐌋𐌉𐌀𐌉,auliai,,,,1.000,clean,3bd4ce78c0f9,1
9298,{s}l(autn)i,{s}l(autn)i,{𐌔}𐌋(𐌀𐌖𐌕𐌍)𐌉,,mr-kapemr-mukathesdaughters-husbandmrkapesslavegirl,,,0.000,clean,fd20b1f6c27f,1
9303,vitecatha vivipin(i)al,vitecaθa vivipin(i)al,𐌅𐌉𐌕𐌄𐌂𐌀𐌈𐌀 𐌅𐌉𐌅𐌉𐌐𐌉𐌍(𐌉)𐌀𐌋,vitecaθa,,,,0.500,clean,9d68a9ebe6cc,1
9311,thez(l)i(e),θez(l)i(e),𐌈𐌄𐌆(𐌋)𐌉(𐌄),,,,,0.000,clean,965726967f71,2
9371,llasaial,llasaial,𐌋𐌋𐌀𐌔𐌀𐌉𐌀𐌋,llasaial,,,,1.000,clean,c86b5ae39bdb,1
9373,fulnei l(ar)th(us),fulnei l(ar)θ(us),𐌚𐌖𐌋𐌍𐌄𐌉 𐌋(𐌀𐌓)𐌈(𐌖𐌔),fulnei,,,,0.500,clean,0b14fda6e2a8,1
9380,di,di,𐌃𐌉,di,,,,1.000,clean,225ed6562f68,2
9382,sethre,seθre,𐌔𐌄𐌈𐌓𐌄,seθre,,,,1.000,clean,dc4220d137ca,3
9388,feltuithe,feltuiθe,𐌚𐌄𐌋𐌕𐌖𐌉𐌈𐌄,feltuiθe,thephysicianmachaon,,,1.000,clean,bee676344153,1
9392,turce,turce,𐌕𐌖𐌓𐌂𐌄,turce,,,,1.000,clean,0beec1919a73,5
9402,eknatna,eknatna,𐌄𐌊𐌍𐌀𐌕𐌍𐌀,eknatna,,,,1.000,clean,acb48756d836,1
9403,a{s}<n>f{l}e{lv},a{s}<n>f{l}e{lv},𐌀{𐌔}<𐌍>𐌚{𐌋}𐌄{𐌋𐌅},,,,,0.000,clean,5f6737c8989a,1
CIE 2760,θana:seianti:cencunia:cicusa:,θana:seianti:cencunia:cicusa:,𐌈𐌀𐌍𐌀:𐌔𐌄𐌉𐌀𐌍𐌕𐌉:𐌂𐌄𐌍𐌂𐌖𐌍𐌉𐌀:𐌂𐌉𐌂𐌖𐌔𐌀:,θana seianti cencunia cicusa,,,,1.000,clean,3acb77a7b7d6,1
CIE 2761,θana:seianti:cumerunia:latiialisa,θana:seianti:cumerunia:latiialisa,𐌈𐌀𐌍𐌀:𐌔𐌄𐌉𐌀𐌍𐌕𐌉:𐌂𐌖𐌌𐌄𐌓𐌖𐌍𐌉𐌀:𐌋𐌀𐌕𐌉𐌉𐌀𐌋𐌉𐌔𐌀,θana seianti cumerunia latiialisa,,,,1.000,clean,cfcb99796ebd,1
CIE 2762,larθ:seiante:larθal:latimialisa,larθ:seiante:larθal:latimialisa,𐌋𐌀𐌓𐌈:𐌔𐌄𐌉𐌀𐌍𐌕𐌄:𐌋𐌀𐌓𐌈𐌀𐌋:𐌋𐌀𐌕𐌉𐌌𐌉𐌀𐌋𐌉𐌔𐌀,larθ seiante larθal latimialisa,,,,1.000,clean,61e4ab10c666,1
3116,thuchia(s),θuχia(s),𐌈𐌖𐌙𐌉𐌀(𐌔),,,,,0.000,clean,d207905e921e,1
CIE 277,TITEI: LE|CNESA | CAINAL,TITEI: LE|CNESA | CAINAL,,TITEI LE CNESA CAINAL,,,,1.000,clean,900e42c6025b,1
9504,venelus,venelus,𐌅𐌄𐌍𐌄𐌋𐌖𐌔,venelus,ithe-tombof-mr-vel,,,1.000,clean,4fa4f8199dc7,1
9506,mi suti,mi suti,𐌌𐌉 𐌔𐌖𐌕𐌉,mi suti,,,,1.000,clean,a7c29023f321,1
9517,ut,ut,𐌖𐌕,ut,,,,1.000,clean,469cc643a19f,2
9525,larthial,larθial,𐌋𐌀𐌓𐌈𐌉𐌀𐌋,larθial,of-ms-cutni,,,1.000,clean,8294e1c5939c,9
9530,qvattvorvir,qvattvorvir,𐌒𐌅𐌀𐌕𐌕𐌅𐌏𐌓𐌅𐌉𐌓,qvattvorvir,priestmember-of-the-board-offour-men-empoweredthe-lawtospeak,,,1.000,clean,0af565f07a63,2
9531,iiv------l,iiv------l,𐌉𐌉𐌅------𐌋,,of-,,,0.000,clean,e9cd7d30dedd,1
9535,nuni th(anasa) l(arisasas),nuni θ(anasa) l(arisasas),𐌍𐌖𐌍𐌉 𐌈(𐌀𐌍𐌀𐌔𐌀) 𐌋(𐌀𐌓𐌉𐌔𐌀𐌔𐌀𐌔),nuni,ms-nunimr-thanas-sonswifemr-lariss-sons-sons-wife,,,0.333,clean,686e6432d1fe,1
9546,afie ithipe--,afie iθipe--,𐌀𐌚𐌉𐌄 𐌉𐌈𐌉𐌐𐌄--,afie,afieithipe--the-god-jupiter---------the-goddess-juno--------------------------------------------------------------------------------------------------------------------------------------------------------------------------------,,,0.500,clean,b4ef3748f37d,1
9552,a(reuizies),a(reuizies),𐌀(𐌓𐌄𐌖𐌉𐌆𐌉𐌄𐌔),,,,,0.000,clean,0807a0e52e22,1
9621,purni,purni,𐌐𐌖𐌓𐌍𐌉,purni,arcali,,,1.000,clean,057905da036f,1
9672,fane l(auchume),fane l(auχume),𐌚𐌀𐌍𐌄 𐌋(𐌀𐌖𐌙𐌖𐌌𐌄),fane,mr-larthfanemr-avlesour-chieftain,,,0.500,clean,78325a6223c2,1
CIE 18.B.5,ЭИV·I·ИAЭI·A Fa.,enV·I·nAeI·A Fa.,𐌄𐌍𐌅·𐌉·𐌍𐌀𐌄𐌉·𐌀 𐌚𐌀.,enV I nAeI A Fa.,,,,1.000,clean,d4b120baf8c7,1
CIE 2772,ANΘRAMAΘRIVXΘAIAZ:AJ,ANΘRAMAΘRIVXΘAIAZ:AJ,,,,,,0.000,needs_review,5d7f73b2ef42,1
CIE 2773,AΘMAIΘA:Z:ΘV,AΘMAIΘA:Z:ΘV,,AΘMAIΘA Z ΘV,,,,1.000,clean,02710f4c8fa2,1
300,--ilarisafpuaskrpnasamm,--ilarisafpuaskrpnasamm,--𐌉𐌋𐌀𐌓𐌉𐌔𐌀𐌚𐌐𐌖𐌀𐌔𐌊𐌓𐌐𐌍𐌀𐌔𐌀𐌌𐌌,,,,,0.000,clean,8ebb142a112d,1
CIE 2776,IΘMAIΘA:Z:AO,IΘMAIΘA:Z:AO,,IΘMAIΘA Z AO,,,,1.000,clean,31aba0893dc2,1
CIE 2777,ΘAM:ΘANAM:ΘA:Z:AΘINΘA:Z:AΘANΘAO,ΘAM:ΘANAM:ΘA:Z:AΘINΘA:Z:AΘANΘAO,,ΘAM ΘANAM ΘA Z AΘINΘA Z AΘANΘAO,,,,1.000,clean,f230598efdd8,1
9818,kuleniiesi,kuleniiesi,𐌊𐌖𐌋𐌄𐌍𐌉𐌉𐌄𐌔𐌉,kuleniiesi,,,,1.000,clean,94632cef7ef9,1
9820,larza arnth(i)alisa,larza arnθ(i)alisa,𐌋𐌀𐌓𐌆𐌀 𐌀𐌓𐌍𐌈(𐌉)𐌀𐌋𐌉𐌔𐌀,larza,,,,0.500,clean,7dc0c512245b,1
9857,suthin(a),suθin(a),𐌔𐌖𐌈𐌉𐌍(𐌀),,,,,0.000,clean,2a656a7a6521,7
9876,p(e)sn(as),p(e)sn(as),𐌐(𐌄)𐌔𐌍(𐌀𐌔),,,,,0.000,clean,8da0b95a614e,1
9885,ch(ae),χ(ae),𐌙(𐌀𐌄),,mr-chae,,,0.000,clean,a2583e9e5004,4
9886,tular (a)pa(s),tular (a)pa(s),𐌕𐌖𐌋𐌀𐌓 (𐌀)𐌐𐌀(𐌔),tular,,,,0.500,clean,ff01aeef2f0c,1
9897,ceicnai(al),ceicnai(al),𐌂𐌄𐌉𐌂𐌍𐌀𐌉(𐌀𐌋),,,,,0.000,clean,fdea74418b21,1
9908,thania cincunia l(a)ch(us),θania cincunia l(a)χ(us),𐌈𐌀𐌍𐌉𐌀 𐌂𐌉𐌍𐌂𐌖𐌍𐌉𐌀 𐌋(𐌀)𐌙(𐌖𐌔),θania cincunia,,,,0.667,clean,ac8939365158,1
9929,fuflun(u)zi,fuflun(u)zi,𐌚𐌖𐌚𐌋𐌖𐌍(𐌖)𐌆𐌉,,,,,0.000,clean,69a2ca05ad1b,1
9952,sveitu,sveitu,𐌔𐌅𐌄𐌉𐌕𐌖,sveitu,mr-sveitu,,,1.000,clean,7ff0b0f50fa3,3
9956,appiu,appiu,𐌀𐌐𐌐𐌉𐌖,appiu,mr-appiu,,,1.000,clean,26cc7fda2170,1
9957,ce,ce,𐌂𐌄,ce,mr-thania,,,1.000,clean,e64c826b6b33,2
9969,uch(us),uχ(us),𐌖𐌙(𐌖𐌔),,,,,0.000,clean,73dde691d8c9,6
9977,ra(mthas),ra(mθas),𐌓𐌀(𐌌𐌈𐌀𐌔),,,,,0.000,clean,5eba80f4b853,8
3004,spaspo,spaspo,𐌔𐌐𐌀𐌔𐌐𐌏,spaspo,mr-caiustutiliusspaspomrluciussson,,,1.000,clean,635fa319e8e5,1
4252,slebaris,slebaris,𐌔𐌋𐌄𐌁𐌀𐌓𐌉𐌔,slebaris,mr-slebaris,,,1.000,clean,569ae83149e5,1
4253,cavili(al) petruni(e)s,cavili(al) petruni(e)s,𐌂𐌀𐌅𐌉𐌋𐌉(𐌀𐌋) 𐌐𐌄𐌕𐌓𐌖𐌍𐌉(𐌄)𐌔,,,,,0.000,clean,baa2a304fc29,1
4262,cnares,cnares,𐌂𐌍𐌀𐌓𐌄𐌔,cnares,,,,1.000,clean,6b125b360994,1
4305,clumnei(al) silaithes,clumnei(al) silaiθes,𐌂𐌋𐌖𐌌𐌍𐌄𐌉(𐌀𐌋) 𐌔𐌉𐌋𐌀𐌉𐌈𐌄𐌔,silaiθes,,,,0.500,clean,9720e101bf58,1
432,ciarthi(e)sa,ciarθi(e)sa,𐌂𐌉𐌀𐌓𐌈𐌉(𐌄)𐌔𐌀,,mrs-larthititlnei,,,0.000,clean,20dc4b453d2f,2
4323,v(e)l(ia) marcnas,v(e)l(ia) marcnas,𐌅(𐌄)𐌋(𐌉𐌀) 𐌌𐌀𐌓𐌂𐌍𐌀𐌔,marcnas,,,,0.500,clean,ccd4626876e7,1
10160,skrvre,skrvre,𐌔𐌊𐌓𐌅𐌓𐌄,skrvre,inensirkraesrir,,,1.000,clean,26d32b113044,1
10161,mi apirthe mlach,mi apirθe mlaχ,𐌌𐌉 𐌀𐌐𐌉𐌓𐌈𐌄 𐌌𐌋𐌀𐌙,mi apirθe mlaχ,memr-anthaiamolded-fromclaymehe-molded-from-clay,,,1.000,clean,5a915ba7482b,1
10207,malavis,malavis,𐌌𐌀𐌋𐌀𐌅𐌉𐌔,malavis,thegoddessdiana,,,1.000,clean,9be07c5c7838,1
10226,ar(rvns),ar(rvns),𐌀𐌓(𐌓𐌅𐌍𐌔),,,,,0.000,clean,927f3d204195,1
10237,ch(ae),χ(ae),𐌙(𐌀𐌄),,mr-chae,,,0.000,clean,a2583e9e5004,4
10241,c(a)e,c(a)e,𐌂(𐌀)𐌄,,,,,0.000,clean,32906664311c,2
10243,ka(e),ka(e),𐌊𐌀(𐌄),,,,,0.000,clean,a6a09a883fd3,4
10245,p(uplie),p(uplie),𐌐(𐌖𐌐𐌋𐌉𐌄),,,,,0.000,clean,59625754fed3,2
10271,v(elthuru)s,v(elθuru)s,𐌅(𐌄𐌋𐌈𐌖𐌓𐌖)𐌔,,,,,0.000,clean,372cd980409c,4
10301,n(umerie),n(umerie),𐌍(𐌖𐌌𐌄𐌓𐌉𐌄),,mr-numerie,,,0.000,clean,3e3e8c922dec,2
10303,v(el)th(ur)e,v(el)θ(ur)e,𐌅(𐌄𐌋)𐌈(𐌖𐌓)𐌄,,,,,0.000,clean,4ab3fda9586c,1
10308,acevzfthiklmnpsrstufch,acevzfθiklmnpsrstufχ,𐌀𐌂𐌄𐌅𐌆𐌚𐌈𐌉𐌊𐌋𐌌𐌍𐌐𐌔𐌓𐌔𐌕𐌖𐌚𐌙,acevzfθiklmnpsrstufχ,,,,1.000,clean,5478afc3a35a,1
10346,l(a)r(is),l(a)r(is),𐌋(𐌀)𐌓(𐌉𐌔),,,,,0.000,clean,45282a1b38b3,1
10366,a(ul)z(a),a(ul)z(a),𐌀(𐌖𐌋)𐌆(𐌀),,,,,0.000,clean,c255cd51b635,1
10398,ch(aesa),χ(aesa),𐌙(𐌀𐌄𐌔𐌀),,,,,0.000,clean,6bcf359428f8,1
4336,sethra,seθra,𐌔𐌄𐌈𐌓𐌀,seθra,mr-sethra,,,1.000,clean,a7d7b7415a05,4
434,masmumus,masmumus,𐌌𐌀𐌔𐌌𐌖𐌌𐌖𐌔,masmumus,,,,1.000,clean,749db3c2c548,1
4392,a(rn)th(us),a(rn)θ(us),𐌀(𐌓𐌍)𐌈(𐌖𐌔),,mr-arnths,,,0.000,clean,a3c93500b5ee,10
4401,larthina,larθina,𐌋𐌀𐌓𐌈𐌉𐌍𐌀,larθina,mr-larthian,,,1.000,clean,d50e3e8813c2,1
4402,titeas c(la)n,titeas c(la)n,𐌕𐌉𐌕𐌄𐌀𐌔 𐌂(𐌋𐌀)𐌍,titeas,,,,0.500,clean,25fce36a489c,1
4406,larthialisa,larθialisa,𐌋𐌀𐌓𐌈𐌉𐌀𐌋𐌉𐌔𐌀,larθialisa,,,,1.000,clean,f23f5661cf60,7
4407,patlni(al) vuisial(ial),patlni(al) vuisial(ial),𐌐𐌀𐌕𐌋𐌍𐌉(𐌀𐌋) 𐌅𐌖𐌉𐌔𐌉𐌀𐌋(𐌉𐌀𐌋),,,,,0.000,clean,c4bd26e03268,1
10484,k(ae),k(ae),𐌊(𐌀𐌄),,mr-kae,,,0.000,clean,a6a09a883fd3,4
10513,thania cainiei ar(n)th,θania cainiei ar(n)θ,𐌈𐌀𐌍𐌉𐌀 𐌂𐌀𐌉𐌍𐌉𐌄𐌉 𐌀𐌓(𐌍)𐌈,θania cainiei,mr-thania,,,0.667,clean,932828bcb08a,1
10522,s(ethra),s(eθra),𐌔(𐌄𐌈𐌓𐌀),,mr-sethra,,,0.000,clean,a7d7b7415a05,4
10559,ferin(a)s,ferin(a)s,𐌚𐌄𐌓𐌉𐌍(𐌀)𐌔,,,,,0.000,clean,ef1421bcee52,1
10562,s(a)ra,s(a)ra,𐌔(𐌀)𐌓𐌀,,,,,0.000,clean,3a6d64c24cf8,1
10606,n(umena),n(umena),𐌍(𐌖𐌌𐌄𐌍𐌀),,,,,0.000,clean,7879e65c9f84,1
10614,t(usn)u,t(usn)u,𐌕(𐌖𐌔𐌍)𐌖,,,,,0.000,clean,76b408518ca4,2
10680,tuntle,tuntle,𐌕𐌖𐌍𐌕𐌋𐌄,tuntle,tyndarus,,,1.000,clean,eb0502b56573,1
10686,suthina,suθina,𐌔𐌖𐌈𐌉𐌍𐌀,suθina,,,,1.000,clean,2a656a7a6521,7
10688,alpan,alpan,𐌀𐌋𐌐𐌀𐌍,alpan,,,,1.000,clean,54b5f2049477,3
8945,ta,ta,𐌕𐌀,ta,thissarcophagusmr-marce,,,1.000,clean,76592b9de6d3,5
10733,lapie,lapie,𐌋𐌀𐌐𐌉𐌄,lapie,,,,1.000,clean,19305cfd3737,2
10759,tich(ia)l,tiχ(ia)l,𐌕𐌉𐌙(𐌉𐌀)𐌋,,,,,0.000,clean,aeeba5694d4b,1
10764,echtur(i)al,eχtur(i)al,𐌄𐌙𐌕𐌖𐌓(𐌉)𐌀𐌋,,,,,0.000,clean,af6df465fe66,1
10766,t(a)la,t(a)la,𐌕(𐌀)𐌋𐌀,,,,,0.000,clean,1406ccbdf906,2
4418,arpetrunizetnal,arpetrunizetnal,𐌀𐌓𐌐𐌄𐌕𐌓𐌖𐌍𐌉𐌆𐌄𐌕𐌍𐌀𐌋,arpetrunizetnal,,,,1.000,clean,05ee61feb5eb,1
4424,pianiathe calisna(s),pianiaθe calisna(s),𐌐𐌉𐌀𐌍𐌉𐌀𐌈𐌄 𐌂𐌀𐌋𐌉𐌔𐌍𐌀(𐌔),pianiaθe,,,,0.500,clean,760b5fb4b66e,1
4429,lathipuclis,laθipuclis,𐌋𐌀𐌈𐌉𐌐𐌖𐌂𐌋𐌉𐌔,laθipuclis,,,,1.000,clean,1844ef827117,1
4434,csalisna,csalisna,𐌂𐌔𐌀𐌋𐌉𐌔𐌍𐌀,csalisna,,,,1.000,clean,47ad46cff092,1
6451,minimulvanicevelthurfurtiniie,minimulvanicevelθurfurtiniie,𐌌𐌉𐌍𐌉𐌌𐌖𐌋𐌅𐌀𐌍𐌉𐌂𐌄𐌅𐌄𐌋𐌈𐌖𐌓𐌚𐌖𐌓𐌕𐌉𐌍𐌉𐌉𐌄,minimulvanicevelθurfurtiniie,,,,1.000,clean,8f56b6a37a66,1
10857,suthina,suθina,𐌔𐌖𐌈𐌉𐌍𐌀,suθina,mr-thaniamrs-lucinissomething-for-theafterlife,,,1.000,clean,2a656a7a6521,7
10858,luvcin(i)al,luvcin(i)al,𐌋𐌖𐌅𐌂𐌉𐌍(𐌉)𐌀𐌋,,,,,0.000,clean,9c79328f2733,1
10871,ra(mtha),ra(mθa),𐌓𐌀(𐌌𐌈𐌀),,mr-arnth,,,0.000,clean,bb65dc8de509,7
10873,f(e)rcle,f(e)rcle,𐌚(𐌄)𐌓𐌂𐌋𐌄,,thegoddesireforthegodbacchus,,,0.000,clean,4b260b904b36,6
10875,t{l}<u>rms,t{l}<u>rms,𐌕{𐌋}<𐌖>𐌓𐌌𐌔,,thegoddessharmony,,,0.000,clean,856ab328a70f,1
10899,a(rn)th,a(rn)θ,𐌀(𐌓𐌍)𐌈,,,,,0.000,clean,c80f3b04a01a,10
10900,lapie,lapie,𐌋𐌀𐌐𐌉𐌄,lapie,mr-lapie,,,1.000,clean,19305cfd3737,2
10902,nestra,nestra,𐌍𐌄𐌔𐌕𐌓𐌀,nestra,,,,1.000,clean,978e2ffd71b4,1
10908,cacu,cacu,𐌂𐌀𐌂𐌖,cacu,mr-cacu,,,1.000,clean,8d65f99e9407,3
10935,ac(ilu),ac(ilu),𐌀𐌂(𐌉𐌋𐌖),,mr-acilu,,,0.000,clean,935e005ba03c,1
10953,cicuc,cicuc,𐌂𐌉𐌂𐌖𐌂,cicuc,the-mothersmrscalusnis,,,1.000,clean,f21f67359dbd,1
10960,f(e)ti,f(e)ti,𐌚(𐌄)𐌕𐌉,,,,,0.000,clean,0ec0a600ee32,1
10982,rav(nthu),rav(nθu),𐌓𐌀𐌅(𐌍𐌈𐌖),,,,,0.000,clean,abd79229bb95,2
11003,charu,χaru,𐌙𐌀𐌓𐌖,χaru,,,,1.000,clean,5158555771f7,3
11010,ru(fe),ru(fe),𐌓𐌖(𐌚𐌄),,,,,0.000,clean,3ebb28a13cf6,1
11025,thesan,θesan,𐌈𐌄𐌔𐌀𐌍,θesan,a-muse,,,1.000,clean,4b4a179d7536,2
11029,larcesa(s),larcesa(s),𐌋𐌀𐌓𐌂𐌄𐌔𐌀(𐌔),,,,,0.000,clean,a8abf230e013,1
4446,slathnu,slaθnu,𐌔𐌋𐌀𐌈𐌍𐌖,slaθnu,mr-larth,,,1.000,clean,ebc7ae884fae,1
4447,senatia,senatia,𐌔𐌄𐌍𐌀𐌕𐌉𐌀,senatia,,,,1.000,clean,a93ae6d20295,1
4478,nustiia(s),nustiia(s),𐌍𐌖𐌔𐌕𐌉𐌉𐌀(𐌔),,,,,0.000,clean,04f8f6058b7f,1
4484,arnthial,arnθial,𐌀𐌓𐌍𐌈𐌉𐌀𐌋,arnθial,,,,1.000,clean,348cedc0cd11,11
4488,petruni(e)s,petruni(e)s,𐌐𐌄𐌕𐌓𐌖𐌍𐌉(𐌄)𐌔,,,,,0.000,clean,ce531b952253,2
11058,aruthiach,aruθiaχ,𐌀𐌓𐌖𐌈𐌉𐌀𐌙,aruθiaχ,i--did-make--ms-puteresciofthe-hamlet-of-aruthia,,,1.000,clean,d37344297d3c,1
11116,sa,sa,𐌔𐌀,sa,one,,,1.000,clean,4cf6829aa937,2
11118,a{p}<t>re,a{p}<t>re,𐌀{𐌐}<𐌕>𐌓𐌄,,thenymphoinone,,,0.000,clean,d3595304d487,1
11155,l(a)l(a)rmic,l(a)l(a)rmic,𐌋(𐌀)𐌋(𐌀)𐌓𐌌𐌉𐌂,,mr-trufuniemr-pethunusmr-velsslave,,,0.000,clean,05a80fd21c25,1
11156,suthike kavi(e)s vazili(al),suθike kavi(e)s vazili(al),𐌔𐌖𐌈𐌉𐌊𐌄 𐌊𐌀𐌅𐌉(𐌄)𐌔 𐌅𐌀𐌆𐌉𐌋𐌉(𐌀𐌋),suθike,mr-felfamasumr-veites,,,0.333,clean,34eeb72baf4b,1
11174,f(elca)ch,f(elca)χ,𐌚(𐌄𐌋𐌂𐌀)𐌙,,,,,0.000,clean,233f3e5472d8,1
11189,elinai,elinai,𐌄𐌋𐌉𐌍𐌀𐌉,elinai,helena,,,1.000,clean,fd3f6037be3b,3
11192,merva,merva,𐌌𐌄𐌓𐌅𐌀,merva,thegoddessminerva,,,1.000,clean,69600aa3c70b,1
11193,(ve)lclthi,(ve)lclθi,(𐌅𐌄)𐌋𐌂𐌋𐌈𐌉,,,,,0.000,clean,7a8d5538dffe,1
11194,p(etruial),p(etruial),𐌐(𐌄𐌕𐌓𐌖𐌉𐌀𐌋),,,,,0.000,clean,725f6cbc836d,3
11195,sp(uriesc) v(eliasc),sp(uriesc) v(eliasc),𐌔𐌐(𐌖𐌓𐌉𐌄𐌔𐌂) 𐌅(𐌄𐌋𐌉𐌀𐌔𐌂),,,,,0.000,clean,94a2868f272c,1
11265,avele,avele,𐌀𐌅𐌄𐌋𐌄,avele,,,,1.000,clean,90530aa2c024,1
11268,statiest,statiest,𐌔𐌕𐌀𐌕𐌉𐌄𐌔𐌕,statiest,,,,1.000,clean,d94a791f3735,1
11271,staties,staties,𐌔𐌕𐌀𐌕𐌉𐌄𐌔,staties,,,,1.000,clean,3049716d8bea,2
11311,n(a)chu,n(a)χu,𐌍(𐌀)𐌙𐌖,,,,,0.000,clean,fc435b2a1275,1
11381,p(etru),p(etru),𐌐(𐌄𐌕𐌓𐌖),,mr-petru,,,0.000,clean,dc7cbd28fc3b,3
11424,vu,vu,𐌅𐌖,vu,vu,,,1.000,clean,b944fc0984e6,2
4493,tlatia,tlatia,𐌕𐌋𐌀𐌕𐌉𐌀,tlatia,,,,1.000,clean,245ac94a9880,1
4503,uthavi(e)s atinatia(sa),uθavi(e)s atinatia(sa),𐌖𐌈𐌀𐌅𐌉(𐌄)𐌔 𐌀𐌕𐌉𐌍𐌀𐌕𐌉𐌀(𐌔𐌀),,,,,0.000,clean,9946dd5ec41a,1
4508,ulthe fermial,ulθe fermial,𐌖𐌋𐌈𐌄 𐌚𐌄𐌓𐌌𐌉𐌀𐌋,ulθe fermial,,,,1.000,clean,bba082753021,1
4515,arnth pisice(s),arnθ pisice(s),𐌀𐌓𐌍𐌈 𐌐𐌉𐌔𐌉𐌂𐌄(𐌔),arnθ,,,,0.500,clean,9f013a5d2478,1
452,aulelatitheaule--s,aulelatiθeaule--s,𐌀𐌖𐌋𐌄𐌋𐌀𐌕𐌉𐌈𐌄𐌀𐌖𐌋𐌄--𐌔,,,,,0.000,clean,de9dd1f14506,1
11513,ze(th),ze(θ),𐌆𐌄(𐌈),,,,,0.000,clean,cd809fe9ac66,2
11548,n(umer)i,n(umer)i,𐌍(𐌖𐌌𐌄𐌓)𐌉,,,,,0.000,clean,bd0df94935a0,2
11603,ma(rces),ma(rces),𐌌𐌀(𐌓𐌂𐌄𐌔),,,,,0.000,clean,1b9d20898483,2
11772,aviles,aviles,𐌀𐌅𐌉𐌋𐌄𐌔,aviles,,,,1.000,clean,34cc171c5495,1
11797,p(uplies),p(uplies),𐌐(𐌖𐌐𐌋𐌉𐌄𐌔),,mr-puplie,,,0.000,clean,500881a0998b,2
11917,p(uples),p(uples),𐌐(𐌖𐌐𐌋𐌄𐌔),,mr-puples,,,0.000,clean,64da8febe3de,2
11956,p(uple),p(uple),𐌐(𐌖𐌐𐌋𐌄),,mr-puple,,,0.000,clean,3c1c9459eda2,2
11977,artms(ia)l,artms(ia)l,𐌀𐌓𐌕𐌌𐌔(𐌉𐌀)𐌋,,,,,0.000,clean,24f600a4f5f0,1
12031,faspnas,faspnas,𐌚𐌀𐌔𐌐𐌍𐌀𐌔,faspnas,of-mrfaspna,,,1.000,clean,aa21b4d69c57,7
12038,faspnas,faspnas,𐌚𐌀𐌔𐌐𐌍𐌀𐌔,faspnas,,,,1.000,clean,aa21b4d69c57,7
12039,faspnas,faspnas,𐌚𐌀𐌔𐌐𐌍𐌀𐌔,faspnas,,,,1.000,clean,aa21b4d69c57,7
12053,faspnas,faspnas,𐌚𐌀𐌔𐌐𐌍𐌀𐌔,faspnas,,,,1.000,clean,aa21b4d69c57,7
12056,faspnas,faspnas,𐌚𐌀𐌔𐌐𐌍𐌀𐌔,faspnas,of-mrfaspna,,,1.000,clean,aa21b4d69c57,7
12078,faspnas,faspnas,𐌚𐌀𐌔𐌐𐌍𐌀𐌔,faspnas,,,,1.000,clean,aa21b4d69c57,7
12120,pithamnuale,piθamnuale,𐌐𐌉𐌈𐌀𐌌𐌍𐌖𐌀𐌋𐌄,piθamnuale,by-mr-pithamnu,,,1.000,clean,14d767bdcadf,1
12140,escharz(i)al,esχarz(i)al,𐌄𐌔𐌙𐌀𐌓𐌆(𐌉)𐌀𐌋,,,,,0.000,clean,91ececdaf808,1
4536,se(th),se(θ),𐌔𐌄(𐌈),,,,,0.000,clean,fa4e2d66f9f9,3
4538,utuse,utuse,𐌖𐌕𐌖𐌔𐌄,utuse,mr-velthinas,,,1.000,clean,4c70f441f124,1
4539,le(tnitha) aperuce,le(tniθa) aperuce,𐌋𐌄(𐌕𐌍𐌉𐌈𐌀) 𐌀𐌐𐌄𐌓𐌖𐌂𐌄,aperuce,amciemrs-titis,,,0.500,clean,7f8ca779b52e,1
4540,penthuna,penθuna,𐌐𐌄𐌍𐌈𐌖𐌍𐌀,penθuna,mr-penthuna,,,1.000,clean,af39e150d688,1
4542,arnth(us),arnθ(us),𐌀𐌓𐌍𐌈(𐌖𐌔),,,,,0.000,clean,a3c93500b5ee,10
4544,tnal,tnal,𐌕𐌍𐌀𐌋,tnal,headby-mr-alethna,,,1.000,clean,51d4e0b5babb,2
4546,thur,θur,𐌈𐌖𐌓,θur,,,,1.000,clean,601038fd2370,1
4547,arthslathruni,arθslaθruni,𐌀𐌓𐌈𐌔𐌋𐌀𐌈𐌓𐌖𐌍𐌉,arθslaθruni,mr-arnthmrs-slathrunis,,,1.000,clean,9f77ac2eda19,1
12232,scurnai sethras,scurnai seθras,𐌔𐌂𐌖𐌓𐌍𐌀𐌉 𐌔𐌄𐌈𐌓𐌀𐌔,scurnai seθras,ms-scurnaimr-sethraetruscas,,,1.000,clean,fc49aa489da3,1
12242,sasari(e)s,sasari(e)s,𐌔𐌀𐌔𐌀𐌓𐌉(𐌄)𐌔,,mr-tetumus,,,0.000,clean,e0256460d8d1,1
3017,larisalisa,larisalisa,𐌋𐌀𐌓𐌉𐌔𐌀𐌋𐌉𐌔𐌀,larisalisa,,,,1.000,clean,2c761beafd00,1
12251,------chnix------,------χnix------,------𐌙𐌍𐌉𐌗------,,------chnix------,,,0.000,clean,6161fd63dd47,1
12257,sethus,seθus,𐌔𐌄𐌈𐌖𐌔,seθus,,,,1.000,clean,dd2936d6af6f,1
12266,turuce,turuce,𐌕𐌖𐌓𐌖𐌂𐌄,turuce,did-give,,,1.000,clean,7b5b1bfc8cb2,2
12291,puplies,puplies,𐌐𐌖𐌐𐌋𐌉𐌄𐌔,puplies,,,,1.000,clean,500881a0998b,2
12307,melacre,melacre,𐌌𐌄𐌋𐌀𐌂𐌓𐌄,melacre,porthaon,,,1.000,clean,2821c8250c24,1
12312,v(e)l(ia) tretin(i)al,v(e)l(ia) tretin(i)al,𐌅(𐌄)𐌋(𐌉𐌀) 𐌕𐌓𐌄𐌕𐌉𐌍(𐌉)𐌀𐌋,,,,,0.000,clean,e19083b5cff7,1
12319,a<i>s{i}ur,a<i>s{i}ur,𐌀<𐌉>𐌔{𐌉}𐌖𐌓,,,,,0.000,clean,190adcbeb895,1
12322,ta,ta,𐌕𐌀,ta,,,,1.000,clean,76592b9de6d3,5
12326,uuu,uuu,𐌖𐌖𐌖,uuu,,,,1.000,clean,27cad5b4de3b,2
12336,zatneial,zatneial,𐌆𐌀𐌕𐌍𐌄𐌉𐌀𐌋,zatneial,,,,1.000,clean,3db661d87f00,1
12350,thun vertunce,θun vertunce,𐌈𐌖𐌍 𐌅𐌄𐌓𐌕𐌖𐌍𐌂𐌄,θun vertunce,,,,1.000,clean,2feedaab88ae,1
12354,celtalv(i)a(i)l,celtalv(i)a(i)l,𐌂𐌄𐌋𐌕𐌀𐌋𐌅(𐌉)𐌀(𐌉)𐌋,,mr-larthaniemr-larthsmrs-celtalviais,,,0.000,clean,ecbceb23ebd7,1
4548,ziraple,ziraple,𐌆𐌉𐌓𐌀𐌐𐌋𐌄,ziraple,mr-ziraple,,,1.000,clean,919585025eca,1
460,vuisi(al),vuisi(al),𐌅𐌖𐌉𐌔𐌉(𐌀𐌋),,,,,0.000,clean,cf5bdeb2e76f,1
4608,ftlaeinukaelesicril,ftlaeinukaelesicril,𐌚𐌕𐌋𐌀𐌄𐌉𐌍𐌖𐌊𐌀𐌄𐌋𐌄𐌔𐌉𐌂𐌓𐌉𐌋,ftlaeinukaelesicril,,,,1.000,clean,1f80286d77ad,1
4610,larthi putina(s) kru(ia)l{----},larθi putina(s) kru(ia)l{----},𐌋𐌀𐌓𐌈𐌉 𐌐𐌖𐌕𐌉𐌍𐌀(𐌔) 𐌊𐌓𐌖(𐌉𐌀)𐌋{----},larθi,,,,0.333,clean,08e1874479fe,1
4613,cuinui(alisa),cuinui(alisa),𐌂𐌖𐌉𐌍𐌖𐌉(𐌀𐌋𐌉𐌔𐌀),,mr-larismrs-apismrscuinuis-daughters-husband,,,0.000,clean,0e4011488a4f,1
4618,mi calisnas larth(i)al,mi calisnas larθ(i)al,𐌌𐌉 𐌂𐌀𐌋𐌉𐌔𐌍𐌀𐌔 𐌋𐌀𐌓𐌈(𐌉)𐌀𐌋,mi calisnas,ithe-urnof-mr-calisnamrs-larthis,,,0.667,clean,5e3831a0d68d,1
4621,larthi,larθi,𐌋𐌀𐌓𐌈𐌉,larθi,ms-larthi,,,1.000,clean,43cc77e6a66a,8
4622,thremsini,θremsini,𐌈𐌓𐌄𐌌𐌔𐌉𐌍𐌉,θremsini,,,,1.000,clean,9780ef3ca170,1
463,etchu(sa),etχu(sa),𐌄𐌕𐌙𐌖(𐌔𐌀),,mrs-anisismr-larissmr-etchus-daughtershusband,,,0.000,clean,92247201ff89,1
12364,pulfna,pulfna,𐌐𐌖𐌋𐌚𐌍𐌀,pulfna,,,,1.000,clean,21d86be8a56a,2
12423,feisalna,feisalna,𐌚𐌄𐌉𐌔𐌀𐌋𐌍𐌀,feisalna,,,,1.000,clean,84058231fa42,1
12424,milarthetruscastravilanas,milarθetruscastravilanas,𐌌𐌉𐌋𐌀𐌓𐌈𐌄𐌕𐌓𐌖𐌔𐌂𐌀𐌔𐌕𐌓𐌀𐌅𐌉𐌋𐌀𐌍𐌀𐌔,milarθetruscastravilanas,,,,1.000,clean,e0bb9459a68f,1
12425,etr(usca),etr(usca),𐌄𐌕𐌓(𐌖𐌔𐌂𐌀),,,,,0.000,clean,102305a5bf37,1
12426,e(truscas),e(truscas),𐌄(𐌕𐌓𐌖𐌔𐌂𐌀𐌔),,,,,0.000,clean,68fe4f69f6b7,1
12429,arnthial zichial,arnθial ziχial,𐌀𐌓𐌍𐌈𐌉𐌀𐌋 𐌆𐌉𐌙𐌉𐌀𐌋,arnθial ziχial,of-mr-little-larthetruscaourheadman,,,1.000,clean,3bdbff1740f4,1
12430,ipavesi in aisiuthrice,ipavesi in aisiuθrice,𐌉𐌐𐌀𐌅𐌄𐌔𐌉 𐌉𐌍 𐌀𐌉𐌔𐌉𐌖𐌈𐌓𐌉𐌂𐌄,ipavesi in aisiuθrice,mr-laris-and-mr-larismasarnaspitshome,,,1.000,clean,9cb013ee2f46,1
12444,arcsne,arcsne,𐌀𐌓𐌂𐌔𐌍𐌄,arcsne,,,,1.000,clean,548a08d717b7,1
12450,u(chu),u(χu),𐌖(𐌙𐌖),,,,,0.000,clean,425eeb8f3a39,3
12453,ch(ae) ch(ae) ch(ae) ch(ae) ch(ae) ch(ae),χ(ae) χ(ae) χ(ae) χ(ae) χ(ae) χ(ae),𐌙(𐌀𐌄) 𐌙(𐌀𐌄) 𐌙(𐌀𐌄) 𐌙(𐌀𐌄) 𐌙(𐌀𐌄) 𐌙(𐌀𐌄),,mr-chaemr-chaemr-chaemr-chaemr-chaemr-chae,,,0.000,clean,ee28e065e670,1
4630,c(aii),c(aii),𐌂(𐌀𐌉𐌉),,,,,0.000,clean,f01fc62dfcfd,11
4632,crispinia,crispinia,𐌂𐌓𐌉𐌔𐌐𐌉𐌍𐌉𐌀,crispinia,mrs-crispiniafirmamr-,,,1.000,clean,9471128b09e5,1
4636,arnthur anain(i)al,arnθur anain(i)al,𐌀𐌓𐌍𐌈𐌖𐌓 𐌀𐌍𐌀𐌉𐌍(𐌉)𐌀𐌋,arnθur,,,,0.500,clean,7dca855e889b,1
4640,larthi,larθi,𐌋𐌀𐌓𐌈𐌉,larθi,,,,1.000,clean,43cc77e6a66a,8
CIE 18.B.6,AИVЭVЭЭ·A Fa.,AnVeVee·A Fa.,𐌀𐌍𐌅𐌄𐌅𐌄𐌄·𐌀 𐌚𐌀.,AnVeVee A Fa.,,,,1.000,clean,78e0f92df782,1
4643,a(ulial),a(ulial),𐌀(𐌖𐌋𐌉𐌀𐌋),,,,,0.000,clean,5ffbbb538571,1
4646,pumpui(al),pumpui(al),𐌐𐌖𐌌𐌐𐌖𐌉(𐌀𐌋),,,,,0.000,clean,3b5043473e1a,2
4649,sethrni(al),seθrni(al),𐌔𐌄𐌈𐌓𐌍𐌉(𐌀𐌋),,,,,0.000,clean,51ddc8402292,2
4650,sethrni(alisa) auinial,seθrni(alisa) auinial,𐌔𐌄𐌈𐌓𐌍𐌉(𐌀𐌋𐌉𐌔𐌀) 𐌀𐌖𐌉𐌍𐌉𐌀𐌋,auinial,,,,0.500,clean,e445993924c9,1
4651,sethrni(alisa),seθrni(alisa),𐌔𐌄𐌈𐌓𐌍𐌉(𐌀𐌋𐌉𐌔𐌀),,,,,0.000,clean,1dd14aed5e77,1
4662,----------------al,----------------al,----------------𐌀𐌋,,,,,0.000,clean,635182503015,5
12470,larth(i)al,larθ(i)al,𐌋𐌀𐌓𐌈(𐌉)𐌀𐌋,,of-mr-pumpuna,,,0.000,clean,8294e1c5939c,9
12571,prechus,preχus,𐌐𐌓𐌄𐌙𐌖𐌔,preχus,of-mr-aulefulchiemr-prechus,,,1.000,clean,844f26d60a6e,1
12572,ravzus,ravzus,𐌓𐌀𐌅𐌆𐌖𐌔,ravzus,seethe-sarcophagus,,,1.000,clean,78a1aa32717e,1
12578,lucinas cvethna,lucinas cveθna,𐌋𐌖𐌂𐌉𐌍𐌀𐌔 𐌂𐌅𐌄𐌈𐌍𐌀,lucinas cveθna,,,,1.000,clean,dc93b36f6dd8,1
12594,nii,nii,𐌍𐌉𐌉,nii,,,,1.000,clean,84139e0de458,1
12597,{ }fvuluvet,{ }fvuluvet,{ }𐌚𐌅𐌖𐌋𐌖𐌅𐌄𐌕,,to-the-angels-of-the-afterlifetothe-divine-lovesdid-give,,,0.000,clean,6f72d818d81a,1
12598,cialchuva,cialχuva,𐌂𐌉𐌀𐌋𐌙𐌖𐌅𐌀,cialχuva,meto-mr-kaeetruscadid-give,,,1.000,clean,68f97d94a77f,1
12604,felsinei(al) venzni(alisa),felsinei(al) venzni(alisa),𐌚𐌄𐌋𐌔𐌉𐌍𐌄𐌉(𐌀𐌋) 𐌅𐌄𐌍𐌆𐌍𐌉(𐌀𐌋𐌉𐌔𐌀),,,,,0.000,clean,7f0575bdde79,1
12607,velusa,velusa,𐌅𐌄𐌋𐌖𐌔𐌀,velusa,,,,1.000,clean,78b8a0b66eb4,5
12610,arnth cutu lusn(i)al,arnθ cutu lusn(i)al,𐌀𐌓𐌍𐌈 𐌂𐌖𐌕𐌖 𐌋𐌖𐌔𐌍(𐌉)𐌀𐌋,arnθ cutu,,,,0.667,clean,c649a9968cf2,1
12615,arnth cutu(s),arnθ cutu(s),𐌀𐌓𐌍𐌈 𐌂𐌖𐌕𐌖(𐌔),arnθ,mr-arnthmr-caiecutusmrs-arnthis-daughters-husband,,,0.500,clean,4d9e362e2c99,1
4663,arntveline,arntveline,𐌀𐌓𐌍𐌕𐌅𐌄𐌋𐌉𐌍𐌄,arntveline,mr-arntveline,,,1.000,clean,21e6a684be01,1
4667,vechchal,veχχal,𐌅𐌄𐌙𐌙𐌀𐌋,veχχal,,,,1.000,clean,fc2f206d80c3,1
4677,----risal,----risal,----𐌓𐌉𐌔𐌀𐌋,,,,,0.000,clean,9d546710ddf8,1
4680,canei,canei,𐌂𐌀𐌍𐌄𐌉,canei,mr-thanamrs-ataisdaughters-husband,,,1.000,clean,91aa9d1552f8,1
4681,ni,ni,𐌍𐌉,ni,mrs-velinis,,,1.000,clean,4db03a277cfb,5
4684,velathri(e)z,velaθri(e)z,𐌅𐌄𐌋𐌀𐌈𐌓𐌉(𐌄)𐌆,,,,,0.000,clean,9a77421ab7ea,1
4686,arnthal,arnθal,𐌀𐌓𐌍𐌈𐌀𐌋,arnθal,,,,1.000,clean,d0480fe3d1f8,4
4689,a(rn)th,a(rn)θ,𐌀(𐌓𐌍)𐌈,,mr-arnth,,,0.000,clean,c80f3b04a01a,10
4690,larce(s),larce(s),𐌋𐌀𐌓𐌂𐌄(𐌔),,mr-larces,,,0.000,clean,b371c564791b,1
12646,cutu larthial,cutu larθial,𐌂𐌖𐌕𐌖 𐌋𐌀𐌓𐌈𐌉𐌀𐌋,cutu larθial,,,,1.000,clean,4491ff7986e2,1
12683,pupain(i)al,pupain(i)al,𐌐𐌖𐌐𐌀𐌉𐌍(𐌉)𐌀𐌋,,,,,0.000,clean,240a5a1d6346,1
12684,crespesa,crespesa,𐌂𐌓𐌄𐌔𐌐𐌄𐌔𐌀,crespesa,mr-crespes-daughters-husband,,,1.000,clean,eae48152f26c,1
12687,crespu,crespu,𐌂𐌓𐌄𐌔𐌐𐌖,crespu,,,,1.000,clean,c43ad2740d81,1
12690,ce(icna),ce(icna),𐌂𐌄(𐌉𐌂𐌍𐌀),,,,,0.000,clean,bc285b6ec0cc,1
12691,alpan,alpan,𐌀𐌋𐌐𐌀𐌍,alpan,,,,1.000,clean,54b5f2049477,3
12699,miravunthualienas,miravunθualienas,𐌌𐌉𐌓𐌀𐌅𐌖𐌍𐌈𐌖𐌀𐌋𐌉𐌄𐌍𐌀𐌔,miravunθualienas,,,,1.000,clean,b93394396e04,1
12704,th(u)k(er),θ(u)k(er),𐌈(𐌖)𐌊(𐌄𐌓),,,,,0.000,clean,8463c5b6437b,1
12734,chuchu,χuχu,𐌙𐌖𐌙𐌖,χuχu,,,,1.000,clean,0fedfaa77970,1
12738,tle(slas),tle(slas),𐌕𐌋𐌄(𐌔𐌋𐌀𐌔),,,,,0.000,clean,ed9d71a9b649,1
12742,apinasepi,apinasepi,𐌀𐌐𐌉𐌍𐌀𐌔𐌄𐌐𐌉,apinasepi,,,,1.000,clean,d7d119ccbee5,1
12758,trepie,trepie,𐌕𐌓𐌄𐌐𐌉𐌄,trepie,,,,1.000,clean,6040f0a55357,1
12759,me(nrv)a,me(nrv)a,𐌌𐌄(𐌍𐌓𐌅)𐌀,,the-goddess-venus,,,0.000,clean,ba57cf03d1b1,5
47,atichu,atiχu,𐌀𐌕𐌉𐌙𐌖,atiχu,built,,,1.000,clean,2cced36a8284,1
4725,lautn(i),lautn(i),𐌋𐌀𐌖𐌕𐌍(𐌉),,our-slavegirl,,,0.000,clean,2ab58e43c63b,3
4734,pesnei,pesnei,𐌐𐌄𐌔𐌍𐌄𐌉,pesnei,,,,1.000,clean,2aeee4138d4c,1
4739,tiz(ia)l,tiz(ia)l,𐌕𐌉𐌆(𐌉𐌀)𐌋,,mr-titenurizu,,,0.000,clean,dc03239f081b,1
4742,nitha,niθa,𐌍𐌉𐌈𐌀,niθa,mr-ramtha,,,1.000,clean,e58e186edcab,1
4744,vezana{}s,vezana{}s,𐌅𐌄𐌆𐌀𐌍𐌀{}𐌔,,,,,0.000,clean,91999a8b69d7,1
4746,ath,aθ,𐌀𐌈,aθ,,,,1.000,clean,036e91ffe464,1
4755,sethrepazini,seθrepazini,𐌔𐌄𐌈𐌓𐌄𐌐𐌀𐌆𐌉𐌍𐌉,seθrepazini,,,,1.000,clean,e0940ad9beec,1
12791,eca fupnina sethres,eca fupnina seθres,𐌄𐌂𐌀 𐌚𐌖𐌐𐌍𐌉𐌍𐌀 𐌔𐌄𐌈𐌓𐌄𐌔,eca fupnina seθres,,,,1.000,clean,b59fa5f0663b,1
12799,selvans(ia)l,selvans(ia)l,𐌔𐌄𐌋𐌅𐌀𐌍𐌔(𐌉𐌀)𐌋,,,,,0.000,clean,f25212a170d2,2
12801,prethnsa,preθnsa,𐌐𐌓𐌄𐌈𐌍𐌔𐌀,preθnsa,by-the-god-culsans-the-twofaced-god-of-gateways,,,1.000,clean,e7ec001273b8,1
12875,scevas,scevas,𐌔𐌂𐌄𐌅𐌀𐌔,scevas,,,,1.000,clean,66d873146139,1
12877,chiuz,χiuz,𐌙𐌉𐌖𐌆,χiuz,,,,1.000,clean,29bb3c75e45f,1
12883,turuce,turuce,𐌕𐌖𐌓𐌖𐌂𐌄,turuce,,,,1.000,clean,7b5b1bfc8cb2,2
12891,ainias,ainias,𐌀𐌉𐌍𐌉𐌀𐌔,ainias,,,,1.000,clean,322d2fdfc777,1
12895,fulnice,fulnice,𐌚𐌖𐌋𐌍𐌉𐌂𐌄,fulnice,adrastus,,,1.000,clean,3a1b49f93995,2
12902,m(ar)c(i),m(ar)c(i),𐌌(𐌀𐌓)𐌂(𐌉),,,,,0.000,clean,3f16126b50d7,1
12916,me(m)as,me(m)as,𐌌𐌄(𐌌)𐌀𐌔,,,,,0.000,clean,83555ca72359,1
12920,{<ta>}<te>se,{<ta>}<te>se,{<𐌕𐌀>}<𐌕𐌄>𐌔𐌄,,,,,0.000,clean,39eda23a9efb,1
12926,suti(na),suti(na),𐌔𐌖𐌕𐌉(𐌍𐌀),,,,,0.000,clean,14290dd98307,1
12928,fercle,fercle,𐌚𐌄𐌓𐌂𐌋𐌄,fercle,theherohercules,,,1.000,clean,4b260b904b36,6
12929,sa(thlans),sa(θlans),𐌔𐌀(𐌈𐌋𐌀𐌍𐌔),,,,,0.000,clean,bc853f3f246c,1
4773,plinthae,plinθae,𐌐𐌋𐌉𐌍𐌈𐌀𐌄,plinθae,mrs-satelliaphilematiumrcaiussfreedgirl,,,1.000,clean,077b54a7beec,1
4774,plinthai,plinθai,𐌐𐌋𐌉𐌍𐌈𐌀𐌉,plinθai,philematiu,,,1.000,clean,cb45877c4a87,1
478,l(ar)tth tetina marcn(i)al,l(ar)tθ tetina marcn(i)al,𐌋(𐌀𐌓)𐌕𐌈 𐌕𐌄𐌕𐌉𐌍𐌀 𐌌𐌀𐌓𐌂𐌍(𐌉)𐌀𐌋,tetina,,,,0.333,clean,10eeb4a8c4fa,1
4790,thanicu,θanicu,𐌈𐌀𐌍𐌉𐌂𐌖,θanicu,mr-thanicu,,,1.000,clean,6feb252f6048,2
4792,l(a(u))t(nitha),l(a(u))t(niθa),𐌋(𐌀(𐌖))𐌕(𐌍𐌉𐌈𐌀),,mr-evantra,,,0.000,clean,a8123a09e898,4
4795,alfni(e)sa,alfni(e)sa,𐌀𐌋𐌚𐌍𐌉(𐌄)𐌔𐌀,,mrs-felis,,,0.000,clean,a17f8c1b0559,1
13810,mulakas,mulakas,𐌌𐌖𐌋𐌀𐌊𐌀𐌔,mulakas,imr-sfuriasbig-roundgobletthe-handsome-thingofthe-handsome-man,,,1.000,clean,5266651f75df,1
13821,testha(s),tesθa(s),𐌕𐌄𐌔𐌈𐌀(𐌔),,of-mr-veltesthamr-marcesmrs-aulismr-thanas-daughtershusbandof-mr-vel,,,0.000,clean,4157566860a8,1
13849,tremi,tremi,𐌕𐌓𐌄𐌌𐌉,tremi,,,,1.000,clean,3dafa765f553,1
13874,perkni(e)s,perkni(e)s,𐌐𐌄𐌓𐌊𐌍𐌉(𐌄)𐌔,,,,,0.000,clean,492cc70b3514,1
13883,aaas,aaas,𐌀𐌀𐌀𐌔,aaas,sfal,,,1.000,clean,7dbf083797fb,1
13885,v(ifles),v(ifles),𐌅(𐌉𐌚𐌋𐌄𐌔),,mr-vifles,,,0.000,clean,f54b71266b64,1
13912,lasas(i)al,lasas(i)al,𐌋𐌀𐌔𐌀𐌔(𐌉)𐌀𐌋,,ms-lasasis,,,0.000,clean,c6d49554332f,1
13924,latinia,latinia,𐌋𐌀𐌕𐌉𐌍𐌉𐌀,latinia,formr-marcuslatiniusto-hersonmost-loyalmrs-latiniahismother,,,1.000,clean,c21817e26d6a,1
13925,p(vbl(i)vs),p(vbl(i)vs),𐌐(𐌅𐌁𐌋(𐌉)𐌅𐌔),,mr-publiustettiusmenecratianus,,,0.000,clean,b197b708d8c2,1
13947,thithi,θiθi,𐌈𐌉𐌈𐌉,θiθi,,,,1.000,clean,8b34b75fea77,1
13952,a(rce),a(rce),𐌀(𐌓𐌂𐌄),,,,,0.000,clean,0e86e28ad3f6,1
13957,sv(eitu),sv(eitu),𐌔𐌅(𐌄𐌉𐌕𐌖),,mr-spurie,,,0.000,clean,7ff0b0f50fa3,3
13964,upiku perunies(i),upiku perunies(i),𐌖𐌐𐌉𐌊𐌖 𐌐𐌄𐌓𐌖𐌍𐌉𐌄𐌔(𐌉),upiku,,,,0.500,clean,6cc0fb3521e0,1
13965,upiku tiuti(e)sa chvilipi perisnati,upiku tiuti(e)sa χvilipi perisnati,𐌖𐌐𐌉𐌊𐌖 𐌕𐌉𐌖𐌕𐌉(𐌄)𐌔𐌀 𐌙𐌅𐌉𐌋𐌉𐌐𐌉 𐌐𐌄𐌓𐌉𐌔𐌍𐌀𐌕𐌉,upiku χvilipi perisnati,,,,0.750,clean,f829c9db0783,1
4796,felial,felial,𐌚𐌄𐌋𐌉𐌀𐌋,felial,,,,1.000,clean,01da23414eaf,1
4797,purnei(al),purnei(al),𐌐𐌖𐌓𐌍𐌄𐌉(𐌀𐌋),,mrs-purneis,,,0.000,clean,6620a6e03fe4,1
4800,arnthlatin,arnθlatin,𐌀𐌓𐌍𐌈𐌋𐌀𐌕𐌉𐌍,arnθlatin,mr-arnthlatinie,,,1.000,clean,c75115c2c856,1
4802,amnei,amnei,𐌀𐌌𐌍𐌄𐌉,amnei,,,,1.000,clean,55f9338beb2f,1
4809,trepinal,trepinal,𐌕𐌓𐌄𐌐𐌉𐌍𐌀𐌋,trepinal,,,,1.000,clean,64af45c2015f,1
4810,tesa,tesa,𐌕𐌄𐌔𐌀,tesa,,,,1.000,clean,75acbf4fd162,1
4815,stenia,stenia,𐌔𐌕𐌄𐌍𐌉𐌀,stenia,,,,1.000,clean,7ab7713cd22d,1
6730,sceivai,sceivai,𐌔𐌂𐌄𐌉𐌅𐌀𐌉,sceivai,,,,1.000,clean,0b7df1837f2d,1
14000,i ciuain neivainipe,i ciuain neivainipe,𐌉 𐌂𐌉𐌖𐌀𐌉𐌍 𐌍𐌄𐌉𐌅𐌀𐌉𐌍𐌉𐌐𐌄,i ciuain neivainipe,,,,1.000,clean,521e0f68ec74,1
14005,v(a)ri,v(a)ri,𐌅(𐌀)𐌓𐌉,,,,,0.000,clean,cf8633b75da0,1
14031,lasasnas,lasasnas,𐌋𐌀𐌔𐌀𐌔𐌍𐌀𐌔,lasasnas,,,,1.000,clean,6d897efb6622,1
14037,nemntinas,nemntinas,𐌍𐌄𐌌𐌍𐌕𐌉𐌍𐌀𐌔,nemntinas,,,,1.000,clean,08f44ce734bc,1
14309,v(ip)i,v(ip)i,𐌅(𐌉𐌐)𐌉,,ms-vipi,,,0.000,clean,2f7e29fbc47d,4
14326,t(an)a(s),t(an)a(s),𐌕(𐌀𐌍)𐌀(𐌔),,,,,0.000,clean,5a76699829cd,3
14327,z(ilc)i,z(ilc)i,𐌆(𐌉𐌋𐌂)𐌉,,,,,0.000,clean,f6fd46a3122e,1
14329,u(chu)i,u(χu)i,𐌖(𐌙𐌖)𐌉,,,,,0.000,clean,e5a900e7c532,1
14338,p(etr)u(s),p(etr)u(s),𐌐(𐌄𐌕𐌓)𐌖(𐌔),,,,,0.000,clean,cfba945e0510,1
14357,e(cnatnas),e(cnatnas),𐌄(𐌂𐌍𐌀𐌕𐌍𐌀𐌔),,,,,0.000,clean,6a7a591c233f,2
14362,u(chu)s,u(χu)s,𐌖(𐌙𐌖)𐌔,,,,,0.000,clean,73dde691d8c9,6
14389,t(an)a(s),t(an)a(s),𐌕(𐌀𐌍)𐌀(𐌔),,mr-tanas,,,0.000,clean,5a76699829cd,3
14395,ch(u)r(chles),χ(u)r(χles),𐌙(𐌖)𐌓(𐌙𐌋𐌄𐌔),,mr-churchles,,,0.000,clean,be202a649c19,2
14414,p{}(upln)as,p{}(upln)as,𐌐{}(𐌖𐌐𐌋𐌍)𐌀𐌔,,mr-chae,,,0.000,clean,013b691b71d0,1
14429,n(umas),n(umas),𐌍(𐌖𐌌𐌀𐌔),,,,,0.000,clean,1c08534f067d,2
4816,ariodantes in ariodantes,ariodantes in ariodantes,𐌀𐌓𐌉𐌏𐌃𐌀𐌍𐌕𐌄𐌔 𐌉𐌍 𐌀𐌓𐌉𐌏𐌃𐌀𐌍𐌕𐌄𐌔,ariodantes in ariodantes,,,,1.000,clean,be85d24876f9,1
4825,vipin(i)al,vipin(i)al,𐌅𐌉𐌐𐌉𐌍(𐌉)𐌀𐌋,,,,,0.000,clean,229e7593e9c8,7
4827,campes,campes,𐌂𐌀𐌌𐌐𐌄𐌔,campes,,,,1.000,clean,cb94bbaeb90a,1
4828,lartathucerusatnal,lartaθucerusatnal,𐌋𐌀𐌓𐌕𐌀𐌈𐌖𐌂𐌄𐌓𐌖𐌔𐌀𐌕𐌍𐌀𐌋,lartaθucerusatnal,mr-lartmr-aulethucerus,,,1.000,clean,77d2ab6b8e69,1
4838,arnthpetru,arnθpetru,𐌀𐌓𐌍𐌈𐌐𐌄𐌕𐌓𐌖,arnθpetru,mr-arnthpetru,,,1.000,clean,0484beab3cd3,1
4839,laramni,laramni,𐌋𐌀𐌓𐌀𐌌𐌍𐌉,laramni,,,,1.000,clean,1b40e1e3b0fb,1
4848,petrui satn(i)al,petrui satn(i)al,𐌐𐌄𐌕𐌓𐌖𐌉 𐌔𐌀𐌕𐌍(𐌉)𐌀𐌋,petrui,,,,0.500,clean,b67d14883725,1
4850,a(rn)th felusn(i)al,a(rn)θ felusn(i)al,𐌀(𐌓𐌍)𐌈 𐌚𐌄𐌋𐌖𐌔𐌍(𐌉)𐌀𐌋,,,,,0.000,clean,64c105e8ddc8,1
4851,thani,θani,𐌈𐌀𐌍𐌉,θani,mrs-thanimr-aulesdaughtermrs-varneis-sons-wifemrs-,,,1.000,clean,932dd8c15e98,2
14451,figvl(i),figvl(i),,,,,,0.000,clean,d0856315c5e8,1
14452,scrof(ae),scrof(ae),𐌔𐌂𐌓𐌏𐌚(𐌀𐌄),,of-mr-vibeius,,,0.000,clean,97b25cb87d0d,1
14459,marifr(ii),marifr(ii),𐌌𐌀𐌓𐌉𐌚𐌓(𐌉𐌉),,,,,0.000,clean,5c62a67e74d6,1
14472,l(ar)ch,l(ar)χ,𐌋(𐌀𐌓)𐌙,,,,,0.000,clean,ee6c0da38f47,4
14525,es{ teprai(al),es{ teprai(al),𐌄𐌔{ 𐌕𐌄𐌐𐌓𐌀𐌉(𐌀𐌋),,mr-estuamrs-teprais--somewomans--,,,0.000,clean,15f3974da7a3,1
14553,taniun,taniun,𐌕𐌀𐌍𐌉𐌖𐌍,taniun,,,,1.000,clean,4b35731fa7b8,1
14556,veltiasa,veltiasa,𐌅𐌄𐌋𐌕𐌉𐌀𐌔𐌀,veltiasa,mspanis,,,1.000,clean,8db1ae4acdef,1
14561,achratin(i)alisa,aχratin(i)alisa,𐌀𐌙𐌓𐌀𐌕𐌉𐌍(𐌉)𐌀𐌋𐌉𐌔𐌀,,mr-aulemr-faprnasslave,,,0.000,clean,2a8db7522639,1
14562,remzna nuste(s) zuch(naial),remzna nuste(s) zuχ(naial),𐌓𐌄𐌌𐌆𐌍𐌀 𐌍𐌖𐌔𐌕𐌄(𐌔) 𐌆𐌖𐌙(𐌍𐌀𐌉𐌀𐌋),remzna,,,,0.333,clean,f61bd305dbe4,1
14563,crampesa,crampesa,𐌂𐌓𐌀𐌌𐌐𐌄𐌔𐌀,crampesa,,,,1.000,clean,82d114d3dbc0,1
14570,iitur oupiiriio ariitio,iitur oupiiriio ariitio,𐌉𐌉𐌕𐌖𐌓 𐌏𐌖𐌐𐌉𐌉𐌓𐌉𐌉𐌏 𐌀𐌓𐌉𐌉𐌕𐌉𐌏,iitur oupiiriio ariitio,for-mr-pupunu--he-who-isprenamedestu--mr-kaapaius,,,1.000,clean,e9546db92862,1
14571,ei,ei,𐌄𐌉,ei,,,,1.000,clean,39d633dc9cf0,2
4864,larc(e) fravni(e)sa,larc(e) fravni(e)sa,𐌋𐌀𐌓𐌂(𐌄) 𐌚𐌓𐌀𐌅𐌍𐌉(𐌄)𐌔𐌀,,,,,0.000,clean,01619da0ec61,1
4870,lautnitha,lautniθa,𐌋𐌀𐌖𐌕𐌍𐌉𐌈𐌀,lautniθa,,,,1.000,clean,a8123a09e898,4
4878,vercnei,vercnei,𐌅𐌄𐌓𐌂𐌍𐌄𐌉,vercnei,mrs-vercnei,,,1.000,clean,0286cb7fa17a,1
4882,thani latinial fanus(ia)lisa,θani latinial fanus(ia)lisa,𐌈𐌀𐌍𐌉 𐌋𐌀𐌕𐌉𐌍𐌉𐌀𐌋 𐌚𐌀𐌍𐌖𐌔(𐌉𐌀)𐌋𐌉𐌔𐌀,θani latinial,mrs-thanimr-auletitie-sonswifemrs-latinisdaughtermrsfanusis-sons-wife,,,0.667,clean,4475ca634bcb,1
4901,vetuni(al),vetuni(al),𐌅𐌄𐌕𐌖𐌍𐌉(𐌀𐌋),,,,,0.000,clean,4db74c35cbe2,1
4902,thania fustanei(al) saliesa,θania fustanei(al) saliesa,𐌈𐌀𐌍𐌉𐌀 𐌚𐌖𐌔𐌕𐌀𐌍𐌄𐌉(𐌀𐌋) 𐌔𐌀𐌋𐌉𐌄𐌔𐌀,θania saliesa,,,,0.667,clean,17096cf98fcd,1
4948,mipumpusthurmepnas,mipumpusθurmepnas,𐌌𐌉𐌐𐌖𐌌𐌐𐌖𐌔𐌈𐌖𐌓𐌌𐌄𐌐𐌍𐌀𐌔,mipumpusθurmepnas,,,,1.000,clean,b86fc2f58cf2,1
4957,zaures,zaures,𐌆𐌀𐌖𐌓𐌄𐌔,zaures,,,,1.000,clean,0714aa51fd2f,1
4963,tsthiii,tsθiii,𐌕𐌔𐌈𐌉𐌉𐌉,tsθiii,,,,1.000,clean,98386e5cc3e9,1
14598,l(ar)ch }ni(al),l(ar)χ }ni(al),𐌋(𐌀𐌓)𐌙 }𐌍𐌉(𐌀𐌋),,mr-larchmrs-fepnis,,,0.000,clean,51806a6881d3,1
14610,ix,ix,𐌉𐌗,ix,,,,1.000,clean,ed171375d0bf,3
14612,a(ise)ra turanuve thaia,a(ise)ra turanuve θaia,𐌀(𐌉𐌔𐌄)𐌓𐌀 𐌕𐌖𐌓𐌀𐌍𐌖𐌅𐌄 𐌈𐌀𐌉𐌀,turanuve θaia,o-divinitiesgoddess-turan-group,,,0.667,clean,41db014483af,1
14630,mastho i,masθo i,𐌌𐌀𐌔𐌈𐌏 𐌉,masθo i,macbi,,,1.000,clean,ae6421a1b97a,1
14673,arimi(ni),arimi(ni),𐌀𐌓𐌉𐌌𐌉(𐌍𐌉),,,,,0.000,clean,b46ae84d1dfe,1
14679,}ei(al) leialisa,}ei(al) leialisa,}𐌄𐌉(𐌀𐌋) 𐌋𐌄𐌉𐌀𐌋𐌉𐌔𐌀,leialisa,,,,0.500,clean,2d34a5f83c0b,1
14680,metitiei(al) leializa,metitiei(al) leializa,𐌌𐌄𐌕𐌉𐌕𐌉𐌄𐌉(𐌀𐌋) 𐌋𐌄𐌉𐌀𐌋𐌉𐌆𐌀,leializa,,,,0.500,clean,ab84a89e9858,1
14682,teti{o<s>}<vs>,teti{o<s>}<vs>,𐌕𐌄𐌕𐌉{𐌏<𐌔>}<𐌅𐌔>,,mr-statetius,,,0.000,clean,d0649d0f2c0f,1
14684,pisavre(n)se(s),pisavre(n)se(s),𐌐𐌉𐌔𐌀𐌅𐌓𐌄(𐌍)𐌔𐌄(𐌔),,of-pesaro,,,0.000,clean,b8549406625c,1
14686,{de}da(nt),{de}da(nt),{𐌃𐌄}𐌃𐌀(𐌍𐌕),,,,,0.000,clean,b7918259b239,1
14688,donv,donv,𐌃𐌏𐌍𐌅,donv,,,,1.000,clean,e4253ba28940,1
4974,--------eln--------,--------eln--------,--------𐌄𐌋𐌍--------,,,,,0.000,clean,81e31e255586,1
4982,{raiths},{raiθs},{𐌓𐌀𐌉𐌈𐌔},,,,,0.000,clean,25a6b544ceda,1
4983,z(ilachunthus) t(enie),z(ilaχunθus) t(enie),𐌆(𐌉𐌋𐌀𐌙𐌖𐌍𐌈𐌖𐌔) 𐌕(𐌄𐌍𐌉𐌄),,imr-spurieatecenas,,,0.000,clean,cc04a3441315,1
4998,s(uthi),s(uθi),𐌔(𐌖𐌈𐌉),,,,,0.000,clean,abcaa6d97968,2
5004,mivelthurusfulchenaskae--,mivelθurusfulχenaskae--,𐌌𐌉𐌅𐌄𐌋𐌈𐌖𐌓𐌖𐌔𐌚𐌖𐌋𐌙𐌄𐌍𐌀𐌔𐌊𐌀𐌄--,,,,,0.000,clean,30d31da74c02,1
5007,pitheslentenas,piθeslentenas,𐌐𐌉𐌈𐌄𐌔𐌋𐌄𐌍𐌕𐌄𐌍𐌀𐌔,piθeslentenas,,,,1.000,clean,de4f6d7b043f,1
5010,mimamarcesvetusal,mimamarcesvetusal,𐌌𐌉𐌌𐌀𐌌𐌀𐌓𐌂𐌄𐌔𐌅𐌄𐌕𐌖𐌔𐌀𐌋,mimamarcesvetusal,,,,1.000,clean,750708157419,1
5014,----------------------thui,----------------------θui,----------------------𐌈𐌖𐌉,,,,,0.000,clean,764b180cae97,5
5018,velthura,velθura,𐌅𐌄𐌋𐌈𐌖𐌓𐌀,velθura,,,,1.000,clean,c2a373b594d7,1
5021,vinucenas,vinucenas,𐌅𐌉𐌍𐌖𐌂𐌄𐌍𐌀𐌔,vinucenas,,,,1.000,clean,bf7cb783179e,1
14768,pruslnas velus(a),pruslnas velus(a),𐌐𐌓𐌖𐌔𐌋𐌍𐌀𐌔 𐌅𐌄𐌋𐌖𐌔(𐌀),pruslnas,,,,0.500,clean,e0d1ee05f92e,1
14772,ramthu(s),ramθu(s),𐌓𐌀𐌌𐌈𐌖(𐌔),,mrs-muraismr-ramthufatrencus-daughters-husband,,,0.000,clean,84a07644a817,1
14777,pruslna,pruslna,𐌐𐌓𐌖𐌔𐌋𐌍𐌀,pruslna,in-this-same-place--,,,1.000,clean,94668f058745,1
14778,pruslnas,pruslnas,𐌐𐌓𐌖𐌔𐌋𐌍𐌀𐌔,pruslnas,,,,1.000,clean,912751638ddd,2
14779,zilice,zilice,𐌆𐌉𐌋𐌉𐌂𐌄,zilice,did-exercise-command,,,1.000,clean,c793d95a7ea0,1
14780,ceisatrui,ceisatrui,𐌂𐌄𐌉𐌔𐌀𐌕𐌓𐌖𐌉,ceisatrui,ms-ceisatrui,,,1.000,clean,d565e258711f,1
14785,ramthas tetnial,ramθas tetnial,𐌓𐌀𐌌𐌈𐌀𐌔 𐌕𐌄𐌕𐌍𐌉𐌀𐌋,ramθas tetnial,of-mr-ramthamrs-tetnismrpurzesslave,,,1.000,clean,a41691622b98,1
14809,arnth(us),arnθ(us),𐌀𐌓𐌍𐌈(𐌖𐌔),,of-mr-arnth,,,0.000,clean,a3c93500b5ee,10
14811,tenva(s),tenva(s),𐌕𐌄𐌍𐌅𐌀(𐌔),,mr-velmr-arnths-daughtershusband,,,0.000,clean,3d0e7d62546d,1
14812,{v}<z>athrums,{v}<z>aθrums,{𐌅}<𐌆>𐌀𐌈𐌓𐌖𐌌𐌔,,,,,0.000,clean,28dc113181cf,1
5022,mikalairuftius,mikalairuftius,𐌌𐌉𐌊𐌀𐌋𐌀𐌉𐌓𐌖𐌚𐌕𐌉𐌖𐌔,mikalairuftius,,,,1.000,clean,f1a835e1a779,1
5026,mienasmarceslesnaisena,mienasmarceslesnaisena,𐌌𐌉𐌄𐌍𐌀𐌔𐌌𐌀𐌓𐌂𐌄𐌔𐌋𐌄𐌔𐌍𐌀𐌉𐌔𐌄𐌍𐌀,mienasmarceslesnaisena,,,,1.000,clean,35fb2ad070be,1
5064,felza(s),felza(s),𐌚𐌄𐌋𐌆𐌀(𐌔),,,,,0.000,clean,36486fb69928,1
5067,mi pesnas(i)al,mi pesnas(i)al,𐌌𐌉 𐌐𐌄𐌔𐌍𐌀𐌔(𐌉)𐌀𐌋,mi,,,,0.500,clean,4953706fdfe4,1
5071,caicnas,caicnas,𐌂𐌀𐌉𐌂𐌍𐌀𐌔,caicnas,,,,1.000,clean,49ff721c21e7,1
5089,prumath(e),prumaθ(e),𐌐𐌓𐌖𐌌𐌀𐌈(𐌄),,great-grandson,,,0.000,clean,d9a1bc9248c9,1
5091,fersipnai,fersipnai,𐌚𐌄𐌓𐌔𐌉𐌐𐌍𐌀𐌉,fersipnai,,,,1.000,clean,a10869ef8e6e,1
5092,lupuce,lupuce,𐌋𐌖𐌐𐌖𐌂𐌄,lupuce,,,,1.000,clean,006a0e9bec4f,1
5093,clevsinsl rumitrine,clevsinsl rumitrine,𐌂𐌋𐌄𐌅𐌔𐌉𐌍𐌔𐌋 𐌓𐌖𐌌𐌉𐌕𐌓𐌉𐌍𐌄,clevsinsl rumitrine,,,,1.000,clean,6e8b330caa5a,1
5232,tv(s)c(o),tv(s)c(o),𐌕𐌅(𐌔)𐌂(𐌏),,,,,0.000,clean,726e70babb0e,1
5094,l--------------------------amce,l--------------------------amce,𐌋--------------------------𐌀𐌌𐌂𐌄,,,,,0.000,clean,4f9510ec365f,1
14873,mlace farthne faluthras,mlace farθne faluθras,𐌌𐌋𐌀𐌂𐌄 𐌚𐌀𐌓𐌈𐌍𐌄 𐌚𐌀𐌋𐌖𐌈𐌓𐌀𐌔,mlace farθne faluθras,,,,1.000,clean,26b12c423070,1
14875,avil,avil,𐌀𐌅𐌉𐌋,avil,mr-spitusmrslarthisshe-livedforyears,,,1.000,clean,04b7a59b094b,4
14876,metli arnthi(al) puia,metli arnθi(al) puia,𐌌𐌄𐌕𐌋𐌉 𐌀𐌓𐌍𐌈𐌉(𐌀𐌋) 𐌐𐌖𐌉𐌀,metli puia,mrs-metlimrs-arnthis,,,0.667,clean,c00913f0ae2f,1
14879,remzna l(ar)th(us),remzna l(ar)θ(us),𐌓𐌄𐌌𐌆𐌍𐌀 𐌋(𐌀𐌓)𐌈(𐌖𐌔),remzna,,,,0.500,clean,765949f2af74,1
14881,methlumes,meθlumes,𐌌𐌄𐌈𐌋𐌖𐌌𐌄𐌔,meθlumes,,,,1.000,clean,a2f980c9ccb7,1
14978,remzna ucumzn(i)al,remzna ucumzn(i)al,𐌓𐌄𐌌𐌆𐌍𐌀 𐌖𐌂𐌖𐌌𐌆𐌍(𐌉)𐌀𐌋,remzna,,,,0.500,clean,63b6f09db615,1
14998,luvcie(s) fulchnii(e)s,luvcie(s) fulχnii(e)s,𐌋𐌖𐌅𐌂𐌉𐌄(𐌔) 𐌚𐌖𐌋𐌙𐌍𐌉𐌉(𐌄)𐌔,,of-mr-luvciefulchniiemr-aule,,,0.000,clean,23ac53e29a2c,1
14999,lapenas,lapenas,𐌋𐌀𐌐𐌄𐌍𐌀𐌔,lapenas,,,,1.000,clean,d98ddbba42a0,1
15017,pineia,pineia,𐌐𐌉𐌍𐌄𐌉𐌀,pineia,ms-patolcia,,,1.000,clean,c95e60dd3c26,1
15028,d{e}iv({e}<i>s),d{e}iv({e}<i>s),𐌃{𐌄}𐌉𐌅({𐌄}<𐌉>𐌔),,to-the-godsnewlyhomed,,,0.000,clean,860e0418891a,1
5095,krankru,krankru,𐌊𐌓𐌀𐌍𐌊𐌓𐌖,krankru,,,,1.000,clean,da87d26b7a88,1
5136,panusu,panusu,𐌐𐌀𐌍𐌖𐌔𐌖,panusu,mr-panusu,,,1.000,clean,2ff760279f62,1
5148,------usarnthialacl------,------usarnθialacl------,------𐌖𐌔𐌀𐌓𐌍𐌈𐌉𐌀𐌋𐌀𐌂𐌋------,,,,,0.000,clean,e487ddfe3b49,1
5162,----uafip----,----uafip----,----𐌖𐌀𐌚𐌉𐌐----,,----uamr-fip----,,,0.000,clean,3142bbaa1bb1,1
5166,ecnceachv--,ecnceaχv--,𐌄𐌂𐌍𐌂𐌄𐌀𐌙𐌅--,,andthesesacred-collectedremains,,,0.000,clean,0fedb5c82d7b,1
5170,ranthu murinasa,ranθu murinasa,𐌓𐌀𐌍𐌈𐌖 𐌌𐌖𐌓𐌉𐌍𐌀𐌔𐌀,ranθu murinasa,,,,1.000,clean,3c4f31ae309c,1
5177,petrualethn,petrualeθn,𐌐𐌄𐌕𐌓𐌖𐌀𐌋𐌄𐌈𐌍,petrualeθn,mr-petru,,,1.000,clean,ee34280428da,1
5180,thuluter,θuluter,𐌈𐌖𐌋𐌖𐌕𐌄𐌓,θuluter,the-thulute-best-gods,,,1.000,clean,876d08ee1d80,1
15267,cumeresa,cumeresa,𐌂𐌖𐌌𐌄𐌓𐌄𐌔𐌀,cumeresa,,,,1.000,clean,92c700e4e049,2
5187,v(el)ch(es) aprthnas v(el)ch(es),v(el)χ(es) aprθnas v(el)χ(es),𐌅(𐌄𐌋)𐌙(𐌄𐌔) 𐌀𐌐𐌓𐌈𐌍𐌀𐌔 𐌅(𐌄𐌋)𐌙(𐌄𐌔),aprθnas,,,,0.333,clean,7b339935625c,1
15052,u(chu)pi,u(χu)pi,𐌖(𐌙𐌖)𐌐𐌉,,mr-uchu-himself,,,0.000,clean,1892e29e217e,3
15055,kifinas,kifinas,𐌊𐌉𐌚𐌉𐌍𐌀𐌔,kifinas,,,,1.000,clean,b57970a0a7bc,1
15157,tular a(inpu,tular a(inpu,𐌕𐌖𐌋𐌀𐌓 𐌀(𐌉𐌍𐌐𐌖,tular,boundariesof-the-townlawfullyand-protected-under-the-divineprotectionof-the-goddess-vipsiofmr-felch,,,0.500,clean,24ec7ed724d6,1
15169,tarchunies pupara(s),tarχunies pupara(s),𐌕𐌀𐌓𐌙𐌖𐌍𐌉𐌄𐌔 𐌐𐌖𐌐𐌀𐌓𐌀(𐌔),tarχunies,,,,0.500,clean,4a3b6a208a10,1
15172,r(av)n(thu),r(av)n(θu),𐌓(𐌀𐌅)𐌍(𐌈𐌖),,mr-ravnthumrs-ripismr-numas,,,0.000,clean,abd79229bb95,2
15203,pufa(sa),pufa(sa),𐌐𐌖𐌚𐌀(𐌔𐌀),,,,,0.000,clean,32d4dfa2dcfb,1
15207,etusnusialisa,etusnusialisa,𐌄𐌕𐌖𐌔𐌍𐌖𐌔𐌉𐌀𐌋𐌉𐌔𐌀,etusnusialisa,,,,1.000,clean,12a19cc50be0,1
15209,ii,ii,𐌉𐌉,ii,for-monthsin-squadthethirdfor-months,,,1.000,clean,5d7f49449ab2,3
15225,octav(i)i,octav(i)i,𐌏𐌂𐌕𐌀𐌅(𐌉)𐌉,,of-mr-octavius,,,0.000,clean,e438aba86072,1
15236,dvovir(vm),dvovir(vm),𐌃𐌅𐌏𐌅𐌉𐌓(𐌅𐌌),,,,,0.000,clean,40e0dee9e117,1
15239,p(uples),p(uples),𐌐(𐌖𐌐𐌋𐌄𐌔),,,,,0.000,clean,64da8febe3de,2
15240,thania rusina pulf(i)alisa,θania rusina pulf(i)alisa,𐌈𐌀𐌍𐌉𐌀 𐌓𐌖𐌔𐌉𐌍𐌀 𐌐𐌖𐌋𐌚(𐌉)𐌀𐌋𐌉𐌔𐌀,θania rusina,,,,0.667,clean,21fbf54ea233,1
5189,v(eluz) celez v(elial),v(eluz) celez v(elial),𐌅(𐌄𐌋𐌖𐌆) 𐌂𐌄𐌋𐌄𐌆 𐌅(𐌄𐌋𐌉𐌀𐌋),celez,mr-velcelesmrs-velis,,,0.333,clean,152dd8cc7289,1
5197,matruialisa,matruialisa,𐌌𐌀𐌕𐌓𐌖𐌉𐌀𐌋𐌉𐌔𐌀,matruialisa,mr-fastias,,,1.000,clean,2c03394cffe5,1
5202,ial,ial,𐌉𐌀𐌋,ial,seprsias,,,1.000,clean,080d3e7bc2f0,2
5204,cemtiui(al) caprunas,cemtiui(al) caprunas,𐌂𐌄𐌌𐌕𐌉𐌖𐌉(𐌀𐌋) 𐌂𐌀𐌐𐌓𐌖𐌍𐌀𐌔,caprunas,,,,0.500,clean,89c617bf56c2,1
5211,setria(s),setria(s),𐌔𐌄𐌕𐌓𐌉𐌀(𐌔),,mr-sethvelsumr-larthssonmr-larthvelsuanyof-thegoods-and-chattels,,,0.000,clean,f1fadde0e324,1
5214,e(cnatn)u,e(cnatn)u,𐌄(𐌂𐌍𐌀𐌕𐌍)𐌖,,,,,0.000,clean,c90eeb24cb23,1
5220,nesna,nesna,𐌍𐌄𐌔𐌍𐌀,nesna,,,,1.000,clean,8f72aade2bab,1
15268,c(aii),c(aii),𐌂(𐌀𐌉𐌉),,mr-caiussentiusmr-caiusssonof-mrs-veneilia,,,0.000,clean,f01fc62dfcfd,11
15270,strabonia,strabonia,𐌔𐌕𐌓𐌀𐌁𐌏𐌍𐌉𐌀,strabonia,,,,1.000,clean,46ad10021229,1
15278,e(cnatnas),e(cnatnas),𐌄(𐌂𐌍𐌀𐌕𐌍𐌀𐌔),,mr-arnthsmr-ecnatnasmr-ramthas-daughtershusbands,,,0.000,clean,6a7a591c233f,2
15285,l(ar)ch,l(ar)χ,𐌋(𐌀𐌓)𐌙,,mr-larch,,,0.000,clean,ee6c0da38f47,4
15303,larthi petrui(al),larθi petrui(al),𐌋𐌀𐌓𐌈𐌉 𐌐𐌄𐌕𐌓𐌖𐌉(𐌀𐌋),larθi,,,,0.500,clean,da56bcf24750,1
15304,etruscialisa,etruscialisa,𐌄𐌕𐌓𐌖𐌔𐌂𐌉𐌀𐌋𐌉𐌔𐌀,etruscialisa,,,,1.000,clean,ebefeb3bcaf4,1
15305,suplini(al) larthialisa,suplini(al) larθialisa,𐌔𐌖𐌐𐌋𐌉𐌍𐌉(𐌀𐌋) 𐌋𐌀𐌓𐌈𐌉𐌀𐌋𐌉𐌔𐌀,larθialisa,,,,0.500,clean,3e0a87f089b1,1
15325,l(e)v{viiiiiiii}ia{a}ch,l(e)v{viiiiiiii}ia{a}χ,𐌋(𐌄)𐌅{𐌅𐌉𐌉𐌉𐌉𐌉𐌉𐌉𐌉}𐌉𐌀{𐌀}𐌙,,ims-culpisinotfor-youmrlarisam,,,0.000,clean,47fd60c08c49,1
15329,pethnei(al),peθnei(al),𐌐𐌄𐌈𐌍𐌄𐌉(𐌀𐌋),,mr-thanamrs-pethneismrs-titusis-daughters-husband,,,0.000,clean,bdd173081140,1
15331,pethna pethna{---}s,peθna peθna{---}s,𐌐𐌄𐌈𐌍𐌀 𐌐𐌄𐌈𐌍𐌀{---}𐌔,peθna,,,,0.500,clean,aee7cb57da5f,1
15340,vibiae c(aii) f(ilaie),vibiae c(aii) f(ilaie),𐌅𐌉𐌁𐌉𐌀𐌄 𐌂(𐌀𐌉𐌉) 𐌚(𐌉𐌋𐌀𐌉𐌄),vibiae,to-mrs-vibiatertullamrcaiussdaughter,,,0.333,clean,0c59d1a4cd13,1
5235,satnea,satnea,𐌔𐌀𐌕𐌍𐌄𐌀,satnea,,,,1.000,clean,2d41ce70e891,1
5236,setra,setra,𐌔𐌄𐌕𐌓𐌀,setra,,,,1.000,clean,e9f660422f0e,1
5237,tuthiu chimthm casth(n)ialth lacth,tuθiu χimθm casθ(n)ialθ lacθ,𐌕𐌖𐌈𐌉𐌖 𐌙𐌉𐌌𐌈𐌌 𐌂𐌀𐌔𐌈(𐌍)𐌉𐌀𐌋𐌈 𐌋𐌀𐌂𐌈,tuθiu χimθm lacθ,at-the-sun-god-cathas-assembly,,,0.750,clean,22344334ee7c,1
5254,marthucle,marθucle,𐌌𐌀𐌓𐌈𐌖𐌂𐌋𐌄,marθucle,,,,1.000,clean,e05bea8c2f53,1
5255,vulunice,vulunice,𐌅𐌖𐌋𐌖𐌍𐌉𐌂𐌄,vulunice,,,,1.000,clean,253f650dc1d6,1
5256,achmenrun,aχmenrun,𐌀𐌙𐌌𐌄𐌍𐌓𐌖𐌍,aχmenrun,,,,1.000,clean,b9615a4c8d65,1
5266,cailevipina,cailevipina,𐌂𐌀𐌉𐌋𐌄𐌅𐌉𐌐𐌉𐌍𐌀,cailevipina,mr-caile,,,1.000,clean,1ab46ce67e88,1
5267,macstrna,macstrna,𐌌𐌀𐌂𐌔𐌕𐌓𐌍𐌀,macstrna,,,,1.000,clean,76d4946ea235,1
5270,pesna,pesna,𐌐𐌄𐌔𐌍𐌀,pesna,,,,1.000,clean,4e96cf84b8f1,1
5271,rasce,rasce,𐌓𐌀𐌔𐌂𐌄,rasce,,,,1.000,clean,411614b0b33c,1
5275,tarchunies,tarχunies,𐌕𐌀𐌓𐌙𐌖𐌍𐌉𐌄𐌔,tarχunies,mr-tarchunies,,,1.000,clean,82d6566a17e5,1
15427,treplati(al),treplati(al),𐌕𐌓𐌄𐌐𐌋𐌀𐌕𐌉(𐌀𐌋),,mr-arnthcalisna,,,0.000,clean,744105915dc3,1
15428,velcies,velcies,𐌅𐌄𐌋𐌂𐌉𐌄𐌔,velcies,,,,1.000,clean,f1dc4526eb71,1
15431,ritnas,ritnas,𐌓𐌉𐌕𐌍𐌀𐌔,ritnas,,,,1.000,clean,38d51141616e,1
15445,s(eth),s(eθ),𐌔(𐌄𐌈),,,,,0.000,clean,fa4e2d66f9f9,3
15448,l{ra}<ar>th(i)al velui(e)s,l{ra}<ar>θ(i)al velui(e)s,𐌋{𐌓𐌀}<𐌀𐌓>𐌈(𐌉)𐌀𐌋 𐌅𐌄𐌋𐌖𐌉(𐌄)𐌔,,mrs-larthismr-velus,,,0.000,clean,f73656b776d6,1
15453,(clenar),(clenar),(𐌂𐌋𐌄𐌍𐌀𐌓),,the-god-tiniessoncastor,,,0.000,clean,12f71886db0b,1
15474,lein(e),lein(e),𐌋𐌄𐌉𐌍(𐌄),,,,,0.000,clean,e9ea8b8d09a1,1
15482,lenial,lenial,𐌋𐌄𐌍𐌉𐌀𐌋,lenial,,,,1.000,clean,edbc73a8bd48,1
15487,letun,letun,𐌋𐌄𐌕𐌖𐌍,letun,,,,1.000,clean,dfd8f69174a5,1
15488,numenas,numenas,𐌍𐌖𐌌𐌄𐌍𐌀𐌔,numenas,,,,1.000,clean,b7d0a71b6c20,1
5280,sisfe,sisfe,𐌔𐌉𐌔𐌚𐌄,sisfe,,,,1.000,clean,164377d895fa,1
5281,amfare,amfare,𐌀𐌌𐌚𐌀𐌓𐌄,amfare,,,,1.000,clean,293c3fb43dfc,1
5287,murasa,murasa,𐌌𐌖𐌓𐌀𐌔𐌀,murasa,mr-muras-daughters-husband,,,1.000,clean,ee2e43660307,1
5334,tanasar,tanasar,𐌕𐌀𐌍𐌀𐌔𐌀𐌓,tanasar,,,,1.000,clean,45fd980c1e87,1
5338,punpu,punpu,𐌐𐌖𐌍𐌐𐌖,punpu,,,,1.000,clean,d5f0222b5a6a,1
5339,tetiie,tetiie,𐌕𐌄𐌕𐌉𐌉𐌄,tetiie,,,,1.000,clean,d7848e4ae0db,1
5346,velthur,velθur,𐌅𐌄𐌋𐌈𐌖𐌓,velθur,,,,1.000,clean,e46640bb4ba6,6
5363,uthuste,uθuste,𐌖𐌈𐌖𐌔𐌕𐌄,uθuste,oneofthecyclops,,,1.000,clean,fe4db15b973a,1
5365,fersipnei,fersipnei,𐌚𐌄𐌓𐌔𐌉𐌐𐌍𐌄𐌉,fersipnei,,,,1.000,clean,86c783d11c9a,1
15528,crise,crise,𐌂𐌓𐌉𐌔𐌄,crise,theherodiomedes,,,1.000,clean,73d6f5b13770,1
15537,vethunz,veθunz,𐌅𐌄𐌈𐌖𐌍𐌆,veθunz,thegodneptune,,,1.000,clean,7211186791b0,1
15542,kainui,kainui,𐌊𐌀𐌉𐌍𐌖𐌉,kainui,,,,1.000,clean,fde40be540fe,1
15546,eca suthi,eca suθi,𐌄𐌂𐌀 𐌔𐌖𐌈𐌉,eca suθi,,,,1.000,clean,c64455239656,1
15603,lakut treten teletau,lakut treten teletau,𐌋𐌀𐌊𐌖𐌕 𐌕𐌓𐌄𐌕𐌄𐌍 𐌕𐌄𐌋𐌄𐌕𐌀𐌖,lakut treten teletau,wethe-ghostsareof-mr-caarestade,,,1.000,clean,c8060cd195d5,1
15622,n(u)n(as),n(u)n(as),𐌍(𐌖)𐌍(𐌀𐌔),,,,,0.000,clean,f9f16510db17,1
15627,siraku turti(al),siraku turti(al),𐌔𐌉𐌓𐌀𐌊𐌖 𐌕𐌖𐌓𐌕𐌉(𐌀𐌋),siraku,,,,0.500,clean,9dba489e4c3c,1
15628,iskesachvipiske,iskesaχvipiske,𐌉𐌔𐌊𐌄𐌔𐌀𐌙𐌅𐌉𐌐𐌉𐌔𐌊𐌄,iskesaχvipiske,,,,1.000,clean,585a72f735d9,1
15630,uu,uu,𐌖𐌖,uu,,,,1.000,clean,5afab9a620f6,2
15644,chiacaniichanu,χiacaniiχanu,𐌙𐌉𐌀𐌂𐌀𐌍𐌉𐌉𐌙𐌀𐌍𐌖,χiacaniiχanu,,,,1.000,clean,1e7e9cf71654,1
15651,au(lele),au(lele),𐌀𐌖(𐌋𐌄𐌋𐌄),,ms-katigreetings,,,0.000,clean,3282f9e94e75,1
15670,perunies,perunies,𐌐𐌄𐌓𐌖𐌍𐌉𐌄𐌔,perunies,,,,1.000,clean,c1c49705e24b,1
15680,t(ar)ch(un),t(ar)χ(un),𐌕(𐌀𐌓)𐌙(𐌖𐌍),,,,,0.000,clean,829613b59169,1
5366,cerun,cerun,𐌂𐌄𐌓𐌖𐌍,cerun,,,,1.000,clean,065f5a0d7e12,1
5367,eivase,eivase,𐌄𐌉𐌅𐌀𐌔𐌄,eivase,,,,1.000,clean,e1bfd03409c7,1
5377,thanirv,θanirv,𐌈𐌀𐌍𐌉𐌓𐌅,θanirv,,,,1.000,clean,7ef230e9325a,1
5378,arnth(i)al larthial vipen(i)al,arnθ(i)al larθial vipen(i)al,𐌀𐌓𐌍𐌈(𐌉)𐌀𐌋 𐌋𐌀𐌓𐌈𐌉𐌀𐌋 𐌅𐌉𐌐𐌄𐌍(𐌉)𐌀𐌋,larθial,mr-ravnthsmrsfelcismrfelcesmrs-arnthismrs-larthismrs-vipenis,,,0.333,clean,dd4e6bad0beb,1
5380,seitithi,seitiθi,𐌔𐌄𐌉𐌕𐌉𐌈𐌉,seitiθi,,,,1.000,clean,9efbb88d1b4d,1
5382,a(rn)th(us),a(rn)θ(us),𐌀(𐌓𐌍)𐌈(𐌖𐌔),,mr-vepiamr-arnthvelchasor,,,0.000,clean,a3c93500b5ee,10
5383,velthur,velθur,𐌅𐌄𐌋𐌈𐌖𐌓,velθur,mr-velthur,,,1.000,clean,e46640bb4ba6,6
5385,zilc fulchuniesi{----},zilc fulχuniesi{----},𐌆𐌉𐌋𐌂 𐌚𐌖𐌋𐌙𐌖𐌍𐌉𐌄𐌔𐌉{----},zilc,-----------------------------------------------mr-velthurssonmrslarcaisson,,,0.500,clean,2b9a0a6c546f,1
5387,seitithas,seitiθas,𐌔𐌄𐌉𐌕𐌉𐌈𐌀𐌔,seitiθas,,,,1.000,clean,2ee4a387be8d,1
5389,larthialisla,larθialisla,𐌋𐌀𐌓𐌈𐌉𐌀𐌋𐌉𐌔𐌋𐌀,larθialisla,,,,1.000,clean,ac1a56687e62,1
5392,aprthnai,aprθnai,𐌀𐌐𐌓𐌈𐌍𐌀𐌉,aprθnai,mr-ravnthus,,,1.000,clean,02d0cda29584,1
5408,cechase,ceχase,𐌂𐌄𐌙𐌀𐌔𐌄,ceχase,,,,1.000,clean,a117f08cd18d,2
5410,zilath,zilaθ,𐌆𐌉𐌋𐌀𐌈,zilaθ,clante,,,1.000,clean,0576f23a0f9a,2
5413,tercenna,tercenna,𐌕𐌄𐌓𐌂𐌄𐌍𐌍𐌀,tercenna,,,,1.000,clean,a1b02c945e05,1
5419,velus(a),velus(a),𐌅𐌄𐌋𐌖𐌔(𐌀),,mr-eizenes,,,0.000,clean,78b8a0b66eb4,5
5421,vestarcanias,vestarcanias,𐌅𐌄𐌔𐌕𐌀𐌓𐌂𐌀𐌍𐌉𐌀𐌔,vestarcanias,mr-vestarcnies,,,1.000,clean,0906153b1169,1
5423,tenthas avil,tenθas avil,𐌕𐌄𐌍𐌈𐌀𐌔 𐌀𐌅𐌉𐌋,tenθas avil,mr-velthurpartunus,,,1.000,clean,d14d11261e5b,1
5426,velthur,velθur,𐌅𐌄𐌋𐌈𐌖𐌓,velθur,mr-velthurmrs-larisisdaughters-husbandsonof-mrscuclnison,,,1.000,clean,e46640bb4ba6,6
15705,aisar id,aisar id,𐌀𐌉𐌔𐌀𐌓 𐌉𐌃,aisar id,forintheetruscanlanguagethegodswascalledaisarthatistheremainingpartofthenameofcaesar,,,1.000,clean,12891b6be17f,1
15706,aisar,aisar,𐌀𐌉𐌔𐌀𐌓,aisar,,,,1.000,clean,f05d342131d7,1
15714,vurses,vurses,𐌅𐌖𐌓𐌔𐌄𐌔,vurses,removethefiretorch,,,1.000,clean,f529d6a8a3bf,1
15882,sefl(ansi),sefl(ansi),𐌔𐌄𐌚𐌋(𐌀𐌍𐌔𐌉),,thegoddessvulcana,,,0.000,clean,90c1a8dc2671,1
5427,spurinas arnth cuclnial metlialc,spurinas arnθ cuclnial metlialc,𐌔𐌐𐌖𐌓𐌉𐌍𐌀𐌔 𐌀𐌓𐌍𐌈 𐌂𐌖𐌂𐌋𐌍𐌉𐌀𐌋 𐌌𐌄𐌕𐌋𐌉𐌀𐌋𐌂,spurinas arnθ cuclnial metlialc,mr-arnthclanitiemr-,,,1.000,clean,3477854d0f7f,1
5430,amce,amce,𐌀𐌌𐌂𐌄,amce,of-mr-larispulenasonof-mr-larcegrandfatherof-ms-larthis,,,1.000,clean,fc30f3c9aa94,1
5432,thanchvilu,θanχvilu,𐌈𐌀𐌍𐌙𐌅𐌉𐌋𐌖,θanχvilu,mrs-acnatruis-daughtershusband-alsomr-thanchvilu,,,1.000,clean,474a528f856a,1
5440,pa(pa),pa(pa),𐌐𐌀(𐌐𐌀),,our-grandfather,,,0.000,clean,58cc6181518f,1
5441,l(a)r(isusa) rputzs ril,l(a)r(isusa) rputzs ril,𐌋(𐌀)𐌓(𐌉𐌔𐌖𐌔𐌀) 𐌓𐌐𐌖𐌕𐌆𐌔 𐌓𐌉𐌋,rputzs ril,mr-palazusmr-aulesmr-lariss-daughters-husbandspitof-ageof-,,,0.667,clean,44ad8a10e70b,1
5443,ramth(a)s,ramθ(a)s,𐌓𐌀𐌌𐌈(𐌀)𐌔,,of-ms-citi,,,0.000,clean,5eba80f4b853,8
5444,i(llvstris),i(llvstris),𐌉(𐌋𐌋𐌅𐌔𐌕𐌓𐌉𐌔),,ms-cazni,,,0.000,clean,5f7669fe1b6a,1
5452,cesu(s),cesu(s),𐌂𐌄𐌔𐌖(𐌔),,mr-ramthamrs-zertnaisheremr-cesus,,,0.000,clean,ac950851f0de,1
5458,seitithiialisa,seitiθiialisa,𐌔𐌄𐌉𐌕𐌉𐌈𐌉𐌉𐌀𐌋𐌉𐌔𐌀,seitiθiialisa,,,,1.000,clean,271bff7be293,1
15815,larthi paniathi(alisa),larθi paniaθi(alisa),𐌋𐌀𐌓𐌈𐌉 𐌐𐌀𐌍𐌉𐌀𐌈𐌉(𐌀𐌋𐌉𐌔𐌀),larθi,,,,0.500,clean,b871cf8e8380,1
15817,arzau(sa),arzau(sa),𐌀𐌓𐌆𐌀𐌖(𐌔𐌀),,,,,0.000,clean,cdb241f16dc5,1
15818,leun(i)al,leun(i)al,𐌋𐌄𐌖𐌍(𐌉)𐌀𐌋,,mr-arniesdaughter,,,0.000,clean,21f6e31ecf86,1
15820,carcu(s),carcu(s),𐌂𐌀𐌓𐌂𐌖(𐌔),,,,,0.000,clean,81b90ae5436d,1
15829,gestia,gestia,,gestia,of-mrs-gestia,,,1.000,clean,6f463ffb699b,1
15830,avfid(i)i c(aii),avfid(i)i c(aii),𐌀𐌅𐌚𐌉𐌃(𐌉)𐌉 𐌂(𐌀𐌉𐌉),,,,,0.000,clean,3d66ec1f50b3,1
15842,la{u}<z>(i)al,la{u}<z>(i)al,𐌋𐌀{𐌖}<𐌆>(𐌉)𐌀𐌋,,,,,0.000,clean,ad1224828878,1
15845,tutlu(s),tutlu(s),𐌕𐌖𐌕𐌋𐌖(𐌔),,mr-mamarcemr-sapas,,,0.000,clean,b3ebb7d1040d,1
15846,}nies,}nies,}𐌍𐌉𐌄𐌔,,,,,0.000,clean,642e9ceafa9f,2
15851,ka(ia)l,ka(ia)l,𐌊𐌀(𐌉𐌀)𐌋,,,,,0.000,clean,577398816af5,2
15873,felei,felei,𐌚𐌄𐌋𐌄𐌉,felei,,,,1.000,clean,c4f0866b3a09,1
15881,mvsonios,mvsonios,𐌌𐌅𐌔𐌏𐌍𐌉𐌏𐌔,mvsonios,,,,1.000,clean,696bb1b009ce,1
5459,svalce,svalce,𐌔𐌅𐌀𐌋𐌂𐌄,svalce,mr-arnthmr-apunasvel,,,1.000,clean,6fe669a1af20,2
5463,zathrmis,zaθrmis,𐌆𐌀𐌈𐌓𐌌𐌉𐌔,zaθrmis,,,,1.000,clean,21b2f4429782,1
5473,ramtha apatrui larthal alethnal camnas,ramθa apatrui larθal aleθnal camnas,𐌓𐌀𐌌𐌈𐌀 𐌀𐌐𐌀𐌕𐌓𐌖𐌉 𐌋𐌀𐌓𐌈𐌀𐌋 𐌀𐌋𐌄𐌈𐌍𐌀𐌋 𐌂𐌀𐌌𐌍𐌀𐌔,ramθa apatrui larθal aleθnal camnas,mr-ramthamrs-apatruimrs-larthisdaughterand-mrslarthialethnismr-camnas,,,1.000,clean,fa69864ff149,1
5477,almina,almina,𐌀𐌋𐌌𐌉𐌍𐌀,almina,mr-almina,,,1.000,clean,42dfbb658e99,1
5493,c--an,c--an,𐌂--𐌀𐌍,,mr-anessonmr-arnthvelthuru,,,0.000,clean,9f584196e7fe,1
550,ra(mthas),ra(mθas),𐌓𐌀(𐌌𐌈𐌀𐌔),,mr-ramthas,,,0.000,clean,5eba80f4b853,8
5506,curunas,curunas,𐌂𐌖𐌓𐌖𐌍𐌀𐌔,curunas,mr-caeurunas,,,1.000,clean,b3a23454a0b6,2
5507,as,as,𐌀𐌔,as,of-the-vineyard-ownermrlurvena,,,1.000,clean,f4bf9f7fcbed,6
5512,lartiu cucinies,lartiu cucinies,𐌋𐌀𐌓𐌕𐌉𐌖 𐌂𐌖𐌂𐌉𐌍𐌉𐌄𐌔,lartiu cucinies,mr-lartiumr-cucniessonmrs-larthisson,,,1.000,clean,b6786ed3107a,1
5513,cuthlni,cuθlni,𐌂𐌖𐌈𐌋𐌍𐌉,cuθlni,ms-cuthlni,,,1.000,clean,981db2850755,1
5517,zilcusa,zilcusa,𐌆𐌉𐌋𐌂𐌖𐌔𐌀,zilcusa,slavegirlmrs-larisismr-larthurus-sons-wifetwice,,,1.000,clean,93d99a59f23d,1
5520,velthurus,velθurus,𐌅𐌄𐌋𐌈𐌖𐌓𐌖𐌔,velθurus,,,,1.000,clean,372cd980409c,4
15911,celatinas,celatinas,𐌂𐌄𐌋𐌀𐌕𐌉𐌍𐌀𐌔,celatinas,mr-aulemrssalinis-daughtershusband,,,1.000,clean,7f5307e3c610,1
15916,au{ }(l)i aini(al) tursni(alisa),au{ }(l)i aini(al) tursni(alisa),𐌀𐌖{ }(𐌋)𐌉 𐌀𐌉𐌍𐌉(𐌀𐌋) 𐌕𐌖𐌓𐌔𐌍𐌉(𐌀𐌋𐌉𐌔𐌀),,,,,0.000,clean,27778eb43232,1
15920,va(rna),va(rna),𐌅𐌀(𐌓𐌍𐌀),,,,,0.000,clean,96ab93fedca0,1
5262,us,us,𐌖𐌔,us,,,,1.000,clean,79adb2a2fce5,2
15922,lethia lautnitha arnthial,leθia lautniθa arnθial,𐌋𐌄𐌈𐌉𐌀 𐌋𐌀𐌖𐌕𐌍𐌉𐌈𐌀 𐌀𐌓𐌍𐌈𐌉𐌀𐌋,leθia lautniθa arnθial,,,,1.000,clean,a3fd9f0f4a03,1
15926,arnthn(i)al,arnθn(i)al,𐌀𐌓𐌍𐌈𐌍(𐌉)𐌀𐌋,,,,,0.000,clean,fcb25f93da5d,1
15939,v(e)l(ia) ancari(al),v(e)l(ia) ancari(al),𐌅(𐌄)𐌋(𐌉𐌀) 𐌀𐌍𐌂𐌀𐌓𐌉(𐌀𐌋),,,,,0.000,clean,07d2d7f6f4ca,1
15947,achu,aχu,𐌀𐌙𐌖,aχu,,,,1.000,clean,c050b844d22c,1
15952,cavsna(s),cavsna(s),𐌂𐌀𐌅𐌔𐌍𐌀(𐌔),,,,,0.000,clean,96f03d1e86ba,1
16149,tretne(i)al,tretne(i)al,𐌕𐌓𐌄𐌕𐌍𐌄(𐌉)𐌀𐌋,,of-mr-afate,,,0.000,clean,b5e2c94c61ba,1
5521,arnth cutnas zilcte lupu,arnθ cutnas zilcte lupu,𐌀𐌓𐌍𐌈 𐌂𐌖𐌕𐌍𐌀𐌔 𐌆𐌉𐌋𐌂𐌕𐌄 𐌋𐌖𐌐𐌖,arnθ cutnas zilcte lupu,,,,1.000,clean,ab019f710a9d,1
5524,miapirthespu,miapirθespu,𐌌𐌉𐌀𐌐𐌉𐌓𐌈𐌄𐌔𐌐𐌖,miapirθespu,,,,1.000,clean,c2c8e8cfd95d,1
5526,meiani municleth,meiani municleθ,𐌌𐌄𐌉𐌀𐌍𐌉 𐌌𐌖𐌍𐌉𐌂𐌋𐌄𐌈,meiani municleθ,ernestvscarolvsgvilielmvssittigivsproapographvmanonymimarvcellianivtego--foliorecto--theanonymousmanofthecodexofthemarucellianlibraryofflorenceonleaffrontside,,,1.000,clean,3d248c9d1adf,1
553,ar(n)th achuni(al),ar(n)θ aχuni(al),𐌀𐌓(𐌍)𐌈 𐌀𐌙𐌖𐌍𐌉(𐌀𐌋),,,,,0.000,clean,8e574afe3998,1
5533,nauna(s) v(elial)c vausimir,nauna(s) v(elial)c vausimir,𐌍𐌀𐌖𐌍𐌀(𐌔) 𐌅(𐌄𐌋𐌉𐌀𐌋)𐌂 𐌅𐌀𐌖𐌔𐌉𐌌𐌉𐌓,vausimir,mr-ernthmr-naunasand-mrsveliasthe-delightsof-msvelia,,,0.333,clean,3ab34ba497cd,1
16030,unialsi,unialsi,𐌖𐌍𐌉𐌀𐌋𐌔𐌉,unialsi,,,,1.000,clean,b585f9e27843,1
16031,petruni,petruni,𐌐𐌄𐌕𐌓𐌖𐌍𐌉,petruni,,,,1.000,clean,5950134c19d8,1
16053,patislanial,patislanial,𐌐𐌀𐌕𐌉𐌔𐌋𐌀𐌍𐌉𐌀𐌋,patislanial,,,,1.000,clean,9adb811dcded,2
16054,l(ar)th(us),l(ar)θ(us),𐌋(𐌀𐌓)𐌈(𐌖𐌔),,,,,0.000,clean,57523d573939,2
16071,satna(s),satna(s),𐌔𐌀𐌕𐌍𐌀(𐌔),,mr-cnevna,,,0.000,clean,25111f56cf92,1
16099,ap(c)us,ap(c)us,𐌀𐌐(𐌂)𐌖𐌔,,,,,0.000,clean,c182d5230184,1
3020,tsa,tsa,𐌕𐌔𐌀,tsa,,,,1.000,clean,6916de9e5fcd,1
16107,tharnai(al) cuislaniasa,θarnai(al) cuislaniasa,𐌈𐌀𐌓𐌍𐌀𐌉(𐌀𐌋) 𐌂𐌖𐌉𐌔𐌋𐌀𐌍𐌉𐌀𐌔𐌀,cuislaniasa,,,,0.500,clean,49576952adf1,1
16120,vetiai(al),vetiai(al),𐌅𐌄𐌕𐌉𐌀𐌉(𐌀𐌋),,,,,0.000,clean,ed35f59b9e1e,1
16121,talisnai(al),talisnai(al),𐌕𐌀𐌋𐌉𐌔𐌍𐌀𐌉(𐌀𐌋),,,,,0.000,clean,5f41dc0a04fe,1
16123,cutnei(al),cutnei(al),𐌂𐌖𐌕𐌍𐌄𐌉(𐌀𐌋),,,,,0.000,clean,23610216cb6c,3
16128,pepn(i)al,pepn(i)al,𐌐𐌄𐌐𐌍(𐌉)𐌀𐌋,,,,,0.000,clean,ee1716feae65,1
16139,mi,mi,𐌌𐌉,mi,mr-venel,,,1.000,clean,eee1c1ade652,9
16146,ceisaries,ceisaries,𐌂𐌄𐌉𐌔𐌀𐌓𐌉𐌄𐌔,ceisaries,,,,1.000,clean,22414545c5a5,1
16147,patln(i)al,patln(i)al,𐌐𐌀𐌕𐌋𐌍(𐌉)𐌀𐌋,,,,,0.000,clean,44f626ff9590,1
5542,alpzen,alpzen,𐌀𐌋𐌐𐌆𐌄𐌍,alpzen,,,,1.000,clean,50c84ff982b0,1
5549,larthusla purthi(e)s selvans(ia)l,larθusla purθi(e)s selvans(ia)l,𐌋𐌀𐌓𐌈𐌖𐌔𐌋𐌀 𐌐𐌖𐌓𐌈𐌉(𐌄)𐌔 𐌔𐌄𐌋𐌅𐌀𐌍𐌔(𐌉𐌀)𐌋,larθusla,,,,0.333,clean,5b772a165f33,1
5554,velchas thui cesu(sa),velχas θui cesu(sa),𐌅𐌄𐌋𐌙𐌀𐌔 𐌈𐌖𐌉 𐌂𐌄𐌔𐌖(𐌔𐌀),velχas θui,,,,0.667,clean,110ef56d0fd2,1
5556,scurna,scurna,𐌔𐌂𐌖𐌓𐌍𐌀,scurna,mr-scurna,,,1.000,clean,d87803aff374,1
5558,vipenas l(a)r(isusa),vipenas l(a)r(isusa),𐌅𐌉𐌐𐌄𐌍𐌀𐌔 𐌋(𐌀)𐌓(𐌉𐌔𐌖𐌔𐌀),vipenas,mr-vipenasmr-larissmr-lariss-daughters-husbandstombstone,,,0.500,clean,3d4ab671c506,1
556,apapaulithalth,apapauliθalθ,𐌀𐌐𐌀𐌐𐌀𐌖𐌋𐌉𐌈𐌀𐌋𐌈,apapauliθalθ,our-fathermr-pupliemrsaulismr-thanas,,,1.000,clean,170e192fb653,1
5562,velusa,velusa,𐌅𐌄𐌋𐌖𐌔𐌀,velusa,mr-vels-daughters-husband,,,1.000,clean,78b8a0b66eb4,5
5564,acuch,acuχ,𐌀𐌂𐌖𐌙,acuχ,enlthe-goddess-of-the-sunmr-thaniayouetnachsacredhymnsmr-marce,,,1.000,clean,dc3c5fb619ec,1
6731,seralia,seralia,𐌔𐌄𐌓𐌀𐌋𐌉𐌀,seralia,ms-seralia,,,1.000,clean,5cd8d409140a,1
16157,papanias,papanias,𐌐𐌀𐌐𐌀𐌍𐌉𐌀𐌔,papanias,mr-papanias,,,1.000,clean,4a46190b151d,1
16172,naparsnas,naparsnas,𐌍𐌀𐌐𐌀𐌓𐌔𐌍𐌀𐌔,naparsnas,mr-seth,,,1.000,clean,3ec5522668e7,1
16174,carcnas,carcnas,𐌂𐌀𐌓𐌂𐌍𐌀𐌔,carcnas,,,,1.000,clean,3c89da143a2c,1
16180,z(eth),z(eθ),𐌆(𐌄𐌈),,,,,0.000,clean,cd809fe9ac66,2
16220,tutei(al) cutlisnei(alisa),tutei(al) cutlisnei(alisa),𐌕𐌖𐌕𐌄𐌉(𐌀𐌋) 𐌂𐌖𐌕𐌋𐌉𐌔𐌍𐌄𐌉(𐌀𐌋𐌉𐌔𐌀),,mr-thanamrs-tuteismrs-cutlisneis-daughtershusband,,,0.000,clean,720c87d35e39,1
16222,spural,spural,𐌔𐌐𐌖𐌓𐌀𐌋,spural,of-marzabotto,,,1.000,clean,0c7fa44229ee,1
16225,lauchume,lauχume,𐌋𐌀𐌖𐌙𐌖𐌌𐌄,lauχume,,,,1.000,clean,96064e2029a9,1
16232,pumpu,pumpu,𐌐𐌖𐌌𐌐𐌖,pumpu,,,,1.000,clean,048f6a11cf1d,2
16235,feluz,feluz,𐌚𐌄𐌋𐌖𐌆,feluz,mr-caie,,,1.000,clean,951689ae48a4,1
16238,p(upl)i(al),p(upl)i(al),𐌐(𐌖𐌐𐌋)𐌉(𐌀𐌋),,,,,0.000,clean,c650a3b1c34a,3
16242,v(an)thuv(a)t(i)ki(si),v(an)θuv(a)t(i)ki(si),𐌅(𐌀𐌍)𐌈𐌖𐌅(𐌀)𐌕(𐌉)𐌊𐌉(𐌔𐌉),,to-the-goddessvanthuvatiki,,,0.000,clean,f6827a9e76aa,1
16245,al(ethnas),al(eθnas),𐌀𐌋(𐌄𐌈𐌍𐌀𐌔),,,,,0.000,clean,fa5b4f1aa2e9,2
5565,larthial selvansialsi alpan,larθial selvansialsi alpan,𐌋𐌀𐌓𐌈𐌉𐌀𐌋 𐌔𐌄𐌋𐌅𐌀𐌍𐌔𐌉𐌀𐌋𐌔𐌉 𐌀𐌋𐌐𐌀𐌍,larθial selvansialsi alpan,,,,1.000,clean,544fbbf3e42c,1
5566,zilath lupuce surnuialisac,zilaθ lupuce surnuialisac,𐌆𐌉𐌋𐌀𐌈 𐌋𐌖𐌐𐌖𐌂𐌄 𐌔𐌖𐌓𐌍𐌖𐌉𐌀𐌋𐌉𐌔𐌀𐌂,zilaθ lupuce surnuialisac,mr-spurinaarnthmr-velsson,,,1.000,clean,936987861007,1
5570,creicial,creicial,𐌂𐌓𐌄𐌉𐌂𐌉𐌀𐌋,creicial,,,,1.000,clean,3a32a62172a8,1
5613,veluslarza,veluslarza,𐌅𐌄𐌋𐌖𐌔𐌋𐌀𐌓𐌆𐌀,veluslarza,,,,1.000,clean,053fb3a2c37f,1
5624,veneies,veneies,𐌅𐌄𐌍𐌄𐌉𐌄𐌔,veneies,mr-veneies,,,1.000,clean,481a7308ddd3,1
5626,larthi,larθi,𐌋𐌀𐌓𐌈𐌉,larθi,,,,1.000,clean,43cc77e6a66a,8
563,ravfia,ravfia,𐌓𐌀𐌅𐌚𐌉𐌀,ravfia,,,,1.000,clean,2e4470bf0f3d,1
5634,thlicai,θlicai,𐌈𐌋𐌉𐌂𐌀𐌉,θlicai,,,,1.000,clean,1d7f4cd035ea,1
16275,ch,χ,𐌙,χ,,,,1.000,clean,ebf8943951c7,4
16292,iiiiiii,iiiiiii,𐌉𐌉𐌉𐌉𐌉𐌉𐌉,iiiiiii,iiiiiii,,,1.000,clean,15c45977edc5,1
16312,tinial,tinial,𐌕𐌉𐌍𐌉𐌀𐌋,tinial,,,,1.000,clean,ab313adb7f9f,2
16371,tusnui,tusnui,𐌕𐌖𐌔𐌍𐌖𐌉,tusnui,,,,1.000,clean,313f49231cb3,2
16379,eizial,eizial,𐌄𐌉𐌆𐌉𐌀𐌋,eizial,,,,1.000,clean,8511f8353c75,1
16380,flar(a),flar(a),𐌚𐌋𐌀𐌓(𐌀),,he-makes-the-preparations,,,0.000,clean,3d186501aaab,1
16399,thaich,θaiχ,𐌈𐌀𐌉𐌙,θaiχ,,,,1.000,clean,2ff63685abbf,1
16407,creste,creste,𐌂𐌓𐌄𐌔𐌕𐌄,creste,creste,,,1.000,clean,8da2ee5d460c,1
16409,s(e)x{s}(ti),s(e)x{s}(ti),𐌔(𐌄)𐌗{𐌔}(𐌕𐌉),,mr-geracius,,,0.000,clean,465ef71be153,1
16410,vx(or),vx(or),𐌅𐌗(𐌏𐌓),,,,,0.000,clean,dacacf7c36f5,1
16443,xl,xl,𐌗𐌋,xl,,,,1.000,clean,525a6f3c9ded,1
16446,netia,netia,𐌍𐌄𐌕𐌉𐌀,netia,ms-netia,,,1.000,clean,24ba2b1956d7,1
16448,alethna,aleθna,𐌀𐌋𐌄𐌈𐌍𐌀,aleθna,,,,1.000,clean,523fedf25abb,1
5637,velth(ur),velθ(ur),𐌅𐌄𐌋𐌈(𐌖𐌓),,,,,0.000,clean,e46640bb4ba6,6
5648,puth(e)cnes,puθ(e)cnes,𐌐𐌖𐌈(𐌄)𐌂𐌍𐌄𐌔,,of-of-ageof-years,,,0.000,clean,8b535a3ece3f,1
5650,ei a,ei a,𐌄𐌉 𐌀,ei a,dayone-onlyon-his-behalfsacrificial-victimvery-largewassacrificedby,,,1.000,clean,4332b2dc7613,1
5652,m(a)n(io),m(a)n(io),𐌌(𐌀)𐌍(𐌉𐌏),,he-performedin-his-dyingonthe-day-before-the-fifteenth-day,,,0.000,clean,fca513b2937d,1
5683,eisnevc eprthnevc macstrevc t------------eznchvalc,eisnevc eprθnevc macstrevc t------------eznχvalc,𐌄𐌉𐌔𐌍𐌄𐌅𐌂 𐌄𐌐𐌓𐌈𐌍𐌄𐌅𐌂 𐌌𐌀𐌂𐌔𐌕𐌓𐌄𐌅𐌂 𐌕------------𐌄𐌆𐌍𐌙𐌅𐌀𐌋𐌂,eisnevc eprθnevc macstrevc,,,,0.750,clean,3ebee16825cb,1
5685,thsumnalthvls,θsumnalθvls,𐌈𐌔𐌖𐌌𐌍𐌀𐌋𐌈𐌅𐌋𐌔,θsumnalθvls,,,,1.000,clean,35e63d2fddb8,1
5689,rufres,rufres,𐌓𐌖𐌚𐌓𐌄𐌔,rufres,mr-rufresmr-larissmr-ramthas-daughtershusbandmrs-larisis,,,1.000,clean,5383171b4c66,1
5691,velthur,velθur,𐌅𐌄𐌋𐌈𐌖𐌓,velθur,mr-velthur,,,1.000,clean,e46640bb4ba6,6
16488,tusnui,tusnui,𐌕𐌖𐌔𐌍𐌖𐌉,tusnui,ms-tusnui,,,1.000,clean,313f49231cb3,2
16497,a(nnos),a(nnos),𐌀(𐌍𐌍𐌏𐌔),,mr-luciussdaughtershe-livedfor-years,,,0.000,clean,cdebe6cf77f9,3
16499,arnth,arnθ,𐌀𐌓𐌍𐌈,arnθ,mr-arnth,,,1.000,clean,c80f3b04a01a,10
16502,maceri(e)s larthial,maceri(e)s larθial,𐌌𐌀𐌂𐌄𐌓𐌉(𐌄)𐌔 𐌋𐌀𐌓𐌈𐌉𐌀𐌋,larθial,,,,0.500,clean,f93dd5da0f6a,1
16505,tetnies,tetnies,𐌕𐌄𐌕𐌍𐌉𐌄𐌔,tetnies,,,,1.000,clean,0277df4592e8,1
16509,c(aii),c(aii),𐌂(𐌀𐌉𐌉),,mr-caiuslatiniusaiaxmrcaiuslatiniussfreedman,,,0.000,clean,f01fc62dfcfd,11
16515,p(vbl(i)i) mitvle(i)i,p(vbl(i)i) mitvle(i)i,𐌐(𐌅𐌁𐌋(𐌉)𐌉) 𐌌𐌉𐌕𐌅𐌋𐌄(𐌉)𐌉,,of-mr-publius,,,0.000,clean,eef6a9db62de,1
16516,t(iti) hatil(i)i c(a(i)i),t(iti) hatil(i)i c(a(i)i),𐌕(𐌉𐌕𐌉) 𐌇𐌀𐌕𐌉𐌋(𐌉)𐌉 𐌂(𐌀(𐌉)𐌉),,of-mr-titushatiliusphilodemosmr-caiuss,,,0.000,clean,10d6cd512fb5,1
16523,venos,venos,𐌅𐌄𐌍𐌏𐌔,venos,,,,1.000,clean,21b451cb5c22,1
16524,ferecele,ferecele,𐌚𐌄𐌓𐌄𐌂𐌄𐌋𐌄,ferecele,theherohercules,,,1.000,clean,ac6d541227ec,1
16526,menrva,menrva,𐌌𐌄𐌍𐌓𐌅𐌀,menrva,,,,1.000,clean,ba57cf03d1b1,5
570,l(ar)th cupuna churun(i)al,l(ar)θ cupuna χurun(i)al,𐌋(𐌀𐌓)𐌈 𐌂𐌖𐌐𐌖𐌍𐌀 𐌙𐌖𐌓𐌖𐌍(𐌉)𐌀𐌋,cupuna,,,,0.333,clean,6730fe33fbf1,1
5705,puplinas,puplinas,𐌐𐌖𐌐𐌋𐌉𐌍𐌀𐌔,puplinas,,,,1.000,clean,2aa0ab50b26b,1
5707,xxxiix,xxxiix,𐌗𐌗𐌗𐌉𐌉𐌗,xxxiix,,,,1.000,clean,f6ce49d6a90c,1
5708,trepties l(a)r(isusa),trepties l(a)r(isusa),𐌕𐌓𐌄𐌐𐌕𐌉𐌄𐌔 𐌋(𐌀)𐌓(𐌉𐌔𐌖𐌔𐌀),trepties,of-mr-treptiemrlarissmr-larissdaughters-husband,,,0.500,clean,c44b84764236,1
5723,statlaneslari,statlaneslari,𐌔𐌕𐌀𐌕𐌋𐌀𐌍𐌄𐌔𐌋𐌀𐌓𐌉,statlaneslari,statlane,,,1.000,clean,0343fd985caa,1
5725,stlanes,stlanes,𐌔𐌕𐌋𐌀𐌍𐌄𐌔,stlanes,of-mr-stlane,,,1.000,clean,34f8463e02e3,1
5743,aecthli,aecθli,𐌀𐌄𐌂𐌈𐌋𐌉,aecθli,,,,1.000,clean,fc0a8e4e2f36,1
5523,panzai,panzai,𐌐𐌀𐌍𐌆𐌀𐌉,panzai,,,,1.000,clean,9370112b1a19,1
5749,ri{}l,ri{}l,𐌓𐌉{}𐌋,,,,,0.000,clean,572c5b705e9f,1
16556,maronatv,maronatv,𐌌𐌀𐌓𐌏𐌍𐌀𐌕𐌅,maronatv,within-their-priestly-magistracy,,,1.000,clean,dc3e5e9a2c0a,1
16603,nuran,nuran,𐌍𐌖𐌓𐌀𐌍,nuran,,,,1.000,clean,c4e4aeed3537,1
16640,{w}<m>enrva,{v}<m>enrva,{𐌅}<𐌌>𐌄𐌍𐌓𐌅𐌀,,thegoddessminerva,,,0.000,clean,07490b981e77,1
16647,pilonicos tase{io}<oi>,pilonicos tase{io}<oi>,𐌐𐌉𐌋𐌏𐌍𐌉𐌂𐌏𐌔 𐌕𐌀𐌔𐌄{𐌉𐌏}<𐌏𐌉>,pilonicos,pilonicostaseossson,,,0.500,clean,4bce1e32dd26,1
16648,ferkle,ferkle,𐌚𐌄𐌓𐌊𐌋𐌄,ferkle,theherohercules,,,1.000,clean,545ec999eb4f,1
16652,ziumite,ziumite,𐌆𐌉𐌖𐌌𐌉𐌕𐌄,ziumite,theherodiomedes,,,1.000,clean,1049fdd23b65,1
16653,elach(santre),elaχ(santre),𐌄𐌋𐌀𐌙(𐌔𐌀𐌍𐌕𐌓𐌄),,,,,0.000,clean,70c9a58dba9e,2
16654,fercle,fercle,𐌚𐌄𐌓𐌂𐌋𐌄,fercle,,,,1.000,clean,4b260b904b36,6
16656,ferse,ferse,𐌚𐌄𐌓𐌔𐌄,ferse,thegoddessminerva,,,1.000,clean,9bd73c49dbf2,2
16670,zetun,zetun,𐌆𐌄𐌕𐌖𐌍,zetun,theheroperseus,,,1.000,clean,4165a42027bf,1
16671,malavisch,malavisχ,𐌌𐌀𐌋𐌀𐌅𐌉𐌔𐌙,malavisχ,thegoddessthethis,,,1.000,clean,bcf50595653b,3
16673,zipanu,zipanu,𐌆𐌉𐌐𐌀𐌍𐌖,zipanu,,,,1.000,clean,130c2734c20d,1
16675,raitavi,raitavi,𐌓𐌀𐌉𐌕𐌀𐌅𐌉,raitavi,rans,,,1.000,clean,af73b878ccb3,1
16678,sethlans,seθlans,𐌔𐌄𐌈𐌋𐌀𐌍𐌔,seθlans,thegodmars,,,1.000,clean,f3c478abdebe,2
5751,eca mutna arnth(i)al,eca mutna arnθ(i)al,𐌄𐌂𐌀 𐌌𐌖𐌕𐌍𐌀 𐌀𐌓𐌍𐌈(𐌉)𐌀𐌋,eca mutna,mr-velthursslavegirl,,,0.667,clean,0a02bc1ff37b,1
5755,atnas larthal svalce avil,atnas larθal svalce avil,𐌀𐌕𐌍𐌀𐌔 𐌋𐌀𐌓𐌈𐌀𐌋 𐌔𐌅𐌀𐌋𐌂𐌄 𐌀𐌅𐌉𐌋,atnas larθal svalce avil,,,,1.000,clean,80932d85547c,1
5758,calisnial,calisnial,𐌂𐌀𐌋𐌉𐌔𐌍𐌉𐌀𐌋,calisnial,ms-calisnis,,,1.000,clean,6b1f5a9890e3,3
5762,cumlnai,cumlnai,𐌂𐌖𐌌𐌋𐌍𐌀𐌉,cumlnai,,,,1.000,clean,f3eaefdcfac7,1
5774,larthi(al),larθi(al),𐌋𐌀𐌓𐌈𐌉(𐌀𐌋),,ms-nerinai,,,0.000,clean,8294e1c5939c,9
5782,sethra(s),seθra(s),𐌔𐌄𐌈𐌓𐌀(𐌔),,ms-spurini,,,0.000,clean,e3c6da55ed5d,3
5786,flenchrinas sethre(s),flenχrinas seθre(s),𐌚𐌋𐌄𐌍𐌙𐌓𐌉𐌍𐌀𐌔 𐌔𐌄𐌈𐌓𐌄(𐌔),flenχrinas,,,,0.500,clean,fd9f3f58f9d4,1
16724,tla(suna),tla(suna),𐌕𐌋𐌀(𐌔𐌖𐌍𐌀),,thetownoftelamone,,,0.000,clean,a766aa7d9f55,2
16749,charun,χarun,𐌙𐌀𐌓𐌖𐌍,χarun,orestes,,,1.000,clean,017ce8d378e4,2
16755,supen(as),supen(as),𐌔𐌖𐌐𐌄𐌍(𐌀𐌔),,thepurposeofthelargeaccuratelyscratched,,,0.000,clean,c1f7915acab2,1
16766,f{l}<u>fl{l}<u>ns,f{l}<u>fl{l}<u>ns,𐌚{𐌋}<𐌖>𐌚𐌋{𐌋}<𐌖>𐌍𐌔,,thegodbacchus,,,0.000,clean,b2bd0409c72d,1
16768,chaluchasu,χaluχasu,𐌙𐌀𐌋𐌖𐌙𐌀𐌔𐌖,χaluχasu,thegodcastor,,,1.000,clean,86eb085f51bc,1
16769,euturpa,euturpa,𐌄𐌖𐌕𐌖𐌓𐌐𐌀,euturpa,themuseeuturpe,,,1.000,clean,128241f2e2ad,2
16785,serturies,serturies,𐌔𐌄𐌓𐌕𐌖𐌓𐌉𐌄𐌔,serturies,,,,1.000,clean,efeceb6b1f25,1
16801,ma,ma,𐌌𐌀,ma,,,,1.000,clean,3c44c3e1b8b7,2
16811,velea tinsiu(s) nale(ia)l,velea tinsiu(s) nale(ia)l,𐌅𐌄𐌋𐌄𐌀 𐌕𐌉𐌍𐌔𐌉𐌖(𐌔) 𐌍𐌀𐌋𐌄(𐌉𐌀)𐌋,velea,,,,0.333,clean,ab7d60983c34,1
16818,ellan,ellan,𐌄𐌋𐌋𐌀𐌍,ellan,skull,,,1.000,clean,7eb35c7a8968,1
16824,tular,tular,𐌕𐌖𐌋𐌀𐌓,tular,of-thegod-jupiter,,,1.000,clean,45c525e284b6,2
16834,poc{o}<v>l{o}<v>m,poc{o}<v>l{o}<v>m,𐌐𐌏𐌂{𐌏}<𐌅>𐌋{𐌏}<𐌅>𐌌,,,,,0.000,clean,b98e6dfbbfe3,1
16845,s(empro)ni,s(empro)ni,𐌔(𐌄𐌌𐌐𐌓𐌏)𐌍𐌉,,,,,0.000,clean,abb48ef69395,1
16847,ev(a)s,ev(a)s,𐌄𐌅(𐌀)𐌔,,mr-evas,,,0.000,clean,ef3e6e7dd233,4
5787,atre(i)al,atre(i)al,𐌀𐌕𐌓𐌄(𐌉)𐌀𐌋,,,,,0.000,clean,ad50edac880c,1
580,a(rn)th fuluni(al),a(rn)θ fuluni(al),𐌀(𐌓𐌍)𐌈 𐌚𐌖𐌋𐌖𐌍𐌉(𐌀𐌋),,,,,0.000,clean,854c4ebfc403,1
5569,lx,lx,𐌋𐌗,lx,,,,1.000,clean,8f9a922c666c,2
5800,gegani(vs),gegani(vs),,,,,,0.000,clean,5ccbab18f994,1
5801,herenia,herenia,𐌇𐌄𐌓𐌄𐌍𐌉𐌀,herenia,,,,1.000,clean,640073b0b09b,1
5807,ar(nthus),ar(nθus),𐌀𐌓(𐌍𐌈𐌖𐌔),,mr-arnth,,,0.000,clean,a3c93500b5ee,10
5820,calu,calu,𐌂𐌀𐌋𐌖,calu,for-his-sonat-the-memorialservicestill-livinghe-,,,1.000,clean,4868a522e9da,2
5829,alethn----,aleθn----,𐌀𐌋𐌄𐌈𐌍----,,of-mr-alethna,,,0.000,clean,532446cf7b4e,1
5831,ursethnei,urseθnei,𐌖𐌓𐌔𐌄𐌈𐌍𐌄𐌉,urseθnei,ms-ursethnei,,,1.000,clean,3e43efaa3a7a,1
5839,------cithas------,------ciθas------,------𐌂𐌉𐌈𐌀𐌔------,,,,,0.000,clean,d795c9ed8617,1
16954,a(reuizie),a(reuizie),𐌀(𐌓𐌄𐌖𐌉𐌆𐌉𐌄),,the-town-of-arezzo,,,0.000,clean,9c480d498150,1
16955,p(eithesa),p(eiθesa),𐌐(𐌄𐌉𐌈𐌄𐌔𐌀),,,,,0.000,clean,be0128b3b6f4,2
16999,laran,laran,𐌋𐌀𐌓𐌀𐌍,laran,youronetimelittlesonmarsbecomeayoungadultorbeardedteenagergodmars,,,1.000,clean,6f39d5c0dd9c,4
17001,aplu,aplu,𐌀𐌐𐌋𐌖,aplu,the-goddess-minerva,,,1.000,clean,012007c76866,4
17008,fercle,fercle,𐌚𐌄𐌓𐌂𐌋𐌄,fercle,thegodapollo,,,1.000,clean,4b260b904b36,6
17011,munthu(ch),munθu(χ),𐌌𐌖𐌍𐌈𐌖(𐌙),,themaenadattractiveness,,,0.000,clean,812bb54643dd,2
17016,apulu,apulu,𐌀𐌐𐌖𐌋𐌖,apulu,thegoddesssemele,,,1.000,clean,559761f66554,3
17019,turan,turan,𐌕𐌖𐌓𐌀𐌍,turan,rhadymanthus,,,1.000,clean,28949ea86dcc,3
17022,reschualc,resχualc,𐌓𐌄𐌔𐌙𐌖𐌀𐌋𐌂,resχualc,thegoddessreflectionofbeauty,,,1.000,clean,c9d008ad0fae,1
17029,ariatha,ariaθa,𐌀𐌓𐌉𐌀𐌈𐌀,ariaθa,helena,,,1.000,clean,5ead1c0264df,2
17033,thalana,θalana,𐌈𐌀𐌋𐌀𐌍𐌀,θalana,zipunuthegoddessofbrides,,,1.000,clean,e67ae130333e,1
17034,alpanu,alpanu,𐌀𐌋𐌐𐌀𐌍𐌖,alpanu,oneofthedivineloves,,,1.000,clean,fad18cb39677,1
5673,sethra,seθra,𐌔𐌄𐌈𐌓𐌀,seθra,,,,1.000,clean,a7d7b7415a05,4
17035,itinthni,itinθni,𐌉𐌕𐌉𐌍𐌈𐌍𐌉,itinθni,themanfromaegina,,,1.000,clean,e4be0d97ee37,1
17038,tinthun,tinθun,𐌕𐌉𐌍𐌈𐌖𐌍,tinθun,thegoddessthesan,,,1.000,clean,a8bf960f0b4e,1
5847,--------ineisl------,--------ineisl------,--------𐌉𐌍𐌄𐌉𐌔𐌋------,,,,,0.000,clean,4a11856ad54e,1
5855,arnthal,arnθal,𐌀𐌓𐌍𐌈𐌀𐌋,arnθal,of-ms-arnthi,,,1.000,clean,d0480fe3d1f8,4
5862,velthurus,velθurus,𐌅𐌄𐌋𐌈𐌖𐌓𐌖𐌔,velθurus,of-mr-velthur,,,1.000,clean,372cd980409c,4
6046,barta,barta,𐌁𐌀𐌓𐌕𐌀,barta,ms-leptiniabartamr-marcuss,,,1.000,clean,7203da3929fa,1
6052,l(iberti),l(iberti),𐌋(𐌉𐌁𐌄𐌓𐌕𐌉),,,,,0.000,clean,0494c81de7d6,1
5874,arnth churcles larth(i)al ramthas(a) ne(ts)v(is)tnial zilc,arnθ χurcles larθ(i)al ramθas(a) ne(ts)v(is)tnial zilc,𐌀𐌓𐌍𐌈 𐌙𐌖𐌓𐌂𐌋𐌄𐌔 𐌋𐌀𐌓𐌈(𐌉)𐌀𐌋 𐌓𐌀𐌌𐌈𐌀𐌔(𐌀) 𐌍𐌄(𐌕𐌔)𐌅(𐌉𐌔)𐌕𐌍𐌉𐌀𐌋 𐌆𐌉𐌋𐌂,arnθ χurcles zilc,mr-arnthmr-churclessonmrs-larthissonmr-ramthasdaughters-husbandof-thecollege-of-the-inspectors-ofentrailsthe-chiefthe-chiefof-the-godbacchushe-was,,,0.500,clean,b5bb8605ef2e,1
5875,churchles(a),χurχles(a),𐌙𐌖𐌓𐌙𐌋𐌄𐌔(𐌀),,mr-larthmr-churchlesdaughters-husbandmrsarnthis-daughters-husbandmrchurchles-daughters-daughtershusbandmr-thanchvilus,,,0.000,clean,3fad53172e4d,1
5876,felusnie,felusnie,𐌚𐌄𐌋𐌖𐌔𐌍𐌉𐌄,felusnie,,,,1.000,clean,4a165d1ecae3,1
5918,tarchnas larth(i)alisa,tarχnas larθ(i)alisa,𐌕𐌀𐌓𐌙𐌍𐌀𐌔 𐌋𐌀𐌓𐌈(𐌉)𐌀𐌋𐌉𐌔𐌀,tarχnas,,,,0.500,clean,b04c37fce841,1
5923,cl(an),cl(an),𐌂𐌋(𐌀𐌍),,,,,0.000,clean,0638852a0b17,1
5944,tarchna r(amthas),tarχna r(amθas),𐌕𐌀𐌓𐌙𐌍𐌀 𐌓(𐌀𐌌𐌈𐌀𐌔),tarχna,,,,0.500,clean,14d93354f815,1
5946,tarchnai(alisa),tarχnai(alisa),𐌕𐌀𐌓𐌙𐌍𐌀𐌉(𐌀𐌋𐌉𐌔𐌀),,,,,0.000,clean,292974cb6815,1
17101,srth,srθ,𐌔𐌓𐌈,srθ,fau,,,1.000,clean,11b279712c7a,1
17105,pensatorix,pensatorix,𐌐𐌄𐌍𐌔𐌀𐌕𐌏𐌓𐌉𐌗,pensatorix,,,,1.000,clean,e083d7107556,1
17112,z(ilc)e,z(ilc)e,𐌆(𐌉𐌋𐌂)𐌄,,,,,0.000,clean,0b7c6620ee0a,2
17118,t(an)a(s),t(an)a(s),𐌕(𐌀𐌍)𐌀(𐌔),,,,,0.000,clean,5a76699829cd,3
17123,k(ra)th(e)s,k(ra)θ(e)s,𐌊(𐌓𐌀)𐌈(𐌄)𐌔,,,,,0.000,clean,29571f6cc04b,1
17135,l(ibra),l(ibra),𐌋(𐌉𐌁𐌓𐌀),,,,,0.000,clean,4f164a7a34ec,1
17138,aeiu,aeiu,𐌀𐌄𐌉𐌖,aeiu,,,,1.000,clean,2b7b12d3d71c,1
17146,------imama------,------imama------,------𐌉𐌌𐌀𐌌𐌀------,,,,,0.000,clean,8d4c04b2ce70,1
17181,n(vmmvs),n(vmmvs),𐌍(𐌅𐌌𐌌𐌅𐌔),,,,,0.000,clean,b5f4e693ebf6,1
17226,------mitao o---- io,------mitao o---- io,------𐌌𐌉𐌕𐌀𐌏 𐌏---- 𐌉𐌏,io,------mitaoo----io--------------,,,0.333,clean,38729a518939,1
5955,l(ar)th tarchnas,l(ar)θ tarχnas,𐌋(𐌀𐌓)𐌈 𐌕𐌀𐌓𐌙𐌍𐌀𐌔,tarχnas,,,,0.500,clean,40f22c44b1fe,1
5967,tarchnas,tarχnas,𐌕𐌀𐌓𐌙𐌍𐌀𐌔,tarχnas,,,,1.000,clean,7b6082e13e30,2
6032,roda,roda,𐌓𐌏𐌃𐌀,roda,ms-magiliarodamr-luciuss,,,1.000,clean,6d6ed6bc85c6,1
6056,ramtha,ramθa,𐌓𐌀𐌌𐌈𐌀,ramθa,,,,1.000,clean,bb65dc8de509,7
6070,ranthu(sa),ranθu(sa),𐌓𐌀𐌍𐌈𐌖(𐌔𐌀),,,,,0.000,clean,df35c50daf8b,1
6112,fabricia,fabricia,𐌚𐌀𐌁𐌓𐌉𐌂𐌉𐌀,fabricia,,,,1.000,clean,450b71c8b895,1
6159,matunas,matunas,𐌌𐌀𐌕𐌖𐌍𐌀𐌔,matunas,mr-velmr-matunasmrs-larisis-daughtershusband,,,1.000,clean,fd465c7827b8,2
6163,p(vbl(i)i) netamvs(i)i,p(vbl(i)i) netamvs(i)i,𐌐(𐌅𐌁𐌋(𐌉)𐌉) 𐌍𐌄𐌕𐌀𐌌𐌅𐌔(𐌉)𐌉,,,,,0.000,clean,b6b902763756,1
6169,arnth,arnθ,𐌀𐌓𐌍𐌈,arnθ,mr-arnth,,,1.000,clean,c80f3b04a01a,10
17276,acai,acai,𐌀𐌂𐌀𐌉,acai,ms-otacila,,,1.000,clean,33179c4194b4,1
17279,cacilia,cacilia,𐌂𐌀𐌂𐌉𐌋𐌉𐌀,cacilia,ms-cacilia,,,1.000,clean,8c32af589780,1
17286,h{e}<i>c,h{e}<i>c,𐌇{𐌄}<𐌉>𐌂,,,,,0.000,clean,e2c1185c3bbb,1
17287,pr(aitor) q(vaistor),pr(aitor) q(vaistor),𐌐𐌓(𐌀𐌉𐌕𐌏𐌓) 𐌒(𐌅𐌀𐌉𐌔𐌕𐌏𐌓),,generalsupervisor-of-public-buildingsentitled-by-rank-to-the-use-of-the-,,,0.000,clean,e80658b92d8c,1
17294,seic rhodine,seic rhodine,𐌔𐌄𐌉𐌂 𐌓𐌇𐌏𐌃𐌉𐌍𐌄,seic rhodine,to-youi-recommendthatalways,,,1.000,clean,d8a4cddef503,1
17296,sacrom,sacrom,𐌔𐌀𐌂𐌓𐌏𐌌,sacrom,to-the-hero-hercules,,,1.000,clean,0d0008398bde,1
17299,de praidad,de praidad,𐌃𐌄 𐌐𐌓𐌀𐌉𐌃𐌀𐌃,de praidad,mr-marcusfuriusmr-caiusssontribune,,,1.000,clean,c04fc41f98d2,2
17300,de praidad,de praidad,𐌃𐌄 𐌐𐌓𐌀𐌉𐌃𐌀𐌃,de praidad,representing-the-soldiersgave-itto-the-goddess-of-good-fortunefrombooty,,,1.000,clean,c04fc41f98d2,2
17302,fovrio,fovrio,𐌚𐌏𐌅𐌓𐌉𐌏,fovrio,for-mr-quintusfouriusmr-aulussson,,,1.000,clean,46dd932afa01,1
17308,c(a(i)i),c(a(i)i),𐌂(𐌀(𐌉)𐌉),,mr-fourius,,,0.000,clean,f01fc62dfcfd,11
17311,iacor,iacor,𐌉𐌀𐌂𐌏𐌓,iacor,mr-micos,,,1.000,clean,f11ba82651ee,1
6170,munise,munise,𐌌𐌖𐌍𐌉𐌔𐌄,munise,,,,1.000,clean,9121057f097f,1
6189,grebo,grebo,,grebo,mr-grebo,,,1.000,clean,5dbc26ded653,1
6195,aties an,aties an,𐌀𐌕𐌉𐌄𐌔 𐌀𐌍,aties an,,,,1.000,clean,c636995f14d8,1
6206,vincnai,vincnai,𐌅𐌉𐌍𐌂𐌍𐌀𐌉,vincnai,mr-ranthus,,,1.000,clean,dc4ee5f22144,1
6227,cvethna,cveθna,𐌂𐌅𐌄𐌈𐌍𐌀,cveθna,,,,1.000,clean,515c8b7dde5e,1
6229,apianas,apianas,𐌀𐌐𐌉𐌀𐌍𐌀𐌔,apianas,,,,1.000,clean,cdbac3035334,1
6238,la(rtis),la(rtis),𐌋𐌀(𐌓𐌕𐌉𐌔),,,,,0.000,clean,1b5cbc3effae,1
6277,c(a(i)i) manl(i)i,c(a(i)i) manl(i)i,𐌂(𐌀(𐌉)𐌉) 𐌌𐌀𐌍𐌋(𐌉)𐌉,,,,,0.000,clean,5ef0c3336abb,1
6283,c(a(i)i) orgv(i)i,c(a(i)i) orgv(i)i,,,of-mr-caiusorcuiusmr-aulussson,,,0.000,clean,95acb7fb250e,1
6284,l(vc(i)i) ot(i)i l(vc(i)i),l(vc(i)i) ot(i)i l(vc(i)i),𐌋(𐌅𐌂(𐌉)𐌉) 𐌏𐌕(𐌉)𐌉 𐌋(𐌅𐌂(𐌉)𐌉),,,,,0.000,clean,ad8cb55e84aa,1
17313,apolonei,apolonei,𐌀𐌐𐌏𐌋𐌏𐌍𐌄𐌉,apolonei,to-the-god-apollomr-caios,,,1.000,clean,39e074918c32,1
17360,svesano(m),svesano(m),𐌔𐌅𐌄𐌔𐌀𐌍𐌏(𐌌),,of-thesuessians,,,0.000,clean,bade2de7ece8,2
17371,sidikinvd,sidikinvd,𐌔𐌉𐌃𐌉𐌊𐌉𐌍𐌅𐌃,sidikinvd,-of-the-sidicini,,,1.000,clean,fb2ff44c5b47,2
17372,teanvd,teanvd,𐌕𐌄𐌀𐌍𐌅𐌃,teanvd,the-town-of-teano-,,,1.000,clean,3a22d24cb2dc,2
17374,sidikinvd,sidikinvd,𐌔𐌉𐌃𐌉𐌊𐌉𐌍𐌅𐌃,sidikinvd,,,,1.000,clean,fb2ff44c5b47,2
17375,teanvd,teanvd,𐌕𐌄𐌀𐌍𐌅𐌃,teanvd,,,,1.000,clean,3a22d24cb2dc,2
20006,larthuriu,larθuriu,𐌋𐌀𐌓𐌈𐌖𐌓𐌉𐌖,larθuriu,,,,1.000,clean,dd1c6a49c86f,1
20019,tetialu,tetialu,𐌕𐌄𐌕𐌉𐌀𐌋𐌖,tetialu,,,,1.000,clean,19a656fa4f5c,2
20072,z(ilathus),z(ilaθus),𐌆(𐌉𐌋𐌀𐌈𐌖𐌔),,,,,0.000,clean,a37741496859,2
20085,v(el)ch(us),v(el)χ(us),𐌅(𐌄𐌋)𐌙(𐌖𐌔),,mr-velchs,,,0.000,clean,a27269abcda7,1
20159,am(t)n(ie)z,am(t)n(ie)z,𐌀𐌌(𐌕)𐌍(𐌉𐌄)𐌆,,mr-amtnies,,,0.000,clean,5f9d5f0e66d3,1
20183,knae,knae,𐌊𐌍𐌀𐌄,knae,,,,1.000,clean,9438589769e5,1
20683,ku(tvialus),ku(tvialus),𐌊𐌖(𐌕𐌅𐌉𐌀𐌋𐌖𐌔),,,,,0.000,clean,186acdefde2f,1
20709,n(umas),n(umas),𐌍(𐌖𐌌𐌀𐌔),,mr-numas,,,0.000,clean,1c08534f067d,2
20800,k(avies),k(avies),𐌊(𐌀𐌅𐌉𐌄𐌔),,,,,0.000,clean,40eba61f86b7,1
20822,mi selnas,mi selnas,𐌌𐌉 𐌔𐌄𐌋𐌍𐌀𐌔,mi selnas,,,,1.000,clean,8ee7b1821a80,1
20899,kramuri(e)s,kramuri(e)s,𐌊𐌓𐌀𐌌𐌖𐌓𐌉(𐌄)𐌔,,mr-kramuries,,,0.000,clean,5bca38caa9d4,1
20900,k(ae),k(ae),𐌊(𐌀𐌄),,,,,0.000,clean,a6a09a883fd3,4
20906,<antar>,<antar>,<𐌀𐌍𐌕𐌀𐌓>,,,,,0.000,clean,10413d08e0a2,1
20926,reithu,reiθu,𐌓𐌄𐌉𐌈𐌖,reiθu,,,,1.000,clean,64b79bd2f3d1,1
6307,--nige,--nige,,,,,,0.000,clean,1bae8f89ebd0,1
CIE 1886,θania:cainei:urinatesa,θania:cainei:urinatesa,𐌈𐌀𐌍𐌉𐌀:𐌂𐌀𐌉𐌍𐌄𐌉:𐌖𐌓𐌉𐌍𐌀𐌕𐌄𐌔𐌀,θania cainei urinatesa,,,,1.000,clean,29dbaa53bfd3,1
CIE 1887,θa:cainei:canznasa,θa:cainei:canznasa,𐌈𐌀:𐌂𐌀𐌉𐌍𐌄𐌉:𐌂𐌀𐌍𐌆𐌍𐌀𐌔𐌀,θa cainei canznasa,,,,1.000,clean,c125a38ccd64,1
CIE 1898,....13RIA:D.... cainei ....,....13RIA:D.... cainei ....,,,,,,0.000,ocr_failed,d5e7f58a081e,1
20299,p(etru)i(al),p(etru)i(al),𐌐(𐌄𐌕𐌓𐌖)𐌉(𐌀𐌋),,,,,0.000,clean,725f6cbc836d,3
20335,spv(rinnae),spv(rinnae),𐌔𐌐𐌅(𐌓𐌉𐌍𐌍𐌀𐌄),,,,,0.000,clean,86d989c6d301,1
20370,thesan(ial)la(utnithar),θesan(ial)la(utniθar),𐌈𐌄𐌔𐌀𐌍(𐌉𐌀𐌋)𐌋𐌀(𐌖𐌕𐌍𐌉𐌈𐌀𐌓),,,,,0.000,clean,201c8d0ef514,1
20405,mi(nvcii),mi(nvcii),𐌌𐌉(𐌍𐌅𐌂𐌉𐌉),,,,,0.000,clean,471ba2edd42d,1
20411,la(rizu)z,la(rizu)z,𐌋𐌀(𐌓𐌉𐌆𐌖)𐌆,,,,,0.000,clean,43dd7a85fbac,1
20560,siliu(ia)l,siliu(ia)l,𐌔𐌉𐌋𐌉𐌖(𐌉𐌀)𐌋,,ms-siliuis,,,0.000,clean,02f1bb7b4f01,1
20601,feli(e)s,feli(e)s,𐌚𐌄𐌋𐌉(𐌄)𐌔,,mr-felies,,,0.000,clean,df919e855971,1
20607,n(um)i,n(um)i,𐌍(𐌖𐌌)𐌉,,theslovenlywriterms-numi,,,0.000,clean,8c7227ff0bdc,1
CIE 1888,vl.canzna.aθ.cainal.,vl.canzna.aθ.cainal.,𐌅𐌋.𐌂𐌀𐌍𐌆𐌍𐌀.𐌀𐌈.𐌂𐌀𐌉𐌍𐌀𐌋.,vl.canzna.aθ.cainal.,,,,1.000,clean,a265fea9611c,1
CIE 18.A.10,AИIЭO·VIOVAI·I Lanzi AИIЭO·VDOA·I Fa.,AnIeO·VIOVAI·I Lanzi AnIeO·VDOA·I Fa.,,AnIeO VIOVAI I Lanzi AnIeO VDOA I Fa.,,,,1.000,clean,2f7b5683bc81,1
CODEX_LL_VII,θezi iχ ciz vacl θesan flerχva neθśrac hupniś zaθrumiś in crapśti ceś θeśan ei śeuc nunθenθ celi huθiś zaθrumiś veiveś trau ciś vacl θeśan tinśi tiurim ais cemnac,θezi iχ ciz vacl θesan flerχva neθśrac hupniś zaθrumiś in crapśti ceś θeśan ei śeuc nunθenθ celi huθiś zaθrumiś veiveś trau ciś vacl θeśan tinśi tiurim ais cemnac,𐌈𐌄𐌆𐌉 𐌉𐌙 𐌂𐌉𐌆 𐌅𐌀𐌂𐌋 𐌈𐌄𐌔𐌀𐌍 𐌚𐌋𐌄𐌓𐌙𐌅𐌀 𐌍𐌄𐌈𐌑𐌓𐌀𐌂 𐌇𐌖𐌐𐌍𐌉𐌑 𐌆𐌀𐌈𐌓𐌖𐌌𐌉𐌑 𐌉𐌍 𐌂𐌓𐌀𐌐𐌑𐌕𐌉 𐌂𐌄𐌑 𐌈𐌄𐌑𐌀𐌍 𐌄𐌉 𐌑𐌄𐌖𐌂 𐌍𐌖𐌍𐌈𐌄𐌍𐌈 𐌂𐌄𐌋𐌉 𐌇𐌖𐌈𐌉𐌑 𐌆𐌀𐌈𐌓𐌖𐌌𐌉𐌑 𐌅𐌄𐌉𐌅𐌄𐌑 𐌕𐌓𐌀𐌖 𐌂𐌉𐌑 𐌅𐌀𐌂𐌋 𐌈𐌄𐌑𐌀𐌍 𐌕𐌉𐌍𐌑𐌉 𐌕𐌉𐌖𐌓𐌉𐌌 𐌀𐌉𐌔 𐌂𐌄𐌌𐌍𐌀𐌂,θezi iχ ciz vacl θesan flerχva neθśrac hupniś zaθrumiś in crapśti ceś θeśan ei śeuc nunθenθ celi huθiś zaθrumiś veiveś trau ciś vacl θeśan tinśi tiurim ais cemnac,,,,1.000,clean,3b9b2ebcf0b6,1
CODEX_LL_X,vacl aisvale ciś clenar ci avil χiś vinum trau θiś ceś heχz ciś methlumθ ceś ten θeśan tinśi tiurim ais cemnac,vacl aisvale ciś clenar ci avil χiś vinum trau θiś ceś heχz ciś meθlumθ ceś ten θeśan tinśi tiurim ais cemnac,𐌅𐌀𐌂𐌋 𐌀𐌉𐌔𐌅𐌀𐌋𐌄 𐌂𐌉𐌑 𐌂𐌋𐌄𐌍𐌀𐌓 𐌂𐌉 𐌀𐌅𐌉𐌋 𐌙𐌉𐌑 𐌅𐌉𐌍𐌖𐌌 𐌕𐌓𐌀𐌖 𐌈𐌉𐌑 𐌂𐌄𐌑 𐌇𐌄𐌙𐌆 𐌂𐌉𐌑 𐌌𐌄𐌈𐌋𐌖𐌌𐌈 𐌂𐌄𐌑 𐌕𐌄𐌍 𐌈𐌄𐌑𐌀𐌍 𐌕𐌉𐌍𐌑𐌉 𐌕𐌉𐌖𐌓𐌉𐌌 𐌀𐌉𐌔 𐌂𐌄𐌌𐌍𐌀𐌂,vacl aisvale ciś clenar ci avil χiś vinum trau θiś ceś heχz ciś meθlumθ ceś ten θeśan tinśi tiurim ais cemnac,,,,1.000,clean,9a3a17b963fe,1
CODEX_PY_A_1,ita tmia icac heramaśva vatieχe unialastres θemiasa meχ θuta θefariei velianas sal cluvenias tururś munistas θuvas tameresca ilacve tulerase nac ci avil χurvar teśiameitale ilacve alśase nac atranes zilacal seleitala acnaśvers itanim heramve avil eniaca pulumχva snuiaφ,ita tmia icac heramaśva vatieχe unialastres θemiasa meχ θuta θefariei velianas sal cluvenias tururś munistas θuvas tameresca ilacve tulerase nac ci avil χurvar teśiameitale ilacve alśase nac atranes zilacal seleitala acnaśvers itanim heramve avil eniaca pulumχva snuiaφ,𐌉𐌕𐌀 𐌕𐌌𐌉𐌀 𐌉𐌂𐌀𐌂 𐌇𐌄𐌓𐌀𐌌𐌀𐌑𐌅𐌀 𐌅𐌀𐌕𐌉𐌄𐌙𐌄 𐌖𐌍𐌉𐌀𐌋𐌀𐌔𐌕𐌓𐌄𐌔 𐌈𐌄𐌌𐌉𐌀𐌔𐌀 𐌌𐌄𐌙 𐌈𐌖𐌕𐌀 𐌈𐌄𐌚𐌀𐌓𐌉𐌄𐌉 𐌅𐌄𐌋𐌉𐌀𐌍𐌀𐌔 𐌔𐌀𐌋 𐌂𐌋𐌖𐌅𐌄𐌍𐌉𐌀𐌔 𐌕𐌖𐌓𐌖𐌓𐌑 𐌌𐌖𐌍𐌉𐌔𐌕𐌀𐌔 𐌈𐌖𐌅𐌀𐌔 𐌕𐌀𐌌𐌄𐌓𐌄𐌔𐌂𐌀 𐌉𐌋𐌀𐌂𐌅𐌄 𐌕𐌖𐌋𐌄𐌓𐌀𐌔𐌄 𐌍𐌀𐌂 𐌂𐌉 𐌀𐌅𐌉𐌋 𐌙𐌖𐌓𐌅𐌀𐌓 𐌕𐌄𐌑𐌉𐌀𐌌𐌄𐌉𐌕𐌀𐌋𐌄 𐌉𐌋𐌀𐌂𐌅𐌄 𐌀𐌋𐌑𐌀𐌔𐌄 𐌍𐌀𐌂 𐌀𐌕𐌓𐌀𐌍𐌄𐌔 𐌆𐌉𐌋𐌀𐌂𐌀𐌋 𐌔𐌄𐌋𐌄𐌉𐌕𐌀𐌋𐌀 𐌀𐌂𐌍𐌀𐌑𐌅𐌄𐌓𐌔 𐌉𐌕𐌀𐌍𐌉𐌌 𐌇𐌄𐌓𐌀𐌌𐌅𐌄 𐌀𐌅𐌉𐌋 𐌄𐌍𐌉𐌀𐌂𐌀 𐌐𐌖𐌋𐌖𐌌𐌙𐌅𐌀 𐌔𐌍𐌖𐌉𐌀𐌘,ita tmia icac heramaśva vatieχe unialastres θemiasa meχ θuta θefariei velianas sal cluvenias tururś munistas θuvas tameresca ilacve tulerase nac ci avil χurvar teśiameitale ilacve alśase nac atranes zilacal seleitala acnaśvers itanim heramve avil eniaca pulumχva snuiaφ,,,,1.000,clean,d566894c2e42,1
CIE 2778,I:Z:AΘM:ΘANAM:ΘA:Z:AΘIΘ:AO,I:Z:AΘM:ΘANAM:ΘA:Z:AΘIΘ:AO,,I Z AΘM ΘANAM ΘA Z AΘIΘ AO,,,,1.000,clean,45ef13acc7c2,1
CIE 2779,AΘMAOΘIΘZ:ΘANΘ,AΘMAOΘIΘZ:ΘANΘ,,AΘMAOΘIΘZ ΘANΘ,,,,1.000,clean,4f779070f372,1
ETP 73,qurianas,qurianas,𐌒𐌖𐌓𐌉𐌀𐌍𐌀𐌔,qurianas,,500.0,500.0,1.000,clean,131fc11c2721,1
CIE 19-20,A CAECINA CEARVLA ANNOR LXX,A CAECINA CEARVLA ANNOR LXX,,A CAECINA CEARVLA ANNOR LXX,,,,1.000,clean,9ee13a09219a,1
CIE 20,CAEƆ LNASƆAF·CA S I Ɔ·VLX·ANN,CAEc LNAScAF·CA S I c·VLX·ANN,,CAEc LNAScAF CA S I c VLX ANN,,,,1.000,clean,89fcb69d841c,1
CIE 27,XT·J19·AJDJ32·7A,XT·J19·AJDJ32·7A,,,,,,0.000,ocr_failed,237dab281541,1
CIE 2780,IΘMAIΘA:Z:AΘINΘA:Z:AΘANΘAO,IΘMAIΘA:Z:AΘINΘA:Z:AΘANΘAO,,IΘMAIΘA Z AΘINΘA Z AΘANΘAO,,,,1.000,clean,a146621c054c,1
CIE 2781,𐌅𐌄𐌋𐌆𐌖𐌉𐌋𐌀𐌓𐌙𐌀𐌋,θ: helzu:i: larchal,𐌈: 𐌇𐌄𐌋𐌆𐌖:𐌉: 𐌋𐌀𐌓𐌂𐌇𐌀𐌋,θ helzu i larchal,,,,1.000,clean,cfbed8602574,1
CIE 28,J19·V1R9J·2J,J19·V1R9J·2J,,,,,,0.000,ocr_failed,559ce0de127a,1
CIE 30,AJD9A9J·J1R9D·A,AJD9A9J·J1R9D·A,,,,,,0.000,ocr_failed,feace94d1eab,1
CIE 23,9·Ɔ·9·Ɔ·AIƆV2L2J·AHƆIƆ,9·c·9·c·AIcV2L2J·AHcIc,,,,,,0.000,ocr_failed,ae5b62ae812d,1
CIE 24,A·CAECINA·SELCIA·ANNOSX,A·CAECINA·SELCIA·ANNOSX,,A CAECINA SELCIA ANNOSX,,,,1.000,clean,f39d9f163940,1
CIE 2839,:AIOθAИ :IЭNI+ЭT A𐌋ЭЯЭMVЭ,larθia | tetinei | cumθeresa,𐌋𐌀𐌓𐌈𐌉𐌀 | 𐌕𐌄𐌕𐌉𐌍𐌄𐌉 | 𐌂𐌖𐌌𐌈𐌄𐌓𐌄𐌔𐌀,larθia tetinei cumθeresa,,,,1.000,clean,502fc6c4aebf,1
CIE 25,A·VAIƆA9Ɔ·2·AHƆIƆ,A·VAIcA9c·2·AHcIc,,,,,,0.000,ocr_failed,c7d33d7faafa,1
CIE 26,LIXƆƆ·LI9·LADƆ9Ɔ·2·AHƆIƆ·L,LIXcc·LI9·LADc9c·2·AHcIc·L,,,,,,0.000,ocr_failed,8d6c25a1cf45,1
CIE 32,J1D9J2·2J·J1MDJ3J·D·J1,J1D9J2·2J·J1MDJ3J·D·J1,,,,,,0.000,ocr_failed,c1f327c11593,1
CIE 33,T·J19·JAH·J2A7·A·V9J2A9J·XJ1DJ2J,T·J19·JAH·J2A7·A·V9J2A9J·XJ1DJ2J,,,,,,0.000,ocr_failed,89e2b87ab0cf,1
CIE 35,J19·JAD9A·JV1MJ38·J1,J19·JAD9A·JV1MJ38·J1,,,,,,0.000,ocr_failed,f0f12c993b28,1
CIE 36,VA:INΘIΛI:AN:ΘI:A v:ceicna.θlapθuθni:au,VA:INΘIΛI:AN:ΘI:A v:ceicna.θlapθuθni:au,,,,,,0.000,needs_review,77e37faa2a17,1
CIE 37,ΘIΛI:AN:ΘI:A:2Λ:2Λ ls:ceicna-is-θlapθuθni-r....,ΘIΛI:AN:ΘI:A:2Λ:2Λ ls:ceicna-is-θlapθuθni-r....,,,,,,0.000,ocr_failed,6ef263322837,1
CIE 38,TX.JΛI.V.ΘI.ΛI.AN.ΘI:A θ.9.JAΘIΛI:AN:ΘI:A,TX.JΛI.V.ΘI.ΛI.AN.ΘI:A θ.9.JAΘIΛI:AN:ΘI:A,,,,,,0.000,ocr_failed,a505130cfb7c,3
CIE 39,TX.JΛI.V.ΘI.ΛI.AN.ΘI:A θ.9.JAΘIΛI:AN:ΘI:A,TX.JΛI.V.ΘI.ΛI.AN.ΘI:A θ.9.JAΘIΛI:AN:ΘI:A,,,,,,0.000,ocr_failed,a505130cfb7c,3
CIE 40,TX.JΛI.V.ΘI.ΛI.AN.ΘI:A θ.9.JAΘIΛI:AN:ΘI:A,TX.JΛI.V.ΘI.ΛI.AN.ΘI:A θ.9.JAΘIΛI:AN:ΘI:A,,,,,,0.000,ocr_failed,a505130cfb7c,3
CIE 42,JAI VMH JΛ:2Λ:AN:ΘI:A ..ceicna-ls-θelmuial,JAI VMH JΛ:2Λ:AN:ΘI:A ..ceicna-ls-θelmuial,,,,,,0.000,ocr_failed,16ecb11f854b,1
CIE 2503,[VJVO:IDA1:9A],ar:paci:hulu,𐌀𐌓:𐌐𐌀𐌂𐌉:𐌇𐌖𐌋𐌖,ar paci hulu,,,,1.000,clean,0512ac7a618d,1
CIE 2638,ONTIA. FLORA H.S.E [P]ontia|Flora|h.s.e,ONTIA. FLORA H.S.E [P]ontia|Flora|h.s.e,,ONTIA. FLORA H.S.E Flora h.s.e,,,,0.833,clean,6c631f5cbc70,1
20762,pruka,pruka,𐌐𐌓𐌖𐌊𐌀,pruka,,,,1.000,clean,6c3a91786972,1
20772,kavistami,kavistami,𐌊𐌀𐌅𐌉𐌔𐌕𐌀𐌌𐌉,kavistami,mr-caiussisthisami,,,1.000,clean,5e7199084ab5,1
810,tnal,tnal,𐌕𐌍𐌀𐌋,tnal,,,,1.000,clean,51d4e0b5babb,2
1029,--------auchu----------s----a,--------auχu----------s----a,--------𐌀𐌖𐌙𐌖----------𐌔----𐌀,,,,,0.000,clean,7ba5d286d044,1
819,danatidi,danatidi,𐌃𐌀𐌍𐌀𐌕𐌉𐌃𐌉,danatidi,ms-thanimr-tithiasdaughter,,,1.000,clean,f8b5ce6b237e,1
824,cavslinis,cavslinis,𐌂𐌀𐌅𐌔𐌋𐌉𐌍𐌉𐌔,cavslinis,,,,1.000,clean,6e22e819ee0e,1
848,cartlia,cartlia,𐌂𐌀𐌓𐌕𐌋𐌉𐌀,cartlia,,,,1.000,clean,8e875db0488a,1
882,------------spuiia,------------spuiia,------------𐌔𐌐𐌖𐌉𐌉𐌀,,mr-etruscaswife,,,0.000,clean,1f514658f421,1
893,lisa,lisa,𐌋𐌉𐌔𐌀,lisa,mr-vel,,,1.000,clean,d84fe7e07bed,3
897,aisias,aisias,𐌀𐌉𐌔𐌉𐌀𐌔,aisias,mr-asias,,,1.000,clean,55f2213bd2df,1
919,thanathansinei,θanaθansinei,𐌈𐌀𐌍𐌀𐌈𐌀𐌍𐌔𐌉𐌍𐌄𐌉,θanaθansinei,mr-thanamrs-thansineis,,,1.000,clean,1171b2be4a35,1
923,en--------,en--------,𐌄𐌍--------,,,,,0.000,clean,dbd3a49d0d90,1
1071,------velnthuru------,------velnθuru------,------𐌅𐌄𐌋𐌍𐌈𐌖𐌓𐌖------,,,,,0.000,clean,a26e74973615,1
1082,eres,eres,𐌄𐌓𐌄𐌔,eres,mr-cumeres,,,1.000,clean,0710ec7b4616,1
1091,futiesa,futiesa,𐌚𐌖𐌕𐌉𐌄𐌔𐌀,futiesa,mrs-marcnei,,,1.000,clean,70f0c749c185,1
1106,lanfesa,lanfesa,𐌋𐌀𐌍𐌚𐌄𐌔𐌀,lanfesa,,,,1.000,clean,f6c96f65bc92,1
1113,uratn,uratn,𐌖𐌓𐌀𐌕𐌍,uratn,,,,1.000,clean,bade46648e43,1
20927,ichi,iχi,𐌉𐌙𐌉,iχi,ms-chi,,,1.000,clean,13659888907f,2
2093,l(ar)th velcialu,l(ar)θ velcialu,𐌋(𐌀𐌓)𐌈 𐌅𐌄𐌋𐌂𐌉𐌀𐌋𐌖,velcialu,,,,0.500,clean,75a52cc41a09,1
20982,e(cnatn)i(al),e(cnatn)i(al),𐌄(𐌂𐌍𐌀𐌕𐌍)𐌉(𐌀𐌋),,,,,0.000,clean,f07400306a0f,1
1233,stial,stial,𐌔𐌕𐌉𐌀𐌋,stial,,,,1.000,clean,9a37dcc54bf2,1
1240,cestna,cestna,𐌂𐌄𐌔𐌕𐌍𐌀,cestna,,,,1.000,clean,c77e6737e7a8,1
1264,velfelearnthalisa,velfelearnθalisa,𐌅𐌄𐌋𐌚𐌄𐌋𐌄𐌀𐌓𐌍𐌈𐌀𐌋𐌉𐌔𐌀,velfelearnθalisa,,,,1.000,clean,98e3b6f15b2a,1
1267,felialisa,felialisa,𐌚𐌄𐌋𐌉𐌀𐌋𐌉𐌔𐌀,felialisa,,,,1.000,clean,b1f46de15bf4,1
1276,sautles,sautles,𐌔𐌀𐌖𐌕𐌋𐌄𐌔,sautles,ms-capi,,,1.000,clean,0ee0f9d415d7,1
1295,hannossa,hannossa,𐌇𐌀𐌍𐌍𐌏𐌔𐌔𐌀,hannossa,mr-caiussentiushannossamrcaiussson,,,1.000,clean,ede0c34db7d2,1
1365,peithial,peiθial,𐌐𐌄𐌉𐌈𐌉𐌀𐌋,peiθial,,,,1.000,clean,f0567336e217,2
1370,cr,cr,𐌂𐌓,cr,,,,1.000,clean,2b6bdfb2a0c3,1
1404,pumpnasa,pumpnasa,𐌐𐌖𐌌𐌐𐌍𐌀𐌔𐌀,pumpnasa,mr-pumpnas-daughtershusband,,,1.000,clean,50f7c1cca147,1
1423,arnth cumeresa,arnθ cumeresa,𐌀𐌓𐌍𐌈 𐌂𐌖𐌌𐌄𐌓𐌄𐌔𐌀,arnθ cumeresa,,,,1.000,clean,95f753f30d00,1
CIE 44,JΛI:AN:ΘI:A θana-cavinei-tuθ,JΛI:AN:ΘI:A θana-cavinei-tuθ,,,,,,0.000,needs_review,f8bd4ee48a99,1
CIE 45,a) VANIVIAS.VAIΘΘA.V b) VANIVIAS.VAIΘΘA.V.Θ l.aqlami.larΘial.cailinal,a) VANIVIAS.VAIΘΘA.V b) VANIVIAS.VAIΘΘA.V.Θ l.aqlami.larΘial.cailinal,,VANIVIAS.VAIΘΘA.V VANIVIAS.VAIΘΘA.V.Θ l.aqlami.larΘial.cailinal,,,,0.600,clean,787727428066,1
CIE 46,XXX.ΘIΘ.Z.IANΘVS.ΘAΘO Θana.fulnai.s.ril.XXX,XXX.ΘIΘ.Z.IANΘVS.ΘAΘO Θana.fulnai.s.ril.XXX,,XXX.ΘIΘ.Z.IANΘVS.ΘAΘO Θana.fulnai.s.ril.XXX,,,,1.000,clean,d26abc4d3525,1
CIE 47a,VΘVΘV.ΘIΘV.V,VΘVΘV.ΘIΘV.V,𐌅𐌈𐌅𐌈𐌅.𐌈𐌉𐌈𐌅.𐌅,VΘVΘV.ΘIΘV.V,,,,1.000,clean,a6ddb2135e53,1
CIE 47b,ΘA.ΘI.ΘV.Θ,ΘA.ΘI.ΘV.Θ,𐌈𐌀.𐌈𐌉.𐌈𐌅.𐌈,ΘA.ΘI.ΘV.Θ,,,,1.000,clean,da927507c922,2
CIE 2782,𐌈𐌀𐌍𐌀𐌇𐌄𐌋𐌔𐌖𐌉𐌋𐌀𐌓𐌙𐌀𐌋,θana: he[l]sui: larchal,𐌈𐌀𐌍𐌀: 𐌇𐌄[𐌋]𐌔𐌖𐌉: 𐌋𐌀𐌓𐌂𐌇𐌀𐌋,θana larchal,,,,0.667,clean,e14bbbfc6f8b,1
CIE 2783,𐌈𐌀𐌍𐌀𐌕𐌉𐌔𐌒𐌖𐌔𐌍𐌄𐌉,θana: tiscusn:ei,𐌈𐌀𐌍𐌀: 𐌕𐌉𐌔𐌂𐌖𐌔𐌍:𐌄𐌉,θana tiscusn ei,,,,1.000,clean,db309e3afe31,1
1428,pulfn(i)al,pulfn(i)al,𐌐𐌖𐌋𐌚𐌍(𐌉)𐌀𐌋,,,,,0.000,clean,66cd9b09b342,1
1440,volchagi,volχagi,,volχagi,,,,1.000,clean,a7e7c2032053,1
1457,--naapiavelu,--naapiavelu,--𐌍𐌀𐌀𐌐𐌉𐌀𐌅𐌄𐌋𐌖,,,,,0.000,clean,e440ae95e7fa,1
1474,lacepeni,lacepeni,𐌋𐌀𐌂𐌄𐌐𐌄𐌍𐌉,lacepeni,,,,1.000,clean,497d2370aabb,1
CIE 2785,𐌅𐌄𐌔𐌄𐌅𐌄𐌓𐌐𐌄 𐌋𐌈𐌕𐌆 𐌈𐌀𐌍𐌀 𐌐𐌖𐌉𐌀,ve:severpe lθ:t:zi θana puia,𐌅𐌄:𐌔𐌄𐌅𐌄𐌓𐌐𐌄 𐌋𐌈:𐌕:𐌆𐌉 𐌈𐌀𐌍𐌀 𐌐𐌖𐌉𐌀,ve severpe lθ t zi θana puia,,,,1.000,clean,96b955185a42,1
CIE 2786,𐌀𐌈𐌇𐌀𐌍𐌖𐌔𐌀𐌒𐌉𐌒𐌖,aθ: hanusa: cicu,𐌀𐌈: 𐌇𐌀𐌍𐌖𐌔𐌀: 𐌂𐌉𐌂𐌖,aθ hanusa cicu,,,,1.000,clean,7e3b33e91241,1
CIE 18.A.9,IЭIИAЭI·AИDIЭЭD·AИV·I Lanzi IЭIИAЭI·AИDIЭЭD·AИV·I Fa.,IeInAeI·AnDIeeD·AnV·I Lanzi IeInAeI·AnDIeeD·AnV·I Fa.,,IeInAeI AnDIeeD AnV I Lanzi IeInAeI AnDIeeD AnV I Fa.,,,,1.000,clean,3c0bd8c2dcb7,1
CIE 2787,𐌈𐌀𐌍𐌀𐌔𐌄𐌉𐌀𐌍𐌕𐌉𐌔𐌉𐌍𐌖𐌍𐌉𐌀𐌅𐌄𐌋𐌄𐌀𐌋𐌔𐌄𐌒𐌔𐌅𐌄𐌔𐌕𐌉𐌔𐌀,θana seianti[:]s[i]nunia: veleal: śec: svestisa,𐌈𐌀𐌍𐌀 𐌔𐌄𐌉𐌀𐌍𐌕𐌉[:]𐌔[𐌉]𐌍𐌖𐌍𐌉𐌀: 𐌅𐌄𐌋𐌄𐌀𐌋: 𐌑𐌄𐌂: 𐌔𐌅𐌄𐌔𐌕𐌉𐌔𐌀,θana veleal śec svestisa,,,,0.667,clean,f4d0bec997bc,1
CIE 2788,A2E3E77 NAIHNAZ.AIVE77,A2E3E77 NAIHNAZ.AIVE77,,,,,,0.000,ocr_failed,196fe283de3d,1
CIE 2789,MAINATAI.ZVDI:OIAMVNIZ,MAINATAI.ZVDI:OIAMVNIZ,,MAINATAI.ZVDI OIAMVNIZ,,,,1.000,clean,4148885a7c7a,1
1479,epnal,epnal,𐌄𐌐𐌍𐌀𐌋,epnal,mrs-cenepnis,,,1.000,clean,c814d7a3edef,1
1480,al,al,𐌀𐌋,al,mrs-anainis,,,1.000,clean,635182503015,5
1489,unias,unias,𐌖𐌍𐌉𐌀𐌔,unias,,,,1.000,clean,b23a4a8816d2,1
2100,pumpui(al),pumpui(al),𐌐𐌖𐌌𐌐𐌖𐌉(𐌀𐌋),,mr-thanamrs-pumpuismr-velchs,,,0.000,clean,3b5043473e1a,2
1566,ufalias,ufalias,𐌖𐌚𐌀𐌋𐌉𐌀𐌔,ufalias,,,,1.000,clean,bb95102dd95f,1
1579,mvnatia,mvnatia,𐌌𐌅𐌍𐌀𐌕𐌉𐌀,mvnatia,ms-tanusa,,,1.000,clean,1b6a89694517,1
1587,hernnia,hernnia,𐌇𐌄𐌓𐌍𐌍𐌉𐌀,hernnia,ms-herennia,,,1.000,clean,4ae13b74212b,1
1589,murinasa,murinasa,𐌌𐌖𐌓𐌉𐌍𐌀𐌔𐌀,murinasa,,,,1.000,clean,25c2badfc2c0,1
1592,nvms,nvms,𐌍𐌅𐌌𐌔,nvms,mr-hastiesanie,,,1.000,clean,58300a830abf,1
1594,va----a,va----a,𐌅𐌀----𐌀,,of-mrs-varia,,,0.000,clean,576a7aec7b86,1
CIE 279,A: AMM: M: A,A: AMM: M: A,,A AMM M A,,,,1.000,clean,ac3204c9dcb0,1
1609,arntnisa,arntnisa,𐌀𐌓𐌍𐌕𐌍𐌉𐌔𐌀,arntnisa,,,,1.000,clean,3f4d3ee5f450,1
1620,thachuviineii,θaχuviineii,𐌈𐌀𐌙𐌖𐌅𐌉𐌉𐌍𐌄𐌉𐌉,θaχuviineii,,,,1.000,clean,4199b3aa110d,1
1625,ninvsi,ninvsi,𐌍𐌉𐌍𐌅𐌔𐌉,ninvsi,,,,1.000,clean,523ab04b2402,1
1647,archit,arχit,𐌀𐌓𐌙𐌉𐌕,arχit,,,,1.000,clean,dd01109b4523,1
1668,velcialua,velcialua,𐌅𐌄𐌋𐌂𐌉𐌀𐌋𐌖𐌀,velcialua,,,,1.000,clean,7ac9f171a90b,1
1671,cainal,cainal,𐌂𐌀𐌉𐌍𐌀𐌋,cainal,mrs-cainis-daughters-husband,,,1.000,clean,c6248332ed53,1
1683,inei,inei,𐌉𐌍𐌄𐌉,inei,,,,1.000,clean,264892c41eca,2
1695,fania,fania,𐌚𐌀𐌍𐌉𐌀,fania,mr-fania,,,1.000,clean,8cda393a3ad7,1
1708,ial,ial,𐌉𐌀𐌋,ial,,,,1.000,clean,080d3e7bc2f0,2
1730,navie,navie,𐌍𐌀𐌅𐌉𐌄,navie,,,,1.000,clean,a5d43227f540,1
1750,arntlei,arntlei,𐌀𐌓𐌍𐌕𐌋𐌄𐌉,arntlei,,,,1.000,clean,e2e6c2539bc1,1
1771,velthial,velθial,𐌅𐌄𐌋𐌈𐌉𐌀𐌋,velθial,,,,1.000,clean,84f8f44a28a4,1
1776,philematio,φilematio,𐌘𐌉𐌋𐌄𐌌𐌀𐌕𐌉𐌏,φilematio,,,,1.000,clean,5ec1ae25c7a8,1
21003,i(vn(i)i),i(vn(i)i),𐌉(𐌅𐌍(𐌉)𐌉),,,,,0.000,clean,4067297c10ec,1
2103,thania,θania,𐌈𐌀𐌍𐌉𐌀,θania,mr-thaniamrs-velchaismrs-sveinis-daughters-husbandmr-unatas-daughters-husband,,,1.000,clean,399e4e73ccb8,1
21065,ma(rces),ma(rces),𐌌𐌀(𐌓𐌂𐌄𐌔),,mr-marces,,,0.000,clean,1b9d20898483,2
21077,mi larthias ur(ial),mi larθias ur(ial),𐌌𐌉 𐌋𐌀𐌓𐌈𐌉𐌀𐌔 𐌖𐌓(𐌉𐌀𐌋),mi larθias,,,,0.667,clean,e240340f769c,1
1847,arnthcaelar------,arnθcaelar------,𐌀𐌓𐌍𐌈𐌂𐌀𐌄𐌋𐌀𐌓------,,,,,0.000,clean,d4ae1e5fe80c,1
1895,pernisa,pernisa,𐌐𐌄𐌓𐌍𐌉𐌔𐌀,pernisa,,,,1.000,clean,fc8e9dd7ff9f,1
1965,tial,tial,𐌕𐌉𐌀𐌋,tial,,,,1.000,clean,b705be46787c,2
2450,petrual,petrual,𐌐𐌄𐌕𐌓𐌖𐌀𐌋,petrual,,,,1.000,clean,b3b5d51c652f,1
2452,cevcias,cevcias,𐌂𐌄𐌅𐌂𐌉𐌀𐌔,cevcias,,,,1.000,clean,3c6a4c073aae,1
2457,ni,ni,𐌍𐌉,ni,mr-thanamrs-maricanis,,,1.000,clean,4db03a277cfb,5
2493,nevia,nevia,𐌍𐌄𐌅𐌉𐌀,nevia,,,,1.000,clean,f850c9189234,2
2494,caprinal,caprinal,𐌂𐌀𐌐𐌓𐌉𐌍𐌀𐌋,caprinal,,,,1.000,clean,0957f132b1a7,1
CIE 97,IAIV:AMAA:A:IMDVAM:A,IAIV:AMAA:A:IMDVAM:A,,IAIV AMAA A IMDVAM A,,,,1.000,clean,526c177e77b1,1
CIE 2790,M4V+:AINV34:IMAI32:AINAO,M4V+:AINV34:IMAI32:AINAO,,,,,,0.000,ocr_failed,c5005968b0b3,1
CIE 2791,A3:AINV:749:HMA22,A3:AINV:749:HMA22,,,,,,0.000,ocr_failed,0527bbd0dfd2,1
CIE 2796,3M32V33 MVE3,3M32V33 MVE3,,,,,,0.000,ocr_failed,76ec58a8f887,1
CIE 2797,laθi:l:sepies,laθi:l:sepies,𐌋𐌀𐌈𐌉:𐌋:𐌔𐌄𐌐𐌉𐌄𐌔,laθi l sepies,,,,1.000,clean,a40c901923bc,1
CIE 2798,A...:KNA:I3N29I32:AIIMIAO,θania:seprsnei:aln...a,𐌈𐌀𐌍𐌉𐌀:𐌔𐌄𐌐𐌓𐌔𐌍𐌄𐌉:𐌀𐌋𐌍...𐌀,θania seprsnei aln...a,,,,1.000,clean,2109548680b4,1
CIE 2799,OLAX:Aθ:AYJIAV,aθ:septle:lθ|vipiinalisa,𐌀𐌈:𐌔𐌄𐌐𐌕𐌋𐌄:𐌋𐌈|𐌅𐌉𐌐𐌉𐌉𐌍𐌀𐌋𐌉𐌔𐌀,aθ septle lθ vipiinalisa,,,,1.000,clean,4ee5b7a0dfd4,1
CIE 280,M: AMMA VA HAPRE,M: AMMA VA HAPRE,,M AMMA VA HAPRE,,,,1.000,clean,4dfbe41fa7a1,1
CIE 2800,Aθ:MIA:AθJIAV:O.I,lθ:septle:vipina[l],𐌋𐌈:𐌔𐌄𐌐𐌕𐌋𐌄:𐌅𐌉𐌐𐌉𐌍𐌀[𐌋],lθ septle,,,,0.667,clean,303680dcfd3a,1
CIE 2801,AθMIA:AθJIAV:O.I,veinza|serice|cicu,𐌅𐌄𐌉𐌍𐌆𐌀|𐌔𐌄𐌓𐌉𐌂𐌄|𐌂𐌉𐌂𐌖,veinza serice cicu,,,,1.000,clean,350d49d7c38c,1
CIE 2802,SEX:SERTORIVS L.F.SARTAGES,Sex Sertorius | L.f. Sartages,,Sex Sertorius L.f. Sartages,,,,1.000,clean,63bf6585f416,1
CIE 382,AR-STEPRNE,AR-STEPRNE,,,,,,0.000,clean,71b317e98ecf,1
CIE 2803,VQV+93M:I37 MAIMVJTV9J,vel:šerturu|cruthuniaš,𐌅𐌄𐌋:𐌔𐌄𐌓𐌕𐌖𐌓𐌖|𐌂𐌓𐌖𐌕𐌇𐌖𐌍𐌉𐌀𐌔,vel šerturu cruthuniaš,,,,1.000,clean,fa3fab3ce9da,1
CIE 2804,MAI9AHI:V9V9IAM:I37,vel:šerturu:mariaš,𐌅𐌄𐌋:𐌔𐌄𐌓𐌕𐌖𐌓𐌖:𐌌𐌀𐌓𐌉𐌀𐌔,vel šerturu mariaš,,,,1.000,clean,bbfa828df49a,1
CIE 2805,[IAO9AI:9V+I2:OI9A],arnθ:splter:larθal,𐌀𐌓𐌍𐌈:𐌔𐌐𐌋𐌕𐌄𐌓:𐌋𐌀𐌓𐌈𐌀𐌋,arnθ splter larθal,,,,1.000,clean,880c53d03e1e,1
CIE 2806,𐌔𐌓𐌖𐌈𐌀𐌋𐌐𐌔:𐌀𐌉𐌋𐌄𐌖 𐌉𐌋𐌖𐌌,velia:splaθurs,𐌅𐌄𐌋𐌉𐌀:𐌔𐌐𐌋𐌀𐌈𐌖𐌓𐌔,velia splaθurs,,,,1.000,clean,a9a4fb200479,1
CIE 2807,𐌔:𐌀𐌉𐌓𐌖𐌈𐌀𐌋𐌐𐌔:𐌀𐌉𐌋𐌄𐌖,velia:splaturia:s,𐌅𐌄𐌋𐌉𐌀:𐌔𐌐𐌋𐌀𐌕𐌖𐌓𐌉𐌀:𐌔,velia splaturia s,,,,1.000,clean,f4c3cc760e8a,1
CIE 2808,𐌉𐌄𐌍𐌉𐌓𐌖𐌐𐌔 𐌉𐌈𐌓𐌀𐌋,larθi spuṛinei,𐌋𐌀𐌓𐌈𐌉 𐌔𐌐𐌖𐌓𐌉𐌍𐌄𐌉,larθi spuṛinei,,,,1.000,clean,b33188954b79,1
CIE 2223,av·vi·trazlu cut[nal],av·vi·trazlu cut[nal],𐌀𐌅·𐌅𐌉·𐌕𐌓𐌀𐌆𐌋𐌖 𐌂𐌖𐌕[𐌍𐌀𐌋],av vi trazlu,,,,0.750,clean,a2b7c160a3da,1
2504,ne,ne,𐌍𐌄,ne,mr-thana,,,1.000,clean,cb58e4600bf0,2
10332,ifu,ifu,𐌉𐌚𐌖,ifu,,,,1.000,clean,c0ed95d14e88,1
CIE 2809,𐌔𐌖𐌖𐌐𐌈𐌖𐌓𐌊𐌉𐌍𐌓𐌐𐌄𐌈𐌔·𐌍𐌓𐌀,arnt·s[t]epṛni|kruṭpuus,𐌀𐌓𐌍𐌕·𐌔[𐌕]𐌄𐌐𐌓𐌍𐌉|𐌊𐌓𐌖𐌕𐌐𐌖𐌖𐌔,arnt kruṭpuus,,,,0.667,clean,3b54bed2e99f,1
CIE 2840,A𐌋ЭЯЭMVЭ.Y:ЯIOθAИ,larθia | cumθeresa,𐌋𐌀𐌓𐌈𐌉𐌀 | 𐌂𐌖𐌌𐌈𐌄𐌓𐌄𐌔𐌀,larθia cumθeresa,,,,1.000,clean,45105f8e5a6a,1
CIE 2811,a. 𐌉𐌍𐌖𐌋𐌐𐌖𐌔:𐌋𐌄𐌖 b. 𐌉𐌄𐌈𐌀:𐌉𐌈𐌓𐌀𐌋,a. vel:supluni b. larθi:atei,𐌀. 𐌅𐌄𐌋:𐌔𐌖𐌐𐌋𐌖𐌍𐌉 𐌁. 𐌋𐌀𐌓𐌈𐌉:𐌀𐌕𐌄𐌉,a. vel supluni b. larθi atei,,,,1.000,clean,0346decb98a0,1
CIE 120,au·q·nu······ril·XXI,au·q·nu······ril·XXI,𐌀𐌖·𐌒·𐌍𐌖······𐌓𐌉𐌋·𐌗𐌗𐌉,au q nu ril XXI,,,,1.000,clean,31a0e3f809a6,1
CIE 121,av·c·inu[e]f·]vela[mia]v·avle[s],av·c·inu[e]f·]vela[mia]v·avle[s],𐌀𐌅·𐌂·𐌉𐌍𐌖[𐌄]𐌚·]𐌅𐌄𐌋𐌀[𐌌𐌉𐌀]𐌅·𐌀𐌅𐌋𐌄[𐌔],av c,,,,0.400,clean,2d0d01fb4e89,1
CIE 122,l·c·[·la]risa[l·ri]l···ll,l·c·[·la]risa[l·ri]l···ll,𐌋·𐌂·[·𐌋𐌀]𐌓𐌉𐌔𐌀[𐌋·𐌓𐌉]𐌋···𐌋𐌋,l c ll,,,,0.500,clean,d748afc455b0,1
CIE 2813,MAIHVM:AfRśA,MAIHVM:AfRśA,,MAIHVM AfRśA,,,,1.000,clean,ecd6f937c3d3,3
CIE 2814,[MAIHVM:AfRśA],[MAIHVM:AfRśA],,,,,,0.000,clean,ecd6f937c3d3,3
CIE 2224,iania·vi····,iania·vi····,𐌉𐌀𐌍𐌉𐌀·𐌅𐌉····,iania vi,,,,1.000,clean,7ea2e3bdd883,1
3127,calisnei(al),calisnei(al),𐌂𐌀𐌋𐌉𐌔𐌍𐌄𐌉(𐌀𐌋),,,,,0.000,clean,9ccee0a11719,1
CIE 2815,IfMIfVO AfMfVfM AfZ,IfMIfVO AfMfVfM AfZ,𐌉𐌚𐌌𐌉𐌚𐌅𐌏 𐌀𐌚𐌌𐌚𐌅𐌚𐌌 𐌀𐌚𐌆,IfMIfVO AfMfVfM AfZ,,,,1.000,clean,8eecfdd101b0,1
CIE 2816,fAITfAf fHfDf fA,fAITfAf fHfDf fA,𐌚𐌀𐌉𐌕𐌚𐌀𐌚 𐌚𐌇𐌚𐌃𐌚 𐌚𐌀,fAITfAf fHfDf fA,,,,1.000,clean,d2736dab61b5,1
CIE 2817,:IAfAfNA:IA:Af,:IAfAfNA:IA:Af,,IAfAfNA IA Af,,,,1.000,clean,423bce996fd1,1
CIE 2818,[IfTfAf],[IfTfAf],[𐌉𐌚𐌕𐌚𐌀𐌚],,,,,0.000,clean,2fe666ce250e,1
CIE 2819,AfIfIfT,AfIfIfT,𐌀𐌚𐌉𐌚𐌉𐌚𐌕,AfIfIfT,,,,1.000,clean,034c0f639537,1
CIE 2940,NLSNTNAINAO IR,NLSNTNAINAO IR,,NLSNTNAINAO IR,,,,1.000,clean,b3c5d2f8af3f,1
CIE 282,VAAHME.VA ANAVV.391AB,VAAHME.VA ANAVV.391AB,,,,,,0.000,ocr_failed,497754550e1f,1
CIE 140,X,X,𐌗,X,,,,1.000,clean,2d711642b726,1
CIE 141,XIIX....,XIIX....,𐌗𐌉𐌉𐌗....,XIIX....,,,,1.000,clean,7d40cbe72dd3,1
CIE 142,a) mi[.]capi[.]l.versni.l b) mi.capi[.]l[.]versni.se.l.versni.lupuqe,a) mi[.]capi[.]l.versni.l b) mi.capi[.]l[.]versni.se.l.versni.lupuqe,𐌀) 𐌌𐌉[.]𐌂𐌀𐌐𐌉[.]𐌋.𐌅𐌄𐌓𐌔𐌍𐌉.𐌋 𐌁) 𐌌𐌉.𐌂𐌀𐌐𐌉[.]𐌋[.]𐌅𐌄𐌓𐌔𐌍𐌉.𐌔𐌄.𐌋.𐌅𐌄𐌓𐌔𐌍𐌉.𐌋𐌖𐌐𐌖𐌒𐌄,,,,,0.000,clean,3400077534bc,1
2516,arpatislanefelznal,arpatislanefelznal,𐌀𐌓𐌐𐌀𐌕𐌉𐌔𐌋𐌀𐌍𐌄𐌚𐌄𐌋𐌆𐌍𐌀𐌋,arpatislanefelznal,,,,1.000,clean,2aa42c7fd935,1
CIE 2820,𐌀𐌓:𐌕𐌄𐌕[𐌀]:𐌅𐌄𐌋𐌂𐌀𐌉𐌍𐌀𐌋[:𐌇]𐌉𐌔𐌖𐌍𐌉𐌀𐌔,ar:tet[a]:velcainal[:h]isunias,𐌀𐌓:𐌕𐌄𐌕[𐌀]:𐌅𐌄𐌋𐌂𐌀𐌉𐌍𐌀𐌋[:𐌇]𐌉𐌔𐌖𐌍𐌉𐌀𐌔,ar,,,,0.250,clean,c4429388016b,1
CIE 2821,𐌖𐌌𐌀𐌍𐌄𐌍𐌖𐌌𐌀,..tetaś aθ [sive 𐌀𐌈] | ···anal [sive [i/aśi)].,..𐌕𐌄𐌕𐌀𐌑 𐌀𐌈 [𐌔𐌉𐌅𐌄 𐌀𐌈] | ···𐌀𐌍𐌀𐌋 [𐌔𐌉𐌅𐌄 [𐌉/𐌀𐌑𐌉)].,..tetaś aθ anal,,,,0.429,clean,87547eb2c482,1
CIE 2822,𐌀𐌕𐌄𐌕𐌄𐌉𐌐𐌇𐌉𐌋𐌏𐌕𐌉𐌌𐌖𐌔,A·Tete | Philotimus,,A Tete Philotimus,,,,1.000,clean,871a57888cbb,1
CIE 2823,[···𐌌···] | :𐌈𐌄𐌈:[𐌅(𐌀)],[···M···] | :θEθ:[V(A)] (a)u:tete:i·····tn,[···𐌌···] | :𐌈𐌄𐌈:[𐌅(𐌀)] (𐌀)𐌖:𐌕𐌄𐌕𐌄:𐌉·····𐌕𐌍,M θEθ tete i tn,,,,0.556,clean,a77353d95427,1
CIE 2824,𐌋·𐌕𐌄𐌕𐌉·𐌔𐌖𐌔𐌉𐌍𐌀𐌋,l·teti·susinal,𐌋·𐌕𐌄𐌕𐌉·𐌔𐌖𐌔𐌉𐌍𐌀𐌋,l teti susinal,,,,1.000,clean,2f8ceb9a41f6,1
CIE 2825,𐌋𐌀𐌓𐌈𐌉𐌀𐌕𐌄𐌕𐌉𐌂𐌀𐌉𐌍𐌄𐌉,larθia teti cainei,𐌋𐌀𐌓𐌈𐌉𐌀 𐌕𐌄𐌕𐌉 𐌂𐌀𐌉𐌍𐌄𐌉,larθia teti cainei,,,,1.000,clean,144db436257e,1
CIE 2826,𐌋𐌀𐌓𐌈𐌉𐌀·𐌕𐌄𐌈𐌍𐌉𐌀·𐌌𐌖𐌕𐌖𐌔𐌀,larθia·teθnia·mutuśa,𐌋𐌀𐌓𐌈𐌉𐌀·𐌕𐌄𐌈𐌍𐌉𐌀·𐌌𐌖𐌕𐌖𐌑𐌀,larθia teθnia mutuśa,,,,1.000,clean,69746f98289b,1
CIE 2827,𐌋𐌀𐌓𐌉𐌔 : 𐌕𐌄𐌕𐌉𐌍𐌀 : 𐌀𐌓𐌍𐌈𐌀𐌋,laris : tetina : arńθal,𐌋𐌀𐌓𐌉𐌔 : 𐌕𐌄𐌕𐌉𐌍𐌀 : 𐌀𐌓𐌍𐌈𐌀𐌋,laris tetina arńθal,,,,1.000,clean,57510e0ceeb5,1
CIE 2225,laΘi:vipine:venunia,laΘi:vipine:venunia,𐌋𐌀𐌈𐌉:𐌅𐌉𐌐𐌉𐌍𐌄:𐌅𐌄𐌍𐌖𐌍𐌉𐌀,laΘi vipine venunia,,,,1.000,clean,4e8de982d66f,1
2524,remznal,remznal,𐌓𐌄𐌌𐌆𐌍𐌀𐌋,remznal,,,,1.000,clean,1446e1fcde5f,2
2527,raplnis,raplnis,𐌓𐌀𐌐𐌋𐌍𐌉𐌔,raplnis,mr-raplniesdaughter,,,1.000,clean,9a0e13c1f4dc,1
CIE 2831,𐌀𐌖𐌋𐌄:𐌕𐌄𐌕𐌉𐌍𐌀:𐌋𐌀𐌌𐌔𐌀𐌋𐌉𐌔𐌀,aule:tetina:lamsaliśa,𐌀𐌖𐌋𐌄:𐌕𐌄𐌕𐌉𐌍𐌀:𐌋𐌀𐌌𐌔𐌀𐌋𐌉𐌑𐌀,aule tetina lamsaliśa,,,,1.000,clean,b812f5c0a42d,1
CIE 217,JANVA ENTEO OPA,JANVA ENTEO OPA,,,,,,0.000,needs_review,c4197fc45c28,1
CIE 2832,𐌀𐌈:𐌕𐌄𐌕𐌉𐌍𐌀:𐌌𐌀𐌓𐌂𐌍𐌀𐌋,aθ:tetina:marcnal,𐌀𐌈:𐌕𐌄𐌕𐌉𐌍𐌀:𐌌𐌀𐌓𐌂𐌍𐌀𐌋,aθ tetina marcnal,,,,1.000,clean,ea20bd217d78,1
CIE 2833,𐌋𐌈:𐌕𐌄𐌕𐌉𐌍𐌀:𐌌𐌀𐌓𐌂𐌀𐌋,lθ:tetina:marcal,𐌋𐌈:𐌕𐌄𐌕𐌉𐌍𐌀:𐌌𐌀𐌓𐌂𐌀𐌋,lθ tetina marcal,,,,1.000,clean,812bb681a333,1
CIE 2834,𐌀:𐌕𐌄𐌕𐌉𐌍𐌀:𐌐𐌄𐌓𐌈𐌍𐌀𐌋,a:tetina:perθnal,𐌀:𐌕𐌄𐌕𐌉𐌍𐌀:𐌐𐌄𐌓𐌈𐌍𐌀𐌋,a tetina perθnal,,,,1.000,clean,8583e7a9ad55,1
CIE 2835,𐌕𐌉𐌍𐌖𐌔𐌉:𐌕𐌄𐌕𐌉𐌍𐌀𐌔|𐌋𐌀𐌖𐌕𐌍𐌉:𐌋𐌀𐌓𐌂𐌄𐌔,tinusi:tetinaś|lautni:larces,𐌕𐌉𐌍𐌖𐌔𐌉:𐌕𐌄𐌕𐌉𐌍𐌀𐌑|𐌋𐌀𐌖𐌕𐌍𐌉:𐌋𐌀𐌓𐌂𐌄𐌔,tinusi tetinaś lautni larces,,,,1.000,clean,caafdb917e2f,1
CIE 2836,𐌕𐌉𐌍𐌖𐌔𐌉:𐌋𐌀𐌖𐌕,tinusi:laut,𐌕𐌉𐌍𐌖𐌔𐌉:𐌋𐌀𐌖𐌕,tinusi laut,,,,1.000,clean,20f469bb7f37,1
CIE 2837,𐌈𐌄𐌓𐌔𐌄:𐌋𐌀𐌖[𐌕]𐌍𐌉|𐌋𐌈:𐌕𐌄𐌕𐌉𐌍𐌀𐌔,θerse:lau[t]ni|lθ:tetinaś,𐌈𐌄𐌓𐌔𐌄:𐌋𐌀𐌖[𐌕]𐌍𐌉|𐌋𐌈:𐌕𐌄𐌕𐌉𐌍𐌀𐌑,θerse lθ tetinaś,,,,0.750,clean,bdde6e5591a4,1
CIE 2838,MVθ.IЭNI+ЭT.AIOθAN A𐌋ЭЯI,larθia tetinei cumθeresa,𐌋𐌀𐌓𐌈𐌉𐌀 𐌕𐌄𐌕𐌉𐌍𐌄𐌉 𐌂𐌖𐌌𐌈𐌄𐌓𐌄𐌔𐌀,larθia tetinei cumθeresa,,,,1.000,clean,08f0308d0ba4,1
CIE 3182,I AVS,I AVS,,I AVS,,,,1.000,clean,e370da533a2c,1
CIE 160,JAHATA•A8AHI3A9•AHAO,JAHATA•A8AHI3A9•AHAO,,,,,,0.000,ocr_failed,15a270316864,1
CIE 161,OH9A9•J•I3HOH•J9I•A•HA8,OH9A9•J•I3HOH•J9I•A•HA8,,,,,,0.000,ocr_failed,95d58806ed28,1
CIE 2841,AMV194.ЭNI+ЭT.ЯMV+,tetinei trepuśa,𐌕𐌄𐌕𐌉𐌍𐌄𐌉 𐌕𐌓𐌄𐌐𐌖𐌑𐌀,tetinei trepuśa,,,,1.000,clean,9e1286d98175,1
CIE 2842,OAHI+ЭT.O.JV1Э9T.VЯ,an.trepu.lθ.tetina,𐌀𐌍.𐌕𐌓𐌄𐌐𐌖.𐌋𐌈.𐌕𐌄𐌕𐌉𐌍𐌀,an.trepu.lθ.tetina,,,,1.000,clean,f9ff84038aa2,1
CIE 2843,JAHI+ЭT:ЯJ:V1Э94:ЯJ,lr:trepu:lr:tetinal,𐌋𐌓:𐌕𐌓𐌄𐌐𐌖:𐌋𐌓:𐌕𐌄𐌕𐌉𐌍𐌀𐌋,lr trepu lr tetinal,,,,1.000,clean,73d9223994ec,1
CIE 2844,JAIЯMAJ:ЭI+Yθ:˙AИT+Э:O.J,lθ:tetina:hutie:latinial:,𐌋𐌈:𐌕𐌄𐌕𐌉𐌍𐌀:𐌇𐌖𐌕𐌉𐌄:𐌋𐌀𐌕𐌉𐌍𐌉𐌀𐌋:,lθ tetina hutie latinial,,,,1.000,clean,a376ed62b63f,1
CIE 2845,HI+A.J:A.MI+ЭT:ЭO.A,aθ:tetina:latin,𐌀𐌈:𐌕𐌄𐌕𐌉𐌍𐌀:𐌋𐌀𐌕𐌉𐌍,aθ tetina latin,,,,1.000,clean,1f324e5eb9b7,1
CIE 2850,HƎVƎJƎT.A.O IOMƎJƎƎIƎ VA I.I.O.M.JƎƎ M.T.V.T,HeVeJeT.A.O IOMeJeeIe VA I.I.O.M.Jee M.T.V.T,,,,,,0.000,needs_review,6821b5c24dda,1
CIE 2860,𐌕𐌉𐌕𐌉𐌉:𐌋𐌀𐌓𐌉𐌔𐌀𐌋𐌂𐌀𐌉𐌍𐌀𐌉:𐌍𐌀𐌕𐌖𐌔,TITII:LARISAL CAINAI:NATVS,,TITII LARISAL CAINAI NATVS,,,,1.000,clean,fc1c1563a7e0,1
CIE 2851,A.Z.A.M.I.T.V.T A.I.O.M.J.A.M.Z.V.Z.I.T.A.M.A.O,A.Z.A.M.I.T.V.T A.I.O.M.J.A.M.Z.V.Z.I.T.A.M.A.O,,,,,,0.000,needs_review,e2cef3e618d1,1
CIE 2852,V.A.J.Ǝ.J.I.I.Y.A.H.A.O,V.A.J.e.J.I.I.Y.A.H.A.O,,,,,,0.000,needs_review,0f4d51a4779c,1
CIE 3271,𐌌𐌉𐌂𐌖𐌕𐌖𐌍𐌀𐌔,mi cutunas,𐌌𐌉 𐌂𐌖𐌕𐌖𐌍𐌀𐌔,mi cutunas,,,,1.000,clean,ec21d5cd5ad1,1
CIE 2853,L.A.R.I.T.I.T.E.I,L.A.R.I.T.I.T.E.I,𐌋.𐌀.𐌓.𐌉.𐌕.𐌉.𐌕.𐌄.𐌉,L.A.R.I.T.I.T.E.I,,,,1.000,clean,e830f5734780,1
CIE 2854,L.A.O.M.H.A.A.T.I.L.I.O.M.H.A,L.A.O.M.H.A.A.T.I.L.I.O.M.H.A,𐌋.𐌀.𐌏.𐌌.𐌇.𐌀.𐌀.𐌕.𐌉.𐌋.𐌉.𐌏.𐌌.𐌇.𐌀,L.A.O.M.H.A.A.T.I.L.I.O.M.H.A,,,,1.000,clean,c874b024c0ed,1
CIE 2855,V.O.N.Q.A.A.T.I.T.I.T.V.A,V.O.N.Q.A.A.T.I.T.I.T.V.A,𐌅.𐌏.𐌍.𐌒.𐌀.𐌀.𐌕.𐌉.𐌕.𐌉.𐌕.𐌅.𐌀,V.O.N.Q.A.A.T.I.T.I.T.V.A,,,,1.000,clean,3a3e147b29b9,1
CIE 2856,V.A.A.T.I.L.U.,V.A.A.T.I.L.U.,𐌅.𐌀.𐌀.𐌕.𐌉.𐌋.𐌖.,V.A.A.T.I.L.U.,,,,1.000,clean,53c1726b5480,1
CIE 2857,𐌈𐌀𐌉𐌍𐌉𐌈𐌀𐌉𐌀𐌌𐌈𐌖𐌓𐌉𐌀𐌌𐌈𐌖𐌓,θAINIθA IAMθUR IAMθUR,,θAINIθA IAMθUR IAMθUR,,,,1.000,clean,f39d25cb58c4,1
CIE 2858,𐌅𐌈𐌉𐌈𐌉:𐌀𐌈𐌉:𐌈𐌉𐌈𐌉:𐌀,VθIθI:AθI:θIθI:A,𐌅𐌈𐌉𐌈𐌉:𐌀𐌈𐌉:𐌈𐌉𐌈𐌉:𐌀,VθIθI AθI θIθI A,,,,1.000,clean,221289894db2,1
2545,msne,msne,𐌌𐌔𐌍𐌄,msne,mr-thana,,,1.000,clean,b0c81248c098,1
CIE 2859,𐌀𐌓𐌈𐌉:𐌌𐌈𐌉:𐌈𐌉:𐌀,ARθI:MθI:θI:A,,ARθI MθI θI A,,,,1.000,clean,0891d2a066dc,1
CIE 175,AHVMVHVH:OAV,AHVMVHVH:OAV,,AHVMVHVH OAV,,,,1.000,clean,3787ed81e99f,2
CIE 177,MATƎMALAMAI°VƎDAM,MATeMALAMAIVeDAM,,MATeMALAMAIVeDAM,,,,1.000,clean,0722e4524926,1
CIE 248,𐌉𐌄𐌍𐌅𐌀𐌈𐌅 𐌄𐌈𐌉𐌈 𐌋𐌄𐌅,vel tite utaunei,𐌅𐌄𐌋 𐌕𐌉𐌕𐌄 𐌖𐌕𐌀𐌖𐌍𐌄𐌉,vel tite utaunei,,,,1.000,clean,5bd144d7d8d7,1
CIE 2862,𐌈𐌉𐌈𐌉:𐌋,θIθI:L,𐌈𐌉𐌈𐌉:𐌋,θIθI L,,,,1.000,clean,13dd2777f148,1
CIE 2863,𐌈𐌉𐌈𐌉:𐌋𐌈𐌉,θIθI:LθI,𐌈𐌉𐌈𐌉:𐌋𐌈𐌉,θIθI LθI,,,,1.000,clean,64ef9c8dca0a,1
CIE 2866,𐌈𐌀𐌌𐌈𐌉:𐌈𐌉:𐌋𐌈𐌉,θAMθI:θI:LθI,,θAMθI θI LθI,,,,1.000,clean,d6d609376dc4,1
CIE 2867,[....HH:ANΛO],[....HH:ANΛO],,,,,,0.000,needs_review,ea573883b7a1,1
100,presntessa,presntessa,𐌐𐌓𐌄𐌔𐌍𐌕𐌄𐌔𐌔𐌀,presntessa,,,,1.000,clean,fb2f96f84369,1
CIE 182,AONΘA:VETHA:OΘAJ ףVAMINIA,larθ:vete:arnθa|l|vipinnalc,𐌋𐌀𐌓𐌈:𐌅𐌄𐌕𐌄:𐌀𐌓𐌍𐌈𐌀|𐌋|𐌅𐌉𐌐𐌉𐌍𐌍𐌀𐌋𐌂,larθ vete arnθa l vipinnalc,,,,1.000,clean,dcd23d0ef23e,1
CIE 183,ONΘA·VETHE·RISAJ JA,laris·vete·arnθal,𐌋𐌀𐌓𐌉𐌔·𐌅𐌄𐌕𐌄·𐌀𐌓𐌍𐌈𐌀𐌋,laris vete arnθal,,,,1.000,clean,36c28c11f0a6,1
CIE 184,AYΞ:VETHE:RISAJ JAONΘA,laris:vete:arnθal,𐌋𐌀𐌓𐌉𐌔:𐌅𐌄𐌕𐌄:𐌀𐌓𐌍𐌈𐌀𐌋,laris vete arnθal,,,,1.000,clean,559cec4b3717,1
CIE 185,ANΘE·VETHE·ENVA,aule·vete·velsa,𐌀𐌖𐌋𐌄·𐌅𐌄𐌕𐌄·𐌅𐌄𐌋𐌔𐌀,aule vete velsa,,,,1.000,clean,6a2c13a59691,1
CIE 186,ΛRΘΛΛIΛS:ΛRΘΛΛIΛSΛ,larθ·vete·larθalisa·cainalisa,𐌋𐌀𐌓𐌈·𐌅𐌄𐌕𐌄·𐌋𐌀𐌓𐌈𐌀𐌋𐌉𐌔𐌀·𐌂𐌀𐌉𐌍𐌀𐌋𐌉𐌔𐌀,larθ vete larθalisa cainalisa,,,,1.000,clean,1f835432f347,1
CIE 187,ΛSΛΟΛΛIΛΟ:ΛRΘΛΛIΛSΛ ΛSΛIΛIΛSΛ,larθ·vete·larθalisa|caialisa,𐌋𐌀𐌓𐌈·𐌅𐌄𐌕𐌄·𐌋𐌀𐌓𐌈𐌀𐌋𐌉𐌔𐌀|𐌂𐌀𐌉𐌀𐌋𐌉𐌔𐌀,larθ vete larθalisa caialisa,,,,1.000,clean,3fe83c9fcf2f,1
CIE 2868,ΛZINΛVΛHH ANΛO,ΛZINΛVΛHH ANΛO,,,,,,0.000,needs_review,7441e6609f58,1
CIE 2869,IANΛIΛIΛINΛO,IANΛIΛIΛINΛO,,,,,,0.000,needs_review,9bd19792f780,1
CIE 2870,ΛEM:IANΛVΛ:ΛZΛVΛH:ANΛO,ΛEM:IANΛVΛ:ΛZΛVΛH:ANΛO,,,,,,0.000,needs_review,32f3bcab905b,1
CIE 2871,IMΛIKΛO,IMΛIKΛO,,,,,,0.000,needs_review,d4fe91270b66,1
CIE 2872,HΛIΛTΛIMΛΦ,HΛIΛTΛIMΛΦ,,,,,,0.000,needs_review,b4fcdd3227e0,1
CIE 190,ΛIΛVEN:ΛNΘΛ:VΛЯΛ,arnθ·vete·tetial,𐌀𐌓𐌍𐌈·𐌅𐌄𐌕𐌄·𐌕𐌄𐌕𐌉𐌀𐌋,arnθ vete tetial,,,,1.000,clean,0f581f74cc89,1
CIE 2229,····vi···ei·leixunia·c···,····vi···ei·leixunia·c···,····𐌅𐌉···𐌄𐌉·𐌋𐌄𐌉𐌗𐌖𐌍𐌉𐌀·𐌂···,vi ei leixunia c,,,,1.000,clean,d7a277c0f6a4,1
CIE 191,AVAVQRIQANAVQAVEN AIIIAIIIM,AVAVQRIQANAVQAVEN AIIIAIIIM,,AVAVQRIQANAVQAVEN AIIIAIIIM,,,,1.000,clean,3252cbe5c4af,1
CIE 193,IVOIMYMN.ZIOAL,IVOIMYMN.ZIOAL,,IVOIMYMN.ZIOAL,,,,1.000,clean,47922c8f93e1,1
CIE 194,ANAVQAVEN:IAA,ANAVQAVEN:IAA,,ANAVQAVEN IAA,,,,1.000,clean,4207ccb4544f,1
CIE 213,tite:pupae,tite:pupae,𐌕𐌉𐌕𐌄:𐌐𐌖𐌐𐌀𐌄,tite pupae,,,,1.000,clean,4d961b1ba5b3,1
CIE 195,ANAVQAVEN:IAA EN VJVVMAI72IOI VM EOVV EN VJVVMJIVVOI7 IA O AV,ANAVQAVEN:IAA EN VJVVMAI72IOI VM EOVV EN VJVVMJIVVOI7 IA O AV,,,,,,0.000,ocr_failed,6780b54f7615,1
CIE 197,IMAVAVAVMAO MAYMOJVARIDAV AIVM,IMAVAVAVMAO MAYMOJVARIDAV AIVM,,,,,,0.000,needs_review,55e42d160770,1
CIE 2873,MΛIΛ9Λ7.HΛI.HΛJ,MΛIΛ9Λ7.HΛI.HΛJ,,,,,,0.000,ocr_failed,315a11d582ed,1
CIE 2874,ΛZINΛVΛHΛ:ΛIΛOΛJ,ΛZINΛVΛHΛ:ΛIΛOΛJ,,,,,,0.000,needs_review,a2f8d2e30b10,1
CIE 2875,:MΛNΛHΛVΛT :HΛI:HΛI:OΛJ,:MΛNΛHΛVΛT :HΛI:HΛI:OΛJ,,,,,,0.000,needs_review,05fca18a8f69,1
CIE 2876,Ɔ.∃.M:IΛHΛ9MV:HΛI:HΛOΛJ,c.e.M:IΛHΛ9MV:HΛI:HΛOΛJ,,,,,,0.000,ocr_failed,7769439805e7,1
10721,talmithe,talmiθe,𐌕𐌀𐌋𐌌𐌉𐌈𐌄,talmiθe,palamedes,,,1.000,clean,b6dc33a6018a,2
CIE 200,AИIЯA·AИVAИ·AИYPAИ IAΘЯMI A,AnIrA·AnVAn·AnYPAn IAΘrMI A,,AnIrA AnVAn AnYPAn IAΘrMI A,,,,1.000,clean,d59391478401,1
CIE 201,ARИAVETE śEM:VИPA AΘИVЯA:EИA...,ARnAVETE śEM:VnPA AΘnVrA:EnA...,,,,,,0.000,needs_review,f9594b4800f5,1
CIE 434,𐌌𐌅𐌀𐌅𐌀𐌓𐌅𐌀𐌍𐌀,MVARVANA,,MVARVANA,,,,1.000,clean,4f048d5245d3,1
CIE 202,JЯAИИИ1Я:VИIЭ:Э:VVA VVV8,JrAnnn1r:VnIe:e:VVA VVV8,,,,,,0.000,ocr_failed,a508a6b34b76,1
CIE 203,AИЯA:VИI:A:Э:XA,AnrA:VnI:A:e:XA,,AnrA VnI A e XA,,,,1.000,clean,3e87a3af4478,1
CIE 204,AИIAD·IЯИVЭЯI·IΘЯA,AnIAD·IrnVerI·IΘrA,,AnIAD IrnVerI IΘrA,,,,1.000,clean,ef1f692678a7,1
CIE 205,arnθ:aneini:larθalvisa,arnθ:aneini:larθalvisa,𐌀𐌓𐌍𐌈:𐌀𐌍𐌄𐌉𐌍𐌉:𐌋𐌀𐌓𐌈𐌀𐌋𐌅𐌉𐌔𐌀,arnθ aneini larθalvisa,,,,1.000,clean,4dd3aa3870e1,1
CIE 2877,[ΛZΛNƆ9ΛH HΛH],[ΛZΛNc9ΛH HΛH],,,,,,0.000,ocr_failed,99fa79588ce5,1
CIE 2230,larΘi:leχunia,larΘi:leχunia,𐌋𐌀𐌓𐌈𐌉:𐌋𐌄𐌙𐌖𐌍𐌉𐌀,larΘi leχunia,,,,1.000,clean,dc91455f6485,1
2566,carnasa,carnasa,𐌂𐌀𐌓𐌍𐌀𐌔𐌀,carnasa,,,,1.000,clean,5d89e4446ff4,1
CIE 2878,-MVΛMVΛ.VΛ.ΛO9ΛJ:HΛI:H,-MVΛMVΛ.VΛ.ΛO9ΛJ:HΛI:H,,,,,,0.000,ocr_failed,2143fcbce683,1
CIE 2879,:ΛIΛΛIΛ∃V:HΛH...,:ΛIΛΛIΛeV:HΛH...,,,,,,0.000,needs_review,07f5af283530,1
CIE 207,l:aneini:||venatnal,l:aneini:||venatnal,𐌋:𐌀𐌍𐌄𐌉𐌍𐌉:||𐌅𐌄𐌍𐌀𐌕𐌍𐌀𐌋,l aneini venatnal,,,,1.000,clean,133a3817edce,1
CIE 209,la.aneini|prumaθnal,la.aneini|prumaθnal,𐌋𐌀.𐌀𐌍𐌄𐌉𐌍𐌉|𐌐𐌓𐌖𐌌𐌀𐌈𐌍𐌀𐌋,la.aneini prumaθnal,,,,1.000,clean,2840f56ee69b,1
CIE 210,l:aneini:prumaθnal,l:aneini:prumaθnal,𐌋:𐌀𐌍𐌄𐌉𐌍𐌉:𐌐𐌓𐌖𐌌𐌀𐌈𐌍𐌀𐌋,l aneini prumaθnal,,,,1.000,clean,4846a4994ad5,1
CIE 211,arnθ:prumaθni:arnθal,arnθ:prumaθni:arnθal,𐌀𐌓𐌍𐌈:𐌐𐌓𐌖𐌌𐌀𐌈𐌍𐌉:𐌀𐌓𐌍𐌈𐌀𐌋,arnθ prumaθni arnθal,,,,1.000,clean,97010402de73,1
CIE 212,[ve]lias:utimnal:aspesa,[ve]lias:utimnal:aspesa,[𐌅𐌄]𐌋𐌉𐌀𐌔:𐌖𐌕𐌉𐌌𐌍𐌀𐌋:𐌀𐌔𐌐𐌄𐌔𐌀,utimnal aspesa,,,,0.667,clean,24c79af8ab6f,1
CIE 214,"FEFACE L.NAESI ALISA Pass. Ronc., VEVA CELNAAESI ALISA Pass. Paral., F ELNACELNAAESIALISA Lanzi.","FEFACE L.NAESI ALISA Pass. Ronc., VEVA CELNAAESI ALISA Pass. Paral., F ELNACELNAAESIALISA Lanzi.",,"FEFACE L.NAESI ALISA Pass. Ronc., VEVA CELNAAESI ALISA Pass. Paral., F ELNACELNAAESIALISA Lanzi.",,,,1.000,clean,de3da805ce79,1
CIE 216,IOVRAY: MANTHV: IOOAV; NCE,IOVRAY: MANTHV: IOOAV; NCE,,IOVRAY MANTHV IOOAV NCE,,,,1.000,clean,4adacee3bb50,1
CIE 288,9I.AHME.M.9A,9I.AHME.M.9A,,,,,,0.000,ocr_failed,595e9e2139f6,1
ETP 52,sepres • a • a • VI svalce • avil • XL,sepres • a • a • vi svalce • avil • xl,𐌔𐌄𐌐𐌓𐌄𐌔 • 𐌀 • 𐌀 • 𐌅𐌉 𐌔𐌅𐌀𐌋𐌂𐌄 • 𐌀𐌅𐌉𐌋 • 𐌗𐌋,sepres a a vi svalce avil xl,,250.0,250.0,1.000,clean,bb2ee20ca224,1
101,rutlni(e)s,rutlni(e)s,𐌓𐌖𐌕𐌋𐌍𐌉(𐌄)𐌔,,rutlnies,,,0.000,clean,3b8cfa02c694,1
CIE 220,JANVA:CVLNE:AXNAT,JANVA:CVLNE:AXNAT,,,,,,0.000,needs_review,a8b40df48035,1
CIE 222,JANVA:CVLNE:ALNIAL,JANVA:CVLNE:ALNIAL,,,,,,0.000,needs_review,f89b24b2142e,1
CIE 223,VI:AИ:ЭИИVAƆ:O,VI:An:ennVAc:O,𐌅𐌉:𐌀𐌍:𐌄𐌍𐌍𐌅𐌀𐌂:𐌏,VI An ennVAc O,,,,1.000,clean,5fd9f05a84de,1
CIE 224,H9VAJ:Э,H9VAJ:e,,,,,,0.000,ocr_failed,f95d83c7d4e4,1
CIE 244,𐌄𐌅𐌉𐌄𐌍𐌀𐌍𐌀 𐌀𐌉𐌋𐌄𐌅,velia anain[ei]|vel,𐌅𐌄𐌋𐌉𐌀 𐌀𐌍𐌀𐌉𐌍[𐌄𐌉]|𐌅𐌄𐌋,velia vel,,,,0.667,clean,0bb26d1e2c4e,1
CIE 225,AƆ:ЭИЭЭƆ:AИ,Ac:eneec:An,𐌀𐌂:𐌄𐌍𐌄𐌄𐌂:𐌀𐌍,Ac eneec An,,,,1.000,clean,9ceb9cdbf2f1,1
CIE 226,MЭИЭƆ:IИИA9Э:AИAO,Menec:InnA9e:AnAO,,,,,,0.000,ocr_failed,bf31d764db2d,1
2576,plancu,plancu,𐌐𐌋𐌀𐌍𐌂𐌖,plancu,,,,1.000,clean,82cf60988be3,1
2577,aulepetrplancure,aulepetrplancure,𐌀𐌖𐌋𐌄𐌐𐌄𐌕𐌓𐌐𐌋𐌀𐌍𐌂𐌖𐌓𐌄,aulepetrplancure,,,,1.000,clean,eaed14006208,1
2580,nc,nc,𐌍𐌂,nc,mr-puplina,,,1.000,clean,0be477336d3e,1
7719,a(rn)th mu{ }su,a(rn)θ mu{ }su,𐌀(𐌓𐌍)𐌈 𐌌𐌖{ }𐌔𐌖,,,,,0.000,clean,de3eb1ae076b,1
7727,epchfzth,epχfzθ,𐌄𐌐𐌙𐌚𐌆𐌈,epχfzθ,,,,1.000,clean,072438364a5e,1
7731,olpem,olpem,𐌏𐌋𐌐𐌄𐌌,olpem,,,,1.000,clean,6928a4b50224,2
7776,larthai(al),larθai(al),𐌋𐌀𐌓𐌈𐌀𐌉(𐌀𐌋),,,,,0.000,clean,ac03da5c2176,1
7779,nania,nania,𐌍𐌀𐌍𐌉𐌀,nania,,,,1.000,clean,a11164d148e3,1
7791,thealiunea,θealiunea,𐌈𐌄𐌀𐌋𐌉𐌖𐌍𐌄𐌀,θealiunea,palamedes,,,1.000,clean,ee805424809b,1
7792,vi(k)toria,vi(k)toria,𐌅𐌉(𐌊)𐌕𐌏𐌓𐌉𐌀,,thegoddessvenus,,,0.000,clean,55d161a1c503,1
CIE 2231,VANAΘVΘANIV:ΘA,VANAΘVΘANIV:ΘA,,VANAΘVΘANIV ΘA,,,,1.000,clean,9eac56d00c21,1
783,m(u)rinas,m(u)rinas,𐌌(𐌖)𐌓𐌉𐌍𐌀𐌔,,ms-larthi,,,0.000,clean,c13720528f79,1
2590,zinias,zinias,𐌆𐌉𐌍𐌉𐌀𐌔,zinias,,,,1.000,clean,995263edb7f5,1
2653,sethre sethres(a),seθre seθres(a),𐌔𐌄𐌈𐌓𐌄 𐌔𐌄𐌈𐌓𐌄𐌔(𐌀),seθre,mr-sethremr-puscasmr-sethres-daughters-husband,,,0.500,clean,d3981c560417,1
2655,larthpusta,larθpusta,𐌋𐌀𐌓𐌈𐌐𐌖𐌔𐌕𐌀,larθpusta,,,,1.000,clean,3611dfb6c169,1
2657,--------th----ath----pustre,--------θ----aθ----pustre,--------𐌈----𐌀𐌈----𐌐𐌖𐌔𐌕𐌓𐌄,,,,,0.000,clean,56a51a6d5508,1
2658,ntha,nθa,𐌍𐌈𐌀,nθa,,,,1.000,clean,0a694ffcf2b1,1
2662,zuia,zuia,𐌆𐌖𐌉𐌀,zuia,ranazuia,,,1.000,clean,e456bfda05ca,1
2663,auraplnilathitia--l,auraplnilaθitia--l,𐌀𐌖𐌓𐌀𐌐𐌋𐌍𐌉𐌋𐌀𐌈𐌉𐌕𐌉𐌀--𐌋,,,,,0.000,clean,faa43feaa68b,1
2689,renine,renine,𐌓𐌄𐌍𐌉𐌍𐌄,renine,,,,1.000,clean,87ebb532b38e,1
CIE 227,VAИИAИЭИЭƆ:A,VAnnAnenec:A,𐌅𐌀𐌍𐌍𐌀𐌍𐌄𐌍𐌄𐌂:𐌀,VAnnAnenec A,,,,1.000,clean,921b081ad3f5,1
2694,lautni(al),lautni(al),𐌋𐌀𐌖𐌕𐌍𐌉(𐌀𐌋),,,,,0.000,clean,32f94980a3a7,3
2702,veliesa,veliesa,𐌅𐌄𐌋𐌉𐌄𐌔𐌀,veliesa,,,,1.000,clean,f43f0407890b,2
2704,salie,salie,𐌔𐌀𐌋𐌉𐌄,salie,,,,1.000,clean,7d7fd528fea0,2
2708,salinei,salinei,𐌔𐌀𐌋𐌉𐌍𐌄𐌉,salinei,,,,1.000,clean,3d4acc1cf9e8,2
2710,arntsalie,arntsalie,𐌀𐌓𐌍𐌕𐌔𐌀𐌋𐌉𐌄,arntsalie,,,,1.000,clean,5a899d321cf0,1
2723,archisa,arχisa,𐌀𐌓𐌙𐌉𐌔𐌀,arχisa,,,,1.000,clean,dc7bd212e5cb,1
2727,puiac,puiac,𐌐𐌖𐌉𐌀𐌂,puiac,,,,1.000,clean,8340312c61c6,2
CIE 2880,𐌅𐌀𐌌𐌉𐌅𐌅:𐌅𐌀𐌏𐌌𐌉𐌀:𐌕𐌉𐌕𐌉𐌕,VAMIVV:VAOMIA:TITIT,,VAMIVV VAOMIA TITIT,,,,1.000,clean,1eb4aa2a60fc,1
CIE 2881,𐌅𐌀𐌉𐌕𐌉𐌕:𐌀𐌕𐌀𐌌𐌉𐌅:𐌏𐌌𐌗𐌀,VAITIT:ATAMIV:OM9A,,,,,,0.000,ocr_failed,cf3f43506e61,1
10724,turmus,turmus,𐌕𐌖𐌓𐌌𐌖𐌔,turmus,thegodmercury,,,1.000,clean,5025f864cbb3,1
CIE 2232,RIVAN,RIVAN,,RIVAN,,,,1.000,clean,9c7cea9aaa00,1
7834,th(an)ch(vilus),θ(an)χ(vilus),𐌈(𐌀𐌍)𐌙(𐌅𐌉𐌋𐌖𐌔),,,,,0.000,clean,b41b0fc5bf89,1
7841,ne(tsvis),ne(tsvis),𐌍𐌄(𐌕𐌔𐌅𐌉𐌔),,of-mr-velfra,,,0.000,clean,436fd6845efa,2
7843,mi malana,mi malana,𐌌𐌉 𐌌𐌀𐌋𐌀𐌍𐌀,mi malana,ia-mirrormr-larthiiamr-caviespuriies,,,1.000,clean,a6a15504dcad,1
7849,mi satharase,mi saθarase,𐌌𐌉 𐌔𐌀𐌈𐌀𐌓𐌀𐌔𐌄,mi saθarase,,,,1.000,clean,268559ce238f,1
7866,cencunias,cencunias,𐌂𐌄𐌍𐌂𐌖𐌍𐌉𐌀𐌔,cencunias,,,,1.000,clean,969088dcbde4,1
CIE 231,AV:HCEH:JA:I A:HVOEM,an:cvenle | methinal,𐌀𐌍:𐌂𐌅𐌄𐌍𐌋𐌄 | 𐌌𐌄𐌕𐌇𐌉𐌍𐌀𐌋,an cvenle methinal,,,,1.000,clean,d8fc338a9081,1
CIE 232,AV:HCEH:JA:I VAHIOM,la cvenle | mthinal,𐌋𐌀 𐌂𐌅𐌄𐌍𐌋𐌄 | 𐌌𐌕𐌇𐌉𐌍𐌀𐌋,la cvenle mthinal,,,,1.000,clean,5ca0c2a7e93f,1
CIE 233,𐌀𐌍𐌈𐌏𐌄𐌌:𐌌𐌄𐌈𐌋𐌍𐌄:𐌉𐌏𐌐𐌀𐌍,anthoem:methlne:iopan,𐌀𐌍𐌕𐌇𐌏𐌄𐌌:𐌌𐌄𐌕𐌇𐌋𐌍𐌄:𐌉𐌏𐌐𐌀𐌍,anthoem methlne iopan,,,,1.000,clean,71aee4a3410b,1
CIE 344,AV.VANA,AV.VANA,,AV.VANA,,,,1.000,clean,55e641c9a62b,1
CIE 2233,IMIVA:ΘVΘAV,IMIVA:ΘVΘAV,,IMIVA ΘVΘAV,,,,1.000,clean,cb93d3b19212,1
7872,c(a)i,c(a)i,𐌂(𐌀)𐌉,,,,,0.000,clean,61067a1f3a73,1
7876,ra(mtha),ra(mθa),𐌓𐌀(𐌌𐌈𐌀),,mr-ramtha,,,0.000,clean,bb65dc8de509,7
2785,puia,puia,𐌐𐌖𐌉𐌀,puia,wifes,,,1.000,clean,64f8f048df93,5
2790,al,al,𐌀𐌋,al,mrs-tutnis-daughters-husband,,,1.000,clean,635182503015,5
2836,tinusilaut,tinusilaut,𐌕𐌉𐌍𐌖𐌔𐌉𐌋𐌀𐌖𐌕,tinusilaut,,,,1.000,clean,708f8b58f584,1
2838,eresa,eresa,𐌄𐌓𐌄𐌔𐌀,eresa,,,,1.000,clean,09d710f8d6a9,1
CIE 234,𐌀𐌐𐌇:𐌌𐌉𐌋𐌍𐌄𐌉:𐌀𐌍𐌀𐌏,aph:milnei:anao,𐌀𐌐𐌇:𐌌𐌉𐌋𐌍𐌄𐌉:𐌀𐌍𐌀𐌏,aph milnei anao,,,,1.000,clean,e951dd6d33cf,1
CIE 235,LΓM8ΛM:8IN ATAT,LΓM8ΛM:8IN ATAT,,,,,,0.000,ocr_failed,345e4dde086c,1
CIE 238,ΛADIMΛR:ΓΛMNE,ΛADIMΛR:ΓΛMNE,,,,,,0.000,needs_review,fef078c05d4b,1
CIE 2887,VAMITHE92:OI:EDIMAV9,VAMITHE92:OI:EDIMAV9,,,,,,0.000,ocr_failed,8d0c79230c47,1
2863,lth,lθ,𐌋𐌈,lθ,,,,1.000,clean,0caa38a81b78,3
2864,ni,ni,𐌍𐌉,ni,the-nameless-slavegirls,,,1.000,clean,4db03a277cfb,5
2866,larthi tlesnei(al),larθi tlesnei(al),𐌋𐌀𐌓𐌈𐌉 𐌕𐌋𐌄𐌔𐌍𐌄𐌉(𐌀𐌋),larθi,,,,0.500,clean,c07d0630cf49,1
2869,thanatitivelanal,θanatitivelanal,𐌈𐌀𐌍𐌀𐌕𐌉𐌕𐌉𐌅𐌄𐌋𐌀𐌍𐌀𐌋,θanatitivelanal,,,,1.000,clean,3f75e83c5df1,1
2896,ataris,ataris,𐌀𐌕𐌀𐌓𐌉𐌔,ataris,,,,1.000,clean,1ac0cdb073aa,1
2902,tlesnal,tlesnal,𐌕𐌋𐌄𐌔𐌍𐌀𐌋,tlesnal,,,,1.000,clean,cf7ca9633e03,1
2931,arisalisa,arisalisa,𐌀𐌓𐌉𐌔𐌀𐌋𐌉𐌔𐌀,arisalisa,,,,1.000,clean,86db8b761b5a,1
7927,turce,turce,𐌕𐌖𐌓𐌂𐌄,turce,gave,,,1.000,clean,0beec1919a73,5
7933,------rmatithnas------,------rmatiθnas------,------𐌓𐌌𐌀𐌕𐌉𐌈𐌍𐌀𐌔------,,,,,0.000,clean,feb2d26cdb58,1
7935,veluthurus,veluθurus,𐌅𐌄𐌋𐌖𐌈𐌖𐌓𐌖𐌔,veluθurus,,,,1.000,clean,805e20d1dfe5,1
7936,{n}<m>i n(um)a(s),{n}<m>i n(um)a(s),{𐌍}<𐌌>𐌉 𐌍(𐌖𐌌)𐌀(𐌔),,,,,0.000,clean,a3e5c7d78a8f,1
CIE 18.B.8,ИAИЭIOAИ Uhd. ЭTИVЭIAIЭ·IOAI Fa.,nAneIOAn Uhd. eTnVeIAIe·IOAI Fa.,,nAneIOAn Uhd. eTnVeIAIe IOAI Fa.,,,,1.000,clean,3b79633b6848,1
3078,ramtha lautnitha venziles,ramθa lautniθa venziles,𐌓𐌀𐌌𐌈𐌀 𐌋𐌀𐌖𐌕𐌍𐌉𐌈𐌀 𐌅𐌄𐌍𐌆𐌉𐌋𐌄𐌔,ramθa lautniθa venziles,,,,1.000,clean,e2df531cc3bb,1
3201,ciathna,ciaθna,𐌂𐌉𐌀𐌈𐌍𐌀,ciaθna,,,,1.000,clean,198e1c2c9a28,1
3232,------emlil,------emlil,------𐌄𐌌𐌋𐌉𐌋,,mr-larthmrs-lartinis,,,0.000,clean,78421038218c,1
3234,minevikumuluevnekearpaskamaia,minevikumuluevnekearpaskamaia,𐌌𐌉𐌍𐌄𐌅𐌉𐌊𐌖𐌌𐌖𐌋𐌖𐌄𐌅𐌍𐌄𐌊𐌄𐌀𐌓𐌐𐌀𐌔𐌊𐌀𐌌𐌀𐌉𐌀,minevikumuluevnekearpaskamaia,,,,1.000,clean,601f64410a8d,1
3235,mitesanteiatarchumenaia,mitesanteiatarχumenaia,𐌌𐌉𐌕𐌄𐌔𐌀𐌍𐌕𐌄𐌉𐌀𐌕𐌀𐌓𐌙𐌖𐌌𐌄𐌍𐌀𐌉𐌀,mitesanteiatarχumenaia,ithe-ashpotthe-one-of-mrtarchum,,,1.000,clean,416d2f3f6e7c,1
3366,ri,ri,𐌓𐌉,ri,,,,1.000,clean,396a14ab206e,1
3379,----utneters,----utneters,----𐌖𐌕𐌍𐌄𐌕𐌄𐌓𐌔,,mr-larthmr-cutusmrsethres-daughters-husband,,,0.000,clean,0963dc9af524,1
3390,lethial,leθial,𐌋𐌄𐌈𐌉𐌀𐌋,leθial,,,,1.000,clean,90ce1f205461,6
3416,vetie,vetie,𐌅𐌄𐌕𐌉𐌄,vetie,,,,1.000,clean,bacf4ea87784,1
3432,ular,ular,𐌖𐌋𐌀𐌓,ular,mr-tetzavna,,,1.000,clean,674b02252621,1
3467,ruvf,ruvf,𐌓𐌖𐌅𐌚,ruvf,,,,1.000,clean,016b36e49456,1
3484,rinial,rinial,𐌓𐌉𐌍𐌉𐌀𐌋,rinial,,,,1.000,clean,bd3f43e1d0e6,1
CIE 2888,𐌅𐌀𐌌𐌀𐌓 𐌄𐌃𐌉𐌌𐌀:𐌄𐌇𐌕:𐌅𐌄𐌉,[VAMAR EDIMA:EHT:VEI],,EDIMA EHT,,,,0.500,clean,fb3ce4990848,1
CIE 2889,remznal,remznal,𐌓𐌄𐌌𐌆𐌍𐌀𐌋,remznal,,,,1.000,clean,1446e1fcde5f,2
CIE 2890,a:r,a:r,𐌀:𐌓,a r,,,,1.000,clean,2cedb8b376ad,1
CIE 239,AIDA:ΓΛMNA,AIDA:ΓΛMNA,,,,,,0.000,needs_review,eef3beee3740,1
CIE 240,ΛA8Λ8:ΓΛMNA:ΛA,ΛA8Λ8:ΓΛMNA:ΛA,,,,,,0.000,ocr_failed,e3c1615aa474,1
3492,iiiix,iiiix,𐌉𐌉𐌉𐌉𐌗,iiiix,,,,1.000,clean,8e54ec1bad5c,2
3495,iiixxx,iiixxx,𐌉𐌉𐌉𐌗𐌗𐌗,iiixxx,,,,1.000,clean,42ee99ca1cc0,1
3551,aiclan,aiclan,𐌀𐌉𐌂𐌋𐌀𐌍,aiclan,mr-arnthmrs-aneissonmrlarthia,,,1.000,clean,74115bfbe1d3,1
3567,mnial,mnial,𐌌𐌍𐌉𐌀𐌋,mnial,,,,1.000,clean,14e8e500b8c3,1
3604,pesial,pesial,𐌐𐌄𐌔𐌉𐌀𐌋,pesial,,,,1.000,clean,f6684aac16df,1
805,vltetinacuutanal,vltetinacuutanal,𐌅𐌋𐌕𐌄𐌕𐌉𐌍𐌀𐌂𐌖𐌖𐌕𐌀𐌍𐌀𐌋,vltetinacuutanal,,,,1.000,clean,046581ecd89e,1
8075,filea,filea,𐌚𐌉𐌋𐌄𐌀,filea,,,,1.000,clean,bb0642d15af2,1
CIE 241,A8TΛ8:Λ8M:AI,A8TΛ8:Λ8M:AI,,,,,,0.000,ocr_failed,bc4f46fc0fe9,1
CIE 242,ΛA8Λ8:ΓΛMNA:OΛΛ,ΛA8Λ8:ΓΛMNA:OΛΛ,,,,,,0.000,ocr_failed,8891e1f4539c,1
CIE 243,𐌄𐌍𐌄𐌅𐌂 𐌀𐌋,la cven[e],𐌋𐌀 𐌂𐌅𐌄𐌍[𐌄],la,,,,0.500,clean,4ef83170ad2f,1
CIE 245,𐌄𐌍𐌉𐌂𐌅𐌀𐌋 : 𐌀𐌅𐌉𐌈𐌉𐌌𐌄 | 𐌋𐌀𐌍𐌉𐌀𐌍𐌀,Fa: laucine | anainal,𐌚𐌀: 𐌋𐌀𐌖𐌂𐌉𐌍𐌄 | 𐌀𐌍𐌀𐌉𐌍𐌀𐌋,Fa laucine anainal,,,,1.000,clean,46342a0d1c17,1
CIE 247,𐌌𐌉 𐌅𐌄𐌋𐌔 𐌈𐌉𐌈𐌄𐌔 | 𐌌𐌋𐌍𐌀𐌍𐌄𐌔,mi vels tites | mlnanes,𐌌𐌉 𐌅𐌄𐌋𐌔 𐌕𐌉𐌕𐌄𐌔 | 𐌌𐌋𐌍𐌀𐌍𐌄𐌔,mi vels tites mlnanes,,,,1.000,clean,39b9b2b7b93e,1
CIE 249,𐌉𐌄𐌍𐌔𐌅𐌅𐌀 | 𐌄𐌈𐌉𐌈 𐌈𐌓𐌀𐌋,larθ tite | avusnei,𐌋𐌀𐌓𐌈 𐌕𐌉𐌕𐌄 | 𐌀𐌅𐌖𐌔𐌍𐌄𐌉,larθ tite avusnei,,,,1.000,clean,553f63e2dba0,1
CIE 263,VƎMƎJƎMƎM VƎIM,VeMeJeMeM VeIM,,,,,,0.000,needs_review,eaa7b7c7772a,1
CIE 264,AƧO AO VƎVAO,AsO AO VeVAO,,AsO AO VeVAO,,,,1.000,clean,9ff3c08315c9,1
CIE 265,A·:ƎNƎJ·A JAIMOLA,A·:eNeJ·A JAIMOLA,,,,,,0.000,needs_review,e8d7ddefbf50,1
CIE 268,ƎIƎCHƎJAIMOLA,eIeCHeJAIMOLA,,,,,,0.000,needs_review,a39eec0557c9,1
CIE 269,𐌋𐌄𐌂𐌍𐌄 𐌅𐌖𐌉𐌔𐌉𐌍𐌀𐌋,al·lecne vuisinal,𐌀𐌋·𐌋𐌄𐌂𐌍𐌄 𐌅𐌖𐌉𐌔𐌉𐌍𐌀𐌋,al lecne vuisinal,,,,1.000,clean,f31f82168a30,1
CIE 393,IHIHAVJJE:OHQA ARIAH9YJJA,arniθ velxatini|vestrnaisa,𐌀𐌓𐌍𐌉𐌈 𐌅𐌄𐌋𐌗𐌀𐌕𐌉𐌍𐌉|𐌅𐌄𐌔𐌕𐌓𐌍𐌀𐌉𐌔𐌀,arniθ velxatini vestrnaisa,,,,1.000,clean,42990ab35dbc,1
10725,aefe,aefe,𐌀𐌄𐌚𐌄,aefe,ring-bearer,,,1.000,clean,28136fa17fc8,1
CIE 273,𐌏𐌄𐌋𐌄𐌂𐌍𐌄 𐌌𐌀𐌓𐌂𐌍𐌀𐌋,v:lecne marcnal,𐌅:𐌋𐌄𐌂𐌍𐌄 𐌌𐌀𐌓𐌂𐌍𐌀𐌋,v lecne marcnal,,,,1.000,clean,b4141134dfaa,1
ETP 53,velχi θan a,velχi θan a,𐌅𐌄𐌋𐌙𐌉 𐌈𐌀𐌍 𐌀,velχi θan a,,,,1.000,clean,1796e9dcc94b,1
8079,arcentelom hvteilom,arcentelom hvteilom,𐌀𐌓𐌂𐌄𐌍𐌕𐌄𐌋𐌏𐌌 𐌇𐌅𐌕𐌄𐌉𐌋𐌏𐌌,arcentelom hvteilom,the-little-quantity-of-silverinvainyou-have-preparedmay-yougive,,,1.000,clean,68dc0c611a97,1
808,presnts,presnts,𐌐𐌓𐌄𐌔𐌍𐌕𐌔,presnts,presente,,,1.000,clean,1110cfed395d,1
8093,xv,xv,𐌗𐌅,xv,,,,1.000,clean,490ddef24b96,2
8197,manileo,manileo,𐌌𐌀𐌍𐌉𐌋𐌄𐌏,manileo,,,,1.000,clean,6642f653b90c,1
8200,faino,faino,𐌚𐌀𐌉𐌍𐌏,faino,for-mr-fainos,,,1.000,clean,b6cc09e80447,1
8205,sleivelioparsis,sleivelioparsis,𐌔𐌋𐌄𐌉𐌅𐌄𐌋𐌉𐌏𐌐𐌀𐌓𐌔𐌉𐌔,sleivelioparsis,for-mr-sleiveliosmrsparses,,,1.000,clean,f6ef3148f671,1
8214,onios,onios,𐌏𐌍𐌉𐌏𐌔,onios,,,,1.000,clean,e2461ef9a061,1
CIE 274,𐌋𐌀𐌍𐌆𐌉𐌋𐌉𐌅𐌀 𐌌𐌀𐌓𐌂𐌍𐌀𐌋,vel :lecne :marcnal,𐌅𐌄𐌋 :𐌋𐌄𐌂𐌍𐌄 :𐌌𐌀𐌓𐌂𐌍𐌀𐌋,vel lecne marcnal,,,,1.000,clean,398673e64238,1
CIE 275,𐌏𐌀𐌍𐌆𐌖𐌉𐌋 𐌔𐌄𐌔𐌂𐌍𐌄𐌉 𐌋𐌄𐌂𐌍𐌄𐌔𐌀,vanzvil : sescnei lecnesa,𐌅𐌀𐌍𐌆𐌅𐌉𐌋 : 𐌔𐌄𐌔𐌂𐌍𐌄𐌉 𐌋𐌄𐌂𐌍𐌄𐌔𐌀,vanzvil sescnei lecnesa,,,,1.000,clean,e763e88c97b8,1
3609,imidorvs,imidorvs,𐌉𐌌𐌉𐌃𐌏𐌓𐌅𐌔,imidorvs,mr-luciuscassiusarteimidorusmr-luciussfreedman,,,1.000,clean,d89de60a6322,1
3614,a------t----aialplai----ia,a------t----aialplai----ia,𐌀------𐌕----𐌀𐌉𐌀𐌋𐌐𐌋𐌀𐌉----𐌉𐌀,,,,,0.000,clean,b01ccb1a56b8,1
3716,saneiv,saneiv,𐌔𐌀𐌍𐌄𐌉𐌅,saneiv,mr-veilia,,,1.000,clean,0159ec7d7853,1
3733,--------aconi,--------aconi,--------𐌀𐌂𐌏𐌍𐌉,,,,,0.000,clean,aedf0ef205dd,1
3738,minthinal,minθinal,𐌌𐌉𐌍𐌈𐌉𐌍𐌀𐌋,minθinal,,,,1.000,clean,15eafeff4562,1
3741,s--------umiul,s--------umiul,𐌔--------𐌖𐌌𐌉𐌖𐌋,,mr-sethsetumiumr-lariss,,,0.000,clean,86a215eaa0a8,1
822,stephiani,steφiani,𐌔𐌕𐌄𐌘𐌉𐌀𐌍𐌉,steφiani,,,,1.000,clean,3e059cceb744,1
8220,herzinia,herzinia,𐌇𐌄𐌓𐌆𐌉𐌍𐌉𐌀,herzinia,,,,1.000,clean,92a70e8cb72b,1
8233,-----ahe------,-----ahe------,-----𐌀𐌇𐌄------,,,,,0.000,clean,2d17a2e00779,1
8237,caiso,caiso,𐌂𐌀𐌉𐌔𐌏,caiso,mr-fafarposs,,,1.000,clean,16affacdd2ca,1
CIE 278,FREMNE | TEVATNAL | LECNESA,FREMNE | TEVATNAL | LECNESA,,FREMNE TEVATNAL LECNESA,,,,1.000,clean,eb65f542b50f,1
10939,menle,menle,𐌌𐌄𐌍𐌋𐌄,menle,,,,1.000,clean,ac2acf4d314b,2
CIE 281,OIAHME M.A,OIAHME M.A,,OIAHME M.A,,,,1.000,clean,4d389a8c9673,1
CIE 283,391AB.VA.AHME.M.I IAMVAV,391AB.VA.AHME.M.I IAMVAV,,,,,,0.000,ocr_failed,0cb377ff266f,1
CIE 284,IAVHEV.OVIDAEVA,IAVHEV.OVIDAEVA,,IAVHEV.OVIDAEVA,,,,1.000,clean,07e83af2c0cb,1
CIE 285,MV----- IV----- I P+--A8,MV----- IV----- I P+--A8,,,,,,0.000,ocr_failed,c5087b6c7b95,1
CIE 2234,A.VOESIVS.A.F NAT,A.VOESIVS.A.F NAT,,A.VOESIVS.A.F NAT,,,,1.000,clean,eed448b96abb,1
3858,tusurthi,tusurθi,𐌕𐌖𐌔𐌖𐌓𐌈𐌉,tusurθi,mrs-vetimrs-petrunismr-veliamrsaneinis-daughters-daughtershusbandmrs-spulinissonmrveiliassonmrs-clantisdaughters-daughters-daughtershusbandmrs-arznis-daughtersdaughters-daughters-daughtershusband,,,1.000,clean,3f92092fe29a,1
3871,athnu,aθnu,𐌀𐌈𐌍𐌖,aθnu,,,,1.000,clean,56759c448753,1
3891,th------veties,θ------veties,𐌈------𐌅𐌄𐌕𐌉𐌄𐌔,,,,,0.000,clean,71b9f04eb075,1
3915,cnas,cnas,𐌂𐌍𐌀𐌔,cnas,mr-velmr-tite,,,1.000,clean,1b03bcea1fee,1
3916,ariodantes ariodantes in,ariodantes ariodantes in,𐌀𐌓𐌉𐌏𐌃𐌀𐌍𐌕𐌄𐌔 𐌀𐌓𐌉𐌏𐌃𐌀𐌍𐌕𐌄𐌔 𐌉𐌍,ariodantes ariodantes in,,,,1.000,clean,d0d3927995b1,1
3950,seires,seires,𐌔𐌄𐌉𐌓𐌄𐌔,seires,,,,1.000,clean,cc1cc44777d9,1
3958,ceisial,ceisial,𐌂𐌄𐌉𐌔𐌉𐌀𐌋,ceisial,,,,1.000,clean,32e7ca930a14,2
3965,felvereal,felvereal,𐌚𐌄𐌋𐌅𐌄𐌓𐌄𐌀𐌋,felvereal,mr-aulemrs-semthnisfreedman,,,1.000,clean,596318e6003f,1
3999,ripial,ripial,𐌓𐌉𐌐𐌉𐌀𐌋,ripial,mrs-ripis,,,1.000,clean,4bc89ecae402,1
CIE 286,HIAI.OIAI IADIDVO,HIAI.OIAI IADIDVO,,HIAI.OIAI IADIDVO,,,,1.000,clean,c68fd5651759,1
CIE 287,MEHA.IH1H9A.IHIAI.I.9AV,MEHA.IH1H9A.IHIAI.I.9AV,,,,,,0.000,ocr_failed,87dde1026397,1
CIE 298,Θ.URINAT.VELIAS.,Θ.URINAT.VELIAS.,,Θ.URINAT.VELIAS.,,,,1.000,clean,d4a89f938e70,1
CIE 289,VANIAS.HETI.L.,VANIAS.HETI.L.,,VANIAS.HETI.L.,,,,1.000,clean,10631dbb7044,1
CIE 290,LARΘI.LARNEI.VIPINAL,LARΘI.LARNEI.VIPINAL,,LARΘI.LARNEI.VIPINAL,,,,1.000,clean,6f164ee994d3,1
CIE 292,VA.VΘAN.A,VA.VΘAN.A,,VA.VΘAN.A,,,,1.000,clean,32d337e378a2,1
CIE 293,I.PETRNI.L.,I.PETRNI.L.,,I.PETRNI.L.,,,,1.000,clean,6644950a05dd,1
CIE 294,AULE.PUMPU.ALSINAL,AULE.PUMPU.ALSINAL,,AULE.PUMPU.ALSINAL,,,,1.000,clean,6cb277c5f06d,1
CIE 295,AULZA.PUMPU.VETUAL,AULZA.PUMPU.VETUAL,,AULZA.PUMPU.VETUAL,,,,1.000,clean,8e3f039cfb18,1
CIE 296,LARΘI.PUMPU.XERITNAL,LARΘI.PUMPU.XERITNAL,,LARΘI.PUMPU.XERITNAL,,,,1.000,clean,364f40cee69b,1
4065,----------m--us,----------m--us,----------𐌌--𐌖𐌔,,mrs-larthimrs-tavulineissons-wife,,,0.000,clean,b49b6976120c,1
4070,a nicios,a nicios,𐌀 𐌍𐌉𐌂𐌉𐌏𐌔,a nicios,bmr-haustos,,,1.000,clean,cdb0a43e1876,1
4315,apenial,apenial,𐌀𐌐𐌄𐌍𐌉𐌀𐌋,apenial,,,,1.000,clean,40b20706fef9,1
4554,aitnepethi,aitnepeθi,𐌀𐌉𐌕𐌍𐌄𐌐𐌄𐌈𐌉,aitnepeθi,,,,1.000,clean,f8eb8d885655,1
4563,lvrmit,lvrmit,𐌋𐌅𐌓𐌌𐌉𐌕,lvrmit,,,,1.000,clean,e06eeadf06ed,1
4570,an,an,𐌀𐌍,an,for-throat-angina,,,1.000,clean,ea325d761f98,3
4572,rinvs,rinvs,𐌓𐌉𐌍𐌅𐌔,rinvs,,,,1.000,clean,81b527cc6ff6,1
4592,lafsathuileutlfethisisc,lafsaθuileutlfeθisisc,𐌋𐌀𐌚𐌔𐌀𐌈𐌖𐌉𐌋𐌄𐌖𐌕𐌋𐌚𐌄𐌈𐌉𐌔𐌉𐌔𐌂,lafsaθuileutlfeθisisc,,,,1.000,clean,aebb1ffedafb,1
4595,liepiastha,liepiasθa,𐌋𐌉𐌄𐌐𐌉𐌀𐌔𐌈𐌀,liepiasθa,,,,1.000,clean,e0870006115a,1
4598,savniaave--------v----pepivi,savniaave--------v----pepivi,𐌔𐌀𐌅𐌍𐌉𐌀𐌀𐌅𐌄--------𐌅----𐌐𐌄𐌐𐌉𐌅𐌉,,,,,0.000,clean,3b1852ea7f07,1
4619,sepusla---------------------l,sepusla---------------------l,𐌔𐌄𐌐𐌖𐌔𐌋𐌀---------------------𐌋,,mrs-muthurinis,,,0.000,clean,398e09c6b3e3,1
4627,larntisecu,larntisecu,𐌋𐌀𐌓𐌍𐌕𐌉𐌔𐌄𐌂𐌖,larntisecu,,,,1.000,clean,7f92ede3ee87,1
CIE 297,L.UTAUNI.CAINAL,L.UTAUNI.CAINAL,,L.UTAUNI.CAINAL,,,,1.000,clean,1fc4c45b6d09,1
CIE 1882,larθi : cainei : ve[lus],larθi : cainei : ve[lus],𐌋𐌀𐌓𐌈𐌉 : 𐌂𐌀𐌉𐌍𐌄𐌉 : 𐌅𐌄[𐌋𐌖𐌔],larθi cainei,,,,0.667,clean,d51df43f7232,1
CIE 313,arnθ:titlni:|arnθal,arnθ:titlni:|arnθal,𐌀𐌓𐌍𐌈:𐌕𐌉𐌕𐌋𐌍𐌉:|𐌀𐌓𐌍𐌈𐌀𐌋,arnθ titlni arnθal,,,,1.000,clean,58ada9a78775,1
CIE 315,a:titulni:|afur,a:titulni:|afur,𐌀:𐌕𐌉𐌕𐌖𐌋𐌍𐌉:|𐌀𐌚𐌖𐌓,a titulni afur,,,,1.000,clean,3a6749369e6e,1
CIE 316,....i:leθi:venzleś:θ:velmθreś:latini,....i:leθi:venzleś:θ:velmθreś:latini,....𐌉:𐌋𐌄𐌈𐌉:𐌅𐌄𐌍𐌆𐌋𐌄𐌑:𐌈:𐌅𐌄𐌋𐌌𐌈𐌓𐌄𐌑:𐌋𐌀𐌕𐌉𐌍𐌉,....i leθi venzleś θ velmθreś latini,,,,1.000,clean,421367edc8be,1
CIE 317,ls:secu:l:alfnal,ls:secu:l:alfnal,𐌋𐌔:𐌔𐌄𐌂𐌖:𐌋:𐌀𐌋𐌚𐌍𐌀𐌋,ls secu l alfnal,,,,1.000,clean,d0021c544341,1
CIE 318,θana:lecnei:alfnal:v:secu:ls,θana:lecnei:alfnal:v:secu:ls,𐌈𐌀𐌍𐌀:𐌋𐌄𐌂𐌍𐌄𐌉:𐌀𐌋𐌚𐌍𐌀𐌋:𐌅:𐌔𐌄𐌂𐌖:𐌋𐌔,θana lecnei alfnal v secu ls,,,,1.000,clean,79dc57dd7437,1
CIE 333,VAHIS.VSEL.A,VAHIS.VSEL.A,,VAHIS.VSEL.A,,,,1.000,clean,62830feacdcf,1
CIE 334,VDER.A,VDER.A,,VDER.A,,,,1.000,clean,f593f159b4df,2
CIE 335,VDER.A,VDER.A,,VDER.A,,,,1.000,clean,f593f159b4df,2
CIE 336,ES.ATINA,ES.ATINA,,ES.ATINA,,,,1.000,clean,bed784ed726b,1
CIE 341,(MVAM.VIVNA),(MVAM.VIVNA),,,,,,0.000,clean,d33ba670e42b,1
CIE 342,EHRI.A.HNAO,EHRI.A.HNAO,,EHRI.A.HNAO,,,,1.000,clean,52bd7124b8ab,1
CIE 343,ITVT.AI.A,ITVT.AI.A,,ITVT.AI.A,,,,1.000,clean,378c1ea2971a,1
CIE 3185,[M],[M],[𐌌],,,,,0.000,clean,62c66a7a5dd7,1
CIE 348,arntu |arntle |vescu |alfnl |cla,arntu |arntle |vescu |alfnl |cla,𐌀𐌓𐌍𐌕𐌖 |𐌀𐌓𐌍𐌕𐌋𐌄 |𐌅𐌄𐌔𐌂𐌖 |𐌀𐌋𐌚𐌍𐌋 |𐌂𐌋𐌀,arntu arntle vescu alfnl cla,,,,1.000,clean,18330f130bcf,1
CIE 360,KENVAJOMA,KENVAJOMA,,,,,,0.000,needs_review,95d49a68250f,1
CIE 361,YRSRDAJ,YRSRDAJ,,,,,,0.000,needs_review,5a85298c6f94,1
CIE 362,ER:YDA YAA:V,ER:YDA YAA:V,,ER YDA YAA V,,,,1.000,clean,43ad92b06841,1
CIE 363,OAJ:VOSR:OAA ARIIAO,OAJ:VOSR:OAA ARIIAO,,,,,,0.000,needs_review,47b61d9553b1,1
CIE 2235,IANA:AHAO,IANA:AHAO,,IANA AHAO,,,,1.000,clean,56ef144bef99,1
CIE 2891,titi:apicnei:remznal,titi:apicnei:remznal,𐌕𐌉𐌕𐌉:𐌀𐌐𐌉𐌂𐌍𐌄𐌉:𐌓𐌄𐌌𐌆𐌍𐌀𐌋,titi apicnei remznal,,,,1.000,clean,692af881b5df,1
CIE 2892,vipi,vipi,𐌅𐌉𐌐𐌉,vipi,,,,1.000,clean,2f7e29fbc47d,4
CIE 2893,ha:apia:vipinal,ha:apia:vipinal,𐌇𐌀:𐌀𐌐𐌉𐌀:𐌅𐌉𐌐𐌉𐌍𐌀𐌋,ha apia vipinal,,,,1.000,clean,fdc8f580965f,1
CIE 2894,lar:api:sceua:matiasa,lar:api:sceua:matiasa,𐌋𐌀𐌓:𐌀𐌐𐌉:𐌔𐌂𐌄𐌖𐌀:𐌌𐌀𐌕𐌉𐌀𐌔𐌀,lar api sceua matiasa,,,,1.000,clean,85686c2a45e2,1
CIE 2941,IEHSEJTNAINAO METVIR,IEHSEJTNAINAO METVIR,,,,,,0.000,needs_review,0b75f5692d00,1
CIE 425,l·aveini·hapre·tlapnal,l·aveini·hapre·tlapnal,𐌋·𐌀𐌅𐌄𐌉𐌍𐌉·𐌇𐌀𐌐𐌓𐌄·𐌕𐌋𐌀𐌐𐌍𐌀𐌋,l aveini hapre tlapnal,,,,1.000,clean,ba74c7a87bc5,1
CIE 427,arniθ·petrni | larθal,arniθ·petrni | larθal,𐌀𐌓𐌍𐌉𐌈·𐌐𐌄𐌕𐌓𐌍𐌉 | 𐌋𐌀𐌓𐌈𐌀𐌋,arniθ petrni larθal,,,,1.000,clean,4e32164e5847,1
CIE 1748,INM9A AAT 2V2I9,INM9A AAT 2V2I9,,,,,,0.000,ocr_failed,94c59678ba6a,1
CIE 1749,2V2I9:2IHM9A:AIAO,2V2I9:2IHM9A:AIAO,,,,,,0.000,ocr_failed,27b948e5370a,1
CIE 1750,IINNAA,IINNAA,,IINNAA,,,,1.000,clean,33adbdf379a2,1
CIE 2895,sei:ra:atice,sei:ra:atice,𐌔𐌄𐌉:𐌓𐌀:𐌀𐌕𐌉𐌂𐌄,sei ra atice,,,,1.000,clean,657b0aaa8128,1
CIE 2896,tite:ataris,tite:ataris,𐌕𐌉𐌕𐌄:𐌀𐌕𐌀𐌓𐌉𐌔,tite ataris,,,,1.000,clean,2635ef87555b,1
CIE 2897,tite:caFa:atrusnal,tite:caFa:atrusnal,𐌕𐌉𐌕𐌄:𐌂𐌀𐌚𐌀:𐌀𐌕𐌓𐌖𐌔𐌍𐌀𐌋,tite caFa atrusnal,,,,1.000,clean,7c25ad783b7d,1
CIE 430,𐌃𐌀𐌕.𐌋𐌀𐌍𐌍𐌉𐌕.𐌀.𐌚.,l.steprni.a.vipinal.talce,𐌋.𐌔𐌕𐌄𐌐𐌓𐌍𐌉.𐌀.𐌅𐌉𐌐𐌉𐌍𐌀𐌋.𐌕𐌀𐌋𐌂𐌄,l.steprni.a.vipinal.talce,,,,1.000,clean,9d2107df1010,1
CIE 432,𐌋𐌀𐌓𐌈𐌉𐌕𐌉𐌋𐌈𐌉𐌍𐌄𐌉𐌀𐌍𐌀𐌉𐌔𐌀,larθi titlnei | ciarθisa,𐌋𐌀𐌓𐌈𐌉 𐌕𐌉𐌕𐌋𐌍𐌄𐌉 | 𐌂𐌉𐌀𐌓𐌈𐌉𐌔𐌀,larθi titlnei ciarθisa,,,,1.000,clean,45318c5ea103,1
CIE 433,𐌋𐌓𐌕.𐌕𐌅𐌋𐌄.𐌒𐌀𐌅𐌉𐌍𐌄𐌉,lrt.tule.cavinei,𐌋𐌓𐌕.𐌕𐌖𐌋𐌄.𐌂𐌀𐌅𐌉𐌍𐌄𐌉,lrt.tule.cavinei,,,,1.000,clean,da5c9d02560f,1
CIE 2898,titi:crespia:senatesa,titi:crespia:senatesa,𐌕𐌉𐌕𐌉:𐌂𐌓𐌄𐌔𐌐𐌉𐌀:𐌔𐌄𐌍𐌀𐌕𐌄𐌔𐌀,titi crespia senatesa,,,,1.000,clean,fdb78ed3b48f,1
CIE 2899,[....]𐌔𐌄𐌖𐌉 𐌕𐌉𐌕𐌉 𐌋𐌀𐌖,laDi titi sc....,𐌋𐌀𐌃𐌉 𐌕𐌉𐌕𐌉 𐌔𐌂....,laDi titi sc....,,,,1.000,clean,e7c28e46e83b,1
CIE 29,XIT·J19·JANDJ21V9·2J·1NMM9A·AJ,XIT·J19·JANDJ21V9·2J·1NMM9A·AJ,,,,,,0.000,ocr_failed,5ad8725be36a,1
CIE 2901,𐌀𐌓𐌍𐌉 : 𐌕𐌉𐌕𐌄 : 𐌅𐌄𐌋𐌔𐌉 : 𐌓𐌄𐌖𐌔𐌕𐌉𐌀𐌋,arni : tite : velsi : reustial,𐌀𐌓𐌍𐌉 : 𐌕𐌉𐌕𐌄 : 𐌅𐌄𐌋𐌔𐌉 : 𐌓𐌄𐌖𐌔𐌕𐌉𐌀𐌋,arni tite velsi reustial,,,,1.000,clean,d79c247e041f,1
CIE 2902,𐌅𐌀𐌍𐌉𐌀 : 𐌕𐌉𐌕𐌉 : 𐌅𐌄𐌔𐌂𐌖𐌍𐌉𐌀 || 𐌕𐌋𐌄𐌔𐌍𐌀𐌋,Fania : titi : vescunia || tlesnal,,Fania titi vescunia tlesnal,,,,1.000,clean,7f07d79ef0e8,1
CIE 2903,𐌅𐌄𐌋 : 𐌕𐌉𐌕𐌄 : 𐌅𐌄𐌕𐌉 : 𐌕𐌉𐌕𐌉𐌀𐌋,vel : tite : veti : titial :,𐌅𐌄𐌋 : 𐌕𐌉𐌕𐌄 : 𐌅𐌄𐌕𐌉 : 𐌕𐌉𐌕𐌉𐌀𐌋 :,vel tite veti titial,,,,1.000,clean,0d4fe25dc8db,1
CIE 2904,𐌀𐌓𐌍𐌉 : 𐌕𐌉𐌕𐌄 : 𐌅𐌄𐌋𐌀𐌆𐌖,a/r/ni : tite : velazu,𐌀/𐌓/𐌍𐌉 : 𐌕𐌉𐌕𐌄 : 𐌅𐌄𐌋𐌀𐌆𐌖,a/r/ni tite velazu,,,,1.000,clean,3cdcdafa96d3,1
CIE 2905,𐌕𐌉𐌕𐌉 : 𐌇𐌄𐌋𐌆𐌖𐌍𐌉𐌀,titi : helzunia,𐌕𐌉𐌕𐌉 : 𐌇𐌄𐌋𐌆𐌖𐌍𐌉𐌀,titi helzunia,,,,1.000,clean,df89e0d0bf3b,1
CIE 2906,𐌅𐌀 : 𐌕𐌉𐌕𐌉 : 𐌋𐌀𐌕𐌖𐌍𐌉 : 𐌖𐌂𐌓𐌉𐌔𐌋𐌀𐌍,Fa : titi : latuni : ucrislan,𐌚𐌀 : 𐌕𐌉𐌕𐌉 : 𐌋𐌀𐌕𐌖𐌍𐌉 : 𐌖𐌂𐌓𐌉𐌔𐌋𐌀𐌍,Fa titi latuni ucrislan,,,,1.000,clean,3db11805ffc5,1
ETP 54,me,me,𐌌𐌄,me,,150.0,150.0,1.000,clean,2744ccd10c75,1
CIE 1767,arntni: sepu: tutnal: clan,arntni: sepu: tutnal: clan,𐌀𐌓𐌍𐌕𐌍𐌉: 𐌔𐌄𐌐𐌖: 𐌕𐌖𐌕𐌍𐌀𐌋: 𐌂𐌋𐌀𐌍,arntni sepu tutnal clan,,,,1.000,clean,8326eee22cb9,1
11999,arz,arz,𐌀𐌓𐌆,arz,,,,1.000,clean,8760d12e7295,1
CIE 2907,𐌋𐌀𐌓𐌕𐌖𐌍𐌉 : 𐌕𐌉𐌕𐌉𐌀𐌋 : 𐌕𐌖𐌍𐌉𐌀𐌋,larD : titial : tunial,𐌋𐌀𐌓𐌃 : 𐌕𐌉𐌕𐌉𐌀𐌋 : 𐌕𐌖𐌍𐌉𐌀𐌋,larD titial tunial,,,,1.000,clean,8429ada721f8,1
CIE 2908,𐌅𐌋 : 𐌖𐌂𐌓𐌉𐌔𐌋𐌀𐌍𐌄 : 𐌕𐌉𐌕𐌉𐌀𐌋,vl : ucrislane : titi[i]al,𐌅𐌋 : 𐌖𐌂𐌓𐌉𐌔𐌋𐌀𐌍𐌄 : 𐌕𐌉𐌕𐌉[𐌉]𐌀𐌋,vl ucrislane,,,,0.667,clean,826f0ac11b6a,1
CIE 2909,ARANΘAΘAS:MIVIPA:SIVII titi leθrunia carnasa,ARANΘAΘAS:MIVIPA:SIVII titi leθrunia carnasa,,ARANΘAΘAS MIVIPA SIVII titi leθrunia carnasa,,,,1.000,clean,bcb6c810383b,1
CIE 291,Θ.LECNEI.Θ.AP,Θ.LECNEI.Θ.AP,,Θ.LECNEI.Θ.AP,,,,1.000,clean,b1eec7a46cf9,1
CIE 2236,ΘIRIV:ΘIΘA,ΘIRIV:ΘIΘA,,ΘIRIV ΘIΘA,,,,1.000,clean,c873991cb983,1
CIE 471,mi:uniol.I curtun,mi:uniol.I curtun,𐌌𐌉:𐌖𐌍𐌉𐌏𐌋.𐌉 𐌂𐌖𐌓𐌕𐌖𐌍,mi uniol.I curtun,,,,1.000,clean,dcf92d92f8dc,1
CIE 2316,MAQVO,MAQVO,,MAQVO,,,,1.000,clean,f5d123b110ee,1
CIE 2910,AΘEΘVΘA:AIVΘAM:I:MIV:IVΘAΘ fasti:titi:macutia:purcesa,AΘEΘVΘA:AIVΘAM:I:MIV:IVΘAΘ fasti:titi:macutia:purcesa,,AΘEΘVΘA AIVΘAM I MIV IVΘAΘ fasti titi macutia purcesa,,,,1.000,clean,78c61d350b7c,1
CIE 2911,VIΘVΘV:ΞIΘI:VA au:tite:nurziu,VIΘVΘV:ΞIΘI:VA au:tite:nurziu,,VIΘVΘV ΞIΘI VA au tite nurziu,,,,1.000,clean,92efbe8403ae,1
CIE 440,tinscvil,tinscvil,𐌕𐌉𐌍𐌔𐌂𐌅𐌉𐌋,tinscvil,,,,1.000,clean,e8dda971dc39,1
10059,aczt,aczt,𐌀𐌂𐌆𐌕,aczt,,,,1.000,clean,50285aef2a5e,1
CIE 2912,AIVIVΘVΘV:MIV:IΞIΘI:AMAO Θana:titi:nurziunia,AIVIVΘVΘV:MIV:IΞIΘI:AMAO Θana:titi:nurziunia,,AIVIVΘVΘV MIV IΞIΘI AMAO Θana titi nurziunia,,,,1.000,clean,7ecc09bedc86,1
CIE 2913,:AΞNAI:ΞIΘI:ONΘA arni:titi:panza,:AΞNAI:ΞIΘI:ONΘA arni:titi:panza,,AΞNAI ΞIΘI ONΘA arni titi panza,,,,1.000,clean,e38fa7b2d5de,1
CIE 2914,ΞA:AΞNAI:ΞLIVΘV larθi: neiθi:panzas,ΞA:AΞNAI:ΞLIVΘV larθi: neiθi:panzas,,ΞA AΞNAI ΞLIVΘV larθi neiθi panzas,,,,1.000,clean,ff2e7538e436,1
CIE 2915,IΘIΘ:IΘIΘAJ IMIΘAΘ larti:titi:sapini,IΘIΘ:IΘIΘAJ IMIΘAΘ larti:titi:sapini,,,,,,0.000,needs_review,b14b0bb8cbe4,1
CIE 2916,....ΞIΘ:AIVΘVΞ HH AMAO Θana titi secunia:ste:.......,....ΞIΘ:AIVΘVΞ HH AMAO Θana titi secunia:ste:.......,,....ΞIΘ AIVΘVΞ HH AMAO Θana titi secunia ste .......,,,,1.000,clean,ba00cea5213f,1
CIE 2917,AƧIJA MƎV ƧƎIT·AINAAƧ·ITIT·ITƧA,AsIJA MeV seIT·AINAAs·ITIT·ITsA,,,,,,0.000,needs_review,9b73d83747e1,1
CIE 2927,:HAƎO·VƎATIT·ƎNAOƎA,:HAeO·VeATIT·eNAOeA,,HAeO VeATIT eNAOeA,,,,1.000,clean,bc3af50d76ee,1
CIE 2928,....ine:melufnal:,....ine:melufnal:,....𐌉𐌍𐌄:𐌌𐌄𐌋𐌖𐌚𐌍𐌀𐌋:,....ine melufnal,,,,1.000,clean,da9b0510fc2d,1
11113,lasna,lasna,𐌋𐌀𐌔𐌍𐌀,lasna,angeloftheafterlife,,,1.000,clean,6c80d2d7e61c,1
CIE 2929,vl:tite:sveq:maricanial:,vl:tite:sveq:maricanial:,𐌅𐌋:𐌕𐌉𐌕𐌄:𐌔𐌅𐌄𐌒:𐌌𐌀𐌓𐌉𐌂𐌀𐌍𐌉𐌀𐌋:,vl tite sveq maricanial,,,,1.000,clean,57be8e3e631c,1
CIE 2939,AMYSEJ:OJ JANHRA:OJ,AMYSEJ:OJ JANHRA:OJ,,,,,,0.000,needs_review,750b0900fdf1,1
CIE 2930,fasti:titlnei:,fasti:titlnei:,𐌚𐌀𐌔𐌕𐌉:𐌕𐌉𐌕𐌋𐌍𐌄𐌉:,fasti titlnei,,,,1.000,clean,44427e9f10df,1
CIE 449,IMV9T:3I:OA:I3HAI9AS,IMV9T:3I:OA:I3HAI9AS,,,,,,0.000,ocr_failed,a1dc4b423529,1
CIE 1782,UMJAIHIATA A2,UMJAIHIATA A2,,,,,,0.000,ocr_failed,7d59169ed82b,1
CIE 1783,ASVMAIHIATA,ASVMAIHIATA,,ASVMAIHIATA,,,,1.000,clean,37e364da91b4,1
CIE 2931,TILTNEI ARISALISA Tilnei | Arisalisa,TILTNEI ARISALISA Tilnei | Arisalisa,,TILTNEI ARISALISA Tilnei Arisalisa,,,,1.000,clean,7fc15196cf18,1
CIE 2932,...q:tiqane,...q:tiqane,...𐌒:𐌕𐌉𐌒𐌀𐌍𐌄,...q tiqane,,,,1.000,clean,468dc94a2083,1
CIE 2933,aθ:tiqile,aθ:tiqile,𐌀𐌈:𐌕𐌉𐌒𐌉𐌋𐌄,aθ tiqile,,,,1.000,clean,6367bdcc371d,1
CIE 2934,aθ:tiqile:palpe:pulias,aθ:tiqile:palpe:pulias,𐌀𐌈:𐌕𐌉𐌒𐌉𐌋𐌄:𐌐𐌀𐌋𐌐𐌄:𐌐𐌖𐌋𐌉𐌀𐌔,aθ tiqile palpe pulias,,,,1.000,clean,e7b26085d925,1
CIE 2935,Ar:Tibile:P:l,Ar:Tibile:P:l,,Ar Tibile P l,,,,1.000,clean,02c86e132fb3,1
CIE 2938,JAIMHREN:AMLENTNA,JAIMHREN:AMLENTNA,,,,,,0.000,needs_review,279d0efcaedd,1
CIE 2942,JAIMITAJ:VPLJ:AMLENTNA,JAIMITAJ:VPLJ:AMLENTNA,,,,,,0.000,needs_review,31e1f4d912a2,1
CIE 2943,AMVLEJJAJNTTO,AMVLEJJAJNTTO,,,,,,0.000,needs_review,6c296bb1055a,1
ETP 55,uniθiu,uniθiu,𐌖𐌍𐌉𐌈𐌉𐌖,uniθiu,,150.0,100.0,1.000,clean,90001cfa6df1,3
CIE 1883,θana : cainei : aul…is,θana : cainei : aul…is,𐌈𐌀𐌍𐌀 : 𐌂𐌀𐌉𐌍𐌄𐌉 : 𐌀𐌖𐌋…𐌉𐌔,θana cainei aul…is,,,,1.000,clean,58db70986174,1
10001,milarthasarsinaia,milarθasarsinaia,𐌌𐌉𐌋𐌀𐌓𐌈𐌀𐌔𐌀𐌓𐌔𐌉𐌍𐌀𐌉𐌀,milarθasarsinaia,,,,1.000,clean,538b8f26cb79,1
CIE 2944,:ALYLEJSIMHTAJ:IEHLEJTNAO,:ALYLEJSIMHTAJ:IEHLEJTNAO,,,,,,0.000,needs_review,8edf2df2780b,1
CIE 2945,ITLAS AITADJ:IEHLEJT ALAMHRMV,ITLAS AITADJ:IEHLEJT ALAMHRMV,,,,,,0.000,needs_review,0f2be1cad277,1
CIE 469,M3JVA :QAS NTAJ,M3JVA :QAS NTAJ,,,,,,0.000,ocr_failed,3c72c9d020cb,1
CIE 1842,larza:cae:aclnial,sAMsA:sAc:sA:IsAs,𐌔𐌀𐌌𐌔𐌀:𐌔𐌀𐌂:𐌔𐌀:𐌉𐌔𐌀𐌔,sAMsA sAc sA IsAs,,,,1.000,clean,0d2729b905ea,1
CIE 470,INVM1MV-1A,INVM1MV-1A,,,,,,0.000,ocr_failed,e144f7f6e393,1
CIE 472,JIDMNIH,JIDMNIH,,,,,,0.000,needs_review,c93335e9fea3,1
CIE 2946,AHARA:IEHLEJT:AHAO,AHARA:IEHLEJT:AHAO,,,,,,0.000,needs_review,48374efe7330,1
CIE 2947,MOJAL:A12AE haspa:lavin | l9:clates,MOJAL:A12AE haspa:lavin | l9:clates,,,,,,0.000,ocr_failed,e16171941d53,1
CIE 2948,ARANIGAMAS:ARNAONGA:ANISALR:ARNA arna:tlesna:arnPalisa:camarinesa,ARANIGAMAS:ARNAONGA:ANISALR:ARNA arna:tlesna:arnPalisa:camarinesa,,ARANIGAMAS ARNAONGA ANISALR ARNA arna tlesna arnPalisa camarinesa,,,,1.000,clean,0dd1abccdde8,1
CIE 2949,A[R]ESVAVS:AH2EAVT:9A ar:tlesna:claucesA,A[R]ESVAVS:AH2EAVT:9A ar:tlesna:claucesA,,,,,,0.000,ocr_failed,abf7a69e80b5,1
CIE 2950,IAJ8V1A2ESVAISANCAJ la:tlesna:claucesa:pulfnal,IAJ8V1A2ESVAISANCAJ la:tlesna:claucesa:pulfnal,,,,,,0.000,ocr_failed,4502635ef4da,1
CIE 2951,b) V:IA:AH2EAVT:OA a) VAITNA:A2:A2A1A7 vl:papasa:seiantial ad:tlesna:vl:papasa:seiantial,b) V:IA:AH2EAVT:OA a) VAITNA:A2:A2A1A7 vl:papasa:seiantial ad:tlesna:vl:papasa:seiantial,,,,,,0.000,ocr_failed,e21d037b6aac,1
CIE 2952,VJALM V2:V1:A2A1A1:V1 vl:papasa:se[ia]ntial,VJALM V2:V1:A2A1A1:V1 vl:papasa:se[ia]ntial,,,,,,0.000,ocr_failed,e0a82bcbabf0,1
ETP 56,tutis,tutis,𐌕𐌖𐌕𐌉𐌔,tutis,,300.0,250.0,1.000,clean,14c8d1f08d67,1
11114,laran,laran,𐌋𐌀𐌓𐌀𐌍,laran,,,,1.000,clean,6f39d5c0dd9c,4
CIE 2953,IAH8V1OJ:A2A1A1:AM2EAVT:OA ad:tlesna:papasa:l9:pulfnal,IAH8V1OJ:A2A1A1:AM2EAVT:OA ad:tlesna:papasa:l9:pulfnal,,,,,,0.000,ocr_failed,4f5b23f1497c,1
CIE 2956,larθi:tetinei:pulfnal:šec:papa tlesnasa sliša,larθi:tetinei:pulfnal:šec:papa tlesnasa sliša,𐌋𐌀𐌓𐌈𐌉:𐌕𐌄𐌕𐌉𐌍𐌄𐌉:𐌐𐌖𐌋𐌚𐌍𐌀𐌋:𐌔𐌄𐌂:𐌐𐌀𐌐𐌀 𐌕𐌋𐌄𐌔𐌍𐌀𐌔𐌀 𐌔𐌋𐌉𐌔𐌀,larθi tetinei pulfnal šec papa tlesnasa sliša,,,,1.000,clean,eac16eb3ba47,1
CIE 2957,aθ:papasa:aθ:marcnal,aθ:papasa:aθ:marcnal,𐌀𐌈:𐌐𐌀𐌐𐌀𐌔𐌀:𐌀𐌈:𐌌𐌀𐌓𐌂𐌍𐌀𐌋,aθ papasa aθ marcnal,,,,1.000,clean,c583220dbdaa,2
15324,mazeche,mazeχe,𐌌𐌀𐌆𐌄𐌙𐌄,mazeχe,mr-ramthacut,,,1.000,clean,edca768e761d,1
CIE 2958,aθ:papasa:aθ:marcnal,aθ:papasa:aθ:marcnal,𐌀𐌈:𐌐𐌀𐌐𐌀𐌔𐌀:𐌀𐌈:𐌌𐌀𐌓𐌂𐌍𐌀𐌋,aθ papasa aθ marcnal,,,,1.000,clean,c583220dbdaa,2
CIE 2959,vel:papasa:aθ:marcnal,vel:papasa:aθ:marcnal,𐌅𐌄𐌋:𐌐𐌀𐌐𐌀𐌔𐌀:𐌀𐌈:𐌌𐌀𐌓𐌂𐌍𐌀𐌋,vel papasa aθ marcnal,,,,1.000,clean,92a1e64bf0b3,1
ETP 62,[---]lus • cles[---],[---]lus • cles[---],[---]𐌋𐌖𐌔 • 𐌂𐌋𐌄𐌔[---],,,500.0,500.0,0.000,clean,e1275e576ccd,1
CIE 1838,cae·sei·...,sI sI,𐌔𐌉 𐌔𐌉,sI sI,,,,1.000,clean,c8101aaccb10,1
CIE 1839,vel·cae·velsa,AsaA:aA:sAc:aI,𐌀𐌔𐌀𐌀:𐌀𐌀:𐌔𐌀𐌂:𐌀𐌉,AsaA aA sAc aI,,,,1.000,clean,5b8ee8c75cd6,1
CIE 1840,vl·cae·splaturia,AaIaA:aA:sAc:aIs:sAc:aI,𐌀𐌀𐌉𐌀𐌀:𐌀𐌀:𐌔𐌀𐌂:𐌀𐌉𐌔:𐌔𐌀𐌂:𐌀𐌉,AaIaA aA sAc aIs sAc aI,,,,1.000,clean,22536858407c,1
CIE 1841,Vel·Cae·Titial·Traponias,aIv:CAI:TITUvN:saAPONaA,,aIv CAI TITUvN saAPONaA,,,,1.000,clean,070217bcd46c,1
CIE 2960,|||||||[p]atacs:tlesna:petrual,|||||||[p]atacs:tlesna:petrual,|||||||[𐌐]𐌀𐌕𐌀𐌂𐌔:𐌕𐌋𐌄𐌔𐌍𐌀:𐌐𐌄𐌕𐌓𐌖𐌀𐌋,tlesna petrual,,,,0.667,clean,278fdd375c9d,1
CIE 2961,aθ:tlesna:pis:titial:sve[nias],aθ:tlesna:pis:titial:sve[nias],𐌀𐌈:𐌕𐌋𐌄𐌔𐌍𐌀:𐌐𐌉𐌔:𐌕𐌉𐌕𐌉𐌀𐌋:𐌔𐌅𐌄[𐌍𐌉𐌀𐌔],aθ tlesna pis titial,,,,0.800,clean,d033151e8090,1
CIE 2962,carpe,carpe,𐌂𐌀𐌓𐌐𐌄,carpe,,,,1.000,clean,f1c2961a950b,1
CIE 2963,carpe:larθautni:tlesnas,carpe:larθautni:tlesnas,𐌂𐌀𐌓𐌐𐌄:𐌋𐌀𐌓𐌈𐌀𐌖𐌕𐌍𐌉:𐌕𐌋𐌄𐌔𐌍𐌀𐌔,carpe larθautni tlesnas,,,,1.000,clean,da254a2be760,1
CIE 2964,lθ:carini:lθ:tlesnalisa,lθ:carini:lθ:tlesnalisa,𐌋𐌈:𐌂𐌀𐌓𐌉𐌍𐌉:𐌋𐌈:𐌕𐌋𐌄𐌔𐌍𐌀𐌋𐌉𐌔𐌀,lθ carini lθ tlesnalisa,,,,1.000,clean,440922419c26,1
CIE 2965,AZANΛO:I739T:OA,AR.TRIBI.HISTRO,,AR.TRIBI.HISTRO,,,,1.000,clean,87ee02970300,1
CIE 2966,JΛNIΛD:JΛ-I139MDVJ,luci.trepi.vl.cainal,𐌋𐌖𐌂𐌉.𐌕𐌓𐌄𐌐𐌉.𐌅𐌋.𐌂𐌀𐌉𐌍𐌀𐌋,luci.trepi.vl.cainal,,,,1.000,clean,4587211f3649,1
CIE 2968,NΛIJΛ9ΛM:JΛVTVT:V739T:OJ,trepu:tutnal:maralias,𐌕𐌓𐌄𐌐𐌖:𐌕𐌖𐌕𐌍𐌀𐌋:𐌌𐌀𐌓𐌀𐌋𐌉𐌀𐌔,trepu tutnal maralias,,,,1.000,clean,45cc4d55465b,1
CIE 2969,MΛI:JΛNTVT:V739T:OJ,trepu:tutnal:papi,𐌕𐌓𐌄𐌐𐌖:𐌕𐌖𐌕𐌍𐌀𐌋:𐌐𐌀𐌐𐌉,trepu tutnal papi,,,,1.000,clean,1a83b61b3cca,1
CIE 2970,ΛRV739T:I739HVVT,tutnei:trepusa,𐌕𐌖𐌕𐌍𐌄𐌉:𐌕𐌓𐌄𐌐𐌖𐌔𐌀,tutnei trepusa,,,,1.000,clean,67288ed4b30a,1
CIE 2971,JΛOH9Λ:Λ2V739T:OΛJ,lar9:trepusa:arn9al,,,,,,0.000,ocr_failed,b1f0f514d0e3,1
CIE 2976,IAHINHV:TI HIO,IAHINHV:TI HIO,,IAHINHV TI HIO,,,,1.000,clean,5dcfddb29b2d,1
CIE 2237,MIMI:ΘAΘIRIV:ΘVΘA,MIMI:ΘAΘIRIV:ΘVΘA,,MIMI ΘAΘIRIV ΘVΘA,,,,1.000,clean,0efa4d94a385,1
CIE 2977,IANIAI:INHV:SIVA,IANIAI:INHV:SIVA,,IANIAI INHV SIVA,,,,1.000,clean,2466311027e4,1
CIE 2978,AV:ANV:TISA,AV:ANV:TISA,,AV ANV TISA,,,,1.000,clean,5205a4999234,1
CIE 2979,MANOENA:LENHV:ANAO,MANOENA:LENHV:ANAO,,MANOENA LENHV ANAO,,,,1.000,clean,3fd4424275ab,1
CIE 2981,HIAI:TVTNEI:AVLES:LATINI,HIAI:TVTNEI:AVLES:LATINI,,HIAI TVTNEI AVLES LATINI,,,,1.000,clean,621562edd2cc,1
CIE 2982,V·TV·LATI·VEANES,v·tu·lati·veaneś,𐌅·𐌕𐌖·𐌋𐌀𐌕𐌉·𐌅𐌄𐌀𐌍𐌄𐌑,v tu lati veaneś,,,,1.000,clean,b554699e3ba4,1
CIE 2983,[IANHV·IƎI·ANHV·IƎI],vel·tutna : vel·utisnal,𐌅𐌄𐌋·𐌕𐌖𐌕𐌍𐌀 : 𐌅𐌄𐌋·𐌖𐌕𐌉𐌔𐌍𐌀𐌋,vel tutna vel utisnal,,,,1.000,clean,abe8f047c362,1
CIE 2984,𐌃𐌄𐌑·𐌀𐌍𐌓𐌄𐌑·𐌀𐌓𐌀𐌍𐌉𐌇𐌄𐌑·𐌉𐌍𐌓𐌍𐌅𐌏·𐌉𐌍𐌇𐌍𐌅·𐌀𐌖,fa : tutnei : cutlisnei : tetinasa : tlesna : sec :,𐌚𐌀 : 𐌕𐌖𐌕𐌍𐌄𐌉 : 𐌂𐌖𐌕𐌋𐌉𐌔𐌍𐌄𐌉 : 𐌕𐌄𐌕𐌉𐌍𐌀𐌔𐌀 : 𐌕𐌋𐌄𐌔𐌍𐌀 : 𐌔𐌄𐌂 :,fa tutnei cutlisnei tetinasa tlesna sec,,,,1.000,clean,8826ceb8798b,1
CIE 2985,𐌇𐌀𐌔𐌕𐌉𐌀·𐌕𐌖𐌕𐌍𐌄𐌉·𐌕𐌄𐌕𐌉𐌍𐌀𐌔𐌀☉,hastia·tutnei·tetinasa,𐌇𐌀𐌔𐌕𐌉𐌀·𐌕𐌖𐌕𐌍𐌄𐌉·𐌕𐌄𐌕𐌉𐌍𐌀𐌔𐌀,hastia tutnei tetinasa,,,,1.000,clean,efcc79af846e,1
CIE 2986,𐌀𐌍𐌍𐌕𐌖𐌅·𐌏𐌀𐌀𐌅𐌄𐌑·𐌉𐌏,aś : tutna : aś : leusa,𐌀𐌑 : 𐌕𐌖𐌕𐌍𐌀 : 𐌀𐌑 : 𐌋𐌄𐌖𐌔𐌀,aś tutna aś leusa,,,,1.000,clean,ed2d88e2ad49,1
ETP 63,ramθa • camnai,ramθa • camnai,𐌓𐌀𐌌𐌈𐌀 • 𐌂𐌀𐌌𐌍𐌀𐌉,ramθa camnai,,,,1.000,clean,9638ad7bd651,1
3131,arnth(i)al,arnθ(i)al,𐌀𐌓𐌍𐌈(𐌉)𐌀𐌋,,,,,0.000,clean,348cedc0cd11,11
CIE 3022,𐌅𐌌𐌁𐌓𐌉𐌊𐌉𐌀 𐌘𐌉𐌋𐌀𐌄𐌍𐌉𐌔,VMBRICIA PHILAE𐌍IS,,VMBRICIA PHILAE𐌍IS,,,,1.000,clean,829033ae4cab,1
CIE 2987,𐌀𐌋𐌅𐌄𐌑·𐌀𐌍𐌅𐌕·𐌉𐌀𐌀𐌄𐌑·𐌖𐌃𐌀𐌑,vl : tutna : leusa : larcesa,𐌅𐌋 : 𐌕𐌖𐌕𐌍𐌀 : 𐌋𐌄𐌖𐌔𐌀 : 𐌋𐌀𐌓𐌂𐌄𐌔𐌀,vl tutna leusa larcesa,,,,1.000,clean,e70b0389c6d1,1
CIE 2988,𐌉𐌍𐌀𐌀𐌓𐌄𐌑·𐌖𐌅𐌉𐌀𐌍𐌕·𐌉𐌀,vl : tna luscesca ar :,𐌅𐌋 : 𐌕𐌍𐌀 𐌋𐌖𐌔𐌂𐌄𐌔𐌂𐌀 𐌀𐌓 :,vl tna luscesca ar,,,,1.000,clean,0ad1b25ca687,1
CIE 2989,[ : 𐌉𐌀·𐌀𐌓𐌄𐌑·𐌖𐌅𐌉·𐌀𐌍𐌇𐌍𐌅·𐌉𐌀],vl : tutna : lusceś[a] : ar :,𐌅𐌋 : 𐌕𐌖𐌕𐌍𐌀 : 𐌋𐌖𐌔𐌂𐌄𐌑[𐌀] : 𐌀𐌓 :,vl tutna ar,,,,0.750,clean,fcf1b3c0e187,1
CIE 2990,𐌀𐌄𐌑𐌖𐌃𐌖𐌅·𐌉𐌖𐌉𐌀·𐌀𐌉𐌕𐌍𐌅·𐌉𐌕,vl·tutna·vlus·tuscesca,𐌅𐌋·𐌕𐌖𐌕𐌍𐌀·𐌅𐌋𐌖𐌔·𐌕𐌖𐌔𐌂𐌄𐌔𐌂𐌀,vl tutna vlus tuscesca,,,,1.000,clean,a48cb139c29d,1
CIE 2991,LAITVASVININADZVI:LAIH+YTA,LAITVASVININADZVI:LAIH+YTA,,,,,,0.000,ocr_failed,c72ec5e31e09,1
ETP 64,vel : vestrcnie,vel vestrcnie,𐌅𐌄𐌋 𐌅𐌄𐌔𐌕𐌓𐌂𐌍𐌉𐌄,vel vestrcnie,,,,1.000,clean,18bf45df0c25,1
CIE 1874,hasti : caine : halistrea,hasti : caine : halistrea,𐌇𐌀𐌔𐌕𐌉 : 𐌂𐌀𐌉𐌍𐌄 : 𐌇𐌀𐌋𐌉𐌔𐌕𐌓𐌄𐌀,hasti caine halistrea,,,,1.000,clean,9ced0b35fdd2,1
CIE 1875,larθi : cainei : pistia,larθi : cainei : pistia,𐌋𐌀𐌓𐌈𐌉 : 𐌂𐌀𐌉𐌍𐌄𐌉 : 𐌐𐌉𐌔𐌕𐌉𐌀,larθi cainei pistia,,,,1.000,clean,80fb9ce4375a,1
CIE 1876,θania : cainei : nautisal : vi : sec,θania : cainei : nautisal : vi : sec,𐌈𐌀𐌍𐌉𐌀 : 𐌂𐌀𐌉𐌍𐌄𐌉 : 𐌍𐌀𐌖𐌕𐌉𐌔𐌀𐌋 : 𐌅𐌉 : 𐌔𐌄𐌂,θania cainei nautisal vi sec,,,,1.000,clean,38997287f830,1
314,scurfiu(s),scurfiu(s),𐌔𐌂𐌖𐌓𐌚𐌉𐌖(𐌔),,,,,0.000,clean,3db49558475f,1
CIE 1877,aθ : navlis : cainal,aθ : navlis : cainal,𐌀𐌈 : 𐌍𐌀𐌅𐌋𐌉𐌔 : 𐌂𐌀𐌉𐌍𐌀𐌋,aθ navlis cainal,,,,1.000,clean,b679deb43561,2
CIE 1878,aθ : navlis : cainal,aθ : navlis : cainal,𐌀𐌈 : 𐌍𐌀𐌅𐌋𐌉𐌔 : 𐌂𐌀𐌉𐌍𐌀𐌋,aθ navlis cainal,,,,1.000,clean,b679deb43561,2
CIE 1879,θana : cainei,θana : cainei,𐌈𐌀𐌍𐌀 : 𐌂𐌀𐌉𐌍𐌄𐌉,θana cainei,,,,1.000,clean,36f88a94cd86,2
CIE 2992,//////////IIDZVI:AIIA,//////////IIDZVI:AIIA,,//////////IIDZVI AIIA,,,,1.000,clean,52fdd2489ed1,1
CIE 2993,IAIIVAOIADZVI:IAIIVT:AIIAO,IAIIVAOIADZVI:IAIIVT:AIIAO,,IAIIVAOIADZVI IAIIVT AIIAO,,,,1.000,clean,56508e90c6f9,1
CIE 2994,ZAIARAMIA,ZAIARAMIA,,ZAIARAMIA,,,,1.000,clean,2edc975d461a,1
CIE 2995,MAIITVT:DAI,MAIITVT:DAI,,MAIITVT DAI,,,,1.000,clean,fac2ba7c9ad4,1
CIE 2996,:.AZENVVIAI9A9Z:IAIITVT,:.AZENVVIAI9A9Z:IAIITVT,,,,,,0.000,ocr_failed,b74714c0df29,1
CIE 2997,a) I9A:VMLT:AITVT:OII9A; b) AM:VT:OII9A,a) I9A:VMLT:AITVT:OII9A; b) AM:VT:OII9A,,,,,,0.000,ocr_failed,168d641daa6c,1
CIE 2998,vel tutna tumu,vel tutna tumu,𐌅𐌄𐌋 𐌕𐌖𐌕𐌍𐌀 𐌕𐌖𐌌𐌖,vel tutna tumu,,,,1.000,clean,7c303f57b8b3,1
CIE 1892,larθi:cainei:trepalval,larθi:cainei:trepalval,𐌋𐌀𐌓𐌈𐌉:𐌂𐌀𐌉𐌍𐌄𐌉:𐌕𐌓𐌄𐌐𐌀𐌋𐌅𐌀𐌋,larθi cainei trepalval,,,,1.000,clean,35c77dbc9e45,1
CIE 1893,larθi:cainei:cainiz,larθi:cainei:cainiz,𐌋𐌀𐌓𐌈𐌉:𐌂𐌀𐌉𐌍𐌄𐌉:𐌂𐌀𐌉𐌍𐌉𐌆,larθi cainei cainiz,,,,1.000,clean,23c324d2793c,1
CIE 1915,[:𐌖𐌀𐌕𐌀𐌉𐌍𐌀𐌋:𐌐𐌀𐌕𐌖:𐌂𐌀𐌉:𐌀𐌓],ar : cai : patu | atainal,𐌀𐌓 : 𐌂𐌀𐌉 : 𐌐𐌀𐌕𐌖 | 𐌀𐌕𐌀𐌉𐌍𐌀𐌋,ar cai patu atainal,,,,1.000,clean,087d2e07201b,1
CIE 2999,lartia: tumu: qauxania.,lartia: tumu: qauxania.,𐌋𐌀𐌓𐌕𐌉𐌀: 𐌕𐌖𐌌𐌖: 𐌒𐌀𐌖𐌗𐌀𐌍𐌉𐌀.,lartia tumu qauxania.,,,,1.000,clean,920069aa7656,1
CIE 3000,tumu,tumu,𐌕𐌖𐌌𐌖,tumu,,,,1.000,clean,e7945c6cccca,1
CIE 3001,velia tutnal lautniθ,velia tutnal lautniθ,𐌅𐌄𐌋𐌉𐌀 𐌕𐌖𐌕𐌍𐌀𐌋 𐌋𐌀𐌖𐌕𐌍𐌉𐌈,velia tutnal lautniθ,,,,1.000,clean,45d8ac5e726f,1
CIE 3002,C. Tutilius | Philemo,C. Tutilius | Philemo,,C. Tutilius Philemo,,,,1.000,clean,07486ebb4e43,1
CIE 3003,C. Tutiki | C. l. Philodami,C. Tutiki | C. l. Philodami,,C. Tutiki C. l. Philodami,,,,1.000,clean,a8b7b0dc46f3,1
CIE 3004,C. Tutilius L. f | Spaspo,C. Tutilius L. f | Spaspo,,C. Tutilius L. f Spaspo,,,,1.000,clean,0df2a02e6f96,1
10006,artumesial,artumesial,𐌀𐌓𐌕𐌖𐌌𐌄𐌔𐌉𐌀𐌋,artumesial,,,,1.000,clean,c42a94c6f134,1
CIE 2275,𐌂𐌀𐌄:𐌇𐌄𐌓𐌉𐌍𐌉:𐌖𐌋,CAE:HERINI:VL,,CAE HERINI VL,,,,1.000,clean,5d15da9f53ce,1
CIE 1900,MAIΠΨJΨO:2HΠ9A:3A:D:ΨA au: cae: arentis: hulunias,MAIΠΨJΨO:2HΠ9A:3A:D:ΨA au: cae: arentis: hulunias,,,,,,0.000,ocr_failed,7fc075b3d5e4,1
CIE 1901,ΨIΨO:∃A:J cae: hulu,ΨIΨO:eA:J cae: hulu,,,,,,0.000,needs_review,e785d5ea004c,1
CIE 1902,ΨAΨ42A:2HΨA:D:A∃ΨA:1A:D ar: cae: cranusa: campis: vetrual,ΨAΨ42A:2HΨA:D:AeΨA:1A:D ar: cae: cranusa: campis: vetrual,,,,,,0.000,ocr_failed,aefb8a74a5ad,1
CIE 1903,1A:D:AΠ:∃A:1H:ΨA:D:A:J ∃a[n]ia:cainei:crawpania:larθal,1A:D:AΠ:eA:1H:ΨA:D:A:J ea[n]ia:cainei:crawpania:larθal,,,,,,0.000,ocr_failed,ed0274321577,1
CIE 1904,HIA:AIHAO AIRE:JIA JAVAMV,HIA:AIHAO AIRE:JIA JAVAMV,,,,,,0.000,needs_review,9f470e0eb484,1
CIE 3005,A,A,𐌀,A,,,,1.000,clean,ca978112ca1b,3
CIE 3006,larθi: ucalθui: huracelsa,larθi: ucalθui: huracelsa,𐌋𐌀𐌓𐌈𐌉: 𐌖𐌂𐌀𐌋𐌈𐌖𐌉: 𐌇𐌖𐌓𐌀𐌂𐌄𐌋𐌔𐌀,larθi ucalθui huracelsa,,,,1.000,clean,77aba32dd510,1
CIE 3007,AMIAOIEHI9I A2E3+,PANA|UCIRINEI|TURTESA,,PANA UCIRINEI TURTESA,,,,1.000,clean,1595314c060c,1
CIE 3008,9A:O9A:A9V:O,L9:UCRISLANE:ARN9AL:,,,,,,0.000,ocr_failed,2864dce3fefb,1
CIE 3009,M9A9V+,L9:UCRISLANE:TUFNIAS:,,,,,,0.000,ocr_failed,d716e06eb08b,1
CIE 2238,ITI:ΘI:ΘIRIV:ΘA,ITI:ΘI:ΘIRIV:ΘA,,ITI ΘI ΘIRIV ΘA,,,,1.000,clean,5cf0ba7f2036,1
3157,trebo,trebo,𐌕𐌓𐌄𐌁𐌏,trebo,mr-titusarriustrebomrtitussson,,,1.000,clean,25be3a5bde23,1
CIE 3016,AIV1:A1M9V:AIO9AJ MIMI91O:MVT2I,LAR9IA:UMRIA:PUIA|PESTUS:PEPRINIS,,,,,,0.000,ocr_failed,d5edca217bba,1
CIE 3017,𐌋𐌀𐌓𐌈𐌖𐌌𐌓𐌀𐌍𐌀𐌋𐌀𐌓𐌉𐌔𐌀𐌋𐌉𐌔𐌀,lar[θ] umrana larisalisa,𐌋𐌀𐌓[𐌈] 𐌖𐌌𐌓𐌀𐌍𐌀 𐌋𐌀𐌓𐌉𐌔𐌀𐌋𐌉𐌔𐌀,umrana larisalisa,,,,0.667,clean,8cd8dd4c7b50,1
CIE 3018,a) 𐌌𐌀𐌓𐌀𐌈𐌖𐌍𐌀𐌀𐌍𐌀𐌌𐌖𐌖𐌋𐌀 b) 𐌌𐌀𐌉,a) MARAΘUNAANAMVLA b) MAI,,MARAΘUNAANAMVLA MAI,,,,0.500,clean,b8ea25cac518,1
CIE 3019,𐌉𐌍𐌕𐌖𐌀𐌋 𐌌𐌀𐌍𐌀𐌈𐌖𐌌 𐌅𐌋𐌄𐌈𐌖𐌌𐌖𐌍𐌉,INTVAL MANAΘUM VLEΘUMUNI,,INTVAL MANAΘUM VLEΘUMUNI,,,,1.000,clean,af07d61ac368,1
CIE 3020,𐌀𐌔𐌊𐌉𐌋𐌉𐌔𐌀𐌈𐌖𐌍𐌀𐌈𐌖𐌍𐌀𐌈𐌖𐌍𐌀𐌈𐌖𐌍𐌀,hastia: umranei: arn𐌈sa,𐌇𐌀𐌔𐌕𐌉𐌀: 𐌖𐌌𐌓𐌀𐌍𐌄𐌉: 𐌀𐌓𐌍𐌈𐌔𐌀,hastia umranei arn𐌈sa,,,,1.000,clean,2308b5b96872,1
CIE 3021,M.VMBRICIVS·C·L·MENOMA,M.VMBRICIVS·C·L·MENOMA,,M.VMBRICIVS C L MENOMA,,,,1.000,clean,539e693b567d,1
CIE 3023,𐌀𐌐𐌉𐌀𐌍𐌖𐌀𐌈·𐌀𐌈·𐌀𐌍𐌖·𐌏𐌀 𐌌𐌍·𐌏𐌕𐌀𐌊𐌉𐌋𐌉𐌖𐌔·𐌓𐌖𐌘𐌖𐌔·𐌅𐌀𐌓𐌉𐌀·𐌍𐌀𐌕𐌖𐌔,AP𐌉𐌀𐌍𐌖𐌀𐌈·A𐌈·A𐌍𐌖·𐌏𐌀 M𐌍·OTACILIVS·RVFVS·VARIA·NATVS,,AP𐌉𐌀𐌍𐌖𐌀𐌈 A𐌈 A𐌍𐌖 𐌏𐌀 M𐌍 OTACILIVS RVFVS VARIA NATVS,,,,1.000,clean,9d331efa8665,1
CIE 3024,𐌏𐌋·𐌀𐌈𐌀𐌍𐌖·𐌏𐌋 ·𐌌𐌀𐌉𐌍𐌄𐌈𐌖𐌌,O𐌋·A𐌈A𐌍𐌖·O𐌋 ·MAI𐌍𐌄𐌈𐌖𐌌,,O𐌋 A𐌈A𐌍𐌖 O𐌋 MAI𐌍𐌄𐌈𐌖𐌌,,,,1.000,clean,e9193d315075,1
CIE 2593,𐌋𐌈:𐌐𐌓𐌄𐌒𐌖:𐌋𐌈:𐌕𐌉𐌕𐌉𐌀𐌋,lθ:prequ:lθ:titial:,𐌋𐌈:𐌐𐌓𐌄𐌒𐌖:𐌋𐌈:𐌕𐌉𐌕𐌉𐌀𐌋:,lθ prequ lθ titial,,,,1.000,clean,8e6828255531,1
8332,mecio a(vloi) (f(ileo)),mecio a(vloi) (f(ileo)),𐌌𐌄𐌂𐌉𐌏 𐌀(𐌅𐌋𐌏𐌉) (𐌚(𐌉𐌋𐌄𐌏)),mecio,for-mr-caiosmeciosmr-aulossson,,,0.333,clean,857fdd3cbe20,1
CIE 3025,𐌀𐌔𐌈𐌖𐌍𐌀𐌈𐌖𐌍𐌀,unai alcesa,𐌖𐌍𐌀𐌉 𐌀𐌋𐌂𐌄𐌔𐌀,unai alcesa,,,,1.000,clean,0663be671d43,1
ETP 65,hetaθaσa,hetaθaσa,𐌇𐌄𐌕𐌀𐌈𐌀𐌑𐌀,hetaθaσa,,625.0,600.0,1.000,clean,f51fac8b17a8,1
CIE 1921,cainei precunia,cainei precunia,𐌂𐌀𐌉𐌍𐌄𐌉 𐌐𐌓𐌄𐌂𐌖𐌍𐌉𐌀,cainei precunia,,,,1.000,clean,c1cfb949cb68,1
CIE 1922,aule cae | raufe pumpanal,aule cae | raufe pumpanal,𐌀𐌖𐌋𐌄 𐌂𐌀𐌄 | 𐌓𐌀𐌖𐌚𐌄 𐌐𐌖𐌌𐌐𐌀𐌍𐌀𐌋,aule cae raufe pumpanal,,,,1.000,clean,08a6bc1835de,1
CIE 1923,θania : cainei | pumpnei | tecumnal,θania : cainei | pumpnei | tecumnal,𐌈𐌀𐌍𐌉𐌀 : 𐌂𐌀𐌉𐌍𐌄𐌉 | 𐌐𐌖𐌌𐌐𐌍𐌄𐌉 | 𐌕𐌄𐌂𐌖𐌌𐌍𐌀𐌋,θania cainei pumpnei tecumnal,,,,1.000,clean,299e693363c1,1
CIE 1924,arniθ : cae : pestiu : aul : cainal :,arniθ : cae : pestiu : aul : cainal :,𐌀𐌓𐌍𐌉𐌈 : 𐌂𐌀𐌄 : 𐌐𐌄𐌔𐌕𐌉𐌖 : 𐌀𐌖𐌋 : 𐌂𐌀𐌉𐌍𐌀𐌋 :,arniθ cae pestiu aul cainal,,,,1.000,clean,c64a83a63914,1
CIE 1925,caia : restumnei | anes,caia : restumnei | anes,𐌂𐌀𐌉𐌀 : 𐌓𐌄𐌔𐌕𐌖𐌌𐌍𐌄𐌉 | 𐌀𐌍𐌄𐌔,caia restumnei anes,,,,1.000,clean,dfdc750e5338,1
CIE 1946,𐌅𐌋:𐌂𐌀𐌍𐌇𐌍𐌀:𐌅𐌋:𐌅𐌄𐌕𐌍𐌀𐌋,vl: canzna: vl: vetnal,𐌅𐌋: 𐌂𐌀𐌍𐌆𐌍𐌀: 𐌅𐌋: 𐌅𐌄𐌕𐌍𐌀𐌋,vl canzna vl vetnal,,,,1.000,clean,42f4e7d688ec,1
CIE 3030,vel:upus:larθal,vel:upus:larθal,𐌅𐌄𐌋:𐌖𐌐𐌖𐌔:𐌋𐌀𐌓𐌈𐌀𐌋,vel upus larθal,,,,1.000,clean,c17cc8887187,1
CIE 3031,vl:urata:vl:ucumenaθ,vl:urata:vl:ucumenaθ,𐌅𐌋:𐌖𐌓𐌀𐌕𐌀:𐌅𐌋:𐌖𐌂𐌖𐌌𐌄𐌍𐌀𐌈,vl urata vl ucumenaθ,,,,1.000,clean,b9ed2207de38,1
CIE 3032a,larθi:uri:θinei,larθi:uri:θinei,𐌋𐌀𐌓𐌈𐌉:𐌖𐌓𐌉:𐌈𐌉𐌍𐌄𐌉,larθi uri θinei,,,,1.000,clean,cb8fef532411,2
CIE 3032b,larθi:uri:θinei,larθi:uri:θinei,𐌋𐌀𐌓𐌈𐌉:𐌖𐌓𐌉:𐌈𐌉𐌍𐌄𐌉,larθi uri θinei,,,,1.000,clean,cb8fef532411,2
CIE 3033,au:ursmini:aplunias:cecus,au:ursmini:aplunias:cecus,𐌀𐌖:𐌖𐌓𐌔𐌌𐌉𐌍𐌉:𐌀𐌐𐌋𐌖𐌍𐌉𐌀𐌔:𐌂𐌄𐌂𐌖𐌔,au ursmini aplunias cecus,,,,1.000,clean,15f8777b25f3,1
CIE 3034,a...:sina:velaianal,a...:sina:velaianal,𐌀...:𐌔𐌉𐌍𐌀:𐌅𐌄𐌋𐌀𐌉𐌀𐌍𐌀𐌋,a... sina velaianal,,,,1.000,clean,e2641749f3ae,1
CIE 3035,Larthia:Otanis,Larthia:Otanis,,Larthia Otanis,,,,1.000,clean,07f3c376216d,1
CIE 3036,Larthia Otanis,Larthia Otanis,,Larthia Otanis,,,,1.000,clean,2e64342b5a71,1
CIE 3037,laziu:ugle:ietis,laziu:ugle:ietis,,laziu ugle ietis,,,,1.000,clean,e63017e73630,1
CIE 3038,ar:fasntru:sinunias,ar:fasntru:sinunias,𐌀𐌓:𐌚𐌀𐌔𐌍𐌕𐌓𐌖:𐌔𐌉𐌍𐌖𐌍𐌉𐌀𐌔,ar fasntru sinunias,,,,1.000,clean,1804b92a1bda,1
11171,fiuls,fiuls,𐌚𐌉𐌖𐌋𐌔,fiuls,,,,1.000,clean,d2a078992cb0,1
CIE 3039,arnθ:feθiu:larisal,arnθ:feθiu:larisal,𐌀𐌓𐌍𐌈:𐌚𐌄𐌈𐌉𐌖:𐌋𐌀𐌓𐌉𐌔𐌀𐌋,arnθ feθiu larisal,,,,1.000,clean,35a545b34440,1
CIE 3047,JAI9A:A9A9A:3:AISSAJ,JAI9A:A9A9A:3:AISSAJ,,,,,,0.000,ocr_failed,74ad9b83c40f,1
8333,t(itos) p(oplios) c(aii),t(itos) p(oplios) c(aii),𐌕(𐌉𐌕𐌏𐌔) 𐌐(𐌏𐌐𐌋𐌉𐌏𐌔) 𐌂(𐌀𐌉𐌉),,nnia,,,0.000,clean,87152b315ed1,1
CIE 3040,la[r]θ:fraun[i],la[r]θ:fraun[i],𐌋𐌀[𐌓]𐌈:𐌚𐌓𐌀𐌖𐌍[𐌉],,,,,0.000,clean,394135663d22,1
CIE 3041,las:fraucni:atinatial:,las:fraucni:atinatial:,𐌋𐌀𐌔:𐌚𐌓𐌀𐌖𐌂𐌍𐌉:𐌀𐌕𐌉𐌍𐌀𐌕𐌉𐌀𐌋:,las fraucni atinatial,,,,1.000,clean,26b7a220cb3f,1
CIE 3042,lθ:fraunei:tiitaea|atinatial,lθ:fraunei:tiitaea|atinatial,𐌋𐌈:𐌚𐌓𐌀𐌖𐌍𐌄𐌉:𐌕𐌉𐌉𐌕𐌀𐌄𐌀|𐌀𐌕𐌉𐌍𐌀𐌕𐌉𐌀𐌋,lθ fraunei tiitaea atinatial,,,,1.000,clean,66ff5909f8b5,1
CIE 3043,arnsa:frauni:murinal:,arnsa:frauni:murinal:,𐌀𐌓𐌍𐌔𐌀:𐌚𐌓𐌀𐌖𐌍𐌉:𐌌𐌖𐌓𐌉𐌍𐌀𐌋:,arnsa frauni murinal,,,,1.000,clean,df2df79f9d30,1
CIE 3044,HAJ:JAITAIa 2:2 J:IMYA98:VA,HAJ:JAITAIa 2:2 J:IMYA98:VA,,,,,,0.000,ocr_failed,8fbbc75319f4,1
CIE 3045,:JAHO21OA:IMD9A9 8:OA,:JAHO21OA:IMD9A9 8:OA,,,,,,0.000,ocr_failed,8c72c44db54c,1
CIE 3046,:JANOAI:IMD9A98:OA,:JANOAI:IMD9A98:OA,,,,,,0.000,ocr_failed,5b93c72528f2,1
10134,r(am)th(as),r(am)θ(as),𐌓(𐌀𐌌)𐌈(𐌀𐌔),,,,,0.000,clean,5eba80f4b853,8
CIE 1939,IVLSIHINIA:ASQA arni:calisni:velu,IVLSIHINIA:ASQA arni:calisni:velu,,IVLSIHINIA ASQA arni calisni velu,,,,1.000,clean,4476c85a6d76,1
ETP 363,[---]xσxxxilax[---],[---]xσxxxilax[---],[---]𐌗𐌑𐌗𐌗𐌗𐌉𐌋𐌀𐌗[---],,,600.0,600.0,0.000,clean,c2aac4a6ef3a,1
CIE 1940,JAIDEO:SAM||||||||||| l|r:ca|mas:helial: JAIDEO:SAMAD:CJ,JAIDEO:SAM||||||||||| l|r:ca|mas:helial: JAIDEO:SAMAD:CJ,,,,,,0.000,needs_review,4860e56aa6a0,1
CIE 1941,MAHMA:VAI:ARIOQAI lar:dia:camei:lar:disa:la,MAHMA:VAI:ARIOQAI lar:dia:camei:lar:disa:la,,MAHMA VAI ARIOQAI lar dia camei lar disa la,,,,1.000,clean,d5e52cf31a5e,1
CIE 3048,:LAIOI9MA:3:OHEI:IMYA9:8:OA,:LAIOI9MA:3:OHEI:IMYA9:8:OA,,,,,,0.000,ocr_failed,c0d5a8f4e8be,1
CIE 3051,HOVA9IMYA98:OA,HOVA9IMYA98:OA,,,,,,0.000,ocr_failed,49fe73665631,1
CIE 3052,9A2OA9A 9819A8,9A2OA9A 9819A8,,,,,,0.000,ocr_failed,b6d7f4224825,1
CIE 3053,AZV+A1·A1398·A1AO,AZV+A1·A1398·A1AO,,,,,,0.000,ocr_failed,8427a00998a8,1
CIE 3054,...AO A193O MV+A1,...AO A193O MV+A1,,,,,,0.000,ocr_failed,8858b1b5f0a1,1
CIE 3055,·I Y8O·3JYH,·I Y8O·3JYH,,,,,,0.000,ocr_failed,40798c5fbde1,1
CIE 3056,[JANIT+Z·O]:VJVO:OΛ,[JANIT+Z·O]:VJVO:OΛ,,,,,,0.000,ocr_failed,1b08d3d03356,1
CIE 3057,:ΛO?Λ9:INVVO:VΛJ,:ΛO?Λ9:INVVO:VΛJ,,,,,,0.000,ocr_failed,cbfadb730074,1
CIE 3058,LARTHI·HOLLON·RAVE·IA,LARTHI·HOLLON·RAVE·IA,,LARTHI HOLLON RAVE IA,,,,1.000,clean,5d9c26a56436,1
CIE 3059,MINVVE·INVAI·O19Λ,MINVVE·INVAI·O19Λ,,,,,,0.000,ocr_failed,62a5b2d5418a,1
8334,leviis,leviis,𐌋𐌄𐌅𐌉𐌉𐌔,leviis,with-mr-luciusleviusmr-,,,1.000,clean,2daa6c448a15,1
CIE 1990,MAIRVOE:VECA,MAIRVOE:VECA,,MAIRVOE VECA,,,,1.000,clean,e8fc86d5f95c,1
CIE 3060,EDΛ9V8:J:VΛ,EDΛ9V8:J:VΛ,,,,,,0.000,ocr_failed,ff8a29fcda13,1
CIE 3061,:JΛHIΛ):MVJΛ:3Λ9V9:JΛ1,:JΛHIΛ):MVJΛ:3Λ9V9:JΛ1,,,,,,0.000,ocr_failed,9fefa3550a49,1
CIE 3062,HVΛN,HVΛN,,,,,,0.000,needs_review,94524c4a69ed,1
CIE 3063,CN·PHISIVS·L·F,CN·PHISIVS·L·F,,CN PHISIVS L F,,,,1.000,clean,2516e40ca813,1
CIE 3064,Λ12ΛN8ΛN1IΛΛΛNΛO,Λ12ΛN8ΛN1IΛΛΛNΛO,,,,,,0.000,ocr_failed,a90b03ad7a92,1
CIE 3066,PHLVMINA. MINVMA·CHIIIT· Philumena | Minuma · Chei · f ·,PHLVMINA. MINVMA·CHIIIT· Philumena | Minuma · Chei · f ·,,PHLVMINA. MINVMA CHIIIT Philumena Minuma Chei f,,,,1.000,clean,4e7eaf3712b6,1
CIE 3067,meinei·papaslisa·|·vl·titialc·sec,meinei·papaslisa·|·vl·titialc·sec,𐌌𐌄𐌉𐌍𐌄𐌉·𐌐𐌀𐌐𐌀𐌔𐌋𐌉𐌔𐌀·|·𐌅𐌋·𐌕𐌉𐌕𐌉𐌀𐌋𐌂·𐌔𐌄𐌂,meinei papaslisa vl titialc sec,,,,1.000,clean,564f49e5ae27,1
CIE 3068,ƎNƜV+ V12A12 2A1A1 tutnei | spaspu | papas,eNmV+ V12A12 2A1A1 tutnei | spaspu | papas,,,,,,0.000,ocr_failed,2bdd61787f42,1
CIE 3072,AƜI1I7·V93I·VA au·petru·vipinal,AmI1I7·V93I·VA au·petru·vipinal,,,,,,0.000,ocr_failed,52980e03b9e6,1
CIE 3073,A[I]IƜVƎ2 IV93[I]1 IANƜV+ secunia | petrui | tutnal,A[I]ImVe2 IV93[I]1 IANmV+ secunia | petrui | tutnal,,,,,,0.000,ocr_failed,b9c1dff99908,1
CIE 3074,INTVAI:MIN8JA:8IVA,INTVAI:MIN8JA:8IVA,,,,,,0.000,ocr_failed,85579cfee59b,1
8340,cvando,cvando,𐌂𐌅𐌀𐌍𐌃𐌏,cvando,mr-larscotenamr-larsssongeneralaccording,,,1.000,clean,2112519f9046,1
CIE 3075,8IN8JA:8V8E:IH+VAI:8DIMYIJT,8IN8JA:8V8E:IH+VAI:8DIMYIJT,,,,,,0.000,ocr_failed,6e167d112948,1
12787,puia,puia,𐌐𐌖𐌉𐌀,puia,,,,1.000,clean,64f8f048df93,5
CIE 3076,INTYAI:MIN8JA:8IHHAA,INTYAI:MIN8JA:8IHHAA,,,,,,0.000,ocr_failed,ecb27332086a,1
ETP 66,zureθ,zureθ,𐌆𐌖𐌓𐌄𐌈,zureθ,,600.0,550.0,1.000,clean,49090c47bddd,1
CIE 3270,𐌍𐌉𐌂𐌉𐌀,...nicia...,...𐌍𐌉𐌂𐌉𐌀...,...nicia...,,,,1.000,clean,0e22ce317750,1
CIE 3077,AOMAQ,AOMAQ,,AOMAQ,,,,1.000,clean,4722b799215a,1
CIE 3078,M8JIH+H37:AOIN+VAI:AOMAQ,M8JIH+H37:AOIN+VAI:AOMAQ,,,,,,0.000,ocr_failed,1910b4aa064b,1
CIE 3079,YAN+X8O+AOIN+VAI+JAI+AIA2,YAN+X8O+AOIN+VAI+JAI+AIA2,,,,,,0.000,ocr_failed,7b7a18784de4,1
CIE 3080,YAMAO+VD2E8IH+AOIN+VAI:M,YAMAO+VD2E8IH+AOIN+VAI:M,,,,,,0.000,ocr_failed,5a9a732da362,1
CIE 3081,ATYV237I:IJ8H:IOAV,ATYV237I:IJ8H:IOAV,,,,,,0.000,ocr_failed,3ce9341f6bba,1
CIE 3082,LANIJAS AINAS,LANIJAS AINAS,,,,,,0.000,needs_review,3cc89f0ce2e4,1
CIE 3083,ATVAJ ATIT INATV M AINAS AINAS,ATVAJ ATIT INATV M AINAS AINAS,,,,,,0.000,needs_review,b008d625980b,1
CIE 1975,𐌂𐌄𐌉𐌂𐌍𐌄𐌉,ceicnei,𐌂𐌄𐌉𐌂𐌍𐌄𐌉,ceicnei,,,,1.000,clean,502930f907ad,2
CIE 1976,𐌀𐌜𐌄𐌉𐌍𐌀𐌔𐌀𐌐𐌉𐌍𐌉𐌀𐌔,aθ ceina | sapinias,𐌀𐌈 𐌂𐌄𐌉𐌍𐌀 | 𐌔𐌀𐌐𐌉𐌍𐌉𐌀𐌔,aθ ceina sapinias,,,,1.000,clean,29df2191a593,1
CIE 1977,𐌋𐌀𐌜𐌉𐌋𐌀𐌓𐌉𐌔𐌀𐌋𐌕𐌉𐌕𐌉𐌀𐌋,laθi : larisal : titial,𐌋𐌀𐌈𐌉 : 𐌋𐌀𐌓𐌉𐌔𐌀𐌋 : 𐌕𐌉𐌕𐌉𐌀𐌋,laθi larisal titial,,,,1.000,clean,be2d559d9116,1
CIE 2162,VAAAINVATA8AAAO,VAAAINVATA8AAAO,,,,,,0.000,ocr_failed,e4b0b549989e,1
CIE 3084,MVJ37:J3:JNIJ:ANAO,MVJ37:J3:JNIJ:ANAO,,,,,,0.000,ocr_failed,8ebb47d62562,1
CIE 3085,IM3VM:J3NIJ:D...,IM3VM:J3NIJ:D...,,,,,,0.000,ocr_failed,bf7dc50c0c25,1
CIE 3086,INTRAJ:JATVAIJ:JATVAIJ,INTRAJ:JATVAIJ:JATVAIJ,,,,,,0.000,needs_review,5245fcebd686,1
CIE 3087,INHAAJ..... MEJNI.....,INHAAJ..... MEJNI.....,,,,,,0.000,needs_review,d76fe0ac20e7,1
CIE 3088,J3CVHA:J3:HADEJ:J:DINHVAJ,J3CVHA:J3:HADEJ:J:DINHVAJ,,,,,,0.000,ocr_failed,58e7e10e1dd6,1
ETP 364,[---]m[u]lu[---],[---]m[u]lu[---],[---]𐌌[𐌖]𐌋𐌖[---],,,600.0,600.0,0.000,clean,fd265e3a2727,1
CIE 3089,2.9.IMHVAJ.A:J3I,2.9.IMHVAJ.A:J3I,,,,,,0.000,ocr_failed,5356bbbc25c2,1
CIE 3090,JAONJA I93H3:IMHVAJ,JAONJA I93H3:IMHVAJ,,,,,,0.000,ocr_failed,d11a7be20c13,1
CIE 3091,JAθI·A·L·FNE·VEC·SA·L·VINAL,LAθI·A[L]FNE·VEC[USA·]SAL[VINAL],,LAθI,,,,0.250,clean,2253d5b345bf,1
CIE 3092,·:Aθ·NA··········IθU·LARθI····,ARNθNA·IθU·LARθI,,ARNθNA IθU LARθI,,,,1.000,clean,dd80c4cf7424,1
CIE 3093,···VEL·ATINI,VEL·ATINI,,VEL ATINI,,,,1.000,clean,b13794a7acc2,1
CIE 3094,····AINOVI····VADAN,AINOVI·VADAN,,AINOVI VADAN,,,,1.000,clean,2849c1bedc9d,1
CIE 3095,···VE·SIA·PLANTAL,VE[SI]A·PLAN[TAL],,,,,,0.000,clean,25d0ca5a445b,1
CIE 3096,ARNθ·CA(E),ARNθ·CA(E),,ARNθ,,,,0.500,clean,8e7bff04bad2,1
CIE 3097,Lθ·CAÇ,Lθ·CAc,𐌋𐌈·𐌂𐌀𐌂,Lθ CAc,,,,1.000,clean,8c0c3f36b82b,1
CIE 3098,[ID·IθU·LARθI] [···CI·LE],LARθI·CI·LE,,LARθI CI LE,,,,1.000,clean,ce1e3506c7bf,1
CIE 3099,LθI·CRACA,LθI·CRACA,,LθI CRACA,,,,1.000,clean,693f435a511d,1
CIE 31,J11T·J19·2J·J1R17V2·V011,J11T·J19·2J·J1R17V2·V011,,,,,,0.000,ocr_failed,17c30fe75547,1
CIE 3100,CRE·CA,CRE·CA,,CRE CA,,,,1.000,clean,4e4fbf3ecade,1
CIE 3101,[···ARNθI·CR···],ARNθI·CR[EI]C[LE],,ARNθI,,,,0.500,clean,27d584646981,1
CIE 3102,[... . . . . . . . . . . . . . . . . . . . . . . . . . . . . . . . . . . . . . . . . . . . . . . . . . . . . . . . . . . . . . . . . . . . . . . . . . . . . . . . . . . . . . . . . . . . . . . . . . . . . . . . . . . . . . . . . . . . . . . . . . . . . . . . . . . . . . . . . . . . . . . . . . . . . . . . . . . . . . . . . . . . . . . . . . . . . . . . . . . . . . . . . . . . . . . . . . . . . . . . . . . . . . . . . . . . . . . . . . . . . . . . . . . . . . . . . . . . . . . . . . . . . . . . . . . . . . . . . . . . . . . . . . . . . . . . . . . . . . . . . . . . . . . . . . . . . . . . . . . . . . . . . . . . . . . . . . . . . . . . . . . . . . . . . . . . . . . . . . . . . . . . . . . . . . . . . . . . . . . . . . . . . . . . . . . . . . . . . . . . . . . . . . . . . . . . . . . . . . . . . . . . . . . . . . . . . . . . . . . . . . . . . . . . . . . . . . . . . . . . . . . . . . . . . . . . . . . . . . . . . . . . . . . . . . . . . . . . . . . . . . . . . . . . . . . . . . . . . . . . . . . . . . . . . . . . . . . . . . . . . . . . . . . . . . . . . . . . . . . . . . . . . . . . . . . . . . . . . . . . . . . . . . . . . . . . . . . . . . . . . . . . . . . . . . . . . . . . . . . . . . . . . . . . . . . . . . . . . . . . . . . . . . . . . . . . . . . . . . . . . . . . . . . . . . . . . . . . . . . . . . . . . . . . . . . . . . . . . . . . . . . . . . . . . . . . . . . . . . . . . . . . . . . . . . . . . . . . . . . . . . . . . . . . . . . . . . . . . . . . . . . . . . . . . . . . . . . . . . . . . . . . . . . . . . . . . . . . . . . . . . . . . . . . . . . . . . . . . . . . . . . . . . . . . . . . . . . . . . . . . . . . . . . . . . . . . . . . . . . . . . . . . . . . . . . . . . . . . . . . . . . . . . . . . . . . . . . . . . . . . . . . . . . . . . . . . . . . . . . . . . . . . . . . . . . . . . . . . . . . . . . . . . . . . . . . . . . . . . . . . . . . . . . . . . . . . . . . . . . . . . . . . . . . . . . . . . . . . . . . . . . . . . . . . . . . . . . . . . . . . . . . . . . . . . . . . . . . . . . . . . . . . . . . . . . . . . . . . . . . . . . . . . . . . . . . . . . . . . . . . . . . . . . . . . . . . . . . . . . . . . . . . . . . . . . . . . . . . . . . . . . . . . . . . . . . . . . . . . . . . . . . . . . . . . . . . . . . . . . . . . . . . . . . . . . . . . . . . . . . . . . . . . . . . . . . . . . . . . . . . . . . . . . . . . . . . . . . . . . . . . . . . . . . . . . . . . . . . . . . . . . . . . . . . . . . . . . . . . . . . . . . . . . . . . . . . . . . . . . . . . . . . . . . . . . . . . . . . . . . . . . . . . . . . . . . . . . . . . . . . . . . . . . . . . . . . . . . . . . . . . . . . . . . . . . . . . . . . . . . . . . . . . . . . . . . . . . . . . . . . . . . . . . . . . . . . . . . . . . . . . . . . . . . . . . . . . . . . . . . . . . . . . . . . . . . . . . . . . . . . . . . . . . . . . . . . . . . . . . . . . . . . . . . . . . . . . . . . . . . . . . . . . . . . . . . . . . . . . . . . . . . . . . . . . . . . . . . . . . . . . . . . . . . . . . . . . . . . . . . . . . . . . . . . . . . . . . . . . . . . . . . . . . . . . . . . . . . . . . . . . . . . . . . . . . . . . . . . . . . .,[... . . . . . . . . . . . . . . . . . . . . . . . . . . . . . . . . . . . . . . . . . . . . . . . . . . . . . . . . . . . . . . . . . . . . . . . . . . . . . . . . . . . . . . . . . . . . . . . . . . . . . . . . . . . . . . . . . . . . . . . . . . . . . . . . . . . . . . . . . . . . . . . . . . . . . . . . . . . . . . . . . . . . . . . . . . . . . . . . . . . . . . . . . . . . . . . . . . . . . . . . . . . . . . . . . . . . . . . . . . . . . . . . . . . . . . . . . . . . . . . . . . . . . . . . . . . . . . . . . . . . . . . . . . . . . . . . . . . . . . . . . . . . . . . . . . . . . . . . . . . . . . . . . . . . . . . . . . . . . . . . . . . . . . . . . . . . . . . . . . . . . . . . . . . . . . . . . . . . . . . . . . . . . . . . . . . . . . . . . . . . . . . . . . . . . . . . . . . . . . . . . . . . . . . . . . . . . . . . . . . . . . . . . . . . . . . . . . . . . . . . . . . . . . . . . . . . . . . . . . . . . . . . . . . . . . . . . . . . . . . . . . . . . . . . . . . . . . . . . . . . . . . . . . . . . . . . . . . . . . . . . . . . . . . . . . . . . . . . . . . . . . . . . . . . . . . . . . . . . . . . . . . . . . . . . . . . . . . . . . . . . . . . . . . . . . . . . . . . . . . . . . . . . . . . . . . . . . . . . . . . . . . . . . . . . . . . . . . . . . . . . . . . . . . . . . . . . . . . . . . . . . . . . . . . . . . . . . . . . . . . . . . . . . . . . . . . . . . . . . . . . . . . . . . . . . . . . . . . . . . . . . . . . . . . . . . . . . . . . . . . . . . . . . . . . . . . . . . . . . . . . . . . . . . . . . . . . . . . . . . . . . . . . . . . . . . . . . . . . . . . . . . . . . . . . . . . . . . . . . . . . . . . . . . . . . . . . . . . . . . . . . . . . . . . . . . . . . . . . . . . . . . . . . . . . . . . . . . . . . . . . . . . . . . . . . . . . . . . . . . . . . . . . . . . . . . . . . . . . . . . . . . . . . . . . . . . . . . . . . . . . . . . . . . . . . . . . . . . . . . . . . . . . . . . . . . . . . . . . . . . . . . . . . . . . . . . . . . . . . . . . . . . . . . . . . . . . . . . . . . . . . . . . . . . . . . . . . . . . . . . . . . . . . . . . . . . . . . . . . . . . . . . . . . . . . . . . . . . . . . . . . . . . . . . . . . . . . . . . . . . . . . . . . . . . . . . . . . . . . . . . . . . . . . . . . . . . . . . . . . . . . . . . . . . . . . . . . . . . . . . . . . . . . . . . . . . . . . . . . . . . . . . . . . . . . . . . . . . . . . . . . . . . . . . . . . . . . . . . . . . . . . . . . . . . . . . . . . . . . . . . . . . . . . . . . . . . . . . . . . . . . . . . . . . . . . . . . . . . . . . . . . . . . . . . . . . . . . . . . . . . . . . . . . . . . . . . . . . . . . . . . . . . . . . . . . . . . . . . . . . . . . . . . . . . . . . . . . . . . . . . . . . . . . . . . . . . . . . . . . . . . . . . . . . . . . . . . . . . . . . . . . . . . . . . . . . . . . . . . . . . . . . . . . . . . . . . . . . . . . . . . . . . . . . . . . . . . . . . . . . . . . . . . . . . . . . . . . . . . . . . . . . . . . . . . . . . . . . . . . . . . . . . . . . . . . . . . . . . . . . . . . . . . . . . . . . . . . . . . . . . . . . . . . . . . . . . . . . . . . . . . . . . . . . . . . . . . . . . . . . ,[... . . . . . . . . . . . . . . . . . . . . . . . . . . . . . . . . . . . . . . . . . . . . . . . . . . . . . . . . . . . . . . . . . . . . . . . . . . . . . . . . . . . . . . . . . . . . . . . . . . . . . . . . . . . . . . . . . . . . . . . . . . . . . . . . . . . . . . . . . . . . . . . . . . . . . . . . . . . . . . . . . . . . . . . . . . . . . . . . . . . . . . . . . . . . . . . . . . . . . . . . . . . . . . . . . . . . . . . . . . . . . . . . . . . . . . . . . . . . . . . . . . . . . . . . . . . . . . . . . . . . . . . . . . . . . . . . . . . . . . . . . . . . . . . . . . . . . . . . . . . . . . . . . . . . . . . . . . . . . . . . . . . . . . . . . . . . . . . . . . . . . . . . . . . . . . . . . . . . . . . . . . . . . . . . . . . . . . . . . . . . . . . . . . . . . . . . . . . . . . . . . . . . . . . . . . . . . . . . . . . . . . . . . . . . . . . . . . . . . . . . . . . . . . . . . . . . . . . . . . . . . . . . . . . . . . . . . . . . . . . . . . . . . . . . . . . . . . . . . . . . . . . . . . . . . . . . . . . . . . . . . . . . . . . . . . . . . . . . . . . . . . . . . . . . . . . . . . . . . . . . . . . . . . . . . . . . . . . . . . . . . . . . . . . . . . . . . . . . . . . . . . . . . . . . . . . . . . . . . . . . . . . . . . . . . . . . . . . . . . . . . . . . . . . . . . . . . . . . . . . . . . . . . . . . . . . . . . . . . . . . . . . . . . . . . . . . . . . . . . . . . . . . . . . . . . . . . . . . . . . . . . . . . . . . . . . . . . . . . . . . . . . . . . . . . . . . . . . . . . . . . . . . . . . . . . . . . . . . . . . . . . . . . . . . . . . . . . . . . . . . . . . . . . . . . . . . . . . . . . . . . . . . . . . . . . . . . . . . . . . . . . . . . . . . . . . . . . . . . . . . . . . . . . . . . . . . . . . . . . . . . . . . . . . . . . . . . . . . . . . . . . . . . . . . . . . . . . . . . . . . . . . . . . . . . . . . . . . . . . . . . . . . . . . . . . . . . . . . . . . . . . . . . . . . . . . . . . . . . . . . . . . . . . . . . . . . . . . . . . . . . . . . . . . . . . . . . . . . . . . . . . . . . . . . . . . . . . . . . . . . . . . . . . . . . . . . . . . . . . . . . . . . . . . . . . . . . . . . . . . . . . . . . . . . . . . . . . . . . . . . . . . . . . . . . . . . . . . . . . . . . . . . . . . . . . . . . . . . . . . . . . . . . . . . . . . . . . . . . . . . . . . . . . . . . . . . . . . . . . . . . . . . . . . . . . . . . . . . . . . . . . . . . . . . . . . . . . . . . . . . . . . . . . . . . . . . . . . . . . . . . . . . . . . . . . . . . . . . . . . . . . . . . . . . . . . . . . . . . . . . . . . . . . . . . . . . . . . . . . . . . . . . . . . . . . . . . . . . . . . . . . . . . . . . . . . . . . . . . . . . . . . . . . . . . . . . . . . . . . . . . . . . . . . . . . . . . . . . . . . . . . . . . . . . . . . . . . . . . . . . . . . . . . . . . . . . . . . . . . . . . . . . . . . . . . . . . . . . . . . . . . . . . . . . . . . . . . . . . . . . . . . . . . . . . . . . . . . . . . . . . . . . . . . . . . . . . . . . . . . . . . . . . . . . . . . . . . . . . . . . . . . . . . . . . . . . . . . . . . . . . . . . . . . . . . . . . . . . . . . . . . . . . . . . . . . . . . . . . . . . ,. . . . . . . . . . . . . . . . . . . . . . . . . . . . . . . . . . . . . . . . . . . . . . . . . . . . . . . . . . . . . . . . . . . . . . . . . . . . . . . . . . . . . . . . . . . . . . . . . . . . . . . . . . . . . . . . . . . . . . . . . . . . . . . . . . . . . . . . . . . . . . . . . . . . . . . . . . . . . . . . . . . . . . . . . . . . . . . . . . . . . . . . . . . . . . . . . . . . . . . . . . . . . . . . . . . . . . . . . . . . . . . . . . . . . . . . . . . . . . . . . . . . . . . . . . . . . . . . . . . . . . . . . . . . . . . . . . . . . . . . . . . . . . . . . . . . . . . . . . . . . . . . . . . . . . . . . . . . . . . . . . . . . . . . . . . . . . . . . . . . . . . . . . . . . . . . . . . . . . . . . . . . . . . . . . . . . . . . . . . . . . . . . . . . . . . . . . . . . . . . . . . . . . . . . . . . . . . . . . . . . . . . . . . . . . . . . . . . . . . . . . . . . . . . . . . . . . . . . . . . . . . . . . . . . . . . . . . . . . . . . . . . . . . . . . . . . . . . . . . . . . . . . . . . . . . . . . . . . . . . . . . . . . . . . . . . . . . . . . . . . . . . . . . . . . . . . . . . . . . . . . . . . . . . . . . . . . . . . . . . . . . . . . . . . . . . . . . . . . . . . . . . . . . . . . . . . . . . . . . . . . . . . . . . . . . . . . . . . . . . . . . . . . . . . . . . . . . . . . . . . . . . . . . . . . . . . . . . . . . . . . . . . . . . . . . . . . . . . . . . . . . . . . . . . . . . . . . . . . . . . . . . . . . . . . . . . . . . . . . . . . . . . . . . . . . . . . . . . . . . . . . . . . . . . . . . . . . . . . . . . . . . . . . . . . . . . . . . . . . . . . . . . . . . . . . . . . . . . . . . . . . . . . . . . . . . . . . . . . . . . . . . . . . . . . . . . . . . . . . . . . . . . . . . . . . . . . . . . . . . . . . . . . . . . . . . . . . . . . . . . . . . . . . . . . . . . . . . . . . . . . . . . . . . . . . . . . . . . . . . . . . . . . . . . . . . . . . . . . . . . . . . . . . . . . . . . . . . . . . . . . . . . . . . . . . . . . . . . . . . . . . . . . . . . . . . . . . . . . . . . . . . . . . . . . . . . . . . . . . . . . . . . . . . . . . . . . . . . . . . . . . . . . . . . . . . . . . . . . . . . . . . . . . . . . . . . . . . . . . . . . . . . . . . . . . . . . . . . . . . . . . . . . . . . . . . . . . . . . . . . . . . . . . . . . . . . . . . . . . . . . . . . . . . . . . . . . . . . . . . . . . . . . . . . . . . . . . . . . . . . . . . . . . . . . . . . . . . . . . . . . . . . . . . . . . . . . . . . . . . . . . . . . . . . . . . . . . . . . . . . . . . . . . . . . . . . . . . . . . . . . . . . . . . . . . . . . . . . . . . . . . . . . . . . . . . . . . . . . . . . . . . . . . . . . . . . . . . . . . . . . . . . . . . . . . . . . . . . . . . . . . . . . . . . . . . . . . . . . . . . . . . . . . . . . . . . . . . . . . . . . . . . . . . . . . . . . . . . . . . . . . . . . . . . . . . . . . . . . . . . . . . . . . . . . . . . . . . . . . . . . . . . . . . . . . . . . . . . . . . . . . . . . . . . . . . . . . . . . . . . . . . . . . . . . . . . . . . . . . . . . . . . . . . . . . . . . . . . . . . . . . . . . . . . . . . . . . . . . . . . . . . . . . . . . . . . . . . . . . .,,,,0.999,clean,e789b04fdf49,1
CIE 3105,𐌅𐌖𐌈𐌏𐌀𐌖,lar-θi eul...,𐌋𐌀𐌓-𐌈𐌉 𐌄𐌖𐌋...,eul...,,,,0.500,clean,0ebeb1003791,1
ETP 67,mi laivuzas,mi laivuzas,𐌌𐌉 𐌋𐌀𐌉𐌅𐌖𐌆𐌀𐌔,mi laivuzas,,550.0,500.0,1.000,clean,1a4abf3847ab,1
CIE 1993,OA:AM:IMÐIÐA,OA:AM:IMIA,,OA AM IMIA,,,,1.000,clean,372adf3d447b,1
CIE 1994,VSA:ANÐIÐA:OÐ,VSA:ANIA:O,,VSA ANIA O,,,,1.000,clean,5f6bfc6458cf,1
10093,n(u),n(u),𐌍(𐌖),,,,,0.000,clean,3086cf468ccc,2
CIE 1995,ANÐIÐA:OÐ,ANIA:O,,ANIA O,,,,1.000,clean,d99345071d7e,1
CIE 3106,𐌀𐌅𐌈𐌄𐌀𐌅 𐌓𐌖𐌅,velxae ruy,,velxae ruy,,,,1.000,clean,2200351efd8c,1
CIE 3107,:𐌀𐌉𐌀𐌅𐌏:𐌈𐌉𐌀𐌓𐌖... :𐌉𐌅𐌈𐌉𐌀𐌓𐌖𐌀𐌉𐌀𐌋,:aiavo:θi ary....,,aiavo θi ary....,,,,1.000,clean,e4d9c47c283d,1
CIE 3109,:𐌀𐌈𐌀𐌍𐌉𐌑𐌀𐌑:𐌉𐌈𐌉-𐌉𐌀:𐌉𐌈𐌉 𐌋𐌀𐌓𐌈𐌉:𐌈𐌉𐌀𐌉𐌍𐌄𐌉:𐌑𐌀𐌍𐌉𐌍𐌀𐌔𐌀:,:aθanim:am:iθi-ia:iθi larθi:θiainei:maninasa:,:𐌀𐌈𐌀𐌍𐌉𐌌:𐌀𐌌:𐌉𐌈𐌉-𐌉𐌀:𐌉𐌈𐌉 𐌋𐌀𐌓𐌈𐌉:𐌈𐌉𐌀𐌉𐌍𐌄𐌉:𐌌𐌀𐌍𐌉𐌍𐌀𐌔𐌀:,aθanim am iθi larθi θiainei maninasa,,,,0.857,clean,20e1a3d05966,1
CIE 3111,𐌉𐌀𐌅𐌉𐌍 𐌀𐌈,IAVIN Aθ,,IAVIN Aθ,,,,1.000,clean,75b4afd6179f,1
CIE 3112,[𐌀𐌋...𐌈𐌏...𐌀...𐌀]:𐌀𐌉𐌍𐌀𐌏 𐌈𐌀𐌑𐌉𐌀:𐌋𐌀...𐌀...𐌈𐌄...𐌉𐌀,[al...θo...a...a]:a[i]nao θamia:la...a...θe...ia,[𐌀𐌋...𐌈𐌏...𐌀...𐌀]:𐌀[𐌉]𐌍𐌀𐌏 𐌈𐌀𐌌𐌉𐌀:𐌋𐌀...𐌀...𐌈𐌄...𐌉𐌀,θamia la...a...θe...ia,,,,0.500,clean,c4245710722c,1
CIE 3113,[...𐌀𐌑:𐌀𐌈𐌉𐌈𐌉𐌈𐌉] 𐌋𐌀𐌓𐌈𐌉:𐌈𐌉:𐌑𐌀...,[...am:aθiθiθi] larθi:θi:ma...,[...𐌀𐌌:𐌀𐌈𐌉𐌈𐌉𐌈𐌉] 𐌋𐌀𐌓𐌈𐌉:𐌈𐌉:𐌌𐌀...,larθi θi ma...,,,,0.600,clean,a7e8b621889a,1
CIE 2010,SEX.GRANIVS. CAPITO.SEX.F,SEX.GRANIVS. CAPITO.SEX.F,,SEX.GRANIVS. CAPITO.SEX.F,,,,1.000,clean,8089e8dc7aeb,1
CIE 2011,SEX.GRANIVS. SEX.F.ARN. FEROX.,SEX.GRANIVS. SEX.F.ARN. FEROX.,,SEX.GRANIVS. SEX.F.ARN. FEROX.,,,,1.000,clean,112d4ace110e,1
CIE 2012,SEX. CRANIO. HARISPICI. FORTVNATVS.L.,SEX. CRANIO. HARISPICI. FORTVNATVS.L.,,SEX. CRANIO. HARISPICI. FORTVNATVS.L.,,,,1.000,clean,b7fefd8858de,1
CIE 2013,SALASSA.GRANIA.L.L,SALASSA.GRANIA.L.L,,SALASSA.GRANIA.L.L,,,,1.000,clean,c32f656acd6e,1
CIE 2014,𐌀𐌓𐌍𐌕 𐌂𐌓𐌋𐌄𐌉𐌂𐌄 𐌀𐌍𐌀𐌉𐌍𐌋,arnt crleice anai nl,𐌀𐌓𐌍𐌕 𐌂𐌓𐌋𐌄𐌉𐌂𐌄 𐌀𐌍𐌀𐌉 𐌍𐌋,arnt crleice anai nl,,,,1.000,clean,37ee8c4426e5,1
CIE 2015,𐌀𐌓·𐌂𐌓𐌄𐌉𐌂𐌄·𐌀𐌍𐌀𐌉𐌍𐌀,ar.creice.anaina,𐌀𐌓.𐌂𐌓𐌄𐌉𐌂𐌄.𐌀𐌍𐌀𐌉𐌍𐌀,ar.creice.anaina,,,,1.000,clean,a3e4f9bfdae8,1
CIE 2016,𐌋𐌖·𐌂𐌓𐌄𐌉·𐌂𐌀𐌋𐌐𐌖𐌓𐌍,l9.crei.calpurn...,,,,,,0.000,ocr_failed,31d3e7b6ad45,1
CIE 3114,c.inestua sae tfa,c.inestua sae tfa,𐌂.𐌉𐌍𐌄𐌔𐌕𐌖𐌀 𐌔𐌀𐌄 𐌕𐌚𐌀,c.inestua sae tfa,,,,1.000,clean,fee394a36dc0,1
CIE 3115,...i.mui.tutnia,...i.mui.tutnia,...𐌉.𐌌𐌖𐌉.𐌕𐌖𐌕𐌍𐌉𐌀,...i.mui.tutnia,,,,1.000,clean,5f67a7e49ad8,1
CIE 3116,aθ:peθ|θuxia,aθ:peθ|θuxia,𐌀𐌈:𐌐𐌄𐌈|𐌈𐌖𐌗𐌉𐌀,aθ peθ θuxia,,,,1.000,clean,5273c362a72e,1
CIE 3117,vel:iesθe:laslal,vel:iesθe:laslal,𐌅𐌄𐌋:𐌉𐌄𐌔𐌈𐌄:𐌋𐌀𐌔𐌋𐌀𐌋,vel iesθe laslal,,,,1.000,clean,93da190e65b4,1
CIE 3118,aθ:pei|||||iθapia|||||n,aθ:pei|||||iθapia|||||n,𐌀𐌈:𐌐𐌄𐌉|||||𐌉𐌈𐌀𐌐𐌉𐌀|||||𐌍,aθ pei iθapia n,,,,1.000,clean,1a7c0a061d2c,1
CIE 3119,θa:pei.θa.θna,θa:pei.θa.θna,𐌈𐌀:𐌐𐌄𐌉.𐌈𐌀.𐌈𐌍𐌀,θa pei.θa.θna,,,,1.000,clean,0f03ef93e56c,1
CIE 312,mi hupnina larθ|acrniś:larθial:felsnal,mi hupnina larθ|acrniś:larθial:felsnal,𐌌𐌉 𐌇𐌖𐌐𐌍𐌉𐌍𐌀 𐌋𐌀𐌓𐌈|𐌀𐌂𐌓𐌍𐌉𐌑:𐌋𐌀𐌓𐌈𐌉𐌀𐌋:𐌚𐌄𐌋𐌔𐌍𐌀𐌋,mi hupnina larθ acrniś larθial felsnal,,,,1.000,clean,92276cab21c7,1
CIE 3120,θ.p.vap,θ.p.vap,𐌈.𐌐.𐌅𐌀𐌐,θ.p.vap,,,,1.000,clean,84525bd652f4,1
CIE 3121,θania:seiati:unial,θania:seiati:unial,𐌈𐌀𐌍𐌉𐌀:𐌔𐌄𐌉𐌀𐌕𐌉:𐌖𐌍𐌉𐌀𐌋,θania seiati unial,,,,1.000,clean,de317b019ef1,1
CIE 3122,...[s]etumnnei...,...[s]etumnnei...,...[𐌔]𐌄𐌕𐌖𐌌𐌍𐌍𐌄𐌉...,,,,,0.000,clean,7fdc63f3f4e4,1
CIE 3123,hasti.talis|||||,hasti.talis|||||,𐌇𐌀𐌔𐌕𐌉.𐌕𐌀𐌋𐌉𐌔|||||,hasti.talis,,,,1.000,clean,52e7c6af88cb,1
CIE 3124,tutna.vinaθ,tutna.vinaθ,𐌕𐌖𐌕𐌍𐌀.𐌅𐌉𐌍𐌀𐌈,tutna.vinaθ,,,,1.000,clean,77215ab84ea6,1
CIE 2163,[AINVATA8AAO],[AINVATA8AAO],,,,,,0.000,ocr_failed,2dd11b3b7700,1
CIE 3125,au|||lel|||r|||iθ|||latini,au|||lel|||r|||iθ|||latini,𐌀𐌖|||𐌋𐌄𐌋|||𐌓|||𐌉𐌈|||𐌋𐌀𐌕𐌉𐌍𐌉,au lel r iθ latini,,,,1.000,clean,fd18ee3f8442,1
CIE 3126,ΘANΘA....ΘANΘIAL....ΘANΘI,ΘANΘA....ΘANΘIAL....ΘANΘI,,ΘANΘA....ΘANΘIAL....ΘANΘI,,,,1.000,clean,81bef870c9af,2
CIE 3134,ΘANΘA....VELΘUR....CAINAL,ΘANΘA....VELΘUR....CAINAL,,ΘANΘA....VELΘUR....CAINAL,,,,1.000,clean,8fc0791e51b1,1
CIE 3135,ARΘAΘIAL....ARΘA,ARΘAΘIAL....ARΘA,,ARΘAΘIAL....ARΘA,,,,1.000,clean,79079831d7c4,3
CIE 3136,ARΘAΘIAL....ARΘA,ARΘAΘIAL....ARΘA,,ARΘAΘIAL....ARΘA,,,,1.000,clean,79079831d7c4,3
CIE 3137,ARΘAΘIAL....ARΘA,ARΘAΘIAL....ARΘA,,ARΘAΘIAL....ARΘA,,,,1.000,clean,79079831d7c4,3
CIE 3138,JAHI ...[c]ainal,JAHI ...[c]ainal,,,,,,0.000,needs_review,a782d2965117,1
CIE 3139,IIIIIIII/9M39IIIIII ...remr...,IIIIIIII/9M39IIIIII ...remr...,,,,,,0.000,ocr_failed,57b828de2d0f,1
CIE 314,larθ:titlni:|scurθu,larθ:titlni:|scurθu,𐌋𐌀𐌓𐌈:𐌕𐌉𐌕𐌋𐌍𐌉:|𐌔𐌂𐌖𐌓𐌈𐌖,larθ titlni scurθu,,,,1.000,clean,d93d8b76c311,1
CIE 3140,JA[M]M37 3H8!...7,JA[M]M37 3H8!...7,,,,,,0.000,ocr_failed,0d063bc24f16,1
CIE 3141,JA[N]D22A:22:A ...mes:vescnal,JA[N]D22A:22:A ...mes:vescnal,,,,,,0.000,ocr_failed,ac7466c4fc66,1
CIE 3275,𐌔𐌉𐌍𐌉𐌅𐌉𐌀,sinis-nivia,𐌔𐌉𐌍𐌉𐌔-𐌍𐌉𐌅𐌉𐌀,,,,,0.000,clean,7af39d2854eb,1
CIE 2029,JANITV:Q:M:AMVD:AB,JANITV:Q:M:AMVD:AB,,,,,,0.000,needs_review,17b05510c4f2,1
CIE 3142,JAHD9AOI////I//D///I//I,JAHD9AOI////I//D///I//I,,,,,,0.000,ocr_failed,5441aacc17b8,1
CIE 3143,IIII9:IHDV////,IIII9:IHDV////,,,,,,0.000,ocr_failed,7987d9825497,1
ETP 365,[---]urθ[---],[---]urθ[---],[---]𐌖𐌓𐌈[---],,,600.0,600.0,0.000,clean,cb2a0fbbb8b5,1
CIE 3144,JAV1M1V1M O:AJ la:i9.....ne pumpual,JAV1M1V1M O:AJ la:i9.....ne pumpual,,,,,,0.000,ocr_failed,618720b7d91d,1
CIE 3146,JAV9A8IV ...cui farual,JAV9A8IV ...cui farual,,,,,,0.000,ocr_failed,d7bbb2a0a274,1
CIE 3147,[A2V9+31 3M]... ...ine petrusa,[A2V9+31 3M]... ...ine petrusa,,,,,,0.000,ocr_failed,48b4e45d39b8,1
CIE 3148,:A2V9+31:2: / IIIIO 9an//////ei:petrusa:,:A2V9+31:2: / IIIIO 9an//////ei:petrusa:,,,,,,0.000,ocr_failed,c35c5d7d19ff,1
ETP 68,mi larices,mi larices,𐌌𐌉 𐌋𐌀𐌓𐌉𐌂𐌄𐌔,mi larices,,530.0,470.0,1.000,clean,b0a2d43e65b8,2
CIE 2047,𐌋𐌀𐌓𐌉:𐌂𐌖𐌐𐌓𐌍𐌀,lari:cuprna,𐌋𐌀𐌓𐌉:𐌂𐌖𐌐𐌓𐌍𐌀,lari cuprna,,,,1.000,clean,bd95b3047276,1
CIE 2048,𐌀𐌈:𐌂𐌖𐌐𐌔𐌍𐌀:𐌐𐌖𐌂𐌔𐌉𐌍𐌈𐌀𐌋,aθ:cupsna:pucsinθal,𐌀𐌈:𐌂𐌖𐌐𐌔𐌍𐌀:𐌐𐌖𐌂𐌔𐌉𐌍𐌈𐌀𐌋,aθ cupsna pucsinθal,,,,1.000,clean,2016d35d1401,1
CIE 2049,𐌀𐌓𐌍𐌈:𐌂𐌖𐌐𐌔𐌋𐌍𐌀:𐌀𐌓𐌍𐌈𐌀𐌋,arnθ:cupslna:arnθal,𐌀𐌓𐌍𐌈:𐌂𐌖𐌐𐌔𐌋𐌍𐌀:𐌀𐌓𐌍𐌈𐌀𐌋,arnθ cupslna arnθal,,,,1.000,clean,9a5a20b3f0f7,1
CIE 2050,𐌋𐌀𐌓𐌈:𐌂𐌖𐌐𐌔𐌋𐌍𐌀:𐌀𐌓𐌍𐌈𐌀𐌋𐌉𐌔𐌀,larθ:cupslna:arnθalisa,𐌋𐌀𐌓𐌈:𐌂𐌖𐌐𐌔𐌋𐌍𐌀:𐌀𐌓𐌍𐌈𐌀𐌋𐌉𐌔𐌀,larθ cupslna arnθalisa,,,,1.000,clean,50be1a63f92c,1
CIE 2051,𐌈𐌀𐌍:𐌂𐌖𐌐𐌔𐌍𐌄𐌉:𐌂𐌀𐌓𐌈𐌍𐌀𐌕𐌄𐌔,θan:cupsnei:carθnates,𐌈𐌀𐌍:𐌂𐌖𐌐𐌔𐌍𐌄𐌉:𐌂𐌀𐌓𐌈𐌍𐌀𐌕𐌄𐌔,θan cupsnei carθnates,,,,1.000,clean,4dac960e4f48,1
CIE 3149,I & HV-M G M D,I & HV-M G M D,,,,,,0.000,needs_review,3cc24d73be6b,1
ETP 366,[---]alv[---],[---]alv[---],[---]𐌀𐌋𐌅[---],,,600.0,600.0,0.000,clean,fe17e2f6fc52,1
CIE 3150,A R V J ...i.clusa,A R V J ...i.clusa,,,,,,0.000,needs_review,c13938ec664a,1
CIE 3151,MHI9...MVIH.-N NAO,MHI9...MVIH.-N NAO,,,,,,0.000,ocr_failed,78e0466ef76d,1
CIE 3152,S M·I O·B······I·,S M·I O·B······I·,𐌔 𐌌·𐌉 𐌏·𐌁······𐌉·,S M I O B I,,,,1.000,clean,20de65f9203d,1
CIE 3153,I M I I I I,I M I I I I,𐌉 𐌌 𐌉 𐌉 𐌉 𐌉,I M I I I I,,,,1.000,clean,7ee31509e27c,1
CIE 3154,[····A A Z·V A·A·],[····A A Z·V A·A·],[····𐌀 𐌀 𐌆·𐌅 𐌀·𐌀·],A A Z V A A,,,,0.750,clean,49a7c56efd0a,1
CIE 3155,M A I D····AM,M A I D····AM,,M A I D AM,,,,1.000,clean,9919fe24d6cf,1
CIE 3156,····A A I A I A O O··,····A A I A I A O O··,····𐌀 𐌀 𐌉 𐌀 𐌉 𐌀 𐌏 𐌏··,A A I A I A O O,,,,1.000,clean,fb57ab54ac6c,1
CIE 3157,E ARRIA TREBO ET·C·AP,E ARRIA TREBO ET·C·AP,,E ARRIA TREBO ET C AP,,,,1.000,clean,52a6b0f5e2ae,1
CIE 2065,AFISV:A,AFISV:A,,AFISV A,,,,1.000,clean,554c2a1571ef,1
10719,mlabri,mlabri,𐌌𐌋𐌀𐌁𐌓𐌉,mlabri,mr-marcuslabriuss,,,1.000,clean,298847bef1de,1
CIE 2066,IISV:IIT:TVI:ITVAV:IAH,IISV:IIT:TVI:ITVAV:IAH,,IISV IIT TVI ITVAV IAH,,,,1.000,clean,5078b99d4140,1
ETP 367,[---]tinai[---],[---]tinai[---],[---]𐌕𐌉𐌍𐌀𐌉[---],,,600.0,600.0,0.000,clean,3c5bf9cb4a61,1
CIE 3158,PANS,PANS,,PANS,,,,1.000,clean,d6ecb8285875,1
CIE 3159,POSTVMA,POSTVMA,,POSTVMA,,,,1.000,clean,492227d85181,1
CIE 3160,ILNI RAVE,ILNI RAVE,,ILNI RAVE,,,,1.000,clean,7e4d20a73eb4,1
CIE 3161,A,A,𐌀,A,,,,1.000,clean,ca978112ca1b,3
CIE 3162,A O,A O,𐌀 𐌏,A O,,,,1.000,clean,679ed6088b21,1
CIE 3183,AEIA,AEIA,,AEIA,,,,1.000,clean,1ade55bdb2f6,1
CIE 3184,HA,HA,,HA,,,,1.000,clean,8693873cd8f8,1
CIE 3186,E S,E S,𐌄 𐌔,E S,,,,1.000,clean,8e72ac763498,1
CIE 3187,VALXIM,VALXIM,,VALXIM,,,,1.000,clean,16f3dce57ce1,1
CIE 3188,XXIX,XXIX,𐌗𐌗𐌉𐌗,XXIX,,,,1.000,clean,05d826c6c6bd,1
CIE 3189,A1J.V.J.A T13.9OAJ.3 JDIMVM,A1J.V.J.A T13.9OAJ.3 JDIMVM,,,,,,0.000,ocr_failed,f3f21ca74a69,1
CIE 319,larθi:vipin[ei]|ls:secuś|puia,larθi:vipin[ei]|ls:secuś|puia,𐌋𐌀𐌓𐌈𐌉:𐌅𐌉𐌐𐌉𐌍[𐌄𐌉]|𐌋𐌔:𐌔𐌄𐌂𐌖𐌑|𐌐𐌖𐌉𐌀,larθi ls secuś puia,,,,0.800,clean,ae52ff5b3e5c,1
CIE 2091,arniθ : velaθri : veluś,arniθ : velaθri : veluś,𐌀𐌓𐌍𐌉𐌈 : 𐌅𐌄𐌋𐌀𐌈𐌓𐌉 : 𐌅𐌄𐌋𐌖𐌑,arniθ velaθri veluś,,,,1.000,clean,88102990374b,1
CIE 3190,OVDE I.V....I-I NEI > ....MEMVNI |||||,OVDE I.V....I-I NEI > ....MEMVNI |||||,,OVDE NEI ....MEMVNI,,,,0.600,clean,e05fbabb00e4,1
ETP 69,manθ,manθ,𐌌𐌀𐌍𐌈,manθ,,550.0,500.0,1.000,clean,0118a5fc10e6,2
CIE 3191,AID3I·AV,AID3I·AV,,,,,,0.000,ocr_failed,dfcffd487546,1
CIE 3192,a n.....,a n.....,𐌀 𐌍.....,a n.....,,,,1.000,clean,e89bb88336be,1
CIE 3196,ЗИАЯIƆЧО ЗЯЧЯЯЯИ,znarIckho zrkhrrrn,𐌆𐌍𐌀𐌓𐌉𐌂𐌊𐌇𐌏 𐌆𐌓𐌊𐌇𐌓𐌓𐌓𐌍,znarIckho zrkhrrrn,,,,1.000,clean,d2ba89434816,1
CIE 3197,ЧЭЭЧЯIЯАЕƧ ƧIЯ.ЯЭJ ΛЯIƆ,kheekhrIraes sIr.reJ ΛrIc,,,,,,0.000,needs_review,438df5a2d42d,1
CIE 3198,ИK A + ИA nkatna,nK A + nA nkatna,,,,,,0.000,ocr_failed,367e591a7321,1
CIE 3199,ЗAVЯAB ƆVƆMƎ ƧЯA,zAVrAB cVcMe srA,𐌆𐌀𐌅𐌓𐌀𐌁 𐌂𐌅𐌂𐌌𐌄 𐌔𐌓𐌀,zAVrAB cVcMe srA,,,,1.000,clean,3076fadc3fbb,1
CIE 3200,IЭИИЧMIVA IƆЯЯI arƧtinei,IennkhMIVA IcrrI arstinei,𐌉𐌄𐌍𐌍𐌊𐌇𐌌𐌉𐌅𐌀 𐌉𐌂𐌓𐌓𐌉 𐌀𐌓𐌔𐌕𐌉𐌍𐌄𐌉,IennkhMIVA IcrrI arstinei,,,,1.000,clean,1a221cd11298,1
CIE 3201,AИƆA17 ciaƧna,AncA17 ciasna,,,,,,0.000,ocr_failed,f9865dfa03db,1
CIE 2083,...SIOST:IOSAJ,larSi : veSie,𐌋𐌀𐌓𐌔𐌉 : 𐌅𐌄𐌔𐌉𐌄,larSi veSie,,,,1.000,clean,e14acaaee17f,1
CIE 2084,JAHIAS:OJ:AHIS:OA,aP : veiza : lP : cainal,𐌀𐌐 : 𐌅𐌄𐌉𐌆𐌀 : 𐌋𐌐 : 𐌂𐌀𐌉𐌍𐌀𐌋,aP veiza lP cainal,,,,1.000,clean,7df46befbc0e,1
CIE 2085,OV:AFIS:VA,vl : veiza : lP,𐌅𐌋 : 𐌅𐌄𐌉𐌆𐌀 : 𐌋𐌐,vl veiza lP,,,,1.000,clean,57e6b0c92631,1
CIE 358,IAOAJ EMIV8,IAOAJ EMIV8,,,,,,0.000,ocr_failed,df38868138b8,1
ETP 368,[---]nutas[---],[---]nutas[---],[---]𐌍𐌖𐌕𐌀𐌔[---],,,600.0,575.0,0.000,clean,7ea3efbe7605,1
CIE 2086,AHIS:OJ:OSAJ VJVO:JAMIZIVA,larS : veiza | vuisinal : hulu,𐌋𐌀𐌓𐌔 : 𐌅𐌄𐌉𐌆𐌀 | 𐌅𐌖𐌉𐌔𐌉𐌍𐌀𐌋 : 𐌇𐌖𐌋𐌖,larS veiza vuisinal hulu,,,,1.000,clean,cdbf51d123d3,1
CIE 2087,IMT SNIZHVA,veizi | numsinai,𐌅𐌄𐌉𐌆𐌉 | 𐌍𐌖𐌌𐌔𐌉𐌍𐌀𐌉,veizi numsinai,,,,1.000,clean,2ceb56c56b84,1
CIE 3202,FA: ƎTII VƎVI,FA: eTII VeVI,,FA eTII VeVI,,,,1.000,clean,209b017443a9,1
CIE 3203,IVƎKƎMIV I....,IVeKeMIV I....,,IVeKeMIV I....,,,,1.000,clean,c76aedc5dc61,1
CIE 3204,ƎIM II : VIHISEM,eIM II : VIHISEM,,eIM II VIHISEM,,,,1.000,clean,d9dd08e171dc,1
CIE 3205,HSIIMƎIIN ITI ƎHIIVƎMƎO,HSIIMeIIN ITI eHIIVeMeO,,HSIIMeIIN ITI eHIIVeMeO,,,,1.000,clean,3f0318f3d401,1
CIE 3206,ƎJƎODƎJ ƎJ ƎƎƎJ,eJeODeJ eJ eeeJ,,,,,,0.000,needs_review,08a530d66160,1
CIE 3207,ƎƎƎƎ,eeee,𐌄𐌄𐌄𐌄,eeee,,,,1.000,clean,07f5937c9760,1
CIE 3208,ƎMITI,eMITI,,eMITI,,,,1.000,clean,b7f83e3f9d3f,1
CIE 3209,[unclear],[unclear],[𐌖𐌍𐌂𐌋𐌄𐌀𐌓],,,,,0.000,clean,66625d4dc242,1
CIE 3210,ƎYƎVƎTƎT H MIVƎ,eYeVeTeT H MIVe,,eYeVeTeT H MIVe,,,,1.000,clean,5ef837fa3244,1
CIE 2100,𐌉𐌀𐌍𐌀·𐌐𐌖𐌌𐌐𐌖𐌉·𐌅𐌄𐌋𐌗·𐌊𐌖𐌌𐌍𐌉𐌔𐌀,iana·pumpui·velχ·cumnisa,𐌉𐌀𐌍𐌀·𐌐𐌖𐌌𐌐𐌖𐌉·𐌅𐌄𐌋𐌙·𐌂𐌖𐌌𐌍𐌉𐌔𐌀,iana pumpui velχ cumnisa,,,,1.000,clean,1c8c25567823,1
CIE 2101,𐌅𐌄𐌋𐌉𐌀·𐌅𐌄𐌋𐌗𐌉·𐌇𐌄𐌋𐌉𐌀𐌋,velia·velχi·helial,𐌅𐌄𐌋𐌉𐌀·𐌅𐌄𐌋𐌙𐌉·𐌇𐌄𐌋𐌉𐌀𐌋,velia velχi helial,,,,1.000,clean,ab2037f4ffb6,1
CIE 2102,𐌉𐌀𐌍𐌀:𐌅𐌄𐌋𐌗𐌉𐌀[𐌋]𐌀𐌓𐌗𐌍𐌀𐌋:,iana : velχia [l]arθnal :,𐌉𐌀𐌍𐌀 : 𐌅𐌄𐌋𐌙𐌉𐌀 [𐌋]𐌀𐌓𐌈𐌍𐌀𐌋 :,iana velχia,,,,0.667,clean,cf9b4e9d09ee,1
CIE 3211,ƎYƎNƎMƎƎƎ ƎƎƎƎV,eYeNeMeee eeeeV,,eYeNeMeee eeeeV,,,,1.000,clean,b01d97910b6b,1
CIE 2239,VMAΘ:ΘA:AMIV:ΘVΘA,VMAΘ:ΘA:AMIV:ΘVΘA,,VMAΘ ΘA AMIV ΘVΘA,,,,1.000,clean,470780c97c80,1
CIE 2240,L.XAPAMV L.ATITM,L.XAPAMV L.ATITM,,L.XAPAMV L.ATITM,,,,1.000,clean,dc1e392356a3,1
8341,magistreis,magistreis,,magistreis,this-giftdid-giveto-their-masters,,,1.000,clean,c4614b9eee90,1
CIE 3230,"a. in parte adversa: ....quei stipulatum eius.... ....oque utei ea fiant primo [quoque die.... ....b]oneis praedibusve eius ex [h. l. venditis ....t. quodque uxorei matre[i i.... quoious o]pera maxume eum reum [condemnatum esse constituerit ....t. eique eam pecuniam p[ersolvito.... ....q]uoibus h. l. quaestio erit co[ndemnato.... ....quoique ipse parens sit quove.... ....p]ecunia quae de ea re ex h. [l.... i f d d b. in parte aversa: 1. VVEISIIIIVVAIVM Bass., QVEIS M.VLAIVM Gori; 2. FIANT Bass., FIMI F Gori; 3. in. VEIS Bass., NEIS Gori; 4. QVOQVE Gori—MATREI Bass., MATI: Gori; 5. in. fortasse PERA, non RERA Bass., PERA Gori; 7. OIVS Bass., IOIVS Gori; 8. in VR Bass., VE Gori; 9. ECVNIA Bass., EQVNIA Gori, — in EX finit Bass., N et v. 10 addit Gori, in fine EX·H·L· coniecit Mommsen.","a. in parte adversa: ....quei stipulatum eius.... ....oque utei ea fiant primo [quoque die.... ....b]oneis praedibusve eius ex [h. l. venditis ....t. quodque uxorei matre[i i.... quoious o]pera maxume eum reum [condemnatum esse constituerit ....t. eique eam pecuniam p[ersolvito.... ....q]uoibus h. l. quaestio erit co[ndemnato.... ....quoique ipse parens sit quove.... ....p]ecunia quae de ea re ex h. [l.... i f d d b. in parte aversa: 1. VVEISIIIIVVAIVM Bass., QVEIS M.VLAIVM Gori; 2. FIANT Bass., FIMI F Gori; 3. in. VEIS Bass., NEIS Gori; 4. QVOQVE Gori—MATREI Bass., MATI: Gori; 5. in. fortasse PERA, non RERA Bass., PERA Gori; 7. OIVS Bass., IOIVS Gori; 8. in VR Bass., VE Gori; 9. ECVNIA Bass., EQVNIA Gori, — in EX finit Bass., N et v. 10 addit Gori, in fine EX·H·L· coniecit Mommsen.",,,,,,0.000,ocr_failed,70487266f2a5,1
1072,clantisa,clantisa,𐌂𐌋𐌀𐌍𐌕𐌉𐌔𐌀,clantisa,mrs-sentimr-fanunias,,,1.000,clean,7e030c04117a,1
ETP 332,ecn : turce : avle : havrnas : tuθina : apana selvansl tularias,ecn turce avle havrnas tuθina apana selvansl tularias,𐌄𐌂𐌍 𐌕𐌖𐌓𐌂𐌄 𐌀𐌅𐌋𐌄 𐌇𐌀𐌅𐌓𐌍𐌀𐌔 𐌕𐌖𐌈𐌉𐌍𐌀 𐌀𐌐𐌀𐌍𐌀 𐌔𐌄𐌋𐌅𐌀𐌍𐌔𐌋 𐌕𐌖𐌋𐌀𐌓𐌉𐌀𐌔,ecn turce avle havrnas tuθina apana selvansl tularias,Aule Havrnas (and) his paternal community (?) dedicated this (statue) to Selvans Tularia.,300.0,300.0,1.000,clean,f46a48060627,1
ETP 70,m[i c]naives tinθuruσla,m[i c]naives tinθuruσla,𐌌[𐌉 𐌂]𐌍𐌀𐌉𐌅𐌄𐌔 𐌕𐌉𐌍𐌈𐌖𐌓𐌖𐌑𐌋𐌀,tinθuruσla,,475.0,450.0,0.333,clean,8f6acfe61852,1
CIE 3231,β. in parte aversa: VA OI.TO .VA OI.I2 .VA OI.IH .VA OA. 5 .T.OL I9AT.AN .VA I9AT.AN .VA OI.AH VA.I.O Do ex Gamurrinio. b. OIMM DI3T QVAISEN D.A.D TANSAC I.I.O IVDI a. in parte adversa. OIMM qui-sen QVAISEN pansa STAASAC iudi IVDI v V,β. in parte aversa: VA OI.TO .VA OI.I2 .VA OI.IH .VA OA. 5 .T.OL I9AT.AN .VA I9AT.AN .VA OI.AH VA.I.O Do ex Gamurrinio. b. OIMM DI3T QVAISEN D.A.D TANSAC I.I.O IVDI a. in parte adversa. OIMM qui-sen QVAISEN pansa STAASAC iudi IVDI v V,,,,,,0.000,ocr_failed,db7c50584ca0,1
CIE 3232,a. in parte adversa. ....OIMM.... ....QVAISEN.... ....STAASAC.... Fa. text. ....IVDI.... ....V Fa. tabulam sic circumscribit Deecke. b. ....OIMM.... ....QVAISEN.... ....STAASAC.... ....IVDI.... ....V,a. in parte adversa. ....OIMM.... ....QVAISEN.... ....STAASAC.... Fa. text. ....IVDI.... ....V Fa. tabulam sic circumscribit Deecke. b. ....OIMM.... ....QVAISEN.... ....STAASAC.... ....IVDI.... ....V,,a. in parte adversa. ....OIMM.... ....QVAISEN.... ....STAASAC.... Fa. text. ....IVDI.... ....V Fa. tabulam sic circumscribit Deecke. b. ....OIMM.... ....QVAISEN.... ....STAASAC.... ....IVDI.... ....V,,,,1.000,clean,540a7516528e,1
8345,ma(r)ci aca(r)celini vxo(r),ma(r)ci aca(r)celini vxo(r),𐌌𐌀(𐌓)𐌂𐌉 𐌀𐌂𐌀(𐌓)𐌂𐌄𐌋𐌉𐌍𐌉 𐌅𐌗𐌏(𐌓),,heresleeps,,,0.000,clean,3149652c356f,1
CIE 3239,AMEATII,AMEATII,,AMEATII,,,,1.000,clean,310c779cc28c,1
CIE 3240,IMJA,IMJA,,,,,,0.000,needs_review,4ca6faf9413f,1
CIE 3241,HMMMMAN SIASA PIVI:OAN CIHEISAI TASJA,HMMMMAN SIASA PIVI:OAN CIHEISAI TASJA,,,,,,0.000,needs_review,b589bdfca20f,1
CIE 3242,88ITAY cese|nf tati,88ITAY cese|nf tati,,,,,,0.000,ocr_failed,2ea744dc3de9,1
CIE 3243,V2:EV: AIML :le:vs... :xnia....,V2:EV: AIML :le:vs... :xnia....,,,,,,0.000,ocr_failed,2948a9e14027,1
CIE 3244,EJAOH EE:VJ IIIIIIIIIIIIIIII lu:ven:dace,EJAOH EE:VJ IIIIIIIIIIIIIIII lu:ven:dace,,,,,,0.000,needs_review,5ceb909585ef,1
CIE 3245,JAO9AJ:JAO hre:fraunal:lar9al,JAO9AJ:JAO hre:fraunal:lar9al,,,,,,0.000,ocr_failed,ef0ab82c2528,1
10139,fla(ve),fla(ve),𐌚𐌋𐌀(𐌅𐌄),,,,,0.000,clean,5d15c42737e7,1
CIE 2119,larθi:velia,larθi:velia,𐌋𐌀𐌓𐌈𐌉:𐌅𐌄𐌋𐌉𐌀,larθi velia,,,,1.000,clean,84754fb53a08,1
CIE 3246,VAHJ:VA au:pinal,VAHJ:VA au:pinal,,,,,,0.000,needs_review,e899f99acf26,1
CIE 3247,9EA132:OA ah:sepaer,9EA132:OA ah:sepaer,,,,,,0.000,ocr_failed,3db27acd46e4,1
CIE 3248,AIMOHV+ IAJOVIT tupis9nia|tit9lai,AIMOHV+ IAJOVIT tupis9nia|tit9lai,,,,,,0.000,ocr_failed,53e8b4b02d14,1
CIE 3249,EHEJAVE euelaeaei,EHEJAVE euelaeaei,,,,,,0.000,needs_review,96745a53aa16,1
CIE 3250,AVMIIOO,AVMIIOO,,AVMIIOO,,,,1.000,clean,085b8cd6dcd3,1
CIE 3251,TOAO9,TOAO9,,,,,,0.000,ocr_failed,0674cb4541c1,1
CIE 3252,VYOPEI,VYOPEI,,VYOPEI,,,,1.000,clean,a6a3edb923fd,1
CIE 3257,a AJIMIRATVTAINPAJ; b larinia.tutasi.vinila,a AJIMIRATVTAINPAJ; b larinia.tutasi.vinila,,,,,,0.000,needs_review,143876970261,1
CIE 3259,KONH9:IHNθ,KONH9:IHNθ,,,,,,0.000,ocr_failed,a9df72c6aabb,1
CIE 3260,ERIVAN:AVASNA,ERIVAN:AVASNA,,ERIVAN AVASNA,,,,1.000,clean,a1b70635ce9a,1
CIE 3273,𐌇𐌄𐌓𐌀𐌄𐌔𐌍𐌉𐌍𐌉𐌛𐌅𐌐𐌋𐌀𐌇𐌀𐌕,he:raesninixvplahat,𐌇𐌄:𐌓𐌀𐌄𐌔𐌍𐌉𐌍𐌉𐌗𐌅𐌐𐌋𐌀𐌇𐌀𐌕,he raesninixvplahat,,,,1.000,clean,7f90db955304,1
CIE 3274,𐌂𐌄𐌍𐌉𐌔𐌄·𐌍𐌄𐌉𐌔,cenise-neis,𐌂𐌄𐌍𐌉𐌔𐌄-𐌍𐌄𐌉𐌔,,,,,0.000,clean,6afc5ac3c438,1
CIE 2137,IƧIAIƧAIAIOGAIƧAIAIƧA,IsIAIsAIAIOGAIsAIAIsA,,IsIAIsAIAIOGAIsAIAIsA,,,,1.000,clean,414a9bb82a00,1
CIE 2138,V91:IƧIƧA:HƧIƧIAIHIƧAI:AƧAƧ,V91:IsIsA:HsIsIAIHIsAI:AsAs,,,,,,0.000,ocr_failed,90d9892218f3,1
CIE 3261,IADIT:AIAAMIN,IADIT:AIAAMIN,,IADIT AIAAMIN,,,,1.000,clean,247650592927,1
CIE 3262,MANILF.TINIANI.CINE,MANILF.TINIANI.CINE,,MANILF.TINIANI.CINE,,,,1.000,clean,5b481cb9fd7b,1
CIE 3263,PEθNA:SINEI,PEθNA:SINEI,,PEθNA SINEI,,,,1.000,clean,54c934995fc5,1
CIE 3264,a)𐌋𐌉𐌌𐌀𐌕𐌉𐌔𐌄𐌍𐌄 b)𐌂𐌀𐌅𐌉𐌓𐌄𐌅𐌄𐌌𐌀𐌕𐌉𐌕𐌖𐌓𐌄𐌔𐌀,a) limatisene b) cavire|vemati|turesa,𐌀) 𐌋𐌉𐌌𐌀𐌕𐌉𐌔𐌄𐌍𐌄 𐌁) 𐌂𐌀𐌅𐌉𐌓𐌄|𐌅𐌄𐌌𐌀𐌕𐌉|𐌕𐌖𐌓𐌄𐌔𐌀,limatisene cavire vemati turesa,,,,0.667,clean,4bbc0b621917,1
CIE 3265,𐌔𐌀𐌍𐌉𐌔𐌄𐌉𐌀𐌖𐌔𐌉𐌍𐌄𐌉𐌅𐌉𐌂𐌉𐌍𐌄,sanisei|ausinei|ficine,𐌔𐌀𐌍𐌉𐌔𐌄𐌉|𐌀𐌖𐌔𐌉𐌍𐌄𐌉|𐌚𐌉𐌂𐌉𐌍𐌄,sanisei ausinei ficine,,,,1.000,clean,83abb81c552c,1
CIE 3266,𐌋𐌀𐌓𐌉𐌅𐌉𐌀𐌕𐌄𐌔𐌉𐌍,larivia·tesin,𐌋𐌀𐌓𐌉𐌅𐌉𐌀·𐌕𐌄𐌔𐌉𐌍,larivia tesin,,,,1.000,clean,ee93bb62a83a,1
CIE 3267,𐌕𐌉𐌔𐌄𐌉𐌍𐌍𐌀𐌉𐌌𐌄,tisein·naime,𐌕𐌉𐌔𐌄𐌉𐌍·𐌍𐌀𐌉𐌌𐌄,tisein naime,,,,1.000,clean,984ac633b349,1
CIE 3268,𐌅𐌉𐌍𐌉𐌌𐌉𐌀𐌋𐌄𐌍𐌉𐌀𐌔𐌄,vinimia·leniase,𐌅𐌉𐌍𐌉𐌌𐌉𐌀·𐌋𐌄𐌍𐌉𐌀𐌔𐌄,vinimia leniase,,,,1.000,clean,3b0d22526174,1
CIE 3269,𐌅𐌉𐌕𐌀𐌔𐌉𐌕𐌏𐌔𐌉𐌀,vitasi·tosia,𐌅𐌉𐌕𐌀𐌔𐌉·𐌕𐌏𐌔𐌉𐌀,vitasi tosia,,,,1.000,clean,18b71d9c0237,1
CIE 3276,𐌋𐌀𐌍𐌉𐌔 𐌕𐌖𐌍𐌄,lanis tune,𐌋𐌀𐌍𐌉𐌔 𐌕𐌖𐌍𐌄,lanis tune,,,,1.000,clean,83b9b7743a1d,1
CIE 3277,𐌋𐌀𐌍𐌉𐌔·𐌂𐌄𐌉𐌔𐌄,lanis-ceise,𐌋𐌀𐌍𐌉𐌔-𐌂𐌄𐌉𐌔𐌄,,,,,0.000,clean,fbd902fe13b9,1
CIE 3283a,𐌀𐌅𐌉𐌋,avil,𐌀𐌅𐌉𐌋,avil,,,,1.000,clean,04b7a59b094b,4
8347,maxomo,maxomo,𐌌𐌀𐌗𐌏𐌌𐌏,maxomo,maxomos,,,1.000,clean,7f4936db7180,2
CIE 3283b,𐌍,n.,𐌍.,n.,,,,1.000,clean,fd015ca8e8a8,1
CIE 3284,𐌀𐌅𐌉𐌋,avil,𐌀𐌅𐌉𐌋,avil,,,,1.000,clean,04b7a59b094b,4
CIE 3285,𐌋𐌄𐌕𐌄𐌉:𐌕𐌖𐌔𐌉𐌀,letei:tusia,𐌋𐌄𐌕𐌄𐌉:𐌕𐌖𐌔𐌉𐌀,letei tusia,,,,1.000,clean,d1a384ffd662,1
CIE 3286,𐌕𐌉𐌕𐌀𐌍𐌉𐌀:𐌋𐌉𐌔𐌍𐌄𐌉,titania:lisnei,𐌕𐌉𐌕𐌀𐌍𐌉𐌀:𐌋𐌉𐌔𐌍𐌄𐌉,titania lisnei,,,,1.000,clean,f29933d90862,1
CIE 3287,𐌅𐌋·𐌕𐌉𐌕𐌀𐌍𐌉𐌀·𐌅𐌉𐌍𐌄𐌉,vl·titania·vinei,𐌅𐌋·𐌕𐌉𐌕𐌀𐌍𐌉𐌀·𐌅𐌉𐌍𐌄𐌉,vl titania vinei,,,,1.000,clean,8643a6fac6aa,1
CIE 3288,𐌋𐌀𐌓𐌕𐌉 : 𐌇𐌖𐌋𐌍𐌄𐌉 : 𐌅𐌄𐌋𐌔𐌉𐌔𐌀,larti : hulnei : velsisa,𐌋𐌀𐌓𐌕𐌉 : 𐌇𐌖𐌋𐌍𐌄𐌉 : 𐌅𐌄𐌋𐌔𐌉𐌔𐌀,larti hulnei velsisa,,,,1.000,clean,db2904c905b9,1
CIE 3289,𐌉𐌀 𐌕𐌉𐌕𐌉 𐌔𐌖𐌕𐌉𐌖𐌍𐌉 | 𐌀𐌖𐌕𐌉𐌀𐌔 𐌋𐌀𐌓𐌂𐌄,ia titi sutiuni | autias larce,𐌉𐌀 𐌕𐌉𐌕𐌉 𐌔𐌖𐌕𐌉𐌖𐌍𐌉 | 𐌀𐌖𐌕𐌉𐌀𐌔 𐌋𐌀𐌓𐌂𐌄,ia titi sutiuni autias larce,,,,1.000,clean,c5e1150c3053,1
CIE 3290,𐌋𐌄 : 𐌕𐌄𐌕𐌉 : 𐌋𐌀𐌍𐌉𐌀 : 𐌕𐌉𐌍𐌄𐌉,le : teti : lania : tinei,𐌋𐌄 : 𐌕𐌄𐌕𐌉 : 𐌋𐌀𐌍𐌉𐌀 : 𐌕𐌉𐌍𐌄𐌉,le teti lania tinei,,,,1.000,clean,aacd6b436892,1
10155,m(etelies),m(etelies),𐌌(𐌄𐌕𐌄𐌋𐌉𐌄𐌔),,mr-marcemr-velmetelies,,,0.000,clean,31ab7714e2a7,1
CIE 2155,AHHIAZI·ЭHЭA·OHOA arnθ·venate·cisvitnal,AHHIAZI·eHeA·OHOA,,AHHIAZI eHeA OHOA,,,,1.000,clean,3118c39f58bd,1
CIE 2156,ARAMЭЭЭA ar·venate|pucsinal,ARAMeeeA,𐌀𐌓𐌀𐌌𐌄𐌄𐌄𐌀,ARAMeeeA,,,,1.000,clean,c77da84a2abf,1
ETP 72,larθ velarnies,larθ velarnies,𐌋𐌀𐌓𐌈 𐌅𐌄𐌋𐌀𐌓𐌍𐌉𐌄𐌔,larθ velarnies,,500.0,400.0,1.000,clean,ef0362bb2e32,1
CIE 2157,IARЭI·PVCSIN|VENATЭSA larθi·pucsin|venatǝsa,IAReI·PVCSIN|VENATeSA,,IAReI PVCSIN VENATeSA,,,,1.000,clean,3eda6b23f468,1
4699,vipinei,vipinei,𐌅𐌉𐌐𐌉𐌍𐌄𐌉,vipinei,mrs-vipineis,,,1.000,clean,d5c96de857b9,3
CIE 2158,L·VENATЭ·TITIAL·IIII l·venatǝ·titial·IIII,L·VENATe·TITIAL·IIII,,L VENATe TITIAL IIII,,,,1.000,clean,1eae80cb6c09,1
CIE 2159,O·A·ЭI·A lθ·venatǝ·aθ,O·A·eI·A,𐌏·𐌀·𐌄𐌉·𐌀,O A eI A,,,,1.000,clean,29820a5b59dd,1
CIE 3291,𐌋𐌀𐌅𐌕𐌉 : 𐌂𐌄𐌂𐌖𐌍𐌉𐌀,lavti : cecunia,𐌋𐌀𐌅𐌕𐌉 : 𐌂𐌄𐌂𐌖𐌍𐌉𐌀,lavti cecunia,,,,1.000,clean,f93e6318bb30,1
CIE 3292,𐌔𐌖𐌋𐌐𐌉𐌂𐌉𐌀 | 𐌔𐌄𐌂𐌖𐌍,sulpicia | secun,𐌔𐌖𐌋𐌐𐌉𐌂𐌉𐌀 | 𐌔𐌄𐌂𐌖𐌍,sulpicia secun,,,,1.000,clean,c0396e3eff05,1
CIE 3293,𐌍𐌀𐌕𐌉𐌀 : 𐌅𐌋 : 𐌔𐌍𐌄𐌉𐌔𐌀,natia : vl : sneisa,𐌍𐌀𐌕𐌉𐌀 : 𐌅𐌋 : 𐌔𐌍𐌄𐌉𐌔𐌀,natia vl sneisa,,,,1.000,clean,6f95528a41d0,1
CIE 3294,𐌍𐌀𐌍𐌉𐌀 : 𐌅𐌄𐌕𐌉𐌀𐌋,nania : vetial,𐌍𐌀𐌍𐌉𐌀 : 𐌅𐌄𐌕𐌉𐌀𐌋,nania vetial,,,,1.000,clean,46f43b43e2aa,1
CIE 3295,𐌄𐌔𐌉𐌍 𐌅𐌄𐌕𐌄,esin vete,𐌄𐌔𐌉𐌍 𐌅𐌄𐌕𐌄,esin vete,,,,1.000,clean,68533d377899,1
CIE 3296,𐌅𐌄𐌗𐌍𐌀 | 𐌅𐌄𐌔𐌉𐌀𐌋,vena | vesial,𐌅𐌄𐌍𐌀 | 𐌅𐌄𐌔𐌉𐌀𐌋,vena vesial,,,,1.000,clean,28c7486d6b0a,1
CIE 3302,19XWTAJ l9·····|avauri,19XWTAJ l9·····|avauri,,,,,,0.000,ocr_failed,2100da12d704,1
CIE 3303,YO9AJIMt EIXQVTEJ AMI2 VJV t:lar|files|seturis|ulusina,YO9AJIMt EIXQVTEJ AMI2 VJV t:lar|files|seturis|ulusina,,,,,,0.000,ocr_failed,33beb0fd8757,1
ETP 71,σu[θina],σu[θina],𐌑𐌖[𐌈𐌉𐌍𐌀],,,300.0,300.0,0.000,clean,7d831f09ff88,4
CIE 2173,PVEIINVSIA PVRPVRARIVS,PVEIINVSIA PVRPVRARIVS,,PVEIINVSIA PVRPVRARIVS,,,,1.000,clean,bfe37f6d1105,1
4705,teta,teta,𐌕𐌄𐌕𐌀,teta,,,,1.000,clean,4b6b2c327b64,1
CIE 2174,MYRIIA O | hasti vets,MYRIIA O | hasti vets,,MYRIIA O hasti vets,,,,1.000,clean,7d6f7f08810c,1
CIE 2175,AITR:AO | AITR:A9 | Fa:vetia|venzileś,AITR:AO | AITR:A9 | Fa:vetia|venzileś,,,,,,0.000,ocr_failed,ca0806e682a3,1
CIE 2176,AITR:AM AO | AZAM 2 9 | Fana:veti|resnasa,AITR:AM AO | AZAM 2 9 | Fana:veti|resnasa,,,,,,0.000,ocr_failed,ce5d36663831,1
CIE 2214,vesinei: | creices,vesinei: | creices,𐌅𐌄𐌔𐌉𐌍𐌄𐌉: | 𐌂𐌓𐌄𐌉𐌂𐌄𐌔,vesinei creices,,,,1.000,clean,f99b6f01a780,1
CIE 3304,"GIMV..... |ainie|ve|saras GIMV..... LEOSVDV Ga., 3 .....nnie|ve|saras","GIMV..... |ainie|ve|saras GIMV..... LEOSVDV Ga., 3 .....nnie|ve|saras",,,,,,0.000,ocr_failed,19624a242a9b,1
CIE 3305,NIQVSQA .....rsudin,NIQVSQA .....rsudin,,NIQVSQA .....rsudin,,,,1.000,clean,d29fc4460a35,1
CIE 3306,JIOV2:MAJA apan:suRil,JIOV2:MAJA apan:suRil,,,,,,0.000,ocr_failed,9a8ac73903fb,1
CIE 337,VDER.A.THNA,VDER.A.THNA,,VDER.A.THNA,,,,1.000,clean,dd49d9a70b51,1
CIE 338,SV.VDE.R.I,SV.VDE.R.I,,SV.VDE.R.I,,,,1.000,clean,f9c0bff7c0f1,1
CIE 339,VO.IO9.AV VAV32.I.SI9.A2,VO.IO9.AV VAV32.I.SI9.A2,,,,,,0.000,ocr_failed,f11f2c64c3cb,1
4712,larthti,larθti,𐌋𐌀𐌓𐌈𐌕𐌉,larθti,,,,1.000,clean,92c75615c2b4,1
CIE 34,J·J2J1C[N]A·.......,J·J2J1C[N]A·.......,,,,,,0.000,ocr_failed,59adde1ea6ee,1
CIE 340,EDNAH.OθAI,EDNAH.OθAI,,EDNAH.OθAI,,,,1.000,clean,a4d0316f8e62,1
CIE 345,vel ar[u]n[u]fle vesu|cusa,vel ar[u]n[u]fle vesu|cusa,𐌅𐌄𐌋 𐌀𐌓[𐌖]𐌍[𐌖]𐌚𐌋𐌄 𐌅𐌄𐌔𐌖|𐌂𐌖𐌔𐌀,vel vesu cusa,,,,0.750,clean,05a1aea0c3ab,1
CIE 346,larθi|arntleś,larθi|arntleś,𐌋𐌀𐌓𐌈𐌉|𐌀𐌓𐌍𐌕𐌋𐌄𐌑,larθi arntleś,,,,1.000,clean,5ac00fd6d72f,1
10327,ufi,ufi,𐌖𐌚𐌉,ufi,,,,1.000,clean,80dac9815ccc,1
CIE 347,velia |alufne|arntle|vesu,velia |alufne|arntle|vesu,𐌅𐌄𐌋𐌉𐌀 |𐌀𐌋𐌖𐌚𐌍𐌄|𐌀𐌓𐌍𐌕𐌋𐌄|𐌅𐌄𐌔𐌖,velia alufne arntle vesu,,,,1.000,clean,2e903d660a8d,1
CIE 349,arnu |arntle |vescu |arnu |al,arnu |arntle |vescu |arnu |al,𐌀𐌓𐌍𐌖 |𐌀𐌓𐌍𐌕𐌋𐌄 |𐌅𐌄𐌔𐌂𐌖 |𐌀𐌓𐌍𐌖 |𐌀𐌋,arnu arntle vescu arnu al,,,,1.000,clean,04ed0a492e07,1
CIE 350,atainei,atainei,𐌀𐌕𐌀𐌉𐌍𐌄𐌉,atainei,,,,1.000,clean,f9aadee732d4,4
CIE 351,atainei,atainei,𐌀𐌕𐌀𐌉𐌍𐌄𐌉,atainei,,,,1.000,clean,f9aadee732d4,4
4717,sulunia,sulunia,𐌔𐌖𐌋𐌖𐌍𐌉𐌀,sulunia,,,,1.000,clean,d40c0b129414,1
CIE 352,ecnatnei,ecnatnei,𐌄𐌂𐌍𐌀𐌕𐌍𐌄𐌉,ecnatnei,,,,1.000,clean,45111f0fcb02,1
CIE 353,MIV8:VA,MIV8:VA,,,,,,0.000,ocr_failed,8eea15875765,1
CIE 354,IIYAA MIV8,IIYAA MIV8,,,,,,0.000,ocr_failed,35358ff02fb0,1
CIE 355,MIV8OAAJ,MIV8OAAJ,,,,,,0.000,ocr_failed,46c276089ec6,1
CIE 356,M]ENVAIMIV8,M]ENVAIMIV8,,,,,,0.000,ocr_failed,a42902b0438e,1
CIE 357,AI,AI,,AI,,,,1.000,clean,32e83e92d45d,1
CIE 2191,v.l.v.e.l.x.e.v.e.l.x.e.s.a.n.a.i.n.a.l,v.l.v.e.l.x.e.v.e.l.x.e.s.a.n.a.i.n.a.l,𐌅.𐌋.𐌅.𐌄.𐌋.𐌗.𐌄.𐌅.𐌄.𐌋.𐌗.𐌄.𐌔.𐌀.𐌍.𐌀.𐌉.𐌍.𐌀.𐌋,v.l.v.e.l.x.e.v.e.l.x.e.s.a.n.a.i.n.a.l,,,,1.000,clean,1e013fb46c01,1
CIE 2213,...:ΘO:I:ΘI:I:I:A:O Θana:vipinei:her[inis],...:ΘO:I:ΘI:I:I:A:O Θana:vipinei:her[inis],...:𐌈𐌏:𐌉:𐌈𐌉:𐌉:𐌉:𐌀:𐌏 𐌈𐌀𐌍𐌀:𐌅𐌉𐌐𐌉𐌍𐌄𐌉:𐌇𐌄𐌓[𐌉𐌍𐌉𐌔],... ΘO I ΘI I I A O Θana vipinei,,,,0.909,clean,163a0a0df34e,1
CIE 359,ANIA KENVAJ,ANIA KENVAJ,,,,,,0.000,needs_review,9f91700259d8,1
CIE 364,a) vel: secu | lar | Fal b) Fania : alfnei,a) vel: secu | lar | Fal b) Fania : alfnei,,vel secu lar Fal Fania alfnei,,,,0.750,clean,e5b2c9c57c70,1
CIE 365,Fania : alfnei,Fania : alfnei,,Fania alfnei,,,,1.000,clean,d3137d406d69,1
CIE 366,lar | Di | a | Funi,lar | Di | a | Funi,,lar Di a Funi,,,,1.000,clean,cc1f0a21d52d,1
CIE 367,. . . . secuanies | puiac,. . . . secuanies | puiac,. . . . 𐌔𐌄𐌂𐌖𐌀𐌍𐌉𐌄𐌔 | 𐌐𐌖𐌉𐌀𐌂,. . . . secuanies puiac,,,,1.000,clean,792103a177d8,1
CIE 368,caznei,caznei,𐌂𐌀𐌆𐌍𐌄𐌉,caznei,,,,1.000,clean,4091bf237f33,2
CIE 369,arno auta : caznal,arno auta : caznal,𐌀𐌓𐌍𐌏 𐌀𐌖𐌕𐌀 : 𐌂𐌀𐌆𐌍𐌀𐌋,arno auta caznal,,,,1.000,clean,6d2ce6ab8846,1
CIE 370,ei kihax ixu . . | avle kavini sex,ei kihax ixu . . | avle kavini sex,𐌄𐌉 𐌊𐌉𐌇𐌀𐌗 𐌉𐌗𐌖 . . | 𐌀𐌅𐌋𐌄 𐌊𐌀𐌅𐌉𐌍𐌉 𐌔𐌄𐌗,ei kihax ixu . . avle kavini sex,,,,1.000,clean,d74699e6a54f,1
10339,mituruns,mituruns,𐌌𐌉𐌕𐌖𐌓𐌖𐌍𐌔,mituruns,ithe-god-mercurys,,,1.000,clean,677e063fbb8f,1
CIE 2209,RAMTA VIBIIIS·L LAVTNI Ramta Vibies·L lautni,RAMTA VIBIIIS·L LAVTNI Ramta Vibies·L lautni,,RAMTA VIBIIIS L LAVTNI Ramta Vibies L lautni,,,,1.000,clean,31ca929fa4a0,1
CIE 2210,...ИAИƆE:I:IITIЯ:AO Fa:vipi:ecnatn...,...nAncE:I:IITIr:AO Fa:vipi:ecnatn...,,...nAncE I IITIr AO Fa vipi ecnatn...,,,,1.000,clean,559d36ec0c06,1
CIE 2211,NIBIA AMOEN Vibia Amoen,NIBIA AMOEN Vibia Amoen,,NIBIA AMOEN Vibia Amoen,,,,1.000,clean,89d13557d29a,1
CIE 2212,MAΘA:I:M:V:ΘI:A:N:I:M:A:N:I l. vipini vetial ls vetes papa//s,MAΘA:I:M:V:ΘI:A:N:I:M:A:N:I l. vipini vetial ls vetes papa//s,,MAΘA I M V ΘI A N I M A N I l. vipini vetial ls vetes papa//s,,,,1.000,clean,8db0c5f2f844,1
CIE 394,a. APNOFELVθ FE SθAN b. JJEθOH9A H1XJJ,a. APNOFELVθ FE SθAN b. arniθ velx[tini]|vestrn[alisa],,a. APNOFELVθ FE SθAN b. arniθ,,,,0.750,clean,e749a8383073,1
CIE 395,IHIHAVJJE:OHQA AZIJAHQYJJA,arniθ velxatini|vestrnalisa,𐌀𐌓𐌍𐌉𐌈 𐌅𐌄𐌋𐌗𐌀𐌕𐌉𐌍𐌉|𐌅𐌄𐌔𐌕𐌓𐌍𐌀𐌋𐌉𐌔𐌀,arniθ velxatini vestrnalisa,,,,1.000,clean,e42d691dfd7d,1
CIE 41,AΘIΛI:AN:ΘI:A ls:ceicna-v-pr[e]nθra[l],AΘIΛI:AN:ΘI:A ls:ceicna-v-pr[e]nθra[l],,,,,,0.000,needs_review,49b89084f1a2,1
CIE 426,l·aveini·l·velθurnai,l·aveini·l·velθurnai,𐌋·𐌀𐌅𐌄𐌉𐌍𐌉·𐌋·𐌅𐌄𐌋𐌈𐌖𐌓𐌍𐌀𐌉,l aveini l velθurnai,,,,1.000,clean,a48640a16e72,1
CIE 428,𐌒.𐌚𐌏𐌋𐌍𐌉𐌅𐌔.𐌀.𐌚.𐌐𐌏𐌌 𐌚𐌅𐌔𐌅𐌒𐌔 𐌅𐌄𐌋𐌗𐌄 𐌚𐌅𐌋𐌍𐌉 𐌅𐌄𐌋𐌗𐌄𐌔 𐌒𐌉𐌀𐌓𐌈𐌉𐌀𐌋𐌉𐌔𐌀,Q.FOLNIVS.A.F.POM FVSVCS velxe fulni velxes | ciarPialisa Q.Folnius.A.f.Pom | Fuscus,,Q.FOLNIVS.A.F.POM FVSVCS velxe fulni velxes ciarPialisa Q.Folnius.A.f.Pom Fuscus,,,,1.000,clean,7ebc14ca7d86,1
CIE 429,𐌋𐌌𐌀𐌕𐌓𐌀,a: steprni talce | cainal,𐌀: 𐌔𐌕𐌄𐌐𐌓𐌍𐌉 𐌕𐌀𐌋𐌂𐌄 | 𐌂𐌀𐌉𐌍𐌀𐌋,a steprni talce cainal,,,,1.000,clean,59f4b7444d3c,1
CIE 43,IΛI:AN:ΘI:A v.....tanzwi.....cui vel[us] [m]eθelial}.....tviqi,IΛI:AN:ΘI:A v.....tanzwi.....cui vel[us] [m]eθelial}.....tviqi,,,,,,0.000,needs_review,dcbd0ec564bd,1
4720,ferene,ferene,𐌚𐌄𐌓𐌄𐌍𐌄,ferene,,,,1.000,clean,359e4d7e546f,1
CIE 431,𐌐𐌀𐌍𐌗𐌅𐌉𐌋.𐌕𐌄𐌕𐌉𐌍𐌄𐌉,Panxvil.tetinei,,Panxvil.tetinei,,,,1.000,clean,2e86829942fb,1
CIE 435,zixu | mesinal,zixu | mesinal,𐌆𐌉𐌗𐌖 | 𐌌𐌄𐌔𐌉𐌍𐌀𐌋,zixu mesinal,,,,1.000,clean,da85f0626887,1
CIE 436,cure fulu,cure fulu,𐌂𐌖𐌓𐌄 𐌚𐌖𐌋𐌖,cure fulu,,,,1.000,clean,9878e116aa72,1
CIE 437,v·cvinti·arnθias·culśanśi | alpan·turce,v·cvinti·arnθias·culśanśi | alpan·turce,𐌅·𐌂𐌅𐌉𐌍𐌕𐌉·𐌀𐌓𐌍𐌈𐌉𐌀𐌔·𐌂𐌖𐌋𐌑𐌀𐌍𐌑𐌉 | 𐌀𐌋𐌐𐌀𐌍·𐌕𐌖𐌓𐌂𐌄,v cvinti arnθias culśanśi alpan turce,,,,1.000,clean,011560e5e2cd,1
ETP 88,faltu,faltu,𐌚𐌀𐌋𐌕𐌖,faltu,,510.0,500.0,1.000,clean,17125134fa6f,1
CIE 2227,hastia|vipinei|verunia,hastia|vipinei|verunia,𐌇𐌀𐌔𐌕𐌉𐌀|𐌅𐌉𐌐𐌉𐌍𐌄𐌉|𐌅𐌄𐌓𐌖𐌍𐌉𐌀,hastia vipinei verunia,,,,1.000,clean,097f3f2ebc14,1
CIE 2315,EJIITVE-OQAI,EJIITVE-OQAI,,,,,,0.000,needs_review,5b9956fa545d,1
CIE 438,v·cvinti·arnθias·śelanśi | tez·alpan | turce,v·cvinti·arnθias·śelanśi | tez·alpan | turce,𐌅·𐌂𐌅𐌉𐌍𐌕𐌉·𐌀𐌓𐌍𐌈𐌉𐌀𐌔·𐌑𐌄𐌋𐌀𐌍𐌑𐌉 | 𐌕𐌄𐌆·𐌀𐌋𐌐𐌀𐌍 | 𐌕𐌖𐌓𐌂𐌄,v cvinti arnθias śelanśi tez alpan turce,,,,1.000,clean,bb97d309c682,1
CIE 439,tular raśnal|tular raśnal,tular raśnal|tular raśnal,𐌕𐌖𐌋𐌀𐌓 𐌓𐌀𐌑𐌍𐌀𐌋|𐌕𐌖𐌋𐌀𐌓 𐌓𐌀𐌑𐌍𐌀𐌋,tular raśnal tular raśnal,,,,1.000,clean,e5ba673ba451,1
CIE 2241,ATQA,zarta,𐌆𐌀𐌓𐌕𐌀,zarta,,,,1.000,clean,200ede47267f,2
CIE 441,v·cusu·cr·l·apa|peθrual·clan,v·cusu·cr·l·apa|peθrual·clan,𐌅·𐌂𐌖𐌔𐌖·𐌂𐌓·𐌋·𐌀𐌐𐌀|𐌐𐌄𐌈𐌓𐌖𐌀𐌋·𐌂𐌋𐌀𐌍,v cusu cr l apa peθrual clan,,,,1.000,clean,7ac3a14bebc7,1
CIE 442,laris:perkna petkeal,laris:perkna petkeal,𐌋𐌀𐌓𐌉𐌔:𐌐𐌄𐌓𐌊𐌍𐌀 𐌐𐌄𐌕𐌊𐌄𐌀𐌋,laris perkna petkeal,,,,1.000,clean,510723458481,1
ETP 89,cua,cua,𐌂𐌖𐌀,cua,,600.0,600.0,1.000,clean,cc71991f59c6,1
ETP 90,evrs • ci,evrs • ci,𐌄𐌅𐌓𐌔 • 𐌂𐌉,evrs ci,,300.0,250.0,1.000,clean,ea2c8117871c,1
CIE 2245,VJNVM:IIN,l zi: auliu:,𐌋 𐌆𐌉: 𐌀𐌖𐌋𐌉𐌖:,l zi auliu,,,,1.000,clean,d204ea70ae97,1
CIE 2246,VVJNVVA VLVVVA,aule zuxu au zuxu,𐌀𐌖𐌋𐌄 𐌆𐌖𐌗𐌖 𐌀𐌖 𐌆𐌖𐌗𐌖,aule zuxu au zuxu,,,,1.000,clean,cfd65954622b,1
CIE 2247,IOAJ MAVVVA MVVVI,larθi aules zuxus,𐌋𐌀𐌓𐌈𐌉 𐌀𐌖𐌋𐌄𐌔 𐌆𐌖𐌗𐌖𐌔,larθi aules zuxus,,,,1.000,clean,8bda41a7fc71,1
CIE 2248,2:1:AM2E9:IHLV:9A,ar zuxni: resna: p:s:,𐌀𐌓 𐌆𐌖𐌗𐌍𐌉: 𐌓𐌄𐌔𐌍𐌀: 𐌐:𐌔:,ar zuxni resna p s,,,,1.000,clean,6c892c72de7a,1
CIE 2249,VθI2HAO MIH,θansi zuxniś,𐌈𐌀𐌍𐌔𐌉 𐌆𐌖𐌗𐌍𐌉𐌑,θansi zuxniś,,,,1.000,clean,b2a48ac3b6e0,1
CIE 443,dapna·muśni···|inścvil·|admic···|śalθn,dapna·muśni···|inścvil·|admic···|śalθn,𐌃𐌀𐌐𐌍𐌀·𐌌𐌖𐌑𐌍𐌉···|𐌉𐌍𐌑𐌂𐌅𐌉𐌋·|𐌀𐌃𐌌𐌉𐌂···|𐌑𐌀𐌋𐌈𐌍,dapna muśni inścvil admic śalθn,,,,1.000,clean,23c8308929ff,1
ETP 369,[---]xtrus • apanal • θucl •,[---]xtrus • apanal • θucl •,[---]𐌗𐌕𐌓𐌖𐌔 • 𐌀𐌐𐌀𐌍𐌀𐌋 • 𐌈𐌖𐌂𐌋 •,apanal θucl,,200.0,200.0,0.667,clean,a9db8df56923,1
CIE 444,VTMVNEJ|IOAVDVVM|ARNA|IMVDIHE,VTMVNEJ|IOAVDVVM|ARNA|IMVDIHE,,,,,,0.000,needs_review,9e318cec63b9,1
CIE 445,MATIAMROAVO:ZVS:ZVS:FA ESQVT,MATIAMROAVO:ZVS:ZVS:FA ESQVT,,MATIAMROAVO ZVS ZVS FA ESQVT,,,,1.000,clean,7eb7d13cd617,1
CIE 446,MISLANAHADI:MANIOVT:ALSD:ANAN:MA MAOJSVO:ANAN:MA:LIES:ANAN:MA,MISLANAHADI:MANIOVT:ALSD:ANAN:MA MAOJSVO:ANAN:MA:LIES:ANAN:MA,,,,,,0.000,needs_review,b8ed3fee5a6a,1
CIE 447,a. 3:HITHIA:A:IOQAI b. 3:HITHIA:A:IOQAI,a. 3:HITHIA:A:IOQAI b. 3:HITHIA:A:IOQAI,,,,,,0.000,ocr_failed,fd136033da04,1
CIE 448,IVISNA:RISAV VAMIS:JES,IVISNA:RISAV VAMIS:JES,,,,,,0.000,needs_review,c21faaba8e37,1
CIE 2263,IAN+Y+R:A:I,IAN+Y+R:A:I,,,,,,0.000,ocr_failed,87fc05ecc6c4,1
11110,evlclthl,evlclθl,𐌄𐌅𐌋𐌂𐌋𐌈𐌋,evlclθl,,,,1.000,clean,a22f908fca61,1
CIE 2242,OA VLIOA T9AM,ad zixu ad sert,𐌀𐌃 𐌆𐌉𐌗𐌖 𐌀𐌃 𐌔𐌄𐌓𐌕,ad zixu ad sert,,,,1.000,clean,003016f96deb,1
4722,thansinal,θansinal,𐌈𐌀𐌍𐌔𐌉𐌍𐌀𐌋,θansinal,,,,1.000,clean,e32d49d9febc,1
CIE 450,HASTIA:HERINI:CNEVIAL,HASTIA:HERINI:CNEVIAL,,HASTIA HERINI CNEVIAL,,,,1.000,clean,d325706b1955,1
CIE 451,AULE:CALIE:ARAINAL,AULE:CALIE:ARAINAL,,AULE CALIE ARAINAL,,,,1.000,clean,8ee215ac38ef,1
CIE 452,M:ELVA:OIAJEVVA,M:ELVA:OIAJEVVA,,,,,,0.000,needs_review,e2d10680526f,1
CIE 453,VEL:MUMFNI,VEL:MUMFNI,,VEL MUMFNI,,,,1.000,clean,0a411fde2abb,1
CIE 454,VENZCA:TILE,VENZCA:TILE,,VENZCA TILE,,,,1.000,clean,f700aedfe365,1
CIE 455,LARθ:TITI:TELθURNA,LARθ:TITI:TELθURNA,,LARθ TITI TELθURNA,,,,1.000,clean,6a320ae773b8,1
CIE 456,θU:TITE:θI:ALθRINAL:SAθU,θU:TITE:θI:ALθRINAL:SAθU,,θU TITE θI ALθRINAL SAθU,,,,1.000,clean,1362557c9746,1
4727,ap,ap,𐌀𐌐,ap,,,,1.000,clean,7978f506baa1,2
4761,--elesia,--elesia,--𐌄𐌋𐌄𐌔𐌉𐌀,,,,,0.000,clean,c0373898f124,1
10353,kuru,kuru,𐌊𐌖𐌓𐌖,kuru,,,,1.000,clean,82742b546923,1
CIE 457,V:TENTATINE:IANSSEN,V:TENTATINE:IANSSEN,,V TENTATINE IANSSEN,,,,1.000,clean,4129e347f06c,1
CIE 458,ARθ:CNE:IANSSEN,ARθ:CNE:IANSSEN,,ARθ CNE IANSSEN,,,,1.000,clean,a7bd844cca7d,1
CIE 459,VEL:MAMARθ,VEL:MAMARθ,,VEL MAMARθ,,,,1.000,clean,6cf0b90c4075,1
CIE 460,LAQИQA:A12IVA:A,LAQnQA:A12IVA:A,,,,,,0.000,ocr_failed,e9f3050d6f43,1
1037,veacial,veacial,𐌅𐌄𐌀𐌂𐌉𐌀𐌋,veacial,,,,1.000,clean,c6f1e4ef0a6a,1
CIE 2281,𐌉𐌈[:]𐌇𐌀𐌓𐌐𐌉𐌕𐌄:𐌉𐌈:𐌅𐌄𐌋....,iθ[:]harpite:iθ:vel....,𐌉𐌈[:]𐌇𐌀𐌓𐌐𐌉𐌕𐌄:𐌉𐌈:𐌅𐌄𐌋....,iθ vel....,,,,0.500,clean,6fd78abdee38,1
CIE 2282,𐌀𐌈:𐌇𐌀𐌓𐌐𐌉𐌕𐌄|𐌍𐌖𐌌𐌔𐌉𐌍𐌀𐌋,aθ:harpite|numsinai,𐌀𐌈:𐌇𐌀𐌓𐌐𐌉𐌕𐌄|𐌍𐌖𐌌𐌔𐌉𐌍𐌀𐌉,aθ harpite numsinai,,,,1.000,clean,0f3d45e59c37,1
CIE 2243,IANVITAO MANAV,ha zixnei cupsnas,𐌇𐌀 𐌆𐌉𐌗𐌍𐌄𐌉 𐌂𐌖𐌐𐌔𐌍𐌀𐌔,ha zixnei cupsnas,,,,1.000,clean,05ac4cbe7a8e,1
CIE 2283,𐌀𐌓𐌍[𐌈]:𐌇𐌀𐌓𐌐𐌉𐌕𐌄:𐌍𐌖𐌌𐌔[𐌉]𐌍𐌀𐌋:,arn[θ]:harpite:nums[i]nal:,𐌀𐌓𐌍[𐌈]:𐌇𐌀𐌓𐌐𐌉𐌕𐌄:𐌍𐌖𐌌𐌔[𐌉]𐌍𐌀𐌋:,harpite,,,,0.333,clean,8d85ee932c8c,1
CIE 2284,𐌇𐌀𐌔𐌕𐌉𐌀 𐌒𐌀𐌌𐌐𐌉𐌍𐌄𐌉,hastia campinei,𐌇𐌀𐌔𐌕𐌉𐌀 𐌂𐌀𐌌𐌐𐌉𐌍𐌄𐌉,hastia campinei,,,,1.000,clean,202b026b1d78,1
CIE 2285,𐌔𐌉𐌈𐌖,siθu,𐌔𐌉𐌈𐌖,siθu,,,,1.000,clean,dc61e214fa12,2
CIE 2293,𐌀𐌖𐌋𐌄:𐌇𐌄𐌓𐌉𐌍𐌄:𐌐𐌄𐌕𐌓𐌖𐌀𐌋,aule : herine : petrual,𐌀𐌖𐌋𐌄 : 𐌇𐌄𐌓𐌉𐌍𐌄 : 𐌐𐌄𐌕𐌓𐌖𐌀𐌋,aule herine petrual,,,,1.000,clean,4a670983454c,1
CIE 461,QVOLTITA:AЯE JAHIA2:QVOAN,QVOLTITA:ArE JAHIA2:QVOAN,,,,,,0.000,ocr_failed,867150ce58e0,1
CIE 462,A23ИM391:A8:13И3A:ANAO,A23nM391:A8:13n3A:ANAO,,,,,,0.000,ocr_failed,a52b10367c69,1
CIE 463,VLTJAJJAM,VLTJAJJAM,,,,,,0.000,needs_review,f4e3fa9b03d8,1
CIE 464,ARCEИTIOM,ARCEnTIOM,,ARCEnTIOM,,,,1.000,clean,758bdf39901f,1
CIE 465,AИ+MVJA):M,An+MVJA):M,,,,,,0.000,ocr_failed,2f08db1f14aa,1
CIE 466,IEИRVOANAO,IEnRVOANAO,,IEnRVOANAO,,,,1.000,clean,72cdca4ce95c,1
CIE 467,MIANXNAIVD,MIANXNAIVD,,MIANXNAIVD,,,,1.000,clean,7910bb499596,1
CIE 468,INXQ-QANAHID,INXQ-QANAHID,,,,,,0.000,clean,683cd07dd4ed,1
CIE 473,MHAMJV)A7M0791:3,MHAMJV)A7M0791:3,,,,,,0.000,ocr_failed,59f447b3c07a,1
ETP 333,larθ laucies θamequ larecesi ka iseriθesi celeniarasi mini zinece veθur kam arteθi,larθ laucies θamequ larecesi ka iseriθesi celeniarasi mini zinece veθur kam arteθi,𐌋𐌀𐌓𐌈 𐌋𐌀𐌖𐌂𐌉𐌄𐌔 𐌈𐌀𐌌𐌄𐌒𐌖 𐌋𐌀𐌓𐌄𐌂𐌄𐌔𐌉 𐌊𐌀 𐌉𐌔𐌄𐌓𐌉𐌈𐌄𐌔𐌉 𐌂𐌄𐌋𐌄𐌍𐌉𐌀𐌓𐌀𐌔𐌉 𐌌𐌉𐌍𐌉 𐌆𐌉𐌍𐌄𐌂𐌄 𐌅𐌄𐌈𐌖𐌓 𐌊𐌀𐌌 𐌀𐌓𐌕𐌄𐌈𐌉,larθ laucies θamequ larecesi ka iseriθesi celeniarasi mini zinece veθur kam arteθi,"Larth Laucies (was) θamequ by (his) sons, Larece (and) Kaiserithe. Ve(l)thur made me in Kamarta.",525.0,500.0,1.000,clean,d39728fea9e6,1
CIE 474,ARSES VVRSEŚ SETHLANL TEPHRAL APE TERMNV PIS EST,ARSES VVRSEŚ SETHLANL TEPHRAL APE TERMNV PIS EST,,ARSES VVRSEŚ SETHLANL TEPHRAL APE TERMNV PIS EST,,,,1.000,clean,5e3338160432,1
CIE 47c,ΘA.ΘI.ΘV.Θ,ΘA.ΘI.ΘV.Θ,𐌈𐌀.𐌈𐌉.𐌈𐌅.𐌈,ΘA.ΘI.ΘV.Θ,,,,1.000,clean,da927507c922,2
CIE 48,IMΘI.ΘAΘ.IMΘIΘ MΘI.ΘM.ΘM.ΘIΘ ΘAΘ.ΘV.ΘV.Θ AMΘIΘAΘ.AMΘA.Θ MΘ.ΘΘ.ΘΘ.ΘV.Θ ΘAΘV.ΘM.ΘM.ΘΘ F.Vitesi: calesi cina:es:mestles huΘ:naper lescan letem:Θrui arasa:Θa se:laei:treΘ ΘenΘt:menuaΘa,IMΘI.ΘAΘ.IMΘIΘ MΘI.ΘM.ΘM.ΘIΘ ΘAΘ.ΘV.ΘV.Θ AMΘIΘAΘ.AMΘA.Θ MΘ.ΘΘ.ΘΘ.ΘV.Θ ΘAΘV.ΘM.ΘM.ΘΘ F.Vitesi: calesi cina:es:mestles huΘ:naper lescan letem:Θrui arasa:Θa se:laei:treΘ ΘenΘt:menuaΘa,,IMΘI.ΘAΘ.IMΘIΘ MΘI.ΘM.ΘM.ΘIΘ ΘAΘ.ΘV.ΘV.Θ AMΘIΘAΘ.AMΘA.Θ MΘ.ΘΘ.ΘΘ.ΘV.Θ ΘAΘV.ΘM.ΘM.ΘΘ F.Vitesi calesi cina es mestles huΘ naper lescan letem Θrui arasa Θa se laei treΘ ΘenΘt menuaΘa,,,,1.000,clean,07dc7f5015c8,1
CIE 49,ΘVΘ.ΘA.Θ MΘIΘVΘM MΘVΘVΘ MIVΘVΘI ta.suti. mucetis. cneunas. lautunΘs,ΘVΘ.ΘA.Θ MΘIΘVΘM MΘVΘVΘ MIVΘVΘI ta.suti. mucetis. cneunas. lautunΘs,𐌈𐌅𐌈.𐌈𐌀.𐌈 𐌌𐌈𐌉𐌈𐌅𐌈𐌌 𐌌𐌈𐌅𐌈𐌅𐌈 𐌌𐌉𐌅𐌈𐌅𐌈𐌉 𐌕𐌀.𐌔𐌖𐌕𐌉. 𐌌𐌖𐌂𐌄𐌕𐌉𐌔. 𐌂𐌍𐌄𐌖𐌍𐌀𐌔. 𐌋𐌀𐌖𐌕𐌖𐌍𐌈𐌔,ΘVΘ.ΘA.Θ MΘIΘVΘM MΘVΘVΘ MIVΘVΘI ta.suti. mucetis. cneunas. lautunΘs,,,,1.000,clean,d3005746ba0d,1
CIE 2244,OINVI. J7,ui zili lo,𐌖𐌉 𐌆𐌉𐌋𐌉 𐌋𐌏,ui zili lo,,,,1.000,clean,2302ae0c538f,1
4780,pamphil,pamφil,𐌐𐌀𐌌𐌘𐌉𐌋,pamφil,mr-caiuspapiriuspamphilus,,,1.000,clean,9cc9f2059406,1
CIE 50,ΘMΘLSAΘIM ΘIΘSΘ in parte dextra in parte sinistra mi leasies e. .s sp.,ΘMΘLSAΘIM ΘIΘSΘ in parte dextra in parte sinistra mi leasies e. .s sp.,,ΘMΘLSAΘIM ΘIΘSΘ in parte dextra in parte sinistra mi leasies e. .s sp.,,,,1.000,clean,a3738d49c48b,1
CIE 51,MΘMΘΘAΘIΘAΘ mi ma larisa hevinas,MΘMΘΘAΘIΘAΘ mi ma larisa hevinas,𐌌𐌈𐌌𐌈𐌈𐌀𐌈𐌉𐌈𐌀𐌈 𐌌𐌉 𐌌𐌀 𐌋𐌀𐌓𐌉𐌔𐌀 𐌇𐌄𐌅𐌉𐌍𐌀𐌔,MΘMΘΘAΘIΘAΘ mi ma larisa hevinas,,,,1.000,clean,c6376204328a,1
CIE 2305,𐌀𐌓𐌄𐌌𐌗𐌄𐌉𐌗𐌓𐌍𐌉·,AREMΘEIΘRNI·,,AREMΘEIΘRNI,,,,1.000,clean,e031229ec134,1
ETP 137,θac θva,θac θva,𐌈𐌀𐌂 𐌈𐌅𐌀,θac θva,,650.0,575.0,1.000,clean,12b0f6d096ae,1
"CIE 52a, b","--- Lamina A ---
1. v.supni astnei
2. v.supni larθi puinei X
3. v.supni velanial
4. v.supni ceicnal
5. l.velusna felmviai
6. v.velusna v calati
7. v.puina armnial
8. l.larθi fulnei
9. pultace ceicna icapuni
10. l.larθi θepza
11. cure malave pultace
12. l??? ist? v? v? θa
13. vlcae fulθuna
14. l.ultace (?)
--- Lamina B ---
1. acep fulθuna mazutini
2. l.larθi θa armne
3. alθruz fulθuna
4. l.larθi
5. a.velani puine
6. a.velusna
7. fasta l.larθi
8. laθi plavi urmte
9. l.armne
10. masve ceicnei
11. qaves etra qvi
12. θusce θimv larθi paqe",--- Lamina A ---\n1. v.supni astnei\n2. v.supni larθi puinei X\n3. v.supni velanial\n4. v.supni ceicnal\n5. l.velusna felmviai\n6. v.velusna v calati\n7. v.puina armnial\n8. l.larθi fulnei\n9. pultace ceicna icapuni\n10. l.larθi θepza\n11. cure malave pultace\n12. l??? ist? v? v? θa\n13. vlcae fulθuna\n14. l.ultace (?)\n--- Lamina B ---\n1. acep fulθuna mazutini\n2. l.larθi θa armne\n3. alθruz fulθuna\n4. l.larθi\n5. a.velani puine\n6. a.velusna\n7. fasta l.larθi\n8. laθi plavi urmte\n9. l.armne\n10. masve ceicnei\n11. qaves etra qvi\n12. θusce θimv larθi paqe,,,,,,0.000,ocr_failed,050b0a3785e4,1
CIE 53,ЭDИИAMIA9TV2-J8 AJ2IИLVA9TJAMIA MVHATA+IЭ,eDnnAMIA9TV2-J8 AJ2InLVA9TJAMIA MVHATA+Ie,,,,,,0.000,ocr_failed,04ef58a3636c,1
CIE 2333,[AIV1:JAЧVOV2:AЯIЭ0],θesia:suθunial:puia,𐌈𐌄𐌔𐌉𐌀:𐌔𐌖𐌈𐌖𐌍𐌉𐌀𐌋:𐌐𐌖𐌉𐌀,θesia suθunial puia,,,,1.000,clean,63b81e6f8bb8,1
4784,sarronia,sarronia,𐌔𐌀𐌓𐌓𐌏𐌍𐌉𐌀,sarronia,ms-sarronia,,,1.000,clean,e41dee60e949,1
CIE 54,AGATINIA-LF ANNIV,AGATINIA-LF ANNIV,,ANNIV,,,,0.500,clean,50b2495019a7,1
CIE 55,AGA TINI APRI MA,AGA TINI APRI MA,,AGA TINI APRI MA,,,,1.000,clean,7c00e92fb141,1
CIE 2323,SↃORE:OANSI,ScORE:OANSI,,ScORE OANSI,,,,1.000,clean,2c40b0ad4adf,1
CIE 2324,SIↃMAO:AN SIↃMAO,SIcMAO:AN SIcMAO,,SIcMAO AN SIcMAO,,,,1.000,clean,6e225488d576,1
CIE 2325,NNIↃ:IↃHVAO INHVA:JA,NNIc:IcHVAO INHVA:JA,,,,,,0.000,needs_review,984a4dde7d25,1
CIE 2326,IↃMAO:ↃNA,IcMAO:cNA,,IcMAO cNA,,,,1.000,clean,2ac6873aec3e,1
CIE 2327,AΘЯЧV:YАJЭ0:0ИЧА,arnθ:θelazu:arθal,𐌀𐌓𐌍𐌈:𐌈𐌄𐌋𐌀𐌆𐌖:𐌀𐌓𐌈𐌀𐌋,arnθ θelazu arθal,,,,1.000,clean,554464010586,1
CIE 2328,AΘЯЧV:YАJЭ0:0ИЧА,arnθ:θelazu:arθa,𐌀𐌓𐌍𐌈:𐌈𐌄𐌋𐌀𐌆𐌖:𐌀𐌓𐌈𐌀,arnθ θelazu arθa,,,,1.000,clean,656e3f764698,1
CIE 56,AXXT+J9A IHHIA9A ravn tu. armni. ril. LXXV,AXXT+J9A IHHIA9A ravn tu. armni. ril. LXXV,,,,,,0.000,ocr_failed,045ebad3e589,1
CIE 57,A ∃I2IЯCΛJЭ 07I∃I XIIIИI∃7,A eI2IrCΛJe 07IeI XIIInIe7,,,,,,0.000,ocr_failed,7f03c09280de,1
CIE 58,L.ATVNI,L.ATVNI,,L.ATVNI,,,,1.000,clean,7854f594edf9,1
12442,na,na,𐌍𐌀,na,,,,1.000,clean,3d9fc4bde7ce,1
CIE 59,IAXX+J9A IYTI∃∃2-J∃IA9J,IAXX+J9A IYTIee2-JeIA9J,,,,,,0.000,ocr_failed,6d353779cb00,1
CIE 60,AMIH HAJ,AMIH HAJ,,,,,,0.000,needs_review,2f9e36dec056,1
CIE 61,II° • JAIЭYAI • ∃ • VI2AЭ,II • JAIeYAI • e • VI2Ae,,,,,,0.000,ocr_failed,0cc0d51a6679,1
CIE 62,C.CASPO • ΛAII • F • ANNORV • XXII°,C.CASPO • ΛAII • F • ANNORV • XXII,,,,,,0.000,needs_review,a9f7674579f9,1
CIE 63,∃И∃LAD,F.CACHENEL • LS • TINAL,,F.CACHENEL LS TINAL,,,,1.000,clean,42734592ce6d,1
CIE 64,L. CACINA. NIC EFOR. HIC,L. CACINA. NIC EFOR. HIC,,L. CACINA. NIC EFOR. HIC,,,,1.000,clean,4bcf6cc4a0f5,1
CIE 65,ceivna·setres·lavcinal·ril·LXX,ceivna·setres·lavcinal·ril·LXX,𐌂𐌄𐌉𐌅𐌍𐌀·𐌔𐌄𐌕𐌓𐌄𐌔·𐌋𐌀𐌅𐌂𐌉𐌍𐌀𐌋·𐌓𐌉𐌋·𐌋𐌗𐌗,ceivna setres lavcinal ril LXX,,,,1.000,clean,de04b352cac1,1
CIE 3027,larθi:unatn[ei]/////,larθi:unatn[ei]/////,𐌋𐌀𐌓𐌈𐌉:𐌖𐌍𐌀𐌕𐌍[𐌄𐌉]/////,larθi,,,,0.500,clean,7ecdb83bbe56,1
ETP 347,upu,upu,𐌖𐌐𐌖,upu,,650.0,575.0,1.000,clean,4a7d1e168081,1
CIE 66,ls·cneve·rul·leine,ls·cneve·rul·leine,𐌋𐌔·𐌂𐌍𐌄𐌅𐌄·𐌓𐌖𐌋·𐌋𐌄𐌉𐌍𐌄,ls cneve rul leine,,,,1.000,clean,5cfd52290799,1
CIE 2250,MVZIN AO HIN,MVśIN AO HIN,,MVśIN AO HIN,,,,1.000,clean,d79e043d0088,1
12962,cutu,cutu,𐌂𐌖𐌕𐌖,cutu,,,,1.000,clean,18c7d839242c,1
CIE 67,av·cnevna·av·masu·ril·LXXXIII,av·cnevna·av·masu·ril·LXXXIII,𐌀𐌅·𐌂𐌍𐌄𐌅𐌍𐌀·𐌀𐌅·𐌌𐌀𐌔𐌖·𐌓𐌉𐌋·𐌋𐌗𐌗𐌗𐌉𐌉𐌉,av cnevna av masu ril LXXXIII,,,,1.000,clean,5e4477410b3f,1
CIE 68,av·cnevna·s·cracnal·ri·LXXXIII,av·cnevna·s·cracnal·ri·LXXXIII,𐌀𐌅·𐌂𐌍𐌄𐌅𐌍𐌀·𐌔·𐌂𐌓𐌀𐌂𐌍𐌀𐌋·𐌓𐌉·𐌋𐌗𐌗𐌗𐌉𐌉𐌉,av cnevna s cracnal ri LXXXIII,,,,1.000,clean,6acae38520ca,1
CIE 69,a·cnevna·crac·ril·XXVIII,a·cnevna·crac·ril·XXVIII,𐌀·𐌂𐌍𐌄𐌅𐌍𐌀·𐌂𐌓𐌀𐌂·𐌓𐌉𐌋·𐌗𐌗𐌅𐌉𐌉𐌉,a cnevna crac ril XXVIII,,,,1.000,clean,a405058ba4c4,1
CIE 70,setre cneuna | a·titial ril | X IIII,setre cneuna | a·titial ril | X IIII,𐌔𐌄𐌕𐌓𐌄 𐌂𐌍𐌄𐌖𐌍𐌀 | 𐌀·𐌕𐌉𐌕𐌉𐌀𐌋 𐌓𐌉𐌋 | 𐌗 𐌉𐌉𐌉𐌉,setre cneuna a titial ril X IIII,,,,1.000,clean,5c1c1cafcf9e,1
CIE 71,larθi·cracnei·larisal·ril·LXXV,larθi·cracnei·larisal·ril·LXXV,𐌋𐌀𐌓𐌈𐌉·𐌂𐌓𐌀𐌂𐌍𐌄𐌉·𐌋𐌀𐌓𐌉𐌔𐌀𐌋·𐌓𐌉𐌋·𐌋𐌗𐌗𐌅,larθi cracnei larisal ril LXXV,,,,1.000,clean,7084629b7b27,1
CIE 72,[v]elusna·l·fulunal·r[il·],[v]elusna·l·fulunal·r[il·],[𐌅]𐌄𐌋𐌖𐌔𐌍𐌀·𐌋·𐌚𐌖𐌋𐌖𐌍𐌀𐌋·𐌓[𐌉𐌋·],l fulunal,,,,0.400,clean,7efa84ec0898,1
CIE 80,ls.larisni.ls.,ls.larisni.ls.,𐌋𐌔.𐌋𐌀𐌓𐌉𐌔𐌍𐌉.𐌋𐌔.,ls.larisni.ls.,,,,1.000,clean,bc15d6090cdc,1
CIE 2251,ENVA ENVA AVRAZ,ENVA ENVA AVRAZ,,ENVA ENVA AVRAZ,,,,1.000,clean,aa795f0a9fb0,1
CIE 81,a XXX.I.J19.V)J.JA b XXX.I.J19.V)J.JA av.lecu.ril.LXXX,a XXX.I.J19.V)J.JA b XXX.I.J19.V)J.JA av.lecu.ril.LXXX,,,,,,0.000,ocr_failed,4829d8d879e0,1
CIE 82,v.lwisu.v,v.lwisu.v,,,,,,0.000,needs_review,aa6c11d5468b,1
CIE 83,.[.]luvisu.v,.[.]luvisu.v,.[.]𐌋𐌖𐌅𐌉𐌔𐌖.𐌅,,,,,0.000,clean,84d0ad575dd4,1
CIE 84,luvisu.l rapulial,luvisu.l rapulial,𐌋𐌖𐌅𐌉𐌔𐌖.𐌋 𐌓𐌀𐌐𐌖𐌋𐌉𐌀𐌋,luvisu.l rapulial,,,,1.000,clean,92e9f2c0b7a1,1
CIE 85,larθi.marci.ril.LXXII,larθi.marci.ril.LXXII,𐌋𐌀𐌓𐌈𐌉.𐌌𐌀𐌓𐌂𐌉.𐌓𐌉𐌋.𐌋𐌗𐌗𐌉𐌉,larθi.marci.ril.LXXII,,,,1.000,clean,f55ad188e729,1
CIE 86,[sei]ra.pacinei.vennial.r.LV,[sei]ra.pacinei.vennial.r.LV,[𐌔𐌄𐌉]𐌓𐌀.𐌐𐌀𐌂𐌉𐌍𐌄𐌉.𐌅𐌄𐌍𐌍𐌉𐌀𐌋.𐌓.𐌋𐌅,,,,,0.000,clean,832b79fb531c,1
CIE 87,PAPIRIA.C.F.ANNORVM.LXXVII Papiria.C.f.annorum.LXXVII,PAPIRIA.C.F.ANNORVM.LXXVII Papiria.C.f.annorum.LXXVII,,PAPIRIA.C.F.ANNORVM.LXXVII Papiria.C.f.annorum.LXXVII,,,,1.000,clean,63ffdf25f74b,1
CIE 88,in operculo a.pecni.ril.LIIII.leine in arca,in operculo a.pecni.ril.LIIII.leine in arca,𐌉𐌍 𐌏𐌐𐌄𐌓𐌂𐌖𐌋𐌏 𐌀.𐌐𐌄𐌂𐌍𐌉.𐌓𐌉𐌋.𐌋𐌉𐌉𐌉𐌉.𐌋𐌄𐌉𐌍𐌄 𐌉𐌍 𐌀𐌓𐌂𐌀,in operculo a.pecni.ril.LIIII.leine in arca,,,,1.000,clean,3a2f07c26fb3,1
CIE 2360,A9HMA3 J:JAIHITAJ,A9HMA3 J:JAIHITAJ,,,,,,0.000,ocr_failed,1a0637b1f623,1
CIE 2383,LAUCINEI·SANA·VELUS·TITES·LAUTNIΘA,LAUCINEI·SANA·VELUS·TITES·LAUTNIΘA,,LAUCINEI SANA VELUS TITES LAUTNIΘA,,,,1.000,clean,3dca5c846e9d,1
CIE 89,PERPERNI.O.[.].L.EROTI Perperni[o.][.].l.Eroti,PERPERNI.O.[.].L.EROTI Perperni[o.][.].l.Eroti,,,,,,0.000,clean,73f946e25285,1
CIE 90,TANIA.PIISCNIA.RVM. Tania.Pescni.a.[anno]rum.,TANIA.PIISCNIA.RVM. Tania.Pescni.a.[anno]rum.,,TANIA.PIISCNIA.RVM.,,,,0.500,clean,aac81ea3aa15,1
CIE 91,LAZIAL:V:D397:V,LAZIAL:V:D397:V,,,,,,0.000,ocr_failed,600abd8679d0,1
CIE 92,AMAX:V:D397:V,AMAX:V:D397:V,,,,,,0.000,ocr_failed,1570190e6168,1
CIE 93,AH1MV:V:D39H391:V,AH1MV:V:D39H391:V,,,,,,0.000,ocr_failed,a46e52c830b6,1
CIE 94,V:INIA1V1:2,V:INIA1V1:2,,,,,,0.000,ocr_failed,84d391c10d0b,1
CIE 95,V:IAINA3AM:A:IMDVAM,V:IAINA3AM:A:IMDVAM,,,,,,0.000,ocr_failed,c4ba1ecaf893,1
CIE 96,V:IAINA3AM:AINA,V:IAINA3AM:AINA,,,,,,0.000,ocr_failed,ef6c667ba513,1
CIE 98,IXXV:V:IAIV:AMAA:A:IMDVAM,IXXV:V:IAIV:AMAA:A:IMDVAM,,IXXV V IAIV AMAA A IMDVAM,,,,1.000,clean,d8776526b549,1
CIE 99,AM:IM219AVV1VM,AM:IM219AVV1VM,,,,,,0.000,ocr_failed,226c0c40fec8,1
Cl 1.1502,anti { : } pater • cicuσ,anti { } pater • cicuσ,𐌀𐌍𐌕𐌉 { } 𐌐𐌀𐌕𐌄𐌓 • 𐌂𐌉𐌂𐌖𐌑,anti pater cicuσ,"Antipater, (slave) of Cicu",,,0.600,clean,96756c2680f4,1
14691,iiv,iiv,𐌉𐌉𐌅,iiv,,,,1.000,clean,cd01cfa971c6,1
CIE 2384,:OJ:ƎIИIXOVAI:OJ lθ·laucinie·lθ:,:OJ:eInIXOVAI:OJ lθ·laucinie·lθ:,,,,,,0.000,needs_review,4512e98f171b,1
Cl 1.1645,tiφile : lau | velχeσ | puliac,tiφile lau velχeσ puliac,𐌕𐌉𐌘𐌉𐌋𐌄 𐌋𐌀𐌖 𐌅𐌄𐌋𐌙𐌄𐌑 𐌐𐌖𐌋𐌉𐌀𐌂,tiφile lau velχeσ puliac,"Tiphile, freedman of Velkhe and Pulia",,,1.000,clean,5156f0e14334,1
ETP 138,[---]a : nx[---],[---]a nx[---],[---]𐌀 𐌍𐌗[---],,,,,0.000,clean,1aece5f62447,1
Cl 1.1807,aθ : herine : vipinal :  | fufle,aθ herine vipinal fufle,𐌀𐌈 𐌇𐌄𐌓𐌉𐌍𐌄 𐌅𐌉𐌐𐌉𐌍𐌀𐌋 𐌚𐌖𐌚𐌋𐌄,aθ herine vipinal fufle,"Arnth Herine, (son) of Vipinei, Fufle",,,1.000,clean,9141d9c0329f,1
Cl 1.1885,larθia : latini : ceśunia : tutnaśa | ultimnial : σeχ,larθia latini ceśunia tutnaśa ultimnial σeχ,𐌋𐌀𐌓𐌈𐌉𐌀 𐌋𐌀𐌕𐌉𐌍𐌉 𐌂𐌄𐌑𐌖𐌍𐌉𐌀 𐌕𐌖𐌕𐌍𐌀𐌑𐌀 𐌖𐌋𐌕𐌉𐌌𐌍𐌉𐌀𐌋 𐌑𐌄𐌙,larθia latini ceśunia tutnaśa ultimnial σeχ,"Larthia Latini Ceshunia, the (wife) of Tutna, daughter of Ultimni",,,1.000,clean,c0a570cac3c1,1
Cl 1.2050,larθ : peθna : śeθrnal : arnθal,larθ peθna śeθrnal arnθal,𐌋𐌀𐌓𐌈 𐌐𐌄𐌈𐌍𐌀 𐌑𐌄𐌈𐌓𐌍𐌀𐌋 𐌀𐌓𐌍𐌈𐌀𐌋,larθ peθna śeθrnal arnθal,"Larth Pethna, (son) o f Shethrnei and Arnth",,,1.000,clean,6aacbeb7995f,1
Cl 1.2261,aule : śeiante : σinu | larθal : tiścuśn | al : clan,aule śeiante σinu larθal tiścuśn al clan,𐌀𐌖𐌋𐌄 𐌑𐌄𐌉𐌀𐌍𐌕𐌄 𐌑𐌉𐌍𐌖 𐌋𐌀𐌓𐌈𐌀𐌋 𐌕𐌉𐌑𐌂𐌖𐌑𐌍 𐌀𐌋 𐌂𐌋𐌀𐌍,aule śeiante σinu larθal tiścuśn al clan,"Aule Sheiante Sinu, son of Larth and Tishcushnei",,,1.000,clean,702ac6eddd52,1
Cl 1.314,θana : punp | naσ : lautni | θa,θana punp naσ lautni θa,𐌈𐌀𐌍𐌀 𐌐𐌖𐌍𐌐 𐌍𐌀𐌑 𐌋𐌀𐌖𐌕𐌍𐌉 𐌈𐌀,θana punp naσ lautni θa,"Thana, freedwoman of Punpna",,,1.000,clean,b45d0a379c2f,1
ETP 334,hasti : velθuria : lautni θa,hasti velθuria lautni θa,𐌇𐌀𐌔𐌕𐌉 𐌅𐌄𐌋𐌈𐌖𐌓𐌉𐌀 𐌋𐌀𐌖𐌕𐌍𐌉 𐌈𐌀,hasti velθuria lautni θa,"Hasti Velthuria, freedwoman",90.0,90.0,1.000,clean,47453bf4ffbd,1
CIE 2378,ANAO INAVAV A 2A1A1 A1V1,ANAO INAVAV A 2A1A1 A1V1,,,,,,0.000,ocr_failed,84600a512407,1
4787,larthal,larθal,𐌋𐌀𐌓𐌈𐌀𐌋,larθal,mrs-larthis-daughters-husband,,,1.000,clean,ed40b54e0e15,2
CIE 2379,JXAI:AVAO A2NAMAMA,JXAI:AVAO A2NAMAMA,,,,,,0.000,ocr_failed,bcba753a4844,1
CIE 2380,AIHAJ:VAJ,AIHAJ:VAJ,,,,,,0.000,needs_review,a418aa032d3e,1
CIE 2381,VⱯMOⱯ VⱯMOⱯ ⱯIMAV ZⱯRV aθ·sal | aθ·sali | laucanias | cicu·stas,VaMOa VaMOa aIMAV ZaRV aθ·sal | aθ·sali | laucanias | cicu·stas,,VaMOa VaMOa aIMAV ZaRV aθ sal aθ sali laucanias cicu stas,,,,1.000,clean,bda9ce63b81a,1
CIE 2382,EINƆVAI laucinie,EINcVAI laucinie,,EINcVAI laucinie,,,,1.000,clean,d2e6292cdc3d,1
CIE 3028,unatnei,unatnei,𐌖𐌍𐌀𐌕𐌍𐌄𐌉,unatnei,,,,1.000,clean,8f5bb6b617fb,1
Cl 1.324,velia : śeianti : aθ : unatn | cumerunia raθum | naśa,velia śeianti aθ unatn cumerunia raθum naśa,𐌅𐌄𐌋𐌉𐌀 𐌑𐌄𐌉𐌀𐌍𐌕𐌉 𐌀𐌈 𐌖𐌍𐌀𐌕𐌍 𐌂𐌖𐌌𐌄𐌓𐌖𐌍𐌉𐌀 𐌓𐌀𐌈𐌖𐌌 𐌍𐌀𐌑𐌀,velia śeianti aθ unatn cumerunia raθum naśa,"Velia Sheianti Cumerunia, (daughter) of Arnth (and) Unatnei, the (wife) of Rathumna",,,1.000,clean,bf4ae118584e,1
Cm 2.13,mi χuliχna cupe.s. .a.l.θ.r.na.s. .e.i. minipi capi | mini θanu,mi χuliχna cupe.s. .a.l.θ.r.na.s. .e.i. minipi capi mini θanu,𐌌𐌉 𐌙𐌖𐌋𐌉𐌙𐌍𐌀 𐌂𐌖𐌐𐌄.𐌔. .𐌀.𐌋.𐌈.𐌓.𐌍𐌀.𐌔. .𐌄.𐌉. 𐌌𐌉𐌍𐌉𐌐𐌉 𐌂𐌀𐌐𐌉 𐌌𐌉𐌍𐌉 𐌈𐌀𐌍𐌖,mi χuliχna cupe.s. .a.l.θ.r.na.s. .e.i. minipi capi mini θanu,I (am) the vessel of Cupe Althrnas. Don't take me. 6anu me.,,,1.000,clean,f2d6136dc21f,1
Cm 2.32,mi limu.r.ce.s. ta pruχu.m.,mi limu.r.ce.s. ta pruχu.m.,𐌌𐌉 𐌋𐌉𐌌𐌖.𐌓.𐌂𐌄.𐌔. 𐌕𐌀 𐌐𐌓𐌖𐌙𐌖.𐌌.,mi limu.r.ce.s. ta pruχu.m.,I (am) the jug of Limurce.,,,1.000,clean,d8a271a5c30f,1
Cm 2.46,mi e.i. mi.n.pi capi mi numar | θevru.c.l.na.s. | qupe.s. fulu.σ'.la,mi e.i. mi.n.pi capi mi numar θevru.c.l.na.s. qupe.s. fulu.σ'.la,𐌌𐌉 𐌄.𐌉. 𐌌𐌉.𐌍.𐌐𐌉 𐌂𐌀𐌐𐌉 𐌌𐌉 𐌍𐌖𐌌𐌀𐌓 𐌈𐌄𐌅𐌓𐌖.𐌂.𐌋.𐌍𐌀.𐌔. 𐌒𐌖𐌐𐌄.𐌔. 𐌚𐌖𐌋𐌖.𐌑'.𐌋𐌀,mi e.i. mi.n.pi capi mi numar θevru.c.l.na.s. qupe.s. fulu.σ'.la,"'Don't take me. I (am) nunar. (I am the property) of Qupe Thevrudnas, the (son) of Fulu.",500.0,450.0,1.000,clean,cd1b803000b0,1
Cm 2.65,mi cupes ta,mi cupes ta,𐌌𐌉 𐌂𐌖𐌐𐌄𐌔 𐌕𐌀,mi cupes ta,I (am) the (ceramic) of Cupe.,,,1.000,clean,1911ce8e5cf6,1
Co 1.3,tuσθi θui hupnineθi arnt mefanateσ veliak hapiśnei,tuσθi θui hupnineθi arnt mefanateσ veliak hapiśnei,𐌕𐌖𐌑𐌈𐌉 𐌈𐌖𐌉 𐌇𐌖𐌐𐌍𐌉𐌍𐌄𐌈𐌉 𐌀𐌓𐌍𐌕 𐌌𐌄𐌚𐌀𐌍𐌀𐌕𐌄𐌑 𐌅𐌄𐌋𐌉𐌀𐌊 𐌇𐌀𐌐𐌉𐌑𐌍𐌄𐌉,tuσθi θui hupnineθi arnt mefanateσ veliak hapiśnei,Arnt Mefanate and Velia Hapishnei (were interred) in the tuσhere in the funerary niche (?).,400.0,300.0,1.000,clean,ca434343c09f,1
Co 3.6,veliaσ • fanacnal • θuflθao | alpan • menaχe • clen • ceχa • tuθineσ • tlenaχeiσ,veliaσ • fanacnal • θuflθao alpan • menaχe • clen • ceχa • tuθineσ • tlenaχeiσ,𐌅𐌄𐌋𐌉𐌀𐌑 • 𐌚𐌀𐌍𐌀𐌂𐌍𐌀𐌋 • 𐌈𐌖𐌚𐌋𐌈𐌀𐌏 𐌀𐌋𐌐𐌀𐌍 • 𐌌𐌄𐌍𐌀𐌙𐌄 • 𐌂𐌋𐌄𐌍 • 𐌂𐌄𐌙𐌀 • 𐌕𐌖𐌈𐌉𐌍𐌄𐌑 • 𐌕𐌋𐌄𐌍𐌀𐌙𐌄𐌉𐌑,veliaσ fanacnal θuflθao alpan menaχe clen ceχa tuθineσ tlenaχeiσ,Thank offering (?) of Velia Fanacnei for (the divinity) Thufltha. It was made in honor of her son by the city district (?) Tlenakhe (?).,,,1.000,clean,a00958bd13be,1
Co 3.7,larθia : ateinei :  | flereσ : matrnσl :  | turce,larθia ateinei flereσ matrnσl turce,𐌋𐌀𐌓𐌈𐌉𐌀 𐌀𐌕𐌄𐌉𐌍𐌄𐌉 𐌚𐌋𐌄𐌓𐌄𐌑 𐌌𐌀𐌕𐌓𐌍𐌑𐌋 𐌕𐌖𐌓𐌂𐌄,larθia ateinei flereσ matrnσl turce,Larthia Ateinei dedicated (this statue) to the divinity Matrns.,,,1.000,clean,764b9dda926c,1
Co 4.1,mi celσ atial celθi,mi celσ atial celθi,𐌌𐌉 𐌂𐌄𐌋𐌑 𐌀𐌕𐌉𐌀𐌋 𐌂𐌄𐌋𐌈𐌉,mi celσ atial celθi,I (belong to) mother Cel in this (sanctuary).,,,1.000,clean,bfc8dff9d5d6,1
10377,ff,ff,𐌚𐌚,ff,,,,1.000,clean,05a9bf223fed,1
ETP 135,tiχ,tiχ,𐌕𐌉𐌙,tiχ,,375.0,350.0,1.000,clean,5a8db16b44c1,1
CODEX_CP_A,eunat tanna larezul ame vaχr lautn velθinas estla afunas sleleθ caru tezan fuśleri tesns teiś raśneś ipa ama hen naper χi XII velθinaθuraś araś peraśc viś racuśn ame vaχr lautn velθinas,eunat tanna larezul ame vaχr lautn velθinas estla afunas sleleθ caru tezan fuśleri tesns teiś raśneś ipa ama hen naper χi xii velθinaθuraś araś peraśc viś racuśn ame vaχr lautn velθinas,𐌄𐌖𐌍𐌀𐌕 𐌕𐌀𐌍𐌍𐌀 𐌋𐌀𐌓𐌄𐌆𐌖𐌋 𐌀𐌌𐌄 𐌅𐌀𐌙𐌓 𐌋𐌀𐌖𐌕𐌍 𐌅𐌄𐌋𐌈𐌉𐌍𐌀𐌔 𐌄𐌔𐌕𐌋𐌀 𐌀𐌚𐌖𐌍𐌀𐌔 𐌔𐌋𐌄𐌋𐌄𐌈 𐌂𐌀𐌓𐌖 𐌕𐌄𐌆𐌀𐌍 𐌚𐌖𐌑𐌋𐌄𐌓𐌉 𐌕𐌄𐌔𐌍𐌔 𐌕𐌄𐌉𐌑 𐌓𐌀𐌑𐌍𐌄𐌑 𐌉𐌐𐌀 𐌀𐌌𐌀 𐌇𐌄𐌍 𐌍𐌀𐌐𐌄𐌓 𐌙𐌉 𐌗𐌉𐌉 𐌅𐌄𐌋𐌈𐌉𐌍𐌀𐌈𐌖𐌓𐌀𐌑 𐌀𐌓𐌀𐌑 𐌐𐌄𐌓𐌀𐌑𐌂 𐌅𐌉𐌑 𐌓𐌀𐌂𐌖𐌑𐌍 𐌀𐌌𐌄 𐌅𐌀𐌙𐌓 𐌋𐌀𐌖𐌕𐌍 𐌅𐌄𐌋𐌈𐌉𐌍𐌀𐌔,eunat tanna larezul ame vaχr lautn velθinas estla afunas sleleθ caru tezan fuśleri tesns teiś raśneś ipa ama hen naper χi xii velθinaθuraś araś peraśc viś racuśn ame vaχr lautn velθinas,,,,1.000,clean,46410fd1146c,1
CODEX_CP_B,tenθas velθinas arznal clenaraśi θil śvalce velθina afuna θuruni ei mlesiθi,tenθas velθinas arznal clenaraśi θil śvalce velθina afuna θuruni ei mlesiθi,𐌕𐌄𐌍𐌈𐌀𐌔 𐌅𐌄𐌋𐌈𐌉𐌍𐌀𐌔 𐌀𐌓𐌆𐌍𐌀𐌋 𐌂𐌋𐌄𐌍𐌀𐌓𐌀𐌑𐌉 𐌈𐌉𐌋 𐌑𐌅𐌀𐌋𐌂𐌄 𐌅𐌄𐌋𐌈𐌉𐌍𐌀 𐌀𐌚𐌖𐌍𐌀 𐌈𐌖𐌓𐌖𐌍𐌉 𐌄𐌉 𐌌𐌋𐌄𐌔𐌉𐌈𐌉,tenθas velθinas arznal clenaraśi θil śvalce velθina afuna θuruni ei mlesiθi,,,,1.000,clean,7f6890f982de,1
CODEX_LL_IX,ara ślafc zec flaχ vacl in crapśti hanipalθi θui ceś zeri nunθeri eθ vacl θeśan tinśi ais cemnac celi huθiś zaθrumiś,ara ślafc zec flaχ vacl in crapśti hanipalθi θui ceś zeri nunθeri eθ vacl θeśan tinśi ais cemnac celi huθiś zaθrumiś,𐌀𐌓𐌀 𐌑𐌋𐌀𐌚𐌂 𐌆𐌄𐌂 𐌚𐌋𐌀𐌙 𐌅𐌀𐌂𐌋 𐌉𐌍 𐌂𐌓𐌀𐌐𐌑𐌕𐌉 𐌇𐌀𐌍𐌉𐌐𐌀𐌋𐌈𐌉 𐌈𐌖𐌉 𐌂𐌄𐌑 𐌆𐌄𐌓𐌉 𐌍𐌖𐌍𐌈𐌄𐌓𐌉 𐌄𐌈 𐌅𐌀𐌂𐌋 𐌈𐌄𐌑𐌀𐌍 𐌕𐌉𐌍𐌑𐌉 𐌀𐌉𐌔 𐌂𐌄𐌌𐌍𐌀𐌂 𐌂𐌄𐌋𐌉 𐌇𐌖𐌈𐌉𐌑 𐌆𐌀𐌈𐌓𐌖𐌌𐌉𐌑,ara ślafc zec flaχ vacl in crapśti hanipalθi θui ceś zeri nunθeri eθ vacl θeśan tinśi ais cemnac celi huθiś zaθrumiś,,,,1.000,clean,feded2d67487,1
CODEX_LL_VI,ciz vacl θesan flerχva neθśrac hupniś zaθrumiś flerχva neθśrac śuci eiser śic śeuc tuθiu zilci vacl lauχumneti śacnicla θesan hupniś zaθrumiś flerχva neθśrac cilθcvi hupniś zaθrumiś,ciz vacl θesan flerχva neθśrac hupniś zaθrumiś flerχva neθśrac śuci eiser śic śeuc tuθiu zilci vacl lauχumneti śacnicla θesan hupniś zaθrumiś flerχva neθśrac cilθcvi hupniś zaθrumiś,𐌂𐌉𐌆 𐌅𐌀𐌂𐌋 𐌈𐌄𐌔𐌀𐌍 𐌚𐌋𐌄𐌓𐌙𐌅𐌀 𐌍𐌄𐌈𐌑𐌓𐌀𐌂 𐌇𐌖𐌐𐌍𐌉𐌑 𐌆𐌀𐌈𐌓𐌖𐌌𐌉𐌑 𐌚𐌋𐌄𐌓𐌙𐌅𐌀 𐌍𐌄𐌈𐌑𐌓𐌀𐌂 𐌑𐌖𐌂𐌉 𐌄𐌉𐌔𐌄𐌓 𐌑𐌉𐌂 𐌑𐌄𐌖𐌂 𐌕𐌖𐌈𐌉𐌖 𐌆𐌉𐌋𐌂𐌉 𐌅𐌀𐌂𐌋 𐌋𐌀𐌖𐌙𐌖𐌌𐌍𐌄𐌕𐌉 𐌑𐌀𐌂𐌍𐌉𐌂𐌋𐌀 𐌈𐌄𐌔𐌀𐌍 𐌇𐌖𐌐𐌍𐌉𐌑 𐌆𐌀𐌈𐌓𐌖𐌌𐌉𐌑 𐌚𐌋𐌄𐌓𐌙𐌅𐌀 𐌍𐌄𐌈𐌑𐌓𐌀𐌂 𐌂𐌉𐌋𐌈𐌂𐌅𐌉 𐌇𐌖𐌐𐌍𐌉𐌑 𐌆𐌀𐌈𐌓𐌖𐌌𐌉𐌑,ciz vacl θesan flerχva neθśrac hupniś zaθrumiś flerχva neθśrac śuci eiser śic śeuc tuθiu zilci vacl lauχumneti śacnicla θesan hupniś zaθrumiś flerχva neθśrac cilθcvi hupniś zaθrumiś,,,,1.000,clean,5d3a88e58ddc,1
ETP 335,mi malana larθiia cavis spuriies,mi malana larθiia cavis spuriies,𐌌𐌉 𐌌𐌀𐌋𐌀𐌍𐌀 𐌋𐌀𐌓𐌈𐌉𐌉𐌀 𐌂𐌀𐌅𐌉𐌔 𐌔𐌐𐌖𐌓𐌉𐌉𐌄𐌔,mi malana larθiia cavis spuriies,"I (am) the mirror of Larth Cavis, (son) of Spurie.",475.0,450.0,1.000,clean,b59d32061d24,1
ETP 136,atina,atina,𐌀𐌕𐌉𐌍𐌀,atina,,375.0,350.0,1.000,clean,606dc2591ce8,1
ETP 336,ecn : turce m : haθles vle,ecn turce m haθles vle,𐌄𐌂𐌍 𐌕𐌖𐌓𐌂𐌄 𐌌 𐌇𐌀𐌈𐌋𐌄𐌔 𐌅𐌋𐌄,ecn turce m haθles vle,,300.0,300.0,1.000,clean,a2d79bc7fd02,1
CODEX_LL_VIII,celi huθiś zaθrumiś iχ nac aχrum flerχva neθśrac hamφeś celi huθiś zaθrumiś vacl trin sians cletram śrenχve nunθeri śpureśtreści enaś,celi huθiś zaθrumiś iχ nac aχrum flerχva neθśrac hamφeś celi huθiś zaθrumiś vacl trin sians cletram śrenχve nunθeri śpureśtreści enaś,𐌂𐌄𐌋𐌉 𐌇𐌖𐌈𐌉𐌑 𐌆𐌀𐌈𐌓𐌖𐌌𐌉𐌑 𐌉𐌙 𐌍𐌀𐌂 𐌀𐌙𐌓𐌖𐌌 𐌚𐌋𐌄𐌓𐌙𐌅𐌀 𐌍𐌄𐌈𐌑𐌓𐌀𐌂 𐌇𐌀𐌌𐌘𐌄𐌑 𐌂𐌄𐌋𐌉 𐌇𐌖𐌈𐌉𐌑 𐌆𐌀𐌈𐌓𐌖𐌌𐌉𐌑 𐌅𐌀𐌂𐌋 𐌕𐌓𐌉𐌍 𐌔𐌉𐌀𐌍𐌔 𐌂𐌋𐌄𐌕𐌓𐌀𐌌 𐌑𐌓𐌄𐌍𐌙𐌅𐌄 𐌍𐌖𐌍𐌈𐌄𐌓𐌉 𐌑𐌐𐌖𐌓𐌄𐌑𐌕𐌓𐌄𐌑𐌂𐌉 𐌄𐌍𐌀𐌑,celi huθiś zaθrumiś iχ nac aχrum flerχva neθśrac hamφeś celi huθiś zaθrumiś vacl trin sians cletram śrenχve nunθeri śpureśtreści enaś,,,,1.000,clean,232da1d421dc,1
CIE 2276,𐌖𐌄𐌋:𐌇𐌄𐌓𐌉𐌍𐌉:𐌖𐌄𐌋𐌖𐌔:𐌐𐌖𐌌𐌐𐌖𐌀𐌋,VEL:HERINI:VELUS:PUMPUAL,,VEL HERINI VELUS PUMPUAL,,,,1.000,clean,389a48ad7367,1
CODEX_PL_INNER,ani lasl θufθ tiń θuf neθ hercle fuflunś mar leθn caθa selva vetsl,ani lasl θufθ tiń θuf neθ hercle fuflunś mar leθn caθa selva vetsl,𐌀𐌍𐌉 𐌋𐌀𐌔𐌋 𐌈𐌖𐌚𐌈 𐌕𐌉𐌍 𐌈𐌖𐌚 𐌍𐌄𐌈 𐌇𐌄𐌓𐌂𐌋𐌄 𐌚𐌖𐌚𐌋𐌖𐌍𐌑 𐌌𐌀𐌓 𐌋𐌄𐌈𐌍 𐌂𐌀𐌈𐌀 𐌔𐌄𐌋𐌅𐌀 𐌅𐌄𐌕𐌔𐌋,ani lasl θufθ tiń θuf neθ hercle fuflunś mar leθn caθa selva vetsl,,,,1.000,clean,f81b6619b8cb,1
CODEX_PL_OUTER,tiń cilθ θufθ neθ fuflunś caθa leθn hercle selva turan vetsl lasl uśil cilen uni mac tluscv,tiń cilθ θufθ neθ fuflunś caθa leθn hercle selva turan vetsl lasl uśil cilen uni mac tluscv,𐌕𐌉𐌍 𐌂𐌉𐌋𐌈 𐌈𐌖𐌚𐌈 𐌍𐌄𐌈 𐌚𐌖𐌚𐌋𐌖𐌍𐌑 𐌂𐌀𐌈𐌀 𐌋𐌄𐌈𐌍 𐌇𐌄𐌓𐌂𐌋𐌄 𐌔𐌄𐌋𐌅𐌀 𐌕𐌖𐌓𐌀𐌍 𐌅𐌄𐌕𐌔𐌋 𐌋𐌀𐌔𐌋 𐌖𐌑𐌉𐌋 𐌂𐌉𐌋𐌄𐌍 𐌖𐌍𐌉 𐌌𐌀𐌂 𐌕𐌋𐌖𐌔𐌂𐌅,tiń cilθ θufθ neθ fuflunś caθa leθn hercle selva turan vetsl lasl uśil cilen uni mac tluscv,,,,1.000,clean,5397088f47ea,1
ETP 343,pumpun larθal,pumpun larθal,𐌐𐌖𐌌𐌐𐌖𐌍 𐌋𐌀𐌓𐌈𐌀𐌋,pumpun larθal,"(tessera) of Pumpuna, (son) of Larth",200.0,100.0,1.000,clean,f79d7aa12954,1
ETP 344,mi laucies mezeṇṭies,mi laucies mezeṇṭies,𐌌𐌉 𐌋𐌀𐌖𐌂𐌉𐌄𐌔 𐌌𐌄𐌆𐌄𐌍𐌕𐌉𐌄𐌔,mi laucies mezeṇṭies,I (am the chalice) of Laucie Mezenzies.,700.0,675.0,1.000,clean,1c7d8b13d2d1,1
CIE 2413,leθe|ucrislaneś|lauθ[ni],leθe|ucrislaneś|lauθ[ni],𐌋𐌄𐌈𐌄|𐌖𐌂𐌓𐌉𐌔𐌋𐌀𐌍𐌄𐌑|𐌋𐌀𐌖𐌈[𐌍𐌉],leθe ucrislaneś,,,,0.667,clean,e6eeb619077b,1
CIE 2414,leθria|lauθniθa|arntiś,leθria|lauθniθa|arntiś,𐌋𐌄𐌈𐌓𐌉𐌀|𐌋𐌀𐌖𐌈𐌍𐌉𐌈𐌀|𐌀𐌓𐌍𐌕𐌉𐌑,leθria lauθniθa arntiś,,,,1.000,clean,3a01a8063ac8,1
CIE 2415,𐌋𐌄𐌍𐌈𐌖𐌉,lenθui,𐌋𐌄𐌍𐌈𐌖𐌉,lenθui,,,,1.000,clean,7ed350bcb666,1
CIE 3253,AIPAJIN IETINVE,AIPAJIN IETINVE,,,,,,0.000,needs_review,5d6e0694e2df,1
CIE 2252,VIVAO AFAZ,VIVAO AFAZ,,VIVAO AFAZ,,,,1.000,clean,0c91145e4e77,1
4788,asqaq,asqaq,𐌀𐌔𐌒𐌀𐌒,asqaq,,,,1.000,clean,908eead7a502,1
4789,larthaclnis,larθaclnis,𐌋𐌀𐌓𐌈𐌀𐌂𐌋𐌍𐌉𐌔,larθaclnis,,,,1.000,clean,9e4595582d74,1
4913,urinati,urinati,𐌖𐌓𐌉𐌍𐌀𐌕𐌉,urinati,ms-arnthi,,,1.000,clean,be289500ec4a,1
4922,milarthurustarchvetenas,milarθurustarχvetenas,𐌌𐌉𐌋𐌀𐌓𐌈𐌖𐌓𐌖𐌔𐌕𐌀𐌓𐌙𐌅𐌄𐌕𐌄𐌍𐌀𐌔,milarθurustarχvetenas,,,,1.000,clean,2c9d8d4938a9,1
4925,mi--amarce--ra--atieln--,mi--amarce--ra--atieln--,𐌌𐌉--𐌀𐌌𐌀𐌓𐌂𐌄--𐌓𐌀--𐌀𐌕𐌉𐌄𐌋𐌍--,,,,,0.000,clean,2ef1e9ca9f7c,1
4946,miaranthiaramaitelas,miaranθiaramaitelas,𐌌𐌉𐌀𐌓𐌀𐌍𐌈𐌉𐌀𐌓𐌀𐌌𐌀𐌉𐌕𐌄𐌋𐌀𐌔,miaranθiaramaitelas,,,,1.000,clean,a5aca8af49e7,1
8390,urchthsna,urχθsna,𐌖𐌓𐌙𐌈𐌔𐌍𐌀,urχθsna,,,,1.000,clean,948bd940970d,1
8402,ortezes,ortezes,𐌏𐌓𐌕𐌄𐌆𐌄𐌔,ortezes,,,,1.000,clean,f34b7c980b3d,1
8405,ln,ln,𐌋𐌍,ln,,,,1.000,clean,e545c2c24e64,1
8407,er--,er--,𐌄𐌓--,,,,,0.000,clean,cc7e4412564b,1
8412,ipasikam,ipasikam,𐌉𐌐𐌀𐌔𐌉𐌊𐌀𐌌,ipasikam,for-myselfthis-one-also,,,1.000,clean,facf61e74559,1
8416,misaza,misaza,𐌌𐌉𐌔𐌀𐌆𐌀,misaza,,,,1.000,clean,c53c1af52c60,1
8430,no,no,𐌍𐌏,no,,,,1.000,clean,9390298f3fb0,1
8431,vtrecian,vtrecian,𐌅𐌕𐌓𐌄𐌂𐌉𐌀𐌍,vtrecian,,,,1.000,clean,088b0e8e7728,1
8588,larthialisa,larθialisa,𐌋𐌀𐌓𐌈𐌉𐌀𐌋𐌉𐌔𐌀,larθialisa,,,,1.000,clean,f23f5661cf60,7
8621,thanr,θanr,𐌈𐌀𐌍𐌓,θanr,thegoddess,,,1.000,clean,cf7a35fa3364,4
8716,numetataiesmi,numetataiesmi,𐌍𐌖𐌌𐌄𐌕𐌀𐌕𐌀𐌉𐌄𐌔𐌌𐌉,numetataiesmi,,,,1.000,clean,7f955290a0e0,1
8725,miputizapuri------,miputizapuri------,𐌌𐌉𐌐𐌖𐌕𐌉𐌆𐌀𐌐𐌖𐌓𐌉------,,,,,0.000,clean,57645a56a01d,1
8726,{upthnep},{upθnep},{𐌖𐌐𐌈𐌍𐌄𐌐},,,,,0.000,clean,058acfaaa490,1
8735,unciasncia,unciasncia,𐌖𐌍𐌂𐌉𐌀𐌔𐌍𐌂𐌉𐌀,unciasncia,youmr-ciacia,,,1.000,clean,898fb3e08cf7,1
8749,------rzas,------rzas,------𐌓𐌆𐌀𐌔,,,,,0.000,clean,f78df5aca10d,1
875,------tilla,------tilla,------𐌕𐌉𐌋𐌋𐌀,,ms-little-quarta,,,0.000,clean,2566a92f7e2a,1
5325,----pinie----,----pinie----,----𐌐𐌉𐌍𐌉𐌄----,,,,,0.000,clean,09484d352294,1
5433,pinaial,pinaial,𐌐𐌉𐌍𐌀𐌉𐌀𐌋,pinaial,,,,1.000,clean,804471a3c3d0,1
5437,arnthalisla,arnθalisla,𐌀𐌓𐌍𐌈𐌀𐌋𐌉𐌔𐌋𐌀,arnθalisla,mrs-arnthisgrandchilds,,,1.000,clean,8f0939b81db4,1
5451,apaiatruszileteraias,apaiatruszileteraias,𐌀𐌐𐌀𐌉𐌀𐌕𐌓𐌖𐌔𐌆𐌉𐌋𐌄𐌕𐌄𐌓𐌀𐌉𐌀𐌔,apaiatruszileteraias,mr-apaiatruscommanderof-the-troop-ofmercenaries,,,1.000,clean,8666466b15b8,1
5454,felces,felces,𐌚𐌄𐌋𐌂𐌄𐌔,felces,,,,1.000,clean,34efa77fcbbb,2
5464,----na-----------------------------pui,----na-----------------------------pui,----𐌍𐌀-----------------------------𐌐𐌖𐌉,,----na----------------------------pui,,,0.000,clean,108f849585c9,1
5541,ursce,ursce,𐌖𐌓𐌔𐌂𐌄,ursce,,,,1.000,clean,eca6a70655d2,1
5544,larthzalthu------,larθzalθu------,𐌋𐌀𐌓𐌈𐌆𐌀𐌋𐌈𐌖------,,of-mr-larthalthu,,,0.000,clean,3bf0680c1bcb,1
5561,anchar,anχar,𐌀𐌍𐌙𐌀𐌓,anχar,,,,1.000,clean,7067afd092e6,1
5577,mamarceskalp,mamarceskalp,𐌌𐌀𐌌𐌀𐌓𐌂𐌄𐌔𐌊𐌀𐌋𐌐,mamarceskalp,mr-mamarce,,,1.000,clean,c700556165b9,1
5579,armeal,armeal,𐌀𐌓𐌌𐌄𐌀𐌋,armeal,,,,1.000,clean,5610f7917c46,1
5599,paprsipi,paprsipi,𐌐𐌀𐌐𐌓𐌔𐌉𐌐𐌉,paprsipi,mrs-paprsipi,,,1.000,clean,6793acdb9ca1,1
5606,------ chsimeulepive iarzismalvi,------ χsimeulepive iarzismalvi,------ 𐌙𐌔𐌉𐌌𐌄𐌖𐌋𐌄𐌐𐌉𐌅𐌄 𐌉𐌀𐌓𐌆𐌉𐌔𐌌𐌀𐌋𐌅𐌉,χsimeulepive iarzismalvi,,,,0.667,clean,117971d8979f,1
5609,thrmthpetati,θrmθpetati,𐌈𐌓𐌌𐌈𐌐𐌄𐌕𐌀𐌕𐌉,θrmθpetati,,,,1.000,clean,da8a191143e4,1
5636,thanuvilufui,θanuvilufui,𐌈𐌀𐌍𐌖𐌅𐌉𐌋𐌖𐌚𐌖𐌉,θanuvilufui,,,,1.000,clean,635b6e799418,1
5647,fufalsei(al),fufalsei(al),𐌚𐌖𐌚𐌀𐌋𐌔𐌄𐌉(𐌀𐌋),,mrs-fufalseis,,,0.000,clean,d12242253e34,1
5815,arnth alethnas larthialisa,arnθ aleθnas larθialisa,𐌀𐌓𐌍𐌈 𐌀𐌋𐌄𐌈𐌍𐌀𐌔 𐌋𐌀𐌓𐌈𐌉𐌀𐌋𐌉𐌔𐌀,arnθ aleθnas larθialisa,,,,1.000,clean,4629d08289af,1
5819,av--------------n------rnthal,av--------------n------rnθal,𐌀𐌅--------------𐌍------𐌓𐌍𐌈𐌀𐌋,,mr-avlemr-alethnasson,,,0.000,clean,70bee76c28c0,1
9169,kap(es),kap(es),𐌊𐌀𐌐(𐌄𐌔),,,,,0.000,clean,e020472e61cb,1
9179,t(it)e thuma mi,t(it)e θuma mi,𐌕(𐌉𐌕)𐌄 𐌈𐌖𐌌𐌀 𐌌𐌉,θuma mi,memr-caethumaito-mr-marcethumaramlie-,,,0.667,clean,a680d704b964,1
9182,mi arnth(us) vestraes,mi arnθ(us) vestraes,𐌌𐌉 𐌀𐌓𐌍𐌈(𐌖𐌔) 𐌅𐌄𐌔𐌕𐌓𐌀𐌄𐌔,mi vestraes,imr-arnthvestraethehandsome-mans,,,0.667,clean,29dbeae4911a,1
9188,acasa,acasa,𐌀𐌂𐌀𐌔𐌀,acasa,,,,1.000,clean,42a6d1302bda,1
5894,ramthai,ramθai,𐌓𐌀𐌌𐌈𐌀𐌉,ramθai,mrs-ramthais-daughtershusband,,,1.000,clean,b269ee310511,1
5901,----tronia,----tronia,----𐌕𐌓𐌏𐌍𐌉𐌀,,ms-petronia,,,0.000,clean,d7c7e47439ae,1
5975,----tunnac,----tunnac,----𐌕𐌖𐌍𐌍𐌀𐌂,,,,,0.000,clean,29a8b60f638a,1
5976,thanchvi,θanχvi,𐌈𐌀𐌍𐌙𐌅𐌉,θanχvi,,,,1.000,clean,1c05c5007e1a,1
9309,ac(na){s} priumnes charun,ac(na){s} priumnes χarun,𐌀𐌂(𐌍𐌀){𐌔} 𐌐𐌓𐌉𐌖𐌌𐌍𐌄𐌔 𐌙𐌀𐌓𐌖𐌍,priumnes χarun,an-offspringof-priamthegodcharon,,,0.667,clean,706489b20df1,1
9312,thezl(i)e,θezl(i)e,𐌈𐌄𐌆𐌋(𐌉)𐌄,,,,,0.000,clean,965726967f71,2
9337,ramutha,ramuθa,𐌓𐌀𐌌𐌖𐌈𐌀,ramuθa,mr-ramutha,,,1.000,clean,973e0d0a39fd,1
9339,vipies,vipies,𐌅𐌉𐌐𐌉𐌄𐌔,vipies,,,,1.000,clean,84888a3b09a8,3
9363,misataiiesaveleacasce,misataiiesaveleacasce,𐌌𐌉𐌔𐌀𐌕𐌀𐌉𐌉𐌄𐌔𐌀𐌅𐌄𐌋𐌄𐌀𐌂𐌀𐌔𐌂𐌄,misataiiesaveleacasce,,,,1.000,clean,02cc4a7ad504,1
9389,achmem------,aχmem------,𐌀𐌙𐌌𐌄𐌌------,,,,,0.000,clean,d06fcab537dd,1
9391,a z -- -- -- -- -- -- -- -- -- u s o f ch,a z -- -- -- -- -- -- -- -- -- u s o f χ,𐌀 𐌆 -- -- -- -- -- -- -- -- -- 𐌖 𐌔 𐌏 𐌚 𐌙,a z u s o f χ,,,,0.438,clean,858de0643303,1
9397,larza,larza,𐌋𐌀𐌓𐌆𐌀,larza,mr-little-larth,,,1.000,clean,0d1aeb848b7b,2
940,arnias,arnias,𐌀𐌓𐌍𐌉𐌀𐌔,arnias,mr-thana,,,1.000,clean,1df4a60d3ad2,1
9415,xx,xx,𐌗𐌗,xx,,,,1.000,clean,5dde896887f6,6
9416,nacna,nacna,𐌍𐌀𐌂𐌍𐌀,nacna,,,,1.000,clean,a27347758359,1
6793,potsherds,potśerds,𐌐𐌏𐌕𐌑𐌄𐌓𐌃𐌔,potśerds,,,,1.000,clean,0236231453a6,1
7064,minizinacearantharytzinamlachumlacasi,minizinacearanθarytzinamlaχumlacasi,,minizinacearanθarytzinamlaχumlacasi,,,,1.000,clean,1c1961a8ef49,1
7070,takisfelevistre,takisfelevistre,𐌕𐌀𐌊𐌉𐌔𐌚𐌄𐌋𐌄𐌅𐌉𐌔𐌕𐌓𐌄,takisfelevistre,thisof-threemenby-mr-felvistra,,,1.000,clean,cada335f1b84,1
7081,kla,kla,𐌊𐌋𐌀,kla,,,,1.000,clean,d59ffd351290,1
7082,uru,uru,𐌖𐌓𐌖,uru,,,,1.000,clean,9e0a7b7adc62,2
9533,luvciai,luvciai,𐌋𐌖𐌅𐌂𐌉𐌀𐌉,luvciai,,,,1.000,clean,25703534ac8a,1
9538,sveitu,sveitu,𐌔𐌅𐌄𐌉𐌕𐌖,sveitu,mr-sveitu,,,1.000,clean,7ff0b0f50fa3,3
9541,ti------a,ti------a,𐌕𐌉------𐌀,,,,,0.000,clean,e2ea8eb98a17,1
7149,petsaess,petsaess,𐌐𐌄𐌕𐌔𐌀𐌄𐌔𐌔,petsaess,,,,1.000,clean,290b7b866f43,1
7193,ferse,ferse,𐌚𐌄𐌓𐌔𐌄,ferse,,,,1.000,clean,9bd73c49dbf2,2
7194,euntke,euntke,𐌄𐌖𐌍𐌕𐌊𐌄,euntke,theangeloftheafterlifeeurtha,,,1.000,clean,916eeb9d6529,1
7428,fusanas,fusanas,𐌚𐌖𐌔𐌀𐌍𐌀𐌔,fusanas,,,,1.000,clean,b39d73f428b1,1
7439,petnei,petnei,𐌐𐌄𐌕𐌍𐌄𐌉,petnei,,,,1.000,clean,279fc25217c2,3
CIE 2644,AOIVIL:O/AAL lar:pupura|lar[al],AOIVIL:O/AAL lar:pupura|lar[al],,AOIVIL O/AAL lar pupura,,,,0.800,clean,307caab3587e,1
CIE 2645,IAPIMI:A:O Ja:puprei,IAPIMI:A:O Ja:puprei,,,,,,0.000,needs_review,0f113bbec7f5,1
CIE 2646,𐌀𐌖𐌋𐌄,AULE,,AULE,,,,1.000,clean,233a39fa97f1,2
CIE 2647,𐌋𐌖𐌐𐌖𐌓𐌍𐌉𐌋𐌖𐌐𐌖𐌓𐌍𐌉,L. PURNI L. F,,L. PURNI L. F,,,,1.000,clean,391da11e8d2b,1
CIE 2648,𐌉𐌕𐌖𐌀𐌋𐌕𐌖𐌀𐌋𐌌𐌀𐌍𐌖𐌅𐌉,LART LAUTI | PURNAS,,LART LAUTI PURNAS,,,,1.000,clean,98d30e02e964,1
7462,----avminp--,----avminp--,----𐌀𐌅𐌌𐌉𐌍𐌐--,,ithe-sun-god-cathas,,,0.000,clean,1f97df68d470,1
7547,larthaia,larθaia,𐌋𐌀𐌓𐌈𐌀𐌉𐌀,larθaia,,,,1.000,clean,205bad89f04f,1
7583,nele,nele,𐌍𐌄𐌋𐌄,nele,neleus,,,1.000,clean,8682a080b377,1
7740,vezra,vezra,𐌅𐌄𐌆𐌓𐌀,vezra,mrs-laurstis,,,1.000,clean,8205f80f0da4,1
7753,satarr,satarr,𐌔𐌀𐌕𐌀𐌓𐌓,satarr,,,,1.000,clean,31bb6760297c,1
7761,miza--------,miza--------,𐌌𐌉𐌆𐌀--------,,,,,0.000,clean,2e1d1f12cddd,1
7782,fursu,fursu,𐌚𐌖𐌓𐌔𐌖,fursu,,,,1.000,clean,9c584008519d,1
7788,fetathasa,fetaθasa,𐌚𐌄𐌕𐌀𐌈𐌀𐌔𐌀,fetaθasa,,,,1.000,clean,feca8e7633d6,1
CIE 2653,𐌌𐌖𐌓𐌖𐌔𐌄𐌔𐌀𐌃𐌖𐌅𐌄𐌔𐌀𐌃𐌖𐌅𐌄𐌔,a) SEDRE. PU[S]CA. SEDRES b) SEDRE. PUSCA. SEDRES,,SEDRE. SEDRES SEDRE. PUSCA. SEDRES,,,,0.625,clean,9f151767b69a,1
7948,evas,evas,𐌄𐌅𐌀𐌔,evas,thegodmercury,,,1.000,clean,ef3e6e7dd233,4
7952,nunan,nunan,𐌍𐌖𐌍𐌀𐌍,nunan,,,,1.000,clean,9bf26eb18a5d,1
7963,cna,cna,𐌂𐌍𐌀,cna,,,,1.000,clean,49144796d7c7,1
8155,ixd,ixd,𐌉𐌗𐌃,ixd,,,,1.000,clean,7711553992d3,1
8163,ekokaisiosio,ekokaisiosio,𐌄𐌊𐌏𐌊𐌀𐌉𐌔𐌉𐌏𐌔𐌉𐌏,ekokaisiosio,ifor-mr-kaisio,,,1.000,clean,7729bd6a6790,1
8176,------velzu,------velzu,------𐌅𐌄𐌋𐌆𐌖,,mr-caviovelzu,,,0.000,clean,8a6dc822737f,1
8536,tt,tt,𐌕𐌕,tt,,,,1.000,clean,0e07cf830957,2
8568,iv,iv,𐌉𐌅,iv,,,,1.000,clean,0ab306823035,2
8601,------ufnts------,------ufnts------,------𐌖𐌚𐌍𐌕𐌔------,,,,,0.000,clean,48897f2b83e9,1
8614,vetusia,vetusia,𐌅𐌄𐌕𐌖𐌔𐌉𐌀,vetusia,,,,1.000,clean,b40ade23b524,1
8615,menarva,menarva,𐌌𐌄𐌍𐌀𐌓𐌅𐌀,menarva,,,,1.000,clean,7a4edfd06585,3
8617,elachsantre,elaχsantre,𐌄𐌋𐌀𐌙𐌔𐌀𐌍𐌕𐌓𐌄,elaχsantre,hermione,,,1.000,clean,70c9a58dba9e,2
8618,rutapis,rutapis,𐌓𐌖𐌕𐌀𐌐𐌉𐌔,rutapis,rhodopis,,,1.000,clean,cd40b77a5d40,1
8619,irisis,irisis,𐌉𐌓𐌉𐌔𐌉𐌔,irisis,teucer,,,1.000,clean,3ce44b50d8d5,1
CIE 2674,VAI:AMΘI:VARINAL,VAI:AMΘI:VARINAL,,VAI AMΘI VARINAL,,,,1.000,clean,51bd58d464c5,1
ETP 324,σii,σii,𐌑𐌉𐌉,σii,,650.0,550.0,1.000,clean,48867fcb65df,1
8661,------cuchus,------cuχus,------𐌂𐌖𐌙𐌖𐌔,,,,,0.000,clean,8f717a3838cf,1
8889,cnthveiesmi,cnθveiesmi,𐌂𐌍𐌈𐌅𐌄𐌉𐌄𐌔𐌌𐌉,cnθveiesmi,,,,1.000,clean,b086eef61d9b,1
8933,miniflakunaievenel,miniflakunaievenel,𐌌𐌉𐌍𐌉𐌚𐌋𐌀𐌊𐌖𐌍𐌀𐌉𐌄𐌅𐌄𐌍𐌄𐌋,miniflakunaievenel,,,,1.000,clean,5c32026c59fa,1
9003,ch,χ,𐌙,χ,mr-chaes,,,1.000,clean,ebf8943951c7,4
9010,uiniacathrnies,uiniacaθrnies,𐌖𐌉𐌍𐌉𐌀𐌂𐌀𐌈𐌓𐌍𐌉𐌄𐌔,uiniacaθrnies,of-the-wineof-mrcathrnie,,,1.000,clean,2ebd59a19501,1
CIE 2682,N1ATVPIAM C:A2A1T3A2:OA:ANEM39:J7,N1ATVPIAM C:A2A1T3A2:OA:ANEM39:J7,,,,,,0.000,ocr_failed,d23991c4f40e,1
CIE 2684,A1M19A0:A2:37:AHEM39:J37,A1M19A0:A2:37:AHEM39:J37,,,,,,0.000,ocr_failed,ff0ee826eabb,1
9317,ne,ne,𐌍𐌄,ne,the-unknown-town-the-name-ofwhich-was-abbreviated-on-thiscoin-evidently-as-eithernethvornethvorthvneorthvneorneovorenov,,,1.000,clean,cb58e4600bf0,2
9318,metl,metl,𐌌𐌄𐌕𐌋,metl,,,,1.000,clean,3375a28237ad,1
9320,vatlui,vatlui,𐌅𐌀𐌕𐌋𐌖𐌉,vatlui,,,,1.000,clean,3190aa5193bb,1
9321,vetlvntha,vetlvnθa,𐌅𐌄𐌕𐌋𐌅𐌍𐌈𐌀,vetlvnθa,,,,1.000,clean,048fa159e40e,1
9322,vercnas,vercnas,𐌅𐌄𐌓𐌂𐌍𐌀𐌔,vercnas,,,,1.000,clean,c753e2356574,1
9330,naplan,naplan,𐌍𐌀𐌐𐌋𐌀𐌍,naplan,,,,1.000,clean,9bf9e7a9d9bf,1
9699,sautur,sautur,𐌔𐌀𐌖𐌕𐌖𐌓,sautur,,,,1.000,clean,6b9bb6d6eee6,1
CIE 2697,rutia:velvaesa,rutia:velvaesa,𐌓𐌖𐌕𐌉𐌀:𐌅𐌄𐌋𐌅𐌀𐌄𐌔𐌀,rutia velvaesa,,,,1.000,clean,40d76e749609,2
CIE 2701,Rutilia:C.f|Russinaei,Rutilia:C.f|Russinaei,,Rutilia C.f Russinaei,,,,1.000,clean,fab619a56039,1
2139,velsi(e)sa,velsi(e)sa,𐌅𐌄𐌋𐌔𐌉(𐌄)𐌔𐌀,,,,,0.000,clean,02aa7d9b5fa4,1
2145,velsi(alisa) marcni(e)sa calun(i)al,velsi(alisa) marcni(e)sa calun(i)al,𐌅𐌄𐌋𐌔𐌉(𐌀𐌋𐌉𐌔𐌀) 𐌌𐌀𐌓𐌂𐌍𐌉(𐌄)𐌔𐌀 𐌂𐌀𐌋𐌖𐌍(𐌉)𐌀𐌋,,,,,0.000,clean,5225b5b41af1,1
2146,feli,feli,𐌚𐌄𐌋𐌉,feli,,,,1.000,clean,fddb9d4ec27e,2
2148,patislanial,patislanial,𐌐𐌀𐌕𐌉𐌔𐌋𐌀𐌍𐌉𐌀𐌋,patislanial,,,,1.000,clean,9adb811dcded,2
2149,ar(nthus),ar(nθus),𐌀𐌓(𐌍𐌈𐌖𐌔),,mrs-velsis-daughters-husband,,,0.000,clean,a3c93500b5ee,10
2151,--ospita,--ospita,--𐌏𐌔𐌐𐌉𐌕𐌀,,ms-valeriahospita,,,0.000,clean,6b9ddd4e48c7,1
6742,ramathas,ramaθas,𐌓𐌀𐌌𐌀𐌈𐌀𐌔,ramaθas,,,,1.000,clean,6cd5b9cdd7cd,1
10418,miarathia{niezt}zacies,miaraθia{niezt}zacies,𐌌𐌉𐌀𐌓𐌀𐌈𐌉𐌀{𐌍𐌉𐌄𐌆𐌕}𐌆𐌀𐌂𐌉𐌄𐌔,,imr-arathiazacies,,,0.000,clean,f1ca1a0460d6,1
10557,uchus,uχus,𐌖𐌙𐌖𐌔,uχus,,,,1.000,clean,73dde691d8c9,6
10560,tiniacalusna,tiniacalusna,𐌕𐌉𐌍𐌉𐌀𐌂𐌀𐌋𐌖𐌔𐌍𐌀,tiniacalusna,,,,1.000,clean,93f43c872fd2,1
10592,minemulvunukelarisnumenas,minemulvunukelarisnumenas,𐌌𐌉𐌍𐌄𐌌𐌖𐌋𐌅𐌖𐌍𐌖𐌊𐌄𐌋𐌀𐌓𐌉𐌔𐌍𐌖𐌌𐌄𐌍𐌀𐌔,minemulvunukelarisnumenas,,,,1.000,clean,d3d5ad0b62f7,1
10648,ruzus,ruzus,𐌓𐌖𐌆𐌖𐌔,ruzus,,,,1.000,clean,33fc5188ce95,1
2381,laucanias,laucanias,𐌋𐌀𐌖𐌂𐌀𐌍𐌉𐌀𐌔,laucanias,mr-laucanias,,,1.000,clean,62ab02f4ee65,1
2384,l(ar)th l(ar)th(us),l(ar)θ l(ar)θ(us),𐌋(𐌀𐌓)𐌈 𐌋(𐌀𐌓)𐌈(𐌖𐌔),,,,,0.000,clean,5c44c45276b0,1
2386,lauchumes,lauχumes,𐌋𐌀𐌖𐌙𐌖𐌌𐌄𐌔,lauχumes,,,,1.000,clean,4ecaf5a16e27,1
10901,acevzthikl,acevzθikl,𐌀𐌂𐌄𐌅𐌆𐌈𐌉𐌊𐌋,acevzθikl,,,,1.000,clean,d5c5fe2df441,1
10911,fethna,feθna,𐌚𐌄𐌈𐌍𐌀,feθna,,,,1.000,clean,ca29b3b94a63,1
10913,euturpa,euturpa,𐌄𐌖𐌕𐌖𐌓𐌐𐌀,euturpa,theheroarcas,,,1.000,clean,128241f2e2ad,2
11290,spurinas,spurinas,𐌔𐌐𐌖𐌓𐌉𐌍𐌀𐌔,spurinas,,,,1.000,clean,038fe4b9063e,2
11319,------chinep------,------χinep------,------𐌙𐌉𐌍𐌄𐌐------,,,,,0.000,clean,d7bee3e2256f,1
2485,capnal,capnal,𐌂𐌀𐌐𐌍𐌀𐌋,capnal,,,,1.000,clean,4af53d3eb666,1
2486,cnevnal,cnevnal,𐌂𐌍𐌄𐌅𐌍𐌀𐌋,cnevnal,,,,1.000,clean,84e521fcd7cb,1
11529,zinthrepus,zinθrepus,𐌆𐌉𐌍𐌈𐌓𐌄𐌐𐌖𐌔,zinθrepus,theherodiomedes,,,1.000,clean,606ae33da047,1
11530,feasun,feasun,𐌚𐌄𐌀𐌔𐌖𐌍,feasun,thedivinegeniusoftheangeloftheafterliferesci,,,1.000,clean,32222b46a03a,1
11536,pui,pui,𐌐𐌖𐌉,pui,,,,1.000,clean,e661873825b1,2
11542,li,li,𐌋𐌉,li,ms-larthi,,,1.000,clean,00a9e4255a5b,3
11544,uzinas,uzinas,𐌖𐌆𐌉𐌍𐌀𐌔,uzinas,,,,1.000,clean,5f925e2395ae,1
11559,aiser,aiser,𐌀𐌉𐌔𐌄𐌓,aiser,,,,1.000,clean,3d12e139cc7f,1
11647,miatriucs,miatriucs,𐌌𐌉𐌀𐌕𐌓𐌉𐌖𐌂𐌔,miatriucs,,,,1.000,clean,e8cb9584612d,1
11676,cxa,cxa,𐌂𐌗𐌀,cxa,,,,1.000,clean,e7980f20967c,1
2521,l(ar)th reithna,l(ar)θ reiθna,𐌋(𐌀𐌓)𐌈 𐌓𐌄𐌉𐌈𐌍𐌀,reiθna,,,,0.500,clean,3113ef5b5638,1
258,f(a)z(e)ne,f(a)z(e)ne,𐌚(𐌀)𐌆(𐌄)𐌍𐌄,,,,,0.000,clean,0368326d1d51,1
14859,uchu,uχu,𐌖𐌙𐌖,uχu,,,,1.000,clean,425eeb8f3a39,3
2619,thanapul------,θanapul------,𐌈𐌀𐌍𐌀𐌐𐌖𐌋------,,mr-thanapulfna,,,0.000,clean,3ad53812de60,1
2643,pupli,pupli,𐌐𐌖𐌐𐌋𐌉,pupli,ms-pupli,,,1.000,clean,a6d938927b26,1
2659,rav{----}a(s),rav{----}a(s),𐌓𐌀𐌅{----}𐌀(𐌔),,mr-ravas,,,0.000,clean,d406f528ecb2,1
2668,raufes,raufes,𐌓𐌀𐌖𐌚𐌄𐌔,raufes,mr-thanicu,,,1.000,clean,782eb10b9c65,2
2669,melneail,melneail,𐌌𐌄𐌋𐌍𐌄𐌀𐌉𐌋,melneail,,,,1.000,clean,92740b68fd19,1
2671,larthi vetn(i)alisa,larθi vetn(i)alisa,𐌋𐌀𐌓𐌈𐌉 𐌅𐌄𐌕𐌍(𐌉)𐌀𐌋𐌉𐌔𐌀,larθi,,,,0.500,clean,8d694406ab36,1
2675,v(e)l(ia) remsna petinatial,v(e)l(ia) remsna petinatial,𐌅(𐌄)𐌋(𐌉𐌀) 𐌓𐌄𐌌𐌔𐌍𐌀 𐌐𐌄𐌕𐌉𐌍𐌀𐌕𐌉𐌀𐌋,remsna petinatial,,,,0.667,clean,fd1d7ae474e6,1
2676,a(rn)z(a) remzna,a(rn)z(a) remzna,𐌀(𐌓𐌍)𐌆(𐌀) 𐌓𐌄𐌌𐌆𐌍𐌀,remzna,,,,0.500,clean,0a9c56367118,1
2681,sepiesa,sepiesa,𐌔𐌄𐌐𐌉𐌄𐌔𐌀,sepiesa,,,,1.000,clean,e1ed4878b52d,1
12474,ferce,ferce,𐌚𐌄𐌓𐌂𐌄,ferce,,,,1.000,clean,0bdb3aa9bbd7,1
12580,mifu------,mifu------,𐌌𐌉𐌚𐌖------,,,,,0.000,clean,b1f6bfd19a20,1
12593,achmemurun,aχmemurun,𐌀𐌙𐌌𐌄𐌌𐌖𐌓𐌖𐌍,aχmemurun,agamemnon,,,1.000,clean,3731abf8553c,1
12596,niamifiriminai,niamifiriminai,𐌍𐌉𐌀𐌌𐌉𐌚𐌉𐌓𐌉𐌌𐌉𐌍𐌀𐌉,niamifiriminai,,,,1.000,clean,499f97391d42,1
12606,arnthcacnislarisal,arnθcacnislarisal,𐌀𐌓𐌍𐌈𐌂𐌀𐌂𐌍𐌉𐌔𐌋𐌀𐌓𐌉𐌔𐌀𐌋,arnθcacnislarisal,,,,1.000,clean,ae27c4b2d56c,1
12631,rnth,rnθ,𐌓𐌍𐌈,rnθ,,,,1.000,clean,d603f7bb9329,1
12653,anina,anina,𐌀𐌍𐌉𐌍𐌀,anina,,,,1.000,clean,e04f14a4278f,1
2729,fraucni(e)s,fraucni(e)s,𐌚𐌓𐌀𐌖𐌂𐌍𐌉(𐌄)𐌔,,mr-sethria,,,0.000,clean,532754ce3ff0,1
2732,vibinnal,vibinnal,𐌅𐌉𐌁𐌉𐌍𐌍𐌀𐌋,vibinnal,,,,1.000,clean,d01b4c5e4253,1
2735,vipias(a),vipias(a),𐌅𐌉𐌐𐌉𐌀𐌔(𐌀),,,,,0.000,clean,89fd93742c9a,1
12678,cainif,cainif,𐌂𐌀𐌉𐌍𐌉𐌚,cainif,of-mrs-cainithe-son,,,1.000,clean,d9a0a06fc3c3,1
12739,craiciies,craiciies,𐌂𐌓𐌀𐌉𐌂𐌉𐌉𐌄𐌔,craiciies,the-greek-fellows,,,1.000,clean,1597f42a7ade,1
2757,thania tutn(i)al,θania tutn(i)al,𐌈𐌀𐌍𐌉𐌀 𐌕𐌖𐌕𐌍(𐌉)𐌀𐌋,θania,,,,0.500,clean,09bbdd28c34e,1
2758,a(rn)th acilu p(u)v(a)rn(i)al,a(rn)θ acilu p(u)v(a)rn(i)al,𐌀(𐌓𐌍)𐌈 𐌀𐌂𐌉𐌋𐌖 𐌐(𐌖)𐌅(𐌀)𐌓𐌍(𐌉)𐌀𐌋,acilu,,,,0.333,clean,4114f19d7e8f,1
14020,vaxxx,vaxxx,𐌅𐌀𐌗𐌗𐌗,vaxxx,,,,1.000,clean,5e3a652a2b41,1
14498,------al,------al,------𐌀𐌋,,ms-larisis,,,0.000,clean,635182503015,5
14500,larthurus,larθurus,𐌋𐌀𐌓𐌈𐌖𐌓𐌖𐌔,larθurus,,,,1.000,clean,3553ba19fb3f,1
14522,risiekerrinake,risiekerrinake,𐌓𐌉𐌔𐌉𐌄𐌊𐌄𐌓𐌓𐌉𐌍𐌀𐌊𐌄,risiekerrinake,mr-risiekes,,,1.000,clean,9d72fccde20b,1
14523,--etutatinache,--etutatinaχe,--𐌄𐌕𐌖𐌕𐌀𐌕𐌉𐌍𐌀𐌙𐌄,,mr-vetuthiswas-drawn,,,0.000,clean,a90c11a7416b,1
2870,trepusa,trepusa,𐌕𐌓𐌄𐌐𐌖𐌔𐌀,trepusa,,,,1.000,clean,631852e37234,1
2884,venunias,venunias,𐌅𐌄𐌍𐌖𐌍𐌉𐌀𐌔,venunias,,,,1.000,clean,ee5486ebc14f,1
14575,arntlial,arntlial,𐌀𐌓𐌍𐌕𐌋𐌉𐌀𐌋,arntlial,,,,1.000,clean,ae79ab30e39c,1
14580,seitual,seitual,𐌔𐌄𐌉𐌕𐌖𐌀𐌋,seitual,,,,1.000,clean,28417b35fc07,1
14585,aprnal,aprnal,𐌀𐌐𐌓𐌍𐌀𐌋,aprnal,,,,1.000,clean,a2b1030b4e8a,1
14588,petrnal,petrnal,𐌐𐌄𐌕𐌓𐌍𐌀𐌋,petrnal,,,,1.000,clean,c70a2facc919,1
14590,tetinei,tetinei,𐌕𐌄𐌕𐌉𐌍𐌄𐌉,tetinei,,,,1.000,clean,fd871c659556,2
14593,vuisillnal,vuisillnal,𐌅𐌖𐌉𐌔𐌉𐌋𐌋𐌍𐌀𐌋,vuisillnal,,,,1.000,clean,b1e93a388b85,1
14595,calatvrnal,calatvrnal,𐌂𐌀𐌋𐌀𐌕𐌅𐌓𐌍𐌀𐌋,calatvrnal,,,,1.000,clean,cf958d5f1c5c,1
14596,isinal,isinal,𐌉𐌔𐌉𐌍𐌀𐌋,isinal,,,,1.000,clean,d1a9a2db513b,1
14597,vrlialisal,vrlialisal,𐌅𐌓𐌋𐌉𐌀𐌋𐌉𐌔𐌀𐌋,vrlialisal,,,,1.000,clean,038dde8c13d5,1
2956,larthi tetinei(alisa),larθi tetinei(alisa),𐌋𐌀𐌓𐌈𐌉 𐌕𐌄𐌕𐌉𐌍𐌄𐌉(𐌀𐌋𐌉𐌔𐌀),larθi,mrs-larthimrs-tetinei-sonswifemrs-pulfnisdaughter,,,0.500,clean,b414ee504f37,1
2958,a(rn)th papasa,a(rn)θ papasa,𐌀(𐌓𐌍)𐌈 𐌐𐌀𐌐𐌀𐌔𐌀,papasa,,,,0.500,clean,17bfaa88a4ee,1
2980,th(an)a tutnei(al) marcni(alisa),θ(an)a tutnei(al) marcni(alisa),𐌈(𐌀𐌍)𐌀 𐌕𐌖𐌕𐌍𐌄𐌉(𐌀𐌋) 𐌌𐌀𐌓𐌂𐌍𐌉(𐌀𐌋𐌉𐌔𐌀),,,,,0.000,clean,45d971766913,1
2981,tutnei(al),tutnei(al),𐌕𐌖𐌕𐌍𐌄𐌉(𐌀𐌋),,,,,0.000,clean,b6faa1d6af0e,2
2982,tu(ta),tu(ta),𐌕𐌖(𐌕𐌀),,mr-veliatutnemrs-latinismr-veanes,,,0.000,clean,a1002a6066af,1
2983,tutna utisn(i)al,tutna utisn(i)al,𐌕𐌖𐌕𐌍𐌀 𐌖𐌕𐌉𐌔𐌍(𐌉)𐌀𐌋,tutna,,,,0.500,clean,5edbd895c3ba,1
2984,tutnei(al) cutlisnei(alisa),tutnei(al) cutlisnei(alisa),𐌕𐌖𐌕𐌍𐌄𐌉(𐌀𐌋) 𐌂𐌖𐌕𐌋𐌉𐌔𐌍𐌄𐌉(𐌀𐌋𐌉𐌔𐌀),,,,,0.000,clean,9eefcefe2026,1
14666,iailkouesi,iailkouesi,𐌉𐌀𐌉𐌋𐌊𐌏𐌖𐌄𐌔𐌉,iailkouesi,,,,1.000,clean,0b7747e8a747,1
CIE 2253,ZINATVAV AVAV,śINATVAV AVAV,,śINATVAV AVAV,,,,1.000,clean,35b2629249df,1
CODEX_PY_B_1,nac θefariei veliiunas θamuce cleva etanal masan tiurunias śelace vacal tmial avilχval amuce pulumχva,nac θefariei veliiunas θamuce cleva etanal masan tiurunias śelace vacal tmial avilχval amuce pulumχva,𐌍𐌀𐌂 𐌈𐌄𐌚𐌀𐌓𐌉𐌄𐌉 𐌅𐌄𐌋𐌉𐌉𐌖𐌍𐌀𐌔 𐌈𐌀𐌌𐌖𐌂𐌄 𐌂𐌋𐌄𐌅𐌀 𐌄𐌕𐌀𐌍𐌀𐌋 𐌌𐌀𐌔𐌀𐌍 𐌕𐌉𐌖𐌓𐌖𐌍𐌉𐌀𐌔 𐌑𐌄𐌋𐌀𐌂𐌄 𐌅𐌀𐌂𐌀𐌋 𐌕𐌌𐌉𐌀𐌋 𐌀𐌅𐌉𐌋𐌙𐌅𐌀𐌋 𐌀𐌌𐌖𐌂𐌄 𐌐𐌖𐌋𐌖𐌌𐌙𐌅𐌀,nac θefariei veliiunas θamuce cleva etanal masan tiurunias śelace vacal tmial avilχval amuce pulumχva,,,,1.000,clean,a86185b15859,1
CODEX_TC_I,velχitna śacni cilθ cva leθamsul śuris cluce lethamei θevruminase nunθeri lauχumneti,velχitna śacni cilθ cva leθamsul śuris cluce leθamei θevruminase nunθeri lauχumneti,𐌅𐌄𐌋𐌙𐌉𐌕𐌍𐌀 𐌑𐌀𐌂𐌍𐌉 𐌂𐌉𐌋𐌈 𐌂𐌅𐌀 𐌋𐌄𐌈𐌀𐌌𐌔𐌖𐌋 𐌑𐌖𐌓𐌉𐌔 𐌂𐌋𐌖𐌂𐌄 𐌋𐌄𐌈𐌀𐌌𐌄𐌉 𐌈𐌄𐌅𐌓𐌖𐌌𐌉𐌍𐌀𐌔𐌄 𐌍𐌖𐌍𐌈𐌄𐌓𐌉 𐌋𐌀𐌖𐌙𐌖𐌌𐌍𐌄𐌕𐌉,velχitna śacni cilθ cva leθamsul śuris cluce leθamei θevruminase nunθeri lauχumneti,,,,1.000,clean,ad6af4a37dd2,1
CODEX_TC_II,apirase saucne hanipalθi θui ceś ipei zea vacl tinśi tiurim celi huθiś flereś tei avil,apirase saucne hanipalθi θui ceś ipei zea vacl tinśi tiurim celi huθiś flereś tei avil,𐌀𐌐𐌉𐌓𐌀𐌔𐌄 𐌔𐌀𐌖𐌂𐌍𐌄 𐌇𐌀𐌍𐌉𐌐𐌀𐌋𐌈𐌉 𐌈𐌖𐌉 𐌂𐌄𐌑 𐌉𐌐𐌄𐌉 𐌆𐌄𐌀 𐌅𐌀𐌂𐌋 𐌕𐌉𐌍𐌑𐌉 𐌕𐌉𐌖𐌓𐌉𐌌 𐌂𐌄𐌋𐌉 𐌇𐌖𐌈𐌉𐌑 𐌚𐌋𐌄𐌓𐌄𐌑 𐌕𐌄𐌉 𐌀𐌅𐌉𐌋,apirase saucne hanipalθi θui ceś ipei zea vacl tinśi tiurim celi huθiś flereś tei avil,,,,1.000,clean,0c3064f917ad,1
CODEX_TC_III,ampile śurieθ zusle cizi vacl flereś neθśrac tei leθamei cilθcval hanφeś faśei unial,ampile śurieθ zusle cizi vacl flereś neθśrac tei leθamei cilθcval hanφeś faśei unial,𐌀𐌌𐌐𐌉𐌋𐌄 𐌑𐌖𐌓𐌉𐌄𐌈 𐌆𐌖𐌔𐌋𐌄 𐌂𐌉𐌆𐌉 𐌅𐌀𐌂𐌋 𐌚𐌋𐌄𐌓𐌄𐌑 𐌍𐌄𐌈𐌑𐌓𐌀𐌂 𐌕𐌄𐌉 𐌋𐌄𐌈𐌀𐌌𐌄𐌉 𐌂𐌉𐌋𐌈𐌂𐌅𐌀𐌋 𐌇𐌀𐌍𐌘𐌄𐌑 𐌚𐌀𐌑𐌄𐌉 𐌖𐌍𐌉𐌀𐌋,ampile śurieθ zusle cizi vacl flereś neθśrac tei leθamei cilθcval hanφeś faśei unial,,,,1.000,clean,6090fd622c1a,1
ETP 345,mi luθumas qutumuθa,mi luθumas qutumuθa,𐌌𐌉 𐌋𐌖𐌈𐌖𐌌𐌀𐌔 𐌒𐌖𐌕𐌖𐌌𐌖𐌈𐌀,mi luθumas qutumuθa,,700.0,650.0,1.000,clean,27b9f19c6d04,1
ETP 346,mi xuiḥṿlies qutum,mi xuiḥṿlies qutum,𐌌𐌉 𐌗𐌖𐌉𐌇𐌅𐌋𐌉𐌄𐌔 𐌒𐌖𐌕𐌖𐌌,mi xuiḥṿlies qutum,,700.0,650.0,1.000,clean,a41cd45fbbdb,1
CIE 2254,MNAZ,MNAś,,MNAś,,,,1.000,clean,539d12f278b6,1
CODEX_TCo_A,et petruiś ścevaś eliuntś vinac restmc cenuśa tenθur śar cusuθuraś larisalisula peśc spante tenθur sa śranś arcl clθii tersna θui spanθi mleśieθic raśnas inni peś petruś pavac traulac tiur tenθurś tenθaś zacinat priniserac zal cuśuθurśum,et petruiś ścevaś eliuntś vinac restmc cenuśa tenθur śar cusuθuraś larisalisula peśc spante tenθur sa śranś arcl clθii tersna θui spanθi mleśieθic raśnas inni peś petruś pavac traulac tiur tenθurś tenθaś zacinat priniserac zal cuśuθurśum,𐌄𐌕 𐌐𐌄𐌕𐌓𐌖𐌉𐌑 𐌑𐌂𐌄𐌅𐌀𐌑 𐌄𐌋𐌉𐌖𐌍𐌕𐌑 𐌅𐌉𐌍𐌀𐌂 𐌓𐌄𐌔𐌕𐌌𐌂 𐌂𐌄𐌍𐌖𐌑𐌀 𐌕𐌄𐌍𐌈𐌖𐌓 𐌑𐌀𐌓 𐌂𐌖𐌔𐌖𐌈𐌖𐌓𐌀𐌑 𐌋𐌀𐌓𐌉𐌔𐌀𐌋𐌉𐌔𐌖𐌋𐌀 𐌐𐌄𐌑𐌂 𐌔𐌐𐌀𐌍𐌕𐌄 𐌕𐌄𐌍𐌈𐌖𐌓 𐌔𐌀 𐌑𐌓𐌀𐌍𐌑 𐌀𐌓𐌂𐌋 𐌂𐌋𐌈𐌉𐌉 𐌕𐌄𐌓𐌔𐌍𐌀 𐌈𐌖𐌉 𐌔𐌐𐌀𐌍𐌈𐌉 𐌌𐌋𐌄𐌑𐌉𐌄𐌈𐌉𐌂 𐌓𐌀𐌑𐌍𐌀𐌔 𐌉𐌍𐌍𐌉 𐌐𐌄𐌑 𐌐𐌄𐌕𐌓𐌖𐌑 𐌐𐌀𐌅𐌀𐌂 𐌕𐌓𐌀𐌖𐌋𐌀𐌂 𐌕𐌉𐌖𐌓 𐌕𐌄𐌍𐌈𐌖𐌓𐌑 𐌕𐌄𐌍𐌈𐌀𐌑 𐌆𐌀𐌂𐌉𐌍𐌀𐌕 𐌐𐌓𐌉𐌍𐌉𐌔𐌄𐌓𐌀𐌂 𐌆𐌀𐌋 𐌂𐌖𐌑𐌖𐌈𐌖𐌓𐌑𐌖𐌌,et petruiś ścevaś eliuntś vinac restmc cenuśa tenθur śar cusuθuraś larisalisula peśc spante tenθur sa śranś arcl clθii tersna θui spanθi mleśieθic raśnas inni peś petruś pavac traulac tiur tenθurś tenθaś zacinat priniserac zal cuśuθurśum,,,,1.000,clean,0cacacecce9e,1
CODEX_TCo_B,aule salini cusual zilci larθal cusuś titinal larisalc saliniś aulesla celti neitiś tarśminaśś sparza inθuχt ceśa ratm suθiu suθiusa velχeś cusuśa uleśla velθuruś tlniś velθurusla larθalc celatinas vetnal larisalc celatinaś pitlnal,aule salini cusual zilci larθal cusuś titinal larisalc saliniś aulesla celti neitiś tarśminaśś sparza inθuχt ceśa ratm suθiu suθiusa velχeś cusuśa uleśla velθuruś tlniś velθurusla larθalc celatinas vetnal larisalc celatinaś pitlnal,𐌀𐌖𐌋𐌄 𐌔𐌀𐌋𐌉𐌍𐌉 𐌂𐌖𐌔𐌖𐌀𐌋 𐌆𐌉𐌋𐌂𐌉 𐌋𐌀𐌓𐌈𐌀𐌋 𐌂𐌖𐌔𐌖𐌑 𐌕𐌉𐌕𐌉𐌍𐌀𐌋 𐌋𐌀𐌓𐌉𐌔𐌀𐌋𐌂 𐌔𐌀𐌋𐌉𐌍𐌉𐌑 𐌀𐌖𐌋𐌄𐌔𐌋𐌀 𐌂𐌄𐌋𐌕𐌉 𐌍𐌄𐌉𐌕𐌉𐌑 𐌕𐌀𐌓𐌑𐌌𐌉𐌍𐌀𐌑𐌑 𐌔𐌐𐌀𐌓𐌆𐌀 𐌉𐌍𐌈𐌖𐌙𐌕 𐌂𐌄𐌑𐌀 𐌓𐌀𐌕𐌌 𐌔𐌖𐌈𐌉𐌖 𐌔𐌖𐌈𐌉𐌖𐌔𐌀 𐌅𐌄𐌋𐌙𐌄𐌑 𐌂𐌖𐌔𐌖𐌑𐌀 𐌖𐌋𐌄𐌑𐌋𐌀 𐌅𐌄𐌋𐌈𐌖𐌓𐌖𐌑 𐌕𐌋𐌍𐌉𐌑 𐌅𐌄𐌋𐌈𐌖𐌓𐌖𐌔𐌋𐌀 𐌋𐌀𐌓𐌈𐌀𐌋𐌂 𐌂𐌄𐌋𐌀𐌕𐌉𐌍𐌀𐌔 𐌅𐌄𐌕𐌍𐌀𐌋 𐌋𐌀𐌓𐌉𐌔𐌀𐌋𐌂 𐌂𐌄𐌋𐌀𐌕𐌉𐌍𐌀𐌑 𐌐𐌉𐌕𐌋𐌍𐌀𐌋,aule salini cusual zilci larθal cusuś titinal larisalc saliniś aulesla celti neitiś tarśminaśś sparza inθuχt ceśa ratm suθiu suθiusa velχeś cusuśa uleśla velθuruś tlniś velθurusla larθalc celatinas vetnal larisalc celatinaś pitlnal,,,,1.000,clean,03b72984d14c,1
Cr 2.27,mi mlaχ mlakaš pruχum,mi mlaχ mlakaš pruχum,𐌌𐌉 𐌌𐌋𐌀𐌙 𐌌𐌋𐌀𐌊𐌀𐌔 𐌐𐌓𐌖𐌙𐌖𐌌,mi mlaχ mlakaš pruχum,I (am) the beautiful vase of a beautiful (person).,,,1.000,clean,6ac1e5b753f8,1
Cr 2.42,.a.šu,.a.šu,.𐌀.𐌔𐌖,.a.šu,(the palette) of Thanakvil Sucisnai,600.0,600.0,1.000,clean,bca985e026b7,1
Cr 2.9,mi titelaς θi[na] {mla} m[l]aχ mlakas,mi titelaς θi[na] {mla} m[l]aχ mlakas,𐌌𐌉 𐌕𐌉𐌕𐌄𐌋𐌀𐌑 𐌈𐌉[𐌍𐌀] {𐌌𐌋𐌀} 𐌌[𐌋]𐌀𐌙 𐌌𐌋𐌀𐌊𐌀𐌔,mi titelaς mlakas,I (am) the beautiful storage vessel of the beautiful Titela.,700.0,675.0,0.500,clean,da887f79a035,1
Cr 3.11,mini mu.l.vanice mama.r.ce : ve.l.χana.ς.,mini mu.l.vanice mama.r.ce ve.l.χana.ς.,𐌌𐌉𐌍𐌉 𐌌𐌖.𐌋.𐌅𐌀𐌍𐌉𐌂𐌄 𐌌𐌀𐌌𐌀.𐌓.𐌂𐌄 𐌅𐌄.𐌋.𐌙𐌀𐌍𐌀.𐌑.,mini mu.l.vanice mama.r.ce ve.l.χana.ς.,Mamarce Velkhanas gave me (as a gift).,,,1.000,clean,bb91b6f18892,1
Cr 3.14,mini kaisie θannursiannaš mulvannice,mini kaisie θannursiannaš mulvannice,𐌌𐌉𐌍𐌉 𐌊𐌀𐌉𐌔𐌉𐌄 𐌈𐌀𐌍𐌍𐌖𐌓𐌔𐌉𐌀𐌍𐌍𐌀𐌔 𐌌𐌖𐌋𐌅𐌀𐌍𐌍𐌉𐌂𐌄,mini kaisie θannursiannaš mulvannice,Kaisie Thannursiannas gave me (as a gift).,,,1.000,clean,8c391042fe40,1
ETP 348,title,title,𐌕𐌉𐌕𐌋𐌄,title,,450.0,400.0,1.000,clean,aaf232064610,1
Cr 3.17,mini turuce larθ : apunaς veleθnalς,mini turuce larθ apunaς veleθnalς,𐌌𐌉𐌍𐌉 𐌕𐌖𐌓𐌖𐌂𐌄 𐌋𐌀𐌓𐌈 𐌀𐌐𐌖𐌍𐌀𐌑 𐌅𐌄𐌋𐌄𐌈𐌍𐌀𐌋𐌑,mini turuce larθ apunaς veleθnalς,"Larth Apunas, (born) from Velethnai, dedicated me.",,,1.000,clean,66152b6e27d2,1
Cr 3.7,mi spurieisi teiθurnasi aliqu,mi spurieisi teiθurnasi aliqu,𐌌𐌉 𐌔𐌐𐌖𐌓𐌉𐌄𐌉𐌔𐌉 𐌕𐌄𐌉𐌈𐌖𐌓𐌍𐌀𐌔𐌉 𐌀𐌋𐌉𐌒𐌖,mi spurieisi teiθurnasi aliqu,I (was) donated to Spurie Teithurnas.,,,1.000,clean,922dcf727f60,1
Cr 3.9,mini σpurie utaš muluvanice,mini σpurie utaš muluvanice,𐌌𐌉𐌍𐌉 𐌑𐌐𐌖𐌓𐌉𐌄 𐌖𐌕𐌀𐌔 𐌌𐌖𐌋𐌖𐌅𐌀𐌍𐌉𐌂𐌄,mini σpurie utaš muluvanice,Spurie Utas gave me (as a gift).,,,1.000,clean,20b792709a1a,1
Cr 5.2,laris • av le • laris al • clenar sval • cn • ς'uθi ceriχunce apac • atic saniς'θu i • cesu clavtieθ urasi,laris • av le • laris al • clenar sval • cn • ς'uθi ceriχunce apac • atic saniς'θu i • cesu clavtieθ urasi,𐌋𐌀𐌓𐌉𐌔 • 𐌀𐌅 𐌋𐌄 • 𐌋𐌀𐌓𐌉𐌔 𐌀𐌋 • 𐌂𐌋𐌄𐌍𐌀𐌓 𐌔𐌅𐌀𐌋 • 𐌂𐌍 • 𐌑'𐌖𐌈𐌉 𐌂𐌄𐌓𐌉𐌙𐌖𐌍𐌂𐌄 𐌀𐌐𐌀𐌂 • 𐌀𐌕𐌉𐌂 𐌔𐌀𐌍𐌉𐌑'𐌈𐌖 𐌉 • 𐌂𐌄𐌔𐌖 𐌂𐌋𐌀𐌅𐌕𐌉𐌄𐌈 𐌖𐌓𐌀𐌔𐌉,laris av le laris al clenar sval cn ς'uθi ceriχunce apac atic saniς'θu i cesu clavtieθ urasi,"Laris (and) Aule, sons of Laris, (while) living had this tomb constructed.",400.0,300.0,1.000,clean,b5135c043b40,1
Cr 5.3,vel : matunas : larisaliσ'a | an : cn : ς'uθi : ceriχunce,vel matunas larisaliσ'a an cn ς'uθi ceriχunce,𐌅𐌄𐌋 𐌌𐌀𐌕𐌖𐌍𐌀𐌔 𐌋𐌀𐌓𐌉𐌔𐌀𐌋𐌉𐌑'𐌀 𐌀𐌍 𐌂𐌍 𐌑'𐌖𐌈𐌉 𐌂𐌄𐌓𐌉𐌙𐌖𐌍𐌂𐌄,vel matunas larisaliσ'a an cn ς'uθi ceriχunce,"Vel Matunas, (son) of Laris, he had this tomb constructed.",,,1.000,clean,bb99f5e5b658,1
Cr 5.4,laris : a[t]ies : an cn : tamera : φurθce,laris a[t]ies an cn tamera φurθce,𐌋𐌀𐌓𐌉𐌔 𐌀[𐌕]𐌉𐌄𐌔 𐌀𐌍 𐌂𐌍 𐌕𐌀𐌌𐌄𐌓𐌀 𐌘𐌖𐌓𐌈𐌂𐌄,laris an cn tamera φurθce,(It was) Laris Aties who φurθce this tomb chamber.,,,0.833,clean,43a83232e55b,1
Cr 9.1,a b c d e v z h θ k l m n s o p σ q r ς t u s φ χ,a b c d e v z h θ k l m n s o p σ q r ς t u s φ χ,𐌀 𐌁 𐌂 𐌃 𐌄 𐌅 𐌆 𐌇 𐌈 𐌊 𐌋 𐌌 𐌍 𐌔 𐌏 𐌐 𐌑 𐌒 𐌓 𐌑 𐌕 𐌖 𐌔 𐌘 𐌙,a b c d e v z h θ k l m n s o p σ q r ς t u s φ χ,,675.0,650.0,1.000,clean,4ebf77234200,1
ETP 100,larθia,larθia,𐌋𐌀𐌓𐌈𐌉𐌀,larθia,,500.0,450.0,1.000,clean,e3daf9002da1,2
CIE 2450,𐌋𐌀𐌓𐌈𐌉.𐌌𐌀𐌓𐌈𐌉𐌐𐌄𐌕𐌓𐌖𐌀𐌋,larθi.marθi | petrual,𐌋𐌀𐌓𐌈𐌉.𐌌𐌀𐌓𐌈𐌉 | 𐌐𐌄𐌕𐌓𐌖𐌀𐌋,larθi.marθi petrual,,,,1.000,clean,58d695543783,1
CIE 2451,𐌀𐌖𐌋𐌄:𐌌𐌀𐌓𐌉𐌄:𐌅𐌄𐌋𐌖𐌔,aule:marie:velus,𐌀𐌖𐌋𐌄:𐌌𐌀𐌓𐌉𐌄:𐌅𐌄𐌋𐌖𐌔,aule marie velus,,,,1.000,clean,acf8c24d5416,1
ETP 102,mi arzal [---],mi arzal [---],𐌌𐌉 𐌀𐌓𐌆𐌀𐌋 [---],mi arzal,,350.0,200.0,0.667,clean,ab84ff542f81,1
ETP 103,l • velani • puina,l • velani • puina,𐌋 • 𐌅𐌄𐌋𐌀𐌍𐌉 • 𐌐𐌖𐌉𐌍𐌀,l velani puina,,100.0,80.0,1.000,clean,3808ba955f1f,1
ETP 104,[---]ema an σu[ . . ]rnaxe[---],[---]ema an σu[ . . ]rnaxe[---],[---]𐌄𐌌𐌀 𐌀𐌍 𐌑𐌖[ . . ]𐌓𐌍𐌀𐌗𐌄[---],an . .,,,,0.500,clean,b5a56fc0df9e,1
ETP 105,mi reices,mi reices,𐌌𐌉 𐌓𐌄𐌉𐌂𐌄𐌔,mi reices,,450.0,400.0,1.000,clean,4ed2bab53fbc,1
ETP 106,uθuzteθs vuvze,uθuzteθs vuvze,𐌖𐌈𐌖𐌆𐌕𐌄𐌈𐌔 𐌅𐌖𐌅𐌆𐌄,uθuzteθs vuvze,I (am the aryballos) of Thanakhvil Kanzinai. Venel Setiu gave (me as a gift).,600.0,600.0,1.000,clean,6c4baf4079f5,1
ETP 107,[---]θ : ai[---],[---]θ ai[---],[---]𐌈 𐌀𐌉[---],,,300.0,100.0,0.000,clean,b3f0dfa5730f,1
ETP 108,mi araθia,mi araθia,𐌌𐌉 𐌀𐌓𐌀𐌈𐌉𐌀,mi araθia,,600.0,600.0,1.000,clean,aaefae44388d,2
ETP 109,m . velimna,m . velimna,𐌌 . 𐌅𐌄𐌋𐌉𐌌𐌍𐌀,m . velimna,,200.0,190.0,1.000,clean,1dedc40e046d,1
ETP 110,ei menepi khape mi • mi : karkus venelus,ei menepi χape mi • mi karkus venelus,𐌄𐌉 𐌌𐌄𐌍𐌄𐌐𐌉 𐌙𐌀𐌐𐌄 𐌌𐌉 • 𐌌𐌉 𐌊𐌀𐌓𐌊𐌖𐌔 𐌅𐌄𐌍𐌄𐌋𐌖𐌔,ei menepi χape mi mi karkus venelus,Don't take me. I (am the bowl) of Venel Karku.,500.0,450.0,1.000,clean,7599fc0c3429,1
ETP 111,[---]ui tura[ce---],[---]ui tura[ce---],[---]𐌖𐌉 𐌕𐌖𐌓𐌀[𐌂𐌄---],,,550.0,500.0,0.000,clean,ba159db75776,1
ETP 112,putina : ceizra : acil,putina ceizra acil,𐌐𐌖𐌕𐌉𐌍𐌀 𐌂𐌄𐌉𐌆𐌓𐌀 𐌀𐌂𐌉𐌋,putina ceizra acil,"a flask, the work of Ceise",250.0,200.0,1.000,clean,e101d50b23db,2
ETP 113,mi larice[s],mi larice[s],𐌌𐌉 𐌋𐌀𐌓𐌉𐌂𐌄[𐌔],mi,,500.0,500.0,0.500,clean,b0a2d43e65b8,2
ETP 114,apa,apa,𐌀𐌐𐌀,apa,,600.0,500.0,1.000,clean,b3e1886e6a00,1
ETP 115,[---]acle[---],[---]acle[---],[---]𐌀𐌂𐌋𐌄[---],,,600.0,500.0,0.000,clean,c5a4bb1320c4,1
ETP 116,[---]esus[---],[---]esus[---],[---]𐌄𐌔𐌖𐌔[---],,,600.0,500.0,0.000,clean,646f3d811865,1
ETP 117,venels [ mi ],venels [ mi ],𐌅𐌄𐌍𐌄𐌋𐌔 [ 𐌌𐌉 ],venels mi,,500.0,400.0,0.500,clean,766160370793,1
ETP 349,sesa,sesa,𐌔𐌄𐌔𐌀,sesa,,300.0,300.0,1.000,clean,0ddc37af9444,1
ETP 350,[---]s u[---],[---]s u[---],[---]𐌔 𐌖[---],,,,,0.000,clean,288927b5f9be,1
CIE 3029,Tania Uni...,Tania Uni...,,Tania Uni...,,,,1.000,clean,89f71308bc0d,1
ETP 118,mi : raq[u]nθa : tipeia : θina : malaχ [: malaka]si : ita : mena[q]u,mi raq[u]nθa tipeia θina malaχ [ malaka]si ita mena[q]u,𐌌𐌉 𐌓𐌀𐌒[𐌖]𐌍𐌈𐌀 𐌕𐌉𐌐𐌄𐌉𐌀 𐌈𐌉𐌍𐌀 𐌌𐌀𐌋𐌀𐌙 [ 𐌌𐌀𐌋𐌀𐌊𐌀]𐌔𐌉 𐌉𐌕𐌀 𐌌𐌄𐌍𐌀[𐌒]𐌖,mi tipeia θina malaχ ita,I (am) the olla of Raqunthi Tipei. This beautiful (vessel) was made for a beautiful (woman).,700.0,600.0,0.556,clean,b5d2c804a1bf,1
ETP 119,[---]fufluna [---],[---]fufluna [---],[---]𐌚𐌖𐌚𐌋𐌖𐌍𐌀 [---],,,425.0,400.0,0.000,clean,6b19c7a9f787,1
ETP 120,mi zinace velθ[ur a]ncinies.,mi zinace velθ[ur a]ncinies.,𐌌𐌉 𐌆𐌉𐌍𐌀𐌂𐌄 𐌅𐌄𐌋𐌈[𐌖𐌓 𐌀]𐌍𐌂𐌉𐌍𐌉𐌄𐌔.,mi zinace,Velthur Ancinies fashioned me.,600.0,500.0,0.500,clean,11f1b505a4d7,1
ETP 129,miliθunas plecus,miliθunas plecus,𐌌𐌉𐌋𐌉𐌈𐌖𐌍𐌀𐌔 𐌐𐌋𐌄𐌂𐌖𐌔,miliθunas plecus,,500.0,500.0,1.000,clean,e3702ddcaae2,1
ETP 130,mi larisal meminiies,mi larisal meminiies,𐌌𐌉 𐌋𐌀𐌓𐌉𐌔𐌀𐌋 𐌌𐌄𐌌𐌉𐌍𐌉𐌉𐌄𐌔,mi larisal meminiies,,500.0,500.0,1.000,clean,a1d9d59a97cb,1
ETP 131,θavura,θavura,𐌈𐌀𐌅𐌖𐌓𐌀,θavura,,500.0,475.0,1.000,clean,23b5cbaae403,1
ETP 132,laruθ χiius,laruθ χiius,𐌋𐌀𐌓𐌖𐌈 𐌙𐌉𐌉𐌖𐌔,laruθ χiius,,500.0,475.0,1.000,clean,535cba55d9a0,1
ETP 133,mi alza ceriies,mi alza ceriies,𐌌𐌉 𐌀𐌋𐌆𐌀 𐌂𐌄𐌓𐌉𐌉𐌄𐌔,mi alza ceriies,,400.0,400.0,1.000,clean,d21040e34243,1
CIE 2468,:mefana[t][n]ei,:mefana[t][n]ei,:𐌌𐌄𐌚𐌀𐌍𐌀[𐌕][𐌍]𐌄𐌉,,,,,0.000,clean,44dc904a5d3d,1
CIE 2469,lθ: milnate | tuśnu,lθ: milnate | tuśnu,𐌋𐌈: 𐌌𐌉𐌋𐌍𐌀𐌕𐌄 | 𐌕𐌖𐌑𐌍𐌖,lθ milnate tuśnu,,,,1.000,clean,26e1a3c12e42,1
CIE 2470,:larθi: minati : curθutes:,:larθi: minati : curθutes:,:𐌋𐌀𐌓𐌈𐌉: 𐌌𐌉𐌍𐌀𐌕𐌉 : 𐌂𐌖𐌓𐌈𐌖𐌕𐌄𐌔:,larθi minati curθutes,,,,1.000,clean,a909fc2d4566,1
CIE 2318,AqvTVIAOIN:OqAJ,AqvTVIAOIN:OqAJ,,,,,,0.000,needs_review,90db651c475c,1
CIE 2471,hastia : miniaś : vetesa,hastia : miniaś : vetesa,𐌇𐌀𐌔𐌕𐌉𐌀 : 𐌌𐌉𐌍𐌉𐌀𐌑 : 𐌅𐌄𐌕𐌄𐌔𐌀,hastia miniaś vetesa,,,,1.000,clean,69f7727c9e05,1
CIE 3254,ERAIMAJ.OA,ERAIMAJ.OA,,,,,,0.000,needs_review,91e8e668839f,1
ETP 134,artes ta,artes ta,𐌀𐌓𐌕𐌄𐌔 𐌕𐌀,artes ta,,400.0,400.0,1.000,clean,63f77776d382,1
ETP 139,arnθ [---]runa : fulu,arnθ [---]runa fulu,𐌀𐌓𐌍𐌈 [---]𐌓𐌖𐌍𐌀 𐌚𐌖𐌋𐌖,arnθ fulu,,,,0.667,clean,fa01dc570e02,1
ETP 140,θ : cae [:] umr[an]al,θ cae [ ] umr[an]al,𐌈 𐌂𐌀𐌄 [ ] 𐌖𐌌𐌓[𐌀𐌍]𐌀𐌋,θ cae,,,,0.400,clean,9b9d71d318dc,1
ETP 149,[f]aσti : cainei : c[vacat]aulias : rufe,[f]aσti cainei c[vacat]aulias rufe,[𐌚]𐌀𐌑𐌕𐌉 𐌂𐌀𐌉𐌍𐌄𐌉 𐌂[𐌅𐌀𐌂𐌀𐌕]𐌀𐌖𐌋𐌉𐌀𐌔 𐌓𐌖𐌚𐌄,cainei rufe,,,,0.500,clean,2dc2f0c7b055,1
ETP 150,tite θve[8-10 letters],tite θve[8-10 letters],,,,450.0,400.0,0.000,ocr_failed,cd91ced5b9cb,1
ETP 151,σcurnai [ • se]θ[ra---] psa • a[---]xe • a[---],σcurnai [ • se]θ[ra---] psa • a[---]xe • a[---],𐌑𐌂𐌖𐌓𐌍𐌀𐌉 [ • 𐌔𐌄]𐌈[𐌓𐌀---] 𐌐𐌔𐌀 • 𐌀[---]𐌗𐌄 • 𐌀[---],σcurnai psa,,200.0,175.0,0.333,clean,553210c3bd64,1
ETP 152,vka,vka,𐌅𐌊𐌀,vka,,700.0,600.0,1.000,clean,46aa32dc9dcf,1
CIE 2486,JA.V+VMI JAHGA,lθ·mutu·vl|cnevnal,𐌋𐌈·𐌌𐌖𐌕𐌖·𐌅𐌋|𐌂𐌍𐌄𐌅𐌍𐌀𐌋,lθ mutu vl cnevnal,,,,1.000,clean,44a8e6e10862,1
ETP 153,[---]utruhx[---],[---]utruhx[---],[---]𐌖𐌕𐌓𐌖𐌇𐌗[---],,,,,0.000,clean,af58f43387d6,1
ETP 154,[---] papeσa,[---] papeσa,[---] 𐌐𐌀𐌐𐌄𐌑𐌀,papeσa,,525.0,500.0,0.500,clean,df352d5be485,1
ETP 155,mine{i} uvi[e tu]ru[ce] xxx vesricenals,mine{i} uvi[e tu]ru[ce] xxx vesricenals,𐌌𐌉𐌍𐌄{𐌉} 𐌖𐌅𐌉[𐌄 𐌕𐌖]𐌓𐌖[𐌂𐌄] 𐌗𐌗𐌗 𐌅𐌄𐌔𐌓𐌉𐌂𐌄𐌍𐌀𐌋𐌔,xxx vesricenals,,525.0,500.0,0.400,clean,01b45bf73d2f,1
ETP 156,pav,pav,𐌐𐌀𐌅,pav,,350.0,300.0,1.000,clean,4de1d75fe0c8,1
ETP 157,fulu,fulu,𐌚𐌖𐌋𐌖,fulu,,350.0,300.0,1.000,clean,0fb8e33a0e88,1
ETP 158,mi laθialus,mi laθialus,𐌌𐌉 𐌋𐌀𐌈𐌉𐌀𐌋𐌖𐌔,mi laθialus,,320.0,300.0,1.000,clean,8ecf5f1f309b,1
ETP 159,[---]mvχza,[---]mvχza,[---]𐌌𐌅𐌙𐌆𐌀,,,250.0,200.0,0.000,clean,c61b561537d6,1
ETP 168,han,han,𐌇𐌀𐌍,han,,,,1.000,clean,c10688a28512,1
ETP 169,[---]rati[---],[---]rati[---],[---]𐌓𐌀𐌕𐌉[---],,,,,0.000,clean,44f4a257b826,1
ETP 191,turuns,turuns,𐌕𐌖𐌓𐌖𐌍𐌔,turuns,,480.0,480.0,1.000,clean,a5ea45871747,1
ETP 170,m • clevsinas • a • c,m • clevsinas • a • c,𐌌 • 𐌂𐌋𐌄𐌅𐌔𐌉𐌍𐌀𐌔 • 𐌀 • 𐌂,m clevsinas a c,,500.0,480.0,1.000,clean,89351d63f24d,1
ETP 171,θanaχti,θanaχti,𐌈𐌀𐌍𐌀𐌙𐌕𐌉,θanaχti,,300.0,280.0,1.000,clean,82af3477cdfe,2
ETP 172,puzra,puzra,𐌐𐌖𐌆𐌓𐌀,puzra,,520.0,475.0,1.000,clean,4e5a559d0b97,1
ETP 173,mi : σuris : ca[---],mi σuris ca[---],𐌌𐌉 𐌑𐌖𐌓𐌉𐌔 𐌂𐌀[---],mi σuris,,500.0,450.0,0.667,clean,da5df81b119b,1
ETP 174,[a]vlex[---],[a]vlex[---],[𐌀]𐌅𐌋𐌄𐌗[---],,,425.0,400.0,0.000,clean,b68c3fd689a4,1
ETP 175,perknas,perknas,𐌐𐌄𐌓𐌊𐌍𐌀𐌔,perknas,,300.0,300.0,1.000,clean,994f49b802b9,1
ETP 176,mu[---],mu[---],𐌌𐌖[---],,,350.0,300.0,0.000,clean,19503ea6785e,1
CIE 2589,𐌅𐌄:𐌐𐌋𐌀𐌖𐌔𐌉𐌀 𐌕𐌉𐌕𐌉𐌀𐌋|𐌍𐌖𐌓𐌆𐌉𐌍𐌉𐌀𐌔,ve:plausia titial|nurziniaś,𐌅𐌄:𐌐𐌋𐌀𐌖𐌔𐌉𐌀 𐌕𐌉𐌕𐌉𐌀𐌋|𐌍𐌖𐌓𐌆𐌉𐌍𐌉𐌀𐌑,ve plausia titial nurziniaś,,,,1.000,clean,6bccc34f55d1,1
ETP 177,cavinal,cavinal,𐌂𐌀𐌅𐌉𐌍𐌀𐌋,cavinal,,225.0,150.0,1.000,clean,7683ef2168a5,1
ETP 178,[---]arx[---],[---]arx[---],[---]𐌀𐌓𐌗[---],,,150.0,150.0,0.000,clean,d2ab04bd9cfb,1
ETP 179,[ m]i velθuru[s] aχus,[ m]i velθuru[s] aχus,[ 𐌌]𐌉 𐌅𐌄𐌋𐌈𐌖𐌓𐌖[𐌔] 𐌀𐌙𐌖𐌔,aχus,,500.0,450.0,0.250,clean,5c3c3c0d775b,1
ETP 186,leθaie mulvanice mi.ne vhulve.s.,leθaie mulvanice mi.ne vhulve.s.,𐌋𐌄𐌈𐌀𐌉𐌄 𐌌𐌖𐌋𐌅𐌀𐌍𐌉𐌂𐌄 𐌌𐌉.𐌍𐌄 𐌅𐌇𐌖𐌋𐌅𐌄.𐌔.,leθaie mulvanice mi.ne vhulve.s.,Lethaie Fulves gave me (as a gift).,600.0,550.0,1.000,clean,e318960ac9e3,1
ETP 187,[---]raices zav[---],[---]raices zav[---],[---]𐌓𐌀𐌉𐌂𐌄𐌔 𐌆𐌀𐌅[---],,,600.0,580.0,0.000,clean,c90cfd72e574,1
ETP 188,larθi  • larci : vetna[l],larθi • larci vetna[l],𐌋𐌀𐌓𐌈𐌉 • 𐌋𐌀𐌓𐌂𐌉 𐌅𐌄𐌕𐌍𐌀[𐌋],larθi larci,,175.0,100.0,0.667,clean,81beb7bab9b0,1
ETP 189,ecn : turce : laris : θefries : espial : atial : caθas,ecn turce laris θefries espial atial caθas,𐌄𐌂𐌍 𐌕𐌖𐌓𐌂𐌄 𐌋𐌀𐌓𐌉𐌔 𐌈𐌄𐌚𐌓𐌉𐌄𐌔 𐌄𐌔𐌐𐌉𐌀𐌋 𐌀𐌕𐌉𐌀𐌋 𐌂𐌀𐌈𐌀𐌔,ecn turce laris θefries espial atial caθas,"Laris Thefries dedicated this (bronze weight) to Espi, mother of Catha.",400.0,200.0,1.000,clean,5a29b7b6e284,1
ETP 190,laris raθmsnas turce,laris raθmsnas turce,𐌋𐌀𐌓𐌉𐌔 𐌓𐌀𐌈𐌌𐌔𐌍𐌀𐌔 𐌕𐌖𐌓𐌂𐌄,laris raθmsnas turce,,400.0,200.0,1.000,clean,b748aa04cf0b,1
ETP 192,cleusinas : laris : larisal : clan,cleusinas laris larisal clan,𐌂𐌋𐌄𐌖𐌔𐌉𐌍𐌀𐌔 𐌋𐌀𐌓𐌉𐌔 𐌋𐌀𐌓𐌉𐌔𐌀𐌋 𐌂𐌋𐌀𐌍,cleusinas laris larisal clan,"Laris Cleusinas, son of Laris.",275.0,250.0,1.000,clean,dc601323f5e7,1
ETP 193,laris ecnatie,laris ecnatie,𐌋𐌀𐌓𐌉𐌔 𐌄𐌂𐌍𐌀𐌕𐌉𐌄,laris ecnatie,,350.0,250.0,1.000,clean,877c085d8e68,1
ETP 194,faσti • vetrui s[ . . ]x[ . ]x[ . ]a,faσti • vetrui s[ . . ]x[ . ]x[ . ]a,𐌚𐌀𐌑𐌕𐌉 • 𐌅𐌄𐌕𐌓𐌖𐌉 𐌔[ . . ]𐌗[ . ]𐌗[ . ]𐌀,faσti vetrui . . . .,,200.0,100.0,0.600,clean,a4380c3cbf1d,1
CIE 2504,a. IANAAO EVI2IA1 IH Iana|paisielti|ne b. ATAIAO IVVVII Iana paisileti,a. IANAAO EVI2IA1 IH Iana|paisielti|ne b. ATAIAO IVVVII Iana paisileti,,,,,,0.000,ocr_failed,4bef9b837233,1
CIE 2505,vel:pa[n]ia[e [ar]enal,vel:pa[n]ia[e [ar]enal,𐌅𐌄𐌋:𐌐𐌀[𐌍]𐌉𐌀[𐌄 [𐌀𐌓]𐌄𐌍𐌀𐌋,vel,,,,0.333,clean,47bc482e7bdc,1
CIE 2506,IANIALA:VIVIA:O ia:papa:pupainal:,IANIALA:VIVIA:O ia:papa:pupainal:,,IANIALA VIVIA O ia papa pupainal,,,,1.000,clean,e419ac307288,1
CIE 2507,MA1A1:IA2I9AN:IAO Ian:larisal:papas,MA1A1:IA2I9AN:IAO Ian:larisal:papas,,,,,,0.000,ocr_failed,50376aba6bd4,1
CIE 2508,//PAPIRI.D.F. DOCIO //Papiri.D.f.|Docio,//PAPIRI.D.F. DOCIO //Papiri.D.f.|Docio,,//PAPIRI.D.F. DOCIO //Papiri.D.f. Docio,,,,1.000,clean,b516991364f6,1
ETP 195,ae vipie cultces,ae vipie cultces,𐌀𐌄 𐌅𐌉𐌐𐌉𐌄 𐌂𐌖𐌋𐌕𐌂𐌄𐌔,ae vipie cultces,Aule Vipie Cultces,300.0,300.0,1.000,clean,b16343038d72,1
ETP 196,[mi]ni venel paiθina[s mu]luvnice,[mi]ni venel paiθina[s mu]luvnice,[𐌌𐌉]𐌍𐌉 𐌅𐌄𐌍𐌄𐌋 𐌐𐌀𐌉𐌈𐌉𐌍𐌀[𐌔 𐌌𐌖]𐌋𐌖𐌅𐌍𐌉𐌂𐌄,venel,Venel Paithinas gave me (as a gift).,650.0,650.0,0.250,clean,3e95fc6455c0,1
ETP 197,mi larθia tarnas,mi larθia tarnas,𐌌𐌉 𐌋𐌀𐌓𐌈𐌉𐌀 𐌕𐌀𐌓𐌍𐌀𐌔,mi larθia tarnas,,650.0,625.0,1.000,clean,8e9825c42c2e,1
ETP 198,mi larθia tarinas,mi larθia tarinas,𐌌𐌉 𐌋𐌀𐌓𐌈𐌉𐌀 𐌕𐌀𐌓𐌉𐌍𐌀𐌔,mi larθia tarinas,,650.0,625.0,1.000,clean,0f8771a608cc,1
ETP 199,ve : ane : vezra : laurstia l,ve ane vezra laurstia l,𐌅𐌄 𐌀𐌍𐌄 𐌅𐌄𐌆𐌓𐌀 𐌋𐌀𐌖𐌓𐌔𐌕𐌉𐌀 𐌋,ve ane vezra laurstia l,,100.0,100.0,1.000,clean,4ec62334e2c9,1
ETP 203,luvcie[---],luvcie[---],𐌋𐌖𐌅𐌂𐌉𐌄[---],,,,,0.000,clean,3a3cff51fef8,1
ETP 204,ani,ani,𐌀𐌍𐌉,ani,,475.0,450.0,1.000,clean,33dcc1a09b95,1
ETP 205,aveles hanpnas,aveles hanpnas,𐌀𐌅𐌄𐌋𐌄𐌔 𐌇𐌀𐌍𐌐𐌍𐌀𐌔,aveles hanpnas,,400.0,400.0,1.000,clean,fd8ca9b56798,1
ETP 206,mi nanes,mi nanes,𐌌𐌉 𐌍𐌀𐌍𐌄𐌔,mi nanes,,600.0,550.0,1.000,clean,b4a95fbc62e2,1
1038,latinial,latinial,𐌋𐌀𐌕𐌉𐌍𐌉𐌀𐌋,latinial,mr-arnthcumeremr-larths,,,1.000,clean,836c589a0835,2
ETP 207,θana [p]ercnei salias,θana [p]ercnei salias,𐌈𐌀𐌍𐌀 [𐌐]𐌄𐌓𐌂𐌍𐌄𐌉 𐌔𐌀𐌋𐌉𐌀𐌔,θana salias,,,,0.667,clean,6ce43acf5bb1,1
ETP 208,mi larθus,mi larθus,𐌌𐌉 𐌋𐌀𐌓𐌈𐌖𐌔,mi larθus,,630.0,600.0,1.000,clean,adc52b27ee01,1
ETP 209,mi venelus σiθurnas,mi venelus σiθurnas,𐌌𐌉 𐌅𐌄𐌍𐌄𐌋𐌖𐌔 𐌑𐌉𐌈𐌖𐌓𐌍𐌀𐌔,mi venelus σiθurnas,I (am the askos) of Venel Shithurnas.,650.0,600.0,1.000,clean,98f83fbfe1aa,1
ETP 210,cap,cap,𐌂𐌀𐌐,cap,,500.0,470.0,1.000,clean,45e84635bc48,1
ETP 211,venel,venel,𐌅𐌄𐌍𐌄𐌋,venel,,500.0,450.0,1.000,clean,449e46fee6c1,1
ETP 212,atana,atana,𐌀𐌕𐌀𐌍𐌀,atana,,500.0,450.0,1.000,clean,7c7ed44222e5,1
ETP 213,[mi] aranθia lapanas,[mi] aranθia lapanas,[𐌌𐌉] 𐌀𐌓𐌀𐌍𐌈𐌉𐌀 𐌋𐌀𐌐𐌀𐌍𐌀𐌔,aranθia lapanas,I (am the tomb) of Aranth Lapanas.,600.0,500.0,0.667,clean,31ad6787f193,1
ETP 214,mi aveles metienas,mi aveles metienas,𐌌𐌉 𐌀𐌅𐌄𐌋𐌄𐌔 𐌌𐌄𐌕𐌉𐌄𐌍𐌀𐌔,mi aveles metienas,I (am the tomb) of Avele Metienas.,600.0,500.0,1.000,clean,83a5a6a626ac,1
ETP 215,mi urqenas,mi urqenas,𐌌𐌉 𐌖𐌓𐌒𐌄𐌍𐌀𐌔,mi urqenas,,600.0,550.0,1.000,clean,bcc90e094949,1
ETP 216,mi larza,mi larza,𐌌𐌉 𐌋𐌀𐌓𐌆𐌀,mi larza,,550.0,500.0,1.000,clean,f92408bca7c6,1
ETP 217,mi xx[---],mi xx[---],𐌌𐌉 𐌗𐌗[---],mi,,,,0.500,clean,7e86d5dc9d8d,1
ETP 218,[---]alix[---],[---]alix[---],[---]𐌀𐌋𐌉𐌗[---],,,,,0.000,clean,c5995dae8057,1
ETP 219,mi vi[---],mi vi[---],𐌌𐌉 𐌅𐌉[---],mi,,,,0.500,clean,fe90c02af591,1
ETP 223,mul,mul,𐌌𐌖𐌋,mul,,550.0,500.0,1.000,clean,29df0906e173,1
ETP 224,mi l[ . . . . . ]aruniθla,mi l[ . . . . . ]aruniθla,𐌌𐌉 𐌋[ . . . . . ]𐌀𐌓𐌖𐌍𐌉𐌈𐌋𐌀,mi . . . . .,,500.0,500.0,0.750,clean,890277a40c3d,1
ETP 225,ven,ven,𐌅𐌄𐌍,ven,,400.0,300.0,1.000,clean,f734ad4e8428,1
ETP 226,lθ  • carta • rusinal,lθ • carta • rusinal,𐌋𐌈 • 𐌂𐌀𐌓𐌕𐌀 • 𐌓𐌖𐌔𐌉𐌍𐌀𐌋,lθ carta rusinal,,,,1.000,clean,90f79df2e7f4,1
CIE 2524,AMNΘΞ:ΘA AMHΞMΞQ: að:peðna:remznal,AMNΘΞ:ΘA AMHΞMΞQ: a:pena:remznal,,AMNΘΞ ΘA AMHΞMΞQ a pena remznal,,,,1.000,clean,e85cb3c60641,1
CIE 2525,IMARΘAI:ANΞ:ΘA:MΘI:ΘQAI larð:peðna:seðrnal:larðal,IMARΘAI:ANΞ:ΘA:MΘI:ΘQAI lar:pena:sernal:laral,,IMARΘAI ANΞ ΘA MΘI ΘQAI lar pena sernal laral,,,,1.000,clean,cbde996c5e20,1
CIE 2526,AITMAAI:AH ΘΞI:QMI larð:peðna:plautial,AITMAAI:AH ΘΞI:QMI lar:pena:plautial,,AITMAAI AH ΘΞI QMI lar pena plautial,,,,1.000,clean,386be9b6c250,1
CIE 2590,𐌅𐌋:𐌐𐌋𐌀𐌖𐌔𐌀:𐌕𐌉𐌕𐌉𐌀𐌋:𐌍𐌖𐌓𐌆𐌉𐌍𐌉𐌀𐌔,vl:plausa:titial:nurziniaś,𐌅𐌋:𐌐𐌋𐌀𐌖𐌔𐌀:𐌕𐌉𐌕𐌉𐌀𐌋:𐌍𐌖𐌓𐌆𐌉𐌍𐌉𐌀𐌑,vl plausa titial nurziniaś,,,,1.000,clean,cb1e7b1b0114,1
ETP 227,lθ  • carta • lθ caunal,lθ • carta • lθ caunal,𐌋𐌈 • 𐌂𐌀𐌓𐌕𐌀 • 𐌋𐌈 𐌂𐌀𐌖𐌍𐌀𐌋,lθ carta lθ caunal,,,,1.000,clean,d0a14987ee14,1
ETP 228,θana . velθuria : uvial,θana . velθuria uvial,𐌈𐌀𐌍𐌀 . 𐌅𐌄𐌋𐌈𐌖𐌓𐌉𐌀 𐌖𐌅𐌉𐌀𐌋,θana . velθuria uvial,,,,1.000,clean,e33a6221c3cd,1
ETP 229,lθ : purni : lθ : petrual :,lθ purni lθ petrual,𐌋𐌈 𐌐𐌖𐌓𐌍𐌉 𐌋𐌈 𐌐𐌄𐌕𐌓𐌖𐌀𐌋,lθ purni lθ petrual,,200.0,100.0,1.000,clean,ab4d83a2ac23,1
ETP 230,θa : titi : parfilunia melutaσa,θa titi parfilunia melutaσa,𐌈𐌀 𐌕𐌉𐌕𐌉 𐌐𐌀𐌓𐌚𐌉𐌋𐌖𐌍𐌉𐌀 𐌌𐌄𐌋𐌖𐌕𐌀𐌑𐌀,θa titi parfilunia melutaσa,"Thana Titi Parfilunia, the (wife) of Meluta.",,,1.000,clean,121646b3c551,1
ETP 231,cae : seiante : au : tutnal,cae seiante au tutnal,𐌂𐌀𐌄 𐌔𐌄𐌉𐌀𐌍𐌕𐌄 𐌀𐌖 𐌕𐌖𐌕𐌍𐌀𐌋,cae seiante au tutnal,,,,1.000,clean,cd7bf5ab9e8f,1
ETP 232,larθ : laucane,larθ laucane,𐌋𐌀𐌓𐌈 𐌋𐌀𐌖𐌂𐌀𐌍𐌄,larθ laucane,,200.0,200.0,1.000,clean,7d0d4948682f,1
ETP 233,lθ : v [vacat] etis : herinial [:],lθ v [vacat] etis herinial [ ],𐌋𐌈 𐌅 [𐌅𐌀𐌂𐌀𐌕] 𐌄𐌕𐌉𐌔 𐌇𐌄𐌓𐌉𐌍𐌉𐌀𐌋 [ ],lθ v etis herinial,,,,0.571,clean,f91bff525011,1
ETP 234,vl • σ[eθ]ṛna • ce [vacat] lias,vl • σ[eθ]ṛna • ce [vacat] lias,𐌅𐌋 • 𐌑[𐌄𐌈]𐌓𐌍𐌀 • 𐌂𐌄 [𐌅𐌀𐌂𐌀𐌕] 𐌋𐌉𐌀𐌔,vl ce lias,,,,0.600,clean,b979763279ce,1
ETP 235,θana : cracia : seθrnaσa,θana cracia seθrnaσa,𐌈𐌀𐌍𐌀 𐌂𐌓𐌀𐌂𐌉𐌀 𐌔𐌄𐌈𐌓𐌍𐌀𐌑𐌀,θana cracia seθrnaσa,,,,1.000,clean,44e1072f9845,1
ETP 236,aθ : seθrna : cracias,aθ seθrna cracias,𐌀𐌈 𐌔𐌄𐌈𐌓𐌍𐌀 𐌂𐌓𐌀𐌂𐌉𐌀𐌔,aθ seθrna cracias,,,,1.000,clean,10eeaee55d21,1
ETP 237,aθ : σeθrna : clanti,aθ σeθrna clanti,𐌀𐌈 𐌑𐌄𐌈𐌓𐌍𐌀 𐌂𐌋𐌀𐌍𐌕𐌉,aθ σeθrna clanti,,,,1.000,clean,44589341a029,1
ETP 238,ecn turce : pivi patrus : unial huinθnaias,ecn turce pivi patrus unial huinθnaias,𐌄𐌂𐌍 𐌕𐌖𐌓𐌂𐌄 𐌐𐌉𐌅𐌉 𐌐𐌀𐌕𐌓𐌖𐌔 𐌖𐌍𐌉𐌀𐌋 𐌇𐌖𐌉𐌍𐌈𐌍𐌀𐌉𐌀𐌔,ecn turce pivi patrus unial huinθnaias,Pivi Patrus dedicated this (statue) to Uni Huinthnaia.,300.0,250.0,1.000,clean,1a9146ac95b1,1
ETP 239,truφun • peθunus • v • lav lurmicla • turce • XXX • cver,truφun • peθunus • v • lav lurmicla • turce • xxx • cver,𐌕𐌓𐌖𐌘𐌖𐌍 • 𐌐𐌄𐌈𐌖𐌍𐌖𐌔 • 𐌅 • 𐌋𐌀𐌅 𐌋𐌖𐌓𐌌𐌉𐌂𐌋𐌀 • 𐌕𐌖𐌓𐌂𐌄 • 𐌗𐌗𐌗 • 𐌂𐌅𐌄𐌓,truφun peθunus v lav lurmicla turce xxx cver,"Truphun, freedman of Vel Pethunus, dedicated thirty (statues) to Lurmica as a votive offering (?).",300.0,300.0,1.000,clean,43f9bdaf5de3,1
ETP 242,[l]arθ petrus,[l]arθ petrus,[𐌋]𐌀𐌓𐌈 𐌐𐌄𐌕𐌓𐌖𐌔,petrus,,200.0,100.0,0.500,clean,eb6d4a698118,1
CIE 2591,Lari... Pla... Cei...,Lari... Pla... Cei...,,Lari... Pla... Cei...,,,,1.000,clean,51308fd51b98,1
ETP 243,numsi : larθi,numsi larθi,𐌍𐌖𐌌𐌔𐌉 𐌋𐌀𐌓𐌈𐌉,numsi larθi,,300.0,280.0,1.000,clean,24989d132aba,1
ETP 244,velfras • laris • ne,velfras • laris • ne,𐌅𐌄𐌋𐌚𐌓𐌀𐌔 • 𐌋𐌀𐌓𐌉𐌔 • 𐌍𐌄,velfras laris ne,,260.0,240.0,1.000,clean,5997ffffece6,1
ETP 245,[larθ]ia,[larθ]ia,[𐌋𐌀𐌓𐌈]𐌉𐌀,,,675.0,650.0,0.000,clean,e3daf9002da1,2
ETP 246,aanθ trutana,aanθ trutana,𐌀𐌀𐌍𐌈 𐌕𐌓𐌖𐌕𐌀𐌍𐌀,aanθ trutana,,600.0,550.0,1.000,clean,0cb2d96a660e,1
ETP 247,mi : σuris : cavaθas,mi σuris cavaθas,𐌌𐌉 𐌑𐌖𐌓𐌉𐌔 𐌂𐌀𐌅𐌀𐌈𐌀𐌔,mi σuris cavaθas,,500.0,450.0,1.000,clean,a5bb0f0c0c0f,1
ETP 248,: lu{v}cies,lu{v}cies,𐌋𐌖{𐌅}𐌂𐌉𐌄𐌔,,,500.0,480.0,0.000,clean,e8b30e5253e9,1
ETP 249,larzas maias,larzas maias,𐌋𐌀𐌓𐌆𐌀𐌔 𐌌𐌀𐌉𐌀𐌔,larzas maias,,500.0,475.0,1.000,clean,abc360882a7d,1
ETP 250,ause xxe,ause xxe,𐌀𐌖𐌔𐌄 𐌗𐌗𐌄,ause xxe,,500.0,475.0,1.000,clean,b07c7daea0ce,1
CIE 2544,M·PESCENNIVS M·F MESSIA NATVS VIXIT ANNIS XXI,M·PESCENNIVS M·F MESSIA NATVS VIXIT ANNIS XXI,,M PESCENNIVS M F MESSIA NATVS VIXIT ANNIS XXI,,,,1.000,clean,5b03356785d7,1
CIE 2545,𐌅𐌄𐌋𐌄𐌗𐌄𐌗 𐌀𐌐 𐌀𐌍𐌐𐌄𐌗𐌄𐌗,VELEXXEX AP ANPEXEX,,VELEXXEX AP ANPEXEX,,,,1.000,clean,6ef98a80a6d8,1
CIE 2546,L·PETILLIVS·L·F SATVRNIN,L·PETILLIVS·L·F SATVRNIN,,L PETILLIVS L F SATVRNIN,,,,1.000,clean,adcd180faf81,1
CIE 2547,L PETILLIVS·L·F ARN SATVRNNVS·,L PETILLIVS·L·F ARN SATVRNNVS·,,L PETILLIVS L F ARN SATVRNNVS,,,,1.000,clean,9def810044c6,1
CIE 2548,𐌐𐌄𐌕𐌉𐌍𐌀𐌕𐌄𐌗·𐌊𐌀𐌕𐌖𐌔𐌀,PETINATE·CATUSA,,PETINATE CATUSA,,,,1.000,clean,c5c2fada056b,1
ETP 251,mi menervas,mi menervas,𐌌𐌉 𐌌𐌄𐌍𐌄𐌓𐌅𐌀𐌔,mi menervas,I (was dedicated) to Menerva,500.0,450.0,1.000,clean,28bb691308aa,1
ETP 252,cne[i]ve mini[---],cne[i]ve mini[---],𐌂𐌍𐌄[𐌉]𐌅𐌄 𐌌𐌉𐌍𐌉[---],,,500.0,450.0,0.000,clean,71beb9127f5f,1
ETP 253,mi fuflunusra,mi fuflunusra,𐌌𐌉 𐌚𐌖𐌚𐌋𐌖𐌍𐌖𐌔𐌓𐌀,mi fuflunusra,I (am) ofFufluns.,480.0,470.0,1.000,clean,57ec1c9e7eff,1
ETP 254,itan tu[r]uke e[---],itan tu[r]uke e[---],𐌉𐌕𐌀𐌍 𐌕𐌖[𐌓]𐌖𐌊𐌄 𐌄[---],itan,,500.0,450.0,0.333,clean,6f5df72055f4,1
ETP 255,aθi[---],aθi[---],𐌀𐌈𐌉[---],,,500.0,450.0,0.000,clean,07b0835a32f0,1
ETP 256,[---]cavaθ[---],[---]cavaθ[---],[---]𐌂𐌀𐌅𐌀𐌈[---],,,500.0,400.0,0.000,clean,9596aeff21b0,1
ETP 257,[ mi ca]vaθas,[ mi ca]vaθas,[ 𐌌𐌉 𐌂𐌀]𐌅𐌀𐌈𐌀𐌔,mi,,500.0,400.0,0.333,clean,e37d03f6b5f4,1
ETP 258,cavaθ[as : ]eca,cavaθ[as ]eca,𐌂𐌀𐌅𐌀𐌈[𐌀𐌔 ]𐌄𐌂𐌀,,,500.0,400.0,0.000,clean,3710e5bd18db,1
ETP 259,[---cav]aθas [---],[---cav]aθas [---],[---𐌂𐌀𐌅]𐌀𐌈𐌀𐌔 [---],,,500.0,400.0,0.000,clean,2e13244ea9c7,1
ETP 264,lapse,lapse,𐌋𐌀𐌐𐌔𐌄,lapse,,300.0,300.0,1.000,clean,a9e6d0d784f5,2
ETP 265,lapse,lapse,𐌋𐌀𐌐𐌔𐌄,lapse,,300.0,300.0,1.000,clean,a9e6d0d784f5,2
ETP 266,[---]i menra ak[---],[---]i menra ak[---],[---]𐌉 𐌌𐌄𐌍𐌓𐌀 𐌀𐌊[---],menra,,500.0,500.0,0.333,clean,6db040655e2a,1
ETP 267,lanies,lanies,𐌋𐌀𐌍𐌉𐌄𐌔,lanies,,300.0,300.0,1.000,clean,66a71814ab7d,1
ETP 268,larθ eθrisna,larθ eθrisna,𐌋𐌀𐌓𐌈 𐌄𐌈𐌓𐌉𐌔𐌍𐌀,larθ eθrisna,,500.0,400.0,1.000,clean,6d90a2cd433b,1
ETP 269,mini muluvanice tetana ve.l.ka.s.na.s. veleliiasi,mini muluvanice tetana ve.l.ka.s.na.s. veleliiasi,𐌌𐌉𐌍𐌉 𐌌𐌖𐌋𐌖𐌅𐌀𐌍𐌉𐌂𐌄 𐌕𐌄𐌕𐌀𐌍𐌀 𐌅𐌄.𐌋.𐌊𐌀.𐌔.𐌍𐌀.𐌔. 𐌅𐌄𐌋𐌄𐌋𐌉𐌉𐌀𐌔𐌉,mini muluvanice tetana ve.l.ka.s.na.s. veleliiasi,Tetana Velkasnas gave me to Velellia.,625.0,600.0,1.000,clean,4cc08d509d99,1
ETP 270,mi venelus,mi venelus,𐌌𐌉 𐌅𐌄𐌍𐌄𐌋𐌖𐌔,mi venelus,,,,1.000,clean,ea1130ec75d8,1
ETP 271,mi mutilates,mi mutilates,𐌌𐌉 𐌌𐌖𐌕𐌉𐌋𐌀𐌕𐌄𐌔,mi mutilates,,500.0,500.0,1.000,clean,91dc93eb7c46,1
ETP 272,θenus,θenus,𐌈𐌄𐌍𐌖𐌔,θenus,,,,1.000,clean,21a15b923002,3
ETP 273,mi tarnaial,mi tarnaial,𐌌𐌉 𐌕𐌀𐌓𐌍𐌀𐌉𐌀𐌋,mi tarnaial,,,,1.000,clean,c88875ce1699,1
ETP 274,laris : almni : larθ[al],laris almni larθ[al],𐌋𐌀𐌓𐌉𐌔 𐌀𐌋𐌌𐌍𐌉 𐌋𐌀𐌓𐌈[𐌀𐌋],laris almni,,200.0,0.0,0.667,clean,7c6744b5c48d,1
ETP 275,vel • cae •,vel • cae •,𐌅𐌄𐌋 • 𐌂𐌀𐌄 •,vel cae,,,,1.000,clean,1fc75f33772b,1
ETP 276,f [ . ]a[ . ]nei : tut[vacat]nali[iσa],f [ . ]a[ . ]nei tut[vacat]nali[iσa],𐌚 [ . ]𐌀[ . ]𐌍𐌄𐌉 𐌕𐌖𐌕[𐌅𐌀𐌂𐌀𐌕]𐌍𐌀𐌋𐌉[𐌉𐌑𐌀],f . .,,,,0.429,clean,3cee478f21c1,1
CIE 2748,HAHIM32.H2A8,fasti sentinati.,𐌚𐌀𐌔𐌕𐌉 𐌔𐌄𐌍𐌕𐌉𐌍𐌀𐌕𐌉.,fasti sentinati.,,,,1.000,clean,2fb660809228,1
ETP 277,larθi : vi[p]inei : tutn[a]σa,larθi vi[p]inei tutn[a]σa,𐌋𐌀𐌓𐌈𐌉 𐌅𐌉[𐌐]𐌉𐌍𐌄𐌉 𐌕𐌖𐌕𐌍[𐌀]𐌑𐌀,larθi,,,,0.333,clean,3b0ff5c2cee9,1
ETP 278,θana [---],θana [---],𐌈𐌀𐌍𐌀 [---],θana,,,,0.500,clean,a094f7fd3c3a,4
ETP 282,a c e v z h,a c e v z h,𐌀 𐌂 𐌄 𐌅 𐌆 𐌇,a c e v z h,,500.0,500.0,1.000,clean,af6305844c57,1
ETP 283,a e v z h θ,a e v z h θ,𐌀 𐌄 𐌅 𐌆 𐌇 𐌈,a e v z h θ,,500.0,500.0,1.000,clean,43b15d654183,1
ETP 284,mini muluvunike pisna perkena,mini muluvunike pisna perkena,𐌌𐌉𐌍𐌉 𐌌𐌖𐌋𐌖𐌅𐌖𐌍𐌉𐌊𐌄 𐌐𐌉𐌔𐌍𐌀 𐌐𐌄𐌓𐌊𐌄𐌍𐌀,mini muluvunike pisna perkena,Pisna Perkena gave me (as a gift).,600.0,600.0,1.000,clean,944a5fe813d7,1
CIE 2576,ANVA VDNAJθ aule[p]lancufre,ANVA VDNAJθ aule[p]lancufre,,,,,,0.000,needs_review,f368c42f1083,1
CIE 2577,θDVHMANVθIθIθVA aule petr plancure,θDVHMANVθIθIθVA aule petr plancure,,θDVHMANVθIθIθVA aule petr plancure,,,,1.000,clean,15703e3d493e,1
CIE 2587,𐌋𐌀𐌓𐌈𐌉:𐌐𐌋𐌀𐌔𐌂𐌍𐌄𐌉:𐌋𐌀𐌓𐌂𐌉𐌀𐌋:,larθi:plascnei:larcial:,𐌋𐌀𐌓𐌈𐌉:𐌐𐌋𐌀𐌔𐌂𐌍𐌄𐌉:𐌋𐌀𐌓𐌂𐌉𐌀𐌋:,larθi plascnei larcial,,,,1.000,clean,894e0dc4bd94,1
CIE 2588,𐌋𐌀𐌓𐌈𐌉𐌀:𐌐𐌋𐌀𐌔𐌂𐌍𐌄𐌉:𐌋𐌄𐌕𐌀𐌓𐌉𐌍𐌀𐌋,larθia:plascnei:letarinal,𐌋𐌀𐌓𐌈𐌉𐌀:𐌐𐌋𐌀𐌔𐌂𐌍𐌄𐌉:𐌋𐌄𐌕𐌀𐌓𐌉𐌍𐌀𐌋,larθia plascnei letarinal,,,,1.000,clean,98c72946fe1c,1
ETP 285,ein θui ara enan,ein θui ara enan,𐌄𐌉𐌍 𐌈𐌖𐌉 𐌀𐌓𐌀 𐌄𐌍𐌀𐌍,ein θui ara enan,(One) shall not make anything here.,500.0,450.0,1.000,clean,a8b8ef0972bf,1
ETP 286,luθcval canθiσa l,luθcval canθiσa l,𐌋𐌖𐌈𐌂𐌅𐌀𐌋 𐌂𐌀𐌍𐌈𐌉𐌑𐌀 𐌋,luθcval canθiσa l,(boundary) of the sacred areas (?) of the canthish,200.0,150.0,1.000,clean,818ffda43912,1
ETP 287,σ : cemnil : v,σ cemnil v,𐌑 𐌂𐌄𐌌𐌍𐌉𐌋 𐌅,σ cemnil v,"Shethras Cemni, (daughter) of Vel.",200.0,100.0,1.000,clean,bf388c784197,1
ETP 288,s [ . . ]vus,s [ . . ]vus,𐌔 [ . . ]𐌅𐌖𐌔,s . .,,,,0.600,clean,7e2cbcc83e66,1
ETP 289,mi hvlaves : spati,mi hvlaves spati,𐌌𐌉 𐌇𐌅𐌋𐌀𐌅𐌄𐌔 𐌔𐌐𐌀𐌕𐌉,mi hvlaves spati,I (am) the plate of Flave.,700.0,670.0,1.000,clean,f1a468e14157,1
ETP 290,[mi r]amuθas,[mi r]amuθas,[𐌌𐌉 𐌓]𐌀𐌌𐌖𐌈𐌀𐌔,,,650.0,650.0,0.000,clean,720acf98873f,2
ETP 291,pe,pe,𐌐𐌄,pe,,500.0,500.0,1.000,clean,cdf69b25a417,1
ETP 292,mi klutias,mi klutias,𐌌𐌉 𐌊𐌋𐌖𐌕𐌉𐌀𐌔,mi klutias,,480.0,480.0,1.000,clean,4992368ad042,1
ETP 293,χeχe[n]ar,χeχe[n]ar,𐌙𐌄𐌙𐌄[𐌍]𐌀𐌓,,,480.0,470.0,0.000,clean,5dd11a9559b0,1
ETP 294,σuθina,σuθina,𐌑𐌖𐌈𐌉𐌍𐌀,σuθina,,400.0,380.0,1.000,clean,7d831f09ff88,4
ETP 295,mi aranθial,mi aranθial,𐌌𐌉 𐌀𐌓𐌀𐌍𐌈𐌉𐌀𐌋,mi aranθial,,550.0,525.0,1.000,clean,31f17dab8429,1
ETP 296,[---]xeai,[---]xeai,[---]𐌗𐌄𐌀𐌉,,,625.0,550.0,0.000,clean,7ecdfc0b5d9e,1
ETP 301,xx [vacat] a[---] ax : pet[vacat]runial,xx [vacat] a[---] ax pet[vacat]runial,𐌗𐌗 [𐌅𐌀𐌂𐌀𐌕] 𐌀[---] 𐌀𐌗 𐌐𐌄𐌕[𐌅𐌀𐌂𐌀𐌕]𐌓𐌖𐌍𐌉𐌀𐌋,xx ax,,150.0,100.0,0.400,clean,5f75a5ccafa0,1
ETP 302,[---]x cluetieṣ [---],[---]x cluetieṣ [---],[---]𐌗 𐌂𐌋𐌖𐌄𐌕𐌉𐌄𐌔 [---],cluetieṣ,,300.0,200.0,0.333,clean,8887011a4241,1
ETP 303,mi mulu araθiale θanaχvilus prasanaia,mi mulu araθiale θanaχvilus prasanaia,𐌌𐌉 𐌌𐌖𐌋𐌖 𐌀𐌓𐌀𐌈𐌉𐌀𐌋𐌄 𐌈𐌀𐌍𐌀𐌙𐌅𐌉𐌋𐌖𐌔 𐌐𐌓𐌀𐌔𐌀𐌍𐌀𐌉𐌀,mi mulu araθiale θanaχvilus prasanaia,I (was) given by Aranth to Thankhvil Prasanai,630.0,630.0,1.000,clean,3e488f4054d5,1
ETP 305,[---]iana ram[θa---],[---]iana ram[θa---],[---]𐌉𐌀𐌍𐌀 𐌓𐌀𐌌[𐌈𐌀---],,,,,0.000,clean,23c2af512d35,1
ETP 306,mi fastial vestrknal,mi fastial vestrknal,𐌌𐌉 𐌚𐌀𐌔𐌕𐌉𐌀𐌋 𐌅𐌄𐌔𐌕𐌓𐌊𐌍𐌀𐌋,mi fastial vestrknal,,400.0,300.0,1.000,clean,1f2af407d8c1,1
ETP 307,rau ur : ve,rau ur ve,𐌓𐌀𐌖 𐌖𐌓 𐌅𐌄,rau ur ve,,200.0,150.0,1.000,clean,ce44717aaaf0,1
CIE 2604,:HΣΘE9I:IOΘAИ,:HΣΘE9I:IOΘAn,,,,,,0.000,ocr_failed,d63151ec0582,1
CIE 2622,°21931:AN8JV1A9° °JAN1H9A -JAN1H9A | 21931:AN8JV1-V1,21931:AN8JV1A9 JAN1H9A -JAN1H9A | 21931:AN8JV1-V1,,,,,,0.000,ocr_failed,92dead5076f7,1
15077,------ar,------ar,------𐌀𐌓,,,,,0.000,clean,ab5b62081b1d,4
CIE 2623,JAV1MV1°219A1AN8JV1°OJ,JAV1MV1219A1AN8JV1OJ,,,,,,0.000,ocr_failed,71d4be5be5db,1
CIE 2624,V1H:2V1H:O1!,V1H:2V1H:O1!,,,,,,0.000,ocr_failed,e5893b3ee6ed,1
CIE 2255,[IMIEI·I]MAO ANAO,[IMIEI·I]MAO ANAO,,ANAO,,,,0.333,clean,f1abeb19d6ec,1
CIE 2635,IMVIV.I IHTVAL MIKIANA MVEQL l.pupuni|lautni|anainis|verus,IMVIV.I IHTVAL MIKIANA MVEQL l.pupuni|lautni|anainis|verus,,IMVIV.I IHTVAL MIKIANA MVEQL l.pupuni lautni anainis verus,,,,1.000,clean,a2d12111944f,1
CIE 2636,VIILIZA POMPON. Veliza Pompon[ia],VIILIZA POMPON. Veliza Pompon[ia],,VIILIZA POMPON. Veliza,,,,0.750,clean,72e6b91ce654,1
CIE 3065,vi·xivi·piuθial,vi·xivi·piuθial,𐌅𐌉·𐌗𐌉𐌅𐌉·𐌐𐌉𐌖𐌈𐌉𐌀𐌋,vi xivi piuθial,,,,1.000,clean,75143ecfcbbb,1
CIE 2750,SENTIA.L.L.PERSIS,Sentia.L.L.Persis,,Sentia.L.L.Persis,,,,1.000,clean,ae8334ab95cf,1
CIE 2751,JANIJ3JVM:VJDA:37,vel.acitu.muflev.final,𐌅𐌄𐌋.𐌀𐌂𐌉𐌕𐌖.𐌌𐌖𐌚𐌋𐌄𐌅.𐌚𐌉𐌍𐌀𐌋,vel.acitu.muflev.final,,,,1.000,clean,701e3697335f,1
CIE 2676,MAIMNV:OR:ANΘM:ΘI,MAIMNV:OR:ANΘM:ΘI,,MAIMNV OR ANΘM ΘI,,,,1.000,clean,4db17fdcb468,2
CIE 2677,MAIMNV:OR:ANΘM:ΘI,MAIMNV:OR:ANΘM:ΘI,,MAIMNV OR ANΘM ΘI,,,,1.000,clean,4db17fdcb468,2
CIE 2678,AZLANZ:AIMMVD,AZLANZ:AIMMVD,,AZLANZ AIMMVD,,,,1.000,clean,1a4508c66f0d,1
1039,tetinal,tetinal,𐌕𐌄𐌕𐌉𐌍𐌀𐌋,tetinal,,,,1.000,clean,6ca5e44b9b79,1
10390,vinun,vinun,𐌅𐌉𐌍𐌖𐌍,vinun,,,,1.000,clean,8a9f7e41959a,1
CIE 2694,rusci·calisus | lautni,rusci·calisus | lautni,𐌓𐌖𐌔𐌂𐌉·𐌂𐌀𐌋𐌉𐌔𐌖𐌔 | 𐌋𐌀𐌖𐌕𐌍𐌉,rusci calisus lautni,,,,1.000,clean,bea06707bb06,1
CIE 2695,vel lav....|rusina...,vel lav....|rusina...,𐌅𐌄𐌋 𐌋𐌀𐌅....|𐌓𐌖𐌔𐌉𐌍𐌀...,vel lav.... rusina...,,,,1.000,clean,8be5284f2188,1
CIE 2711,hasti | śalin:ei | pυlpa:inei,hasti | śalin:ei | pulpa:inei,𐌇𐌀𐌔𐌕𐌉 | 𐌑𐌀𐌋𐌉𐌍:𐌄𐌉 | 𐌐𐌖𐌋𐌐𐌀:𐌉𐌍𐌄𐌉,hasti śalin ei pulpa inei,,,,1.000,clean,1b1e411fb8a9,1
CIE 2712,SABINIANI Sabiniani,SABINIANI Sabiniani,,SABINIANI Sabiniani,,,,1.000,clean,fba450bea1d7,1
CIE 2713,V·VA·V1A2·JE3 vel sapu·au·l,V·VA·V1A2·JE3 vel sapu·au·l,,,,,,0.000,ocr_failed,94cadb4c44cb,1
CIE 2714,Pana : satnei : uelus : uipis :,Pana : satnei : uelus : uipis :,,Pana satnei uelus uipis,,,,1.000,clean,e9656071b942,1
CIE 2715,larθi : satnei : carnasa :,larθi : satnei : carnasa :,𐌋𐌀𐌓𐌈𐌉 : 𐌔𐌀𐌕𐌍𐌄𐌉 : 𐌂𐌀𐌓𐌍𐌀𐌔𐌀 :,larθi satnei carnasa,,,,1.000,clean,e26a3b13ceea,1
CIE 2716,Pana · scalutia,Pana · scalutia,,Pana scalutia,,,,1.000,clean,aece53fff821,1
CIE 3255,AIMIRAJ:EINAR,AIMIRAJ:EINAR,,,,,,0.000,needs_review,aa1f40da8dba,1
10393,a(rn)th,a(rn)θ,𐌀(𐌓𐌍)𐌈,,mr-arnth,,,0.000,clean,c80f3b04a01a,10
CIE 2730,fasti:seDrnei:ucrislanes|a:,fasti:seDrnei:ucrislanes|a:,𐌚𐌀𐌔𐌕𐌉:𐌔𐌄𐌃𐌓𐌍𐌄𐌉:𐌖𐌂𐌓𐌉𐌔𐌋𐌀𐌍𐌄𐌔|𐌀:,fasti seDrnei ucrislanes a,,,,1.000,clean,4c921099c396,1
CIE 2731,seDrnei:afunas,seDrnei:afunas,𐌔𐌄𐌃𐌓𐌍𐌄𐌉:𐌀𐌚𐌖𐌍𐌀𐌔,seDrnei afunas,,,,1.000,clean,b37dc435358c,1
CIE 2733,Hastia:Sethrnei Vibinnal,Hastia:Sethrnei Vibinnal,,Hastia Sethrnei Vibinnal,,,,1.000,clean,cc9fa7c2e61a,2
11180,nethunus,neθunus,𐌍𐌄𐌈𐌖𐌍𐌖𐌔,neθunus,,,,1.000,clean,0d377ebed728,2
CIE 2749,LHA3B,senti,𐌔𐌄𐌍𐌕𐌉,senti,,,,1.000,clean,e8ecfbffc6eb,1
CIE 2784,𐌕𐌉𐌔𐌒𐌖𐌔𐌍𐌄,tiscusne,𐌕𐌉𐌔𐌂𐌖𐌔𐌍𐌄,tiscusne,,,,1.000,clean,d575dc75e5d8,1
10399,nethun(u)s,neθun(u)s,𐌍𐌄𐌈𐌖𐌍(𐌖)𐌔,,,,,0.000,clean,0d377ebed728,2
CIE 2774,ΘMAIΘA:Z:JAVΘIΘ,ΘMAIΘA:Z:JAVΘIΘ,,,,,,0.000,needs_review,05d50976b707,1
CIE 2775,IΘI:MΘV:ΘIΘ:Z:ΘIΘ:IΘ,IΘI:MΘV:ΘIΘ:Z:ΘIΘ:IΘ,𐌉𐌈𐌉:𐌌𐌈𐌅:𐌈𐌉𐌈:𐌆:𐌈𐌉𐌈:𐌉𐌈,IΘI MΘV ΘIΘ Z ΘIΘ IΘ,,,,1.000,clean,413876905d99,1
10403,cu(runas),cu(runas),𐌂𐌖(𐌓𐌖𐌍𐌀𐌔),,,,,0.000,clean,b3a23454a0b6,2
CIE 2792,:13N732:109,:13N732:109,,,,,,0.000,ocr_failed,267c23e7f8d3,1
CIE 2793,SELIA.L.F.,SELIA.L.F.,,SELIA.L.F.,,,,1.000,clean,a48e8bf3ec53,1
CIE 2794,*AINVHN32:AMAO A2AMO32,*AINVHN32:AMAO A2AMO32,,,,,,0.000,ocr_failed,0c1fb1f6beb0,1
CIE 2795,3M32 37,3M32 37,,,,,,0.000,ocr_failed,4ac11ed1f309,1
CIE 3145,MVH1V1:IHAMR ...nani:punpuq[l],MVH1V1:IHAMR ...nani:punpuq[l],,,,,,0.000,ocr_failed,c308d9b7ce3f,1
CIE 2810,𐌈:𐌖𐌊𐌉𐌈:𐌖,f:sticu:h///,𐌚:𐌔𐌕𐌉𐌂𐌖:𐌇///,f sticu h///,,,,1.000,clean,f9bf25c7e185,1
CIE 2812,MAIHVM:AfRśA,MAIHVM:AfRśA,,MAIHVM AfRśA,,,,1.000,clean,ecd6f937c3d3,3
CIE 2925,AƧƎITƎIT·HH·ƎƎI·AIIƎƎ,AseITeIT·HH·eeI·AIIee,,AseITeIT HH eeI AIIee,,,,1.000,clean,7fcef92ce28f,1
CIE 2828,𐌋𐌀𐌓𐌈 : 𐌕𐌄𐌈𐌓𐌉𐌔𐌀𐌋,larθ : teθrisal,𐌋𐌀𐌓𐌈 : 𐌕𐌄𐌈𐌓𐌉𐌔𐌀𐌋,larθ teθrisal,,,,1.000,clean,1accd310c7eb,1
CIE 2829,𐌀𐌈:𐌋𐌀𐌍𐌖:𐌀𐌍𐌉𐌇𐌄𐌕:𐌀𐌈,aθ:tetina:hlial:aθ,𐌀𐌈:𐌕𐌄𐌕𐌉𐌍𐌀:𐌇𐌋𐌉𐌀𐌋:𐌀𐌈,aθ tetina hlial aθ,,,,1.000,clean,6a221fc06be2,1
CIE 2830,𐌋𐌀𐌍𐌖:𐌀𐌍𐌉𐌇𐌄𐌕:𐌀𐌈,aθ:tetina:helial,𐌀𐌈:𐌕𐌄𐌕𐌉𐌍𐌀:𐌇𐌄𐌋𐌉𐌀𐌋,aθ tetina helial,,,,1.000,clean,573e76deb76c,1
CIE 2861,𐌀𐌓𐌈𐌉:𐌈𐌉𐌈𐌉:𐌀𐌓𐌉𐌔𐌀,ARθI:θIθI:ARISA,,ARθI θIθI ARISA,,,,1.000,clean,116a4e05e397,1
CIE 2846,LAPOI:TЭT NЯI:MAИ:O.F A+ЭSA,larθi:tetinei:manθatesa,𐌋𐌀𐌓𐌈𐌉:𐌕𐌄𐌕𐌉𐌍𐌄𐌉:𐌌𐌀𐌍𐌈𐌀𐌕𐌄𐌔𐌀,larθi tetinei manθatesa,,,,1.000,clean,d05b904ca74b,1
CIE 2847,A𐌋VCIƆ ЭЭM.𐌋I.IЭNI+ЭT.Я𐌋A8,fasti·tetinei·ps·sec | cicusa,𐌚𐌀𐌔𐌕𐌉·𐌕𐌄𐌕𐌉𐌍𐌄𐌉·𐌐𐌔·𐌔𐌄𐌂 | 𐌂𐌉𐌂𐌖𐌔𐌀,fasti tetinei ps sec cicusa,,,,1.000,clean,ca102d480da9,1
CIE 2848,MƎJƎJƎA O.L.I.M.V.M.I.I.I.O,MeJeJeA O.L.I.M.V.M.I.I.I.O,,,,,,0.000,needs_review,fc1378215b67,1
CIE 2849,𐌕𐌄𐌕𐌍,tetn,𐌕𐌄𐌕𐌍,tetn,,,,1.000,clean,cddc0bacf1ee,1
CIE 2886,𐌅𐌄𐌃𐌉𐌍𐌀:𐌅𐌀 𐌔𐌀𐌗𐌏𐌗𐌕,VEDINA:VA SAXO9T,,,,,,0.000,ocr_failed,745df9f9c6a9,1
CIE 2926,ƎITIT·VƎANVƧVVH,eITIT·VeANVsVVH,,eITIT VeANVsVVH,,,,1.000,clean,ab33d709b486,1
CIE 2864,𐌈𐌀𐌌𐌉𐌋𐌀:𐌈𐌉𐌕𐌉:𐌈𐌉𐌈𐌉:𐌈𐌉𐌈𐌉𐌕𐌖𐌀:𐌌𐌀𐌉:𐌅𐌈𐌉,θAMILA:θITI:θIθI:θIθI TVA:MAI:VθI,,θAMILA θITI θIθI θIθI TVA MAI VθI,,,,1.000,clean,f037f66e7f36,1
CIE 3026,larθia:unatnei,larθia:unatnei,𐌋𐌀𐌓𐌈𐌉𐌀:𐌖𐌍𐌀𐌕𐌍𐌄𐌉,larθia unatnei,,,,1.000,clean,20ce1bd4b777,1
CIE 2865,𐌀𐌈𐌀𐌌𐌈𐌉:𐌈𐌉:𐌋𐌈𐌉,AθAMθI:θI:LθI,,AθAMθI θI LθI,,,,1.000,clean,8ff798ec5e81,1
15079,kalsus,kalsus,𐌊𐌀𐌋𐌔𐌖𐌔,kalsus,,,,1.000,clean,b73a7a36e5d4,1
CIE 2882,𐌕𐌉𐌕𐌉𐌀 𐌕𐌇𐌀𐌍𐌀𐌄𐌅,TITIA THANAEF,,TITIA THANAEF,,,,1.000,clean,b147af52ea9f,1
CIE 2883,9TH OI XH2I2I3I VI:8I,9TH OI XH2I2I3I VI:8I,,,,,,0.000,ocr_failed,ac989359bdc3,1
CIE 2884,𐌉𐌕𐌉 𐌌𐌀𐌉,ITI MAI,,ITI MAI,,,,1.000,clean,7937bdc52956,1
CIE 2885,𐌅𐌀𐌌𐌉𐌌𐌅𐌕:𐌉𐌀:𐌀𐌃𐌉𐌌𐌀:𐌏𐌀,VAMIMVT:IA:ADIMA:OA,,VAMIMVT IA ADIMA OA,,,,1.000,clean,ebfb7540e8dd,1
15246,vesu,vesu,𐌅𐌄𐌔𐌖,vesu,,,,1.000,clean,46a447a24e77,1
CIE 2900,𐌋𐌀𐌓𐌉 : 𐌕𐌉𐌕𐌄 : 𐌄𐌐𐌋𐌄,lari : tite : eple,𐌋𐌀𐌓𐌉 : 𐌕𐌉𐌕𐌄 : 𐌄𐌐𐌋𐌄,lari tite eple,,,,1.000,clean,23295862d8ce,1
CIE 2918,V·....ƎHH·VƎ,V·....eHH·Ve,𐌅·....𐌄𐌇𐌇·𐌅𐌄,V ....eHH Ve,,,,1.000,clean,595e6a2fa134,1
CIE 2919,HH·AƎHƎƎMVƎƎ,HH·AeHeeMVee,,HH AeHeeMVee,,,,1.000,clean,5f9a74ae9690,1
CIE 2920,AMVƎƎ·HH·AƎHƎƎ,AMVee·HH·AeHee,,AMVee HH AeHee,,,,1.000,clean,5392e0d41eda,1
CIE 2921,HH·ƎƎƎIVA,HH·eeeIVA,,HH eeeIVA,,,,1.000,clean,ba593f6379d7,1
CIE 2922,ƧƎIVA·HH·ƎƎ,seIVA·HH·ee,,seIVA HH ee,,,,1.000,clean,8c99a2ff3a82,1
CIE 2923,ƎIƎO·ƎHH·ƎƎ,eIeO·eHH·ee,𐌄𐌉𐌄𐌏·𐌄𐌇𐌇·𐌄𐌄,eIeO eHH ee,,,,1.000,clean,3301db0479d5,1
CIE 2924,AININ·ANAOATƎNIƎ,AININ·ANAOATeNIe,,AININ ANAOATeNIe,,,,1.000,clean,0f7a7942c6b9,1
CIE 2936,Vel:tlapu:aθ:vipinal:clan:,Vel:tlapu:aθ:vipinal:clan:,𐌅𐌄𐌋:𐌕𐌋𐌀𐌐𐌖:𐌀𐌈:𐌅𐌉𐌐𐌉𐌍𐌀𐌋:𐌂𐌋𐌀𐌍:,Vel tlapu aθ vipinal clan,,,,1.000,clean,062ae862c29f,1
CIE 2937,aθ:tlesna:vl:,aθ:tlesna:vl:,𐌀𐌈:𐌕𐌋𐌄𐌔𐌍𐌀:𐌅𐌋:,aθ tlesna vl,,,,1.000,clean,47987b8244ef,1
CIE 2967,I739T:OJ RΛVJJJ JΛH,trepi.velzasitnal,𐌕𐌓𐌄𐌐𐌉.𐌅𐌄𐌋𐌆𐌀𐌔𐌉𐌕𐌍𐌀𐌋,trepi.velzasitnal,,,,1.000,clean,59e7eed11066,1
CIE 2954,VAH8V1:AH2EAVT:V1 vl:tlesna:pulfnal,VAH8V1:AH2EAVT:V1 vl:tlesna:pulfnal,,,,,,0.000,ocr_failed,d9b807e5f38d,1
CIE 2955,IANA:tlesnei:pulfnal,IANA:tlesnei:pulfnal,,IANA tlesnei pulfnal,,,,1.000,clean,f1a2f362f94c,1
CIE 2980,INOAM:ENHV:AO,INOAM:ENHV:AO,,INOAM ENHV AO,,,,1.000,clean,4d8ae40eae0c,1
10425,turan,turan,𐌕𐌖𐌓𐌀𐌍,turan,amykos,,,1.000,clean,28949ea86dcc,3
CIE 2972,ΛTREBON9,A.Trebons,,A.Trebons,,,,1.000,clean,8a540c74a9bb,1
CIE 2973,TREBONIA.P.F,Trebonia.P.f,,Trebonia.P.f,,,,1.000,clean,66ad33d36bff,1
CIE 2974,CELADVS TVRIAES FAVSTAES SER L. RVFRIVS,CELADVS TVRIAES FAVSTAES SER L. RVFRIVS,,CELADVS TVRIAES FAVSTAES SER L. RVFRIVS,,,,1.000,clean,419f56021de6,1
CIE 2975,ITVTAO AVHAE,ITVTAO AVHAE,,ITVTAO AVHAE,,,,1.000,clean,01af1d2a660b,1
CIE 3015,JANIJ:OAMV:OJ,L9:UMA:L9:VITINAL,,,,,,0.000,ocr_failed,b92b2fbfdfbf,1
CIE 3181,A219,A219,,,,,,0.000,ocr_failed,3247eb8b88ec,1
CIE 3010,A:INILV:E,V:ULPINI:CALISNA,,V ULPINI CALISNA,,,,1.000,clean,30c83c22cd4a,1
CIE 3011,OLEMMITJVONGA,ARN9 ULTIMNE L9,,,,,,0.000,ocr_failed,978e6d8bd5c9,1
CIE 3012,LMMI+JV:O9A,LAR9:ULTIMNES:VELNAL,,,,,,0.000,ocr_failed,6da56f7c1896,1
CIE 3013,HIJV:AHAO A2I2J9H,PANA:ULTIMNES:VELSISA,,PANA ULTIMNES VELSISA,,,,1.000,clean,d2bead078adc,1
CIE 3014,...JVIO9A,LAR9I UL...,,,,,,0.000,ocr_failed,61f56bf2f95d,1
CIE 3103,𐌓𐌖𐌔.𐌀𐌓 𐌆𐌉𐌅𐌀𐌑,ra-cus|salis,𐌓𐌀-𐌂𐌖𐌔|𐌔𐌀𐌋𐌉𐌔,salis,,,,0.500,clean,f96e9e5b25fc,1
CIE 3049,AIOI9MA:IMDYA98:[A]I,AIOI9MA:IMDYA98:[A]I,,,,,,0.000,ocr_failed,46748571d16c,1
CIE 3050,I:IMDYA98:J37:I,I:IMDYA98:J37:I,,,,,,0.000,ocr_failed,5025b504e822,1
CIE 3104,𐌅𐌆𐌉𐌏𐌏𐌀𐌅 𐌅𐌆𐌉𐌕𐌉𐌕,lar-θi cu|titi:lu,𐌋𐌀𐌓-𐌈𐌉 𐌂𐌖|𐌕𐌉𐌕𐌉:𐌋𐌖,cu titi lu,,,,0.750,clean,4acf933d0720,1
11177,menarva,menarva,𐌌𐌄𐌍𐌀𐌓𐌅𐌀,menarva,alexander,,,1.000,clean,7a4edfd06585,3
CIE 3069,IƎN2IADII A2VRA12 IANI1I7 a calismi | sp[as]pu[s]a | vipinal,IeN2IADII A2VRA12 IANI1I7 a calismi | sp[as]pu[s]a | vipinal,,,,,,0.000,ocr_failed,6cde2a02875d,1
CIE 3070,AIƜV2NAD A2I139+ calisunia | trepisa,AImV2NAD A2I139+ calisunia | trepisa,,,,,,0.000,ocr_failed,bd1cb66f1609,1
CIE 3071,IƎNƜV+ A2ƎD2I7 tutne[i] | visces[a],IeNmV+ A2eD2I7 tutne[i] | visces[a],,,,,,0.000,ocr_failed,30c375e89f9f,1
1044,------------------ncusa,------------------ncusa,------------------𐌍𐌂𐌖𐌔𐌀,,,,,0.000,clean,feaa441aa9dc,1
CIE 3108,--𐌀𐌉𐌃 𐌀𐌖:𐌅...........𐌂𐌉𐌀...,--AID au:v...........cia...,,au v...........cia...,,,,0.667,clean,a9c7debe3a8c,1
CIE 3110,𐌀𐌅:𐌈𐌉 𐌀𐌈𐌉𐌈𐌉𐌀:𐌅:𐌈𐌉,AV:θi AθiθiA:V:θi,,AV θi AθiθiA V θi,,,,1.000,clean,3f19037ec645,1
10441,mi,mi,𐌌𐌉,mi,imr-velveliasmr-fastiavasianas,,,1.000,clean,eee1c1ade652,9
CIE 3127,ΘANΘA....ΘANΘIAL....ΘANΘI,ΘANΘA....ΘANΘIAL....ΘANΘI,,ΘANΘA....ΘANΘIAL....ΘANΘI,,,,1.000,clean,81bef870c9af,2
CIE 3128,ΘEMΘAΘIAL....ΘANΘI,ΘEMΘAΘIAL....ΘANΘI,,ΘEMΘAΘIAL....ΘANΘI,,,,1.000,clean,d007c04f5a1f,1
CIE 3129,LARIS....LU,LARIS....LU,,LARIS....LU,,,,1.000,clean,fcaeface416d,1
CIE 3130,VELΘUR....ARANΘIAL,VELΘUR....ARANΘIAL,,VELΘUR....ARANΘIAL,,,,1.000,clean,2d27f80777bd,1
CIE 3131,ΘANΘA....ΘANΘIAL,ΘANΘA....ΘANΘIAL,,ΘANΘA....ΘANΘIAL,,,,1.000,clean,653aeed92836,1
CIE 3132,VELUSΘA....VELUSA,VELUSΘA....VELUSA,,VELUSΘA....VELUSA,,,,1.000,clean,53687a555b33,2
CIE 3133,VELUSΘA....VELUSA,VELUSΘA....VELUSA,,VELUSΘA....VELUSA,,,,1.000,clean,53687a555b33,2
CIE 3163,A,A,𐌀,A,,,,1.000,clean,ca978112ca1b,3
CIE 3177,V OII ME AN+,V OII ME AN+,,,,,,0.000,ocr_failed,b2247c0f5b41,1
CIE 3178,AITQ,AITQ,,AITQ,,,,1.000,clean,04bc93809098,1
CIE 3179,[...AIE.Z...],[...AIE.Z...],,,,,,0.000,clean,c303fdf4808b,1
CIE 3180,[IMVIV....],[IMVIV....],[𐌉𐌌𐌅𐌉𐌅....],,,,,0.000,clean,21a6ce171555,1
CIE 3193,A7----n-----M I V----A---- ....a....ui m.....n....va,A7----n-----M I V----A---- ....a....ui m.....n....va,,,,,,0.000,ocr_failed,cc86699121ad,1
CIE 3194,4 IMAI9IЯ IMAI9I7X/,4 IMAI9Ir IMAI9I7X/,,,,,,0.000,ocr_failed,d84351c2b95d,1
CIE 3195,Ɔ 1M : AИ VƆ9A : I23JIA ailesi : arcuna : Ƨec,c 1M : An Vc9A : I23JIA ailesi : arcuna : sec,,,,,,0.000,ocr_failed,4014527d7afa,1
CIE 3212,ƎNƎVƎƎƎDIVƎNƎƎO,eNeVeeeDIVeNeeO,𐌄𐌍𐌄𐌅𐌄𐌄𐌄𐌃𐌉𐌅𐌄𐌍𐌄𐌄𐌏,eNeVeeeDIVeNeeO,,,,1.000,clean,ea6674ed9ae5,1
CIE 3213,ƎRƎƎƎƎVƎRƎF,eReeeeVeReF,𐌄𐌓𐌄𐌄𐌄𐌄𐌅𐌄𐌓𐌄𐌚,eReeeeVeReF,,,,1.000,clean,366cdffa00be,1
CIE 3256,IAJIMAIA:ARHAJ,IAJIMAIA:ARHAJ,,,,,,0.000,needs_review,6971b1471758,1
CIE 3272,𐌋𐌔𐌌𐌇𐌓𐌅𐌀𐌉𐌐𐌀𐌄𐌂𐌀𐌍𐌕𐌉𐌕𐌉,ls:mhrvaip:aecantiti,𐌋𐌔:𐌌𐌇𐌓𐌅𐌀𐌉𐌐:𐌀𐌄𐌂𐌀𐌍𐌕𐌉𐌕𐌉,ls mhrvaip aecantiti,,,,1.000,clean,9d1b3c402aac,1
CIE 3258,IAJIRVT.VINAR.IRITAIM,IAJIRVT.VINAR.IRITAIM,,,,,,0.000,needs_review,031ed0e4cc72,1
12443,vinel,vinel,𐌅𐌉𐌍𐌄𐌋,vinel,,,,1.000,clean,e3273775aa8b,1
CIE 3278,𐌅𐌉𐌂𐌄𐌉𐌔,viceis,𐌅𐌉𐌂𐌄𐌉𐌔,viceis,,,,1.000,clean,b36636a32621,2
CIE 3279,𐌅𐌉𐌂𐌄𐌉𐌔,viceis,𐌅𐌉𐌂𐌄𐌉𐌔,viceis,,,,1.000,clean,b36636a32621,2
CIE 3280,𐌕·𐌂𐌀𐌔𐌉𐌀𐌋,t.casial,𐌕.𐌂𐌀𐌔𐌉𐌀𐌋,t.casial,,,,1.000,clean,caa7b27ec88b,1
CIE 3281,𐌔𐌄𐌍𐌕𐌉𐌀𐌋,sential,𐌔𐌄𐌍𐌕𐌉𐌀𐌋,sential,,,,1.000,clean,e7817f5b2940,1
CIE 3282,𐌗𐌀𐌄𐌕𐌉,...xaeti.,...𐌗𐌀𐌄𐌕𐌉.,...xaeti.,,,,1.000,clean,42714b95835d,1
16269,ciza,ciza,𐌂𐌉𐌆𐌀,ciza,third,,,1.000,clean,2bae4681b544,1
CIE 3297,𐌋𐌀𐌓𐌕𐌉𐌆𐌉,lartizi,𐌋𐌀𐌓𐌕𐌉𐌆𐌉,lartizi,,,,1.000,clean,8aeca51f4759,1
CIE 3298,𐌘𐌀𐌍𐌉𐌀 𐌗,fania X,𐌚𐌀𐌍𐌉𐌀 𐌗,fania X,,,,1.000,clean,da0a2dbfa5cf,1
CIE 3299,𐌀𐌔𐌌𐌖𐌓𐌉𐌀,asmuria,𐌀𐌔𐌌𐌖𐌓𐌉𐌀,asmuria,,,,1.000,clean,8c6d86ec17b7,2
CIE 3300,𐌀𐌖𐌋𐌄 : 𐌂𐌀𐌅𐌔𐌖𐌔𐌋𐌄,aule : cavsusle,𐌀𐌖𐌋𐌄 : 𐌂𐌀𐌅𐌔𐌖𐌔𐌋𐌄,aule cavsusle,,,,1.000,clean,e418b02d4086,1
CIE 3301,VJ2VAJ l·auslu,VJ2VAJ l·auslu,,,,,,0.000,ocr_failed,e7ab490bb102,1
10007,turce murila fercnas,turce murila fercnas,𐌕𐌖𐌓𐌂𐌄 𐌌𐌖𐌓𐌉𐌋𐌀 𐌚𐌄𐌓𐌂𐌍𐌀𐌔,turce murila fercnas,mr-cnevegave--murilamrfercnas--,,,1.000,clean,43f76e471bec,1
10008,creice,creice,𐌂𐌓𐌄𐌉𐌂𐌄,creice,,,,1.000,clean,173486b55013,1
10009,enrtates,enrtates,𐌄𐌍𐌓𐌕𐌀𐌕𐌄𐌔,enrtates,,,,1.000,clean,f23c57d96b80,1
10010,tretnai,tretnai,𐌕𐌓𐌄𐌕𐌍𐌀𐌉,tretnai,,,,1.000,clean,54b8acf7de12,1
10017,achpprirutilefilucrates,aχpprirutilefilucrates,𐌀𐌙𐌐𐌐𐌓𐌉𐌓𐌖𐌕𐌉𐌋𐌄𐌚𐌉𐌋𐌖𐌂𐌓𐌀𐌕𐌄𐌔,aχpprirutilefilucrates,,,,1.000,clean,9f7c040687b8,1
10018,a--------p,a--------p,𐌀--------𐌐,,,,,0.000,clean,7978f506baa1,2
1003,rinthunal,rinθunal,𐌓𐌉𐌍𐌈𐌖𐌍𐌀𐌋,rinθunal,,,,1.000,clean,62c4524d91be,1
10034,sethilans,seθilans,𐌔𐌄𐌈𐌉𐌋𐌀𐌍𐌔,seθilans,,,,1.000,clean,8bd2cca3a1f3,1
10041,letham,leθam,𐌋𐌄𐌈𐌀𐌌,leθam,thegodfathersaturn,,,1.000,clean,96f3462d1f9e,1
1005,v(e)l(ia) muthuna v(e)l(us),v(e)l(ia) muθuna v(e)l(us),𐌅(𐌄)𐌋(𐌉𐌀) 𐌌𐌖𐌈𐌖𐌍𐌀 𐌅(𐌄)𐌋(𐌖𐌔),muθuna,,,,0.333,clean,fc23feed1db9,1
10159,mivelelthuskacrifunumesiesiputeskraitilesthisputes,mivelelθuskacrifunumesiesiputeskraitilesθisputes,𐌌𐌉𐌅𐌄𐌋𐌄𐌋𐌈𐌖𐌔𐌊𐌀𐌂𐌓𐌉𐌚𐌖𐌍𐌖𐌌𐌄𐌔𐌉𐌄𐌔𐌉𐌐𐌖𐌕𐌄𐌔𐌊𐌓𐌀𐌉𐌕𐌉𐌋𐌄𐌔𐌈𐌉𐌔𐌐𐌖𐌕𐌄𐌔,mivelelθuskacrifunumesiesiputeskraitilesθisputes,,,,1.000,clean,6dc693e8fb90,1
10202,sethlans,seθlans,𐌔𐌄𐌈𐌋𐌀𐌍𐌔,seθlans,vulcansassistantthegodtretu,,,1.000,clean,f3c478abdebe,2
1021,sathnei(al) thansi(e)sa,saθnei(al) θansi(e)sa,𐌔𐌀𐌈𐌍𐌄𐌉(𐌀𐌋) 𐌈𐌀𐌍𐌔𐌉(𐌄)𐌔𐌀,,,,,0.000,clean,b0371774fdde,1
10224,thun,θun,𐌈𐌖𐌍,θun,,,,1.000,clean,2f55178b105b,1
10235,pa,pa,𐌐𐌀,pa,,,,1.000,clean,9513229d4359,2
10257,lu,lu,𐌋𐌖,lu,,,,1.000,clean,80c0fcbbfa9d,1
10260,zui,zui,𐌆𐌖𐌉,zui,,,,1.000,clean,33b0c3d94029,1
6309,an nunthene sathnas,an nunθene saθnas,𐌀𐌍 𐌍𐌖𐌍𐌈𐌄𐌍𐌄 𐌔𐌀𐌈𐌍𐌀𐌔,an nunθene saθnas,,,,1.000,clean,59aff70f5f19,1
6310,fu--------------------al nunthena,fu--------------------al nunθena,𐌚𐌖--------------------𐌀𐌋 𐌍𐌖𐌍𐌈𐌄𐌍𐌀,nunθena,b------thefu--------------------aloffering------------aseiadrinking-to-the-healthjust-as--cethe-dedications,,,0.500,clean,4c9cbc3736ce,1
6312,thanachvilu,θanaχvilu,𐌈𐌀𐌍𐌀𐌙𐌅𐌉𐌋𐌖,θanaχvilu,see the-goddess-thesanof-theclient-bodyin-the-sanctuary-of-,,,1.000,clean,bb9a5820bec1,1
6313,------ra------,------ra------,------𐌓𐌀------,,------ar------,,,0.000,clean,37e7702e5ce4,2
6314,cluvenias,cluvenias,𐌂𐌋𐌖𐌅𐌄𐌍𐌉𐌀𐌔,cluvenias,dances,,,1.000,clean,e05a60dc42d9,1
637,capznasa,capznasa,𐌂𐌀𐌐𐌆𐌍𐌀𐌔𐌀,capznasa,mr-larthiamrs-vipineismr-capznas-daughters-husband,,,1.000,clean,276260e17c2d,1
639,pethn(i)al,peθn(i)al,𐌐𐌄𐌈𐌍(𐌉)𐌀𐌋,,,,,0.000,clean,d15ae1118d5c,1
6404,------ermenaiemulvanic--------,------ermenaiemulvanic--------,------𐌄𐌓𐌌𐌄𐌍𐌀𐌉𐌄𐌌𐌖𐌋𐌅𐌀𐌍𐌉𐌂--------,,,,,0.000,clean,615f148d80b5,1
6405,minithanirsiieturicefvuluvet,miniθanirsiieturicefvuluvet,𐌌𐌉𐌍𐌉𐌈𐌀𐌍𐌉𐌓𐌔𐌉𐌉𐌄𐌕𐌖𐌓𐌉𐌂𐌄𐌚𐌅𐌖𐌋𐌖𐌅𐌄𐌕,miniθanirsiieturicefvuluvet,meto-the-thans-godsdid-givemr-fvuluvetite,,,1.000,clean,95aa2a16a3a0,1
6413,----nirafthpancneamavunice,----nirafθpancneamavunice,----𐌍𐌉𐌓𐌀𐌚𐌈𐌐𐌀𐌍𐌂𐌍𐌄𐌀𐌌𐌀𐌅𐌖𐌍𐌉𐌂𐌄,,,,,0.000,clean,e29de3733f13,1
6414,mith------------------------niieseiritemipituranpiminuna,miθ------------------------niieseiritemipituranpiminuna,𐌌𐌉𐌈------------------------𐌍𐌉𐌉𐌄𐌔𐌄𐌉𐌓𐌉𐌕𐌄𐌌𐌉𐌐𐌉𐌕𐌖𐌓𐌀𐌍𐌐𐌉𐌌𐌉𐌍𐌖𐌍𐌀,,,,,0.000,clean,9fa67c04600f,1
6415,minialicevelthurves------,minialicevelθurves------,𐌌𐌉𐌍𐌉𐌀𐌋𐌉𐌂𐌄𐌅𐌄𐌋𐌈𐌖𐌓𐌅𐌄𐌔------,,,,,0.000,clean,4ee4fa7ef715,1
10442,miavilesfusunas,miavilesfusunas,𐌌𐌉𐌀𐌅𐌉𐌋𐌄𐌔𐌚𐌖𐌔𐌖𐌍𐌀𐌔,miavilesfusunas,,,,1.000,clean,5c44976b0bb8,1
10443,miramathas,miramaθas,𐌌𐌉𐌓𐌀𐌌𐌀𐌈𐌀𐌔,miramaθas,,,,1.000,clean,0d347ce24531,1
10445,fatnies,fatnies,𐌚𐌀𐌕𐌍𐌉𐌄𐌔,fatnies,,,,1.000,clean,95a2e2b4c257,1
10446,aplu,aplu,𐌀𐌐𐌋𐌖,aplu,thegodapollo,,,1.000,clean,012007c76866,4
10447,ethavaithizusuzailimunaatiuthnath,eθavaiθizusuzailimunaatiuθnaθ,𐌄𐌈𐌀𐌅𐌀𐌉𐌈𐌉𐌆𐌖𐌔𐌖𐌆𐌀𐌉𐌋𐌉𐌌𐌖𐌍𐌀𐌀𐌕𐌉𐌖𐌈𐌍𐌀𐌈,eθavaiθizusuzailimunaatiuθnaθ,forthe-god-karaie,,,1.000,clean,b6b70320901e,1
10497,nercle,nercle,𐌍𐌄𐌓𐌂𐌋𐌄,nercle,,,,1.000,clean,5da8690b2dfc,1
10502,tames,tames,𐌕𐌀𐌌𐌄𐌔,tames,,,,1.000,clean,f429639ca334,1
1051,erina,erina,𐌄𐌓𐌉𐌍𐌀,erina,,,,1.000,clean,1540c9164837,1
10511,serturiesi,serturiesi,𐌔𐌄𐌓𐌕𐌖𐌓𐌉𐌄𐌔𐌉,serturiesi,,,,1.000,clean,b06992cca8f1,1
1052,ap{------}rini(al),ap{------}rini(al),𐌀𐌐{------}𐌓𐌉𐌍𐌉(𐌀𐌋),,mr-avlethenna,,,0.000,clean,75df8513eec4,1
10521,umene,umene,𐌖𐌌𐌄𐌍𐌄,umene,,,,1.000,clean,5e7e80162d86,1
10548,ta,ta,𐌕𐌀,ta,mr-tana,,,1.000,clean,76592b9de6d3,5
10553,larna,larna,𐌋𐌀𐌓𐌍𐌀,larna,,,,1.000,clean,3b03282c9603,1
10556,umucesthafna,umucesθafna,𐌖𐌌𐌖𐌂𐌄𐌔𐌈𐌀𐌚𐌍𐌀,umucesθafna,,,,1.000,clean,a62be90dd5f6,1
10626,z(ilath),z(ilaθ),𐌆(𐌉𐌋𐌀𐌈),,,,,0.000,clean,0576f23a0f9a,2
10660,thasesi,θasesi,𐌈𐌀𐌔𐌄𐌔𐌉,θasesi,,,,1.000,clean,bbd333a14314,1
10667,ze(rapiu),ze(rapiu),𐌆𐌄(𐌓𐌀𐌐𐌉𐌖),,,,,0.000,clean,a510dc060269,1
10668,vt,vt,𐌅𐌕,vt,,,,1.000,clean,28d46654d818,1
10670,vuuv,vuuv,𐌅𐌖𐌖𐌅,vuuv,,,,1.000,clean,e11949f8c898,2
10677,saru,saru,𐌔𐌀𐌓𐌖,saru,mr-saru,,,1.000,clean,4971d10a5283,1
10697,raikas,raikas,𐌓𐌀𐌉𐌊𐌀𐌔,raikas,,,,1.000,clean,0eea3f80cb44,1
10726,suthinalarcnas,suθinalarcnas,𐌔𐌖𐌈𐌉𐌍𐌀𐌋𐌀𐌓𐌂𐌍𐌀𐌔,suθinalarcnas,,,,1.000,clean,9edd889d1539,1
10727,thanr,θanr,𐌈𐌀𐌍𐌓,θanr,oneofthedivinecompanionsofthegoddessthansuri,,,1.000,clean,cf7a35fa3364,4
1073,sentifanuniaclanti,sentifanuniaclanti,𐌔𐌄𐌍𐌕𐌉𐌚𐌀𐌍𐌖𐌍𐌉𐌀𐌂𐌋𐌀𐌍𐌕𐌉,sentifanuniaclanti,mrs-sentimr-fanunias,,,1.000,clean,766c356437d8,1
10734,miatlmeiermiatialereerusmiere,miatlmeiermiatialereerusmiere,𐌌𐌉𐌀𐌕𐌋𐌌𐌄𐌉𐌄𐌓𐌌𐌉𐌀𐌕𐌉𐌀𐌋𐌄𐌓𐌄𐌄𐌓𐌖𐌔𐌌𐌉𐌄𐌓𐌄,miatlmeiermiatialereerusmiere,,,,1.000,clean,88708dc9b97f,1
10735,zc,zc,𐌆𐌂,zc,,,,1.000,clean,8f11221310eb,1
10736,l--m--,l--m--,𐌋--𐌌--,,,,,0.000,clean,599af8b0b1a3,1
10767,acevzfthilmnpsrstufch,acevzfθilmnpsrstufχ,𐌀𐌂𐌄𐌅𐌆𐌚𐌈𐌉𐌋𐌌𐌍𐌐𐌔𐌓𐌔𐌕𐌖𐌚𐌙,acevzfθilmnpsrstufχ,,,,1.000,clean,121da28d1ef7,2
10774,cazlaniez,cazlaniez,𐌂𐌀𐌆𐌋𐌀𐌍𐌉𐌄𐌆,cazlaniez,,,,1.000,clean,3f2e80dde557,1
1079,t(iti),t(iti),𐌕(𐌉𐌕𐌉),,,,,0.000,clean,cce66316b4c1,2
10812,splatura,splatura,𐌔𐌐𐌋𐌀𐌕𐌖𐌓𐌀,splatura,,,,1.000,clean,6cf4a1289d6e,1
10813,la(rcth)i,la(rcθ)i,𐌋𐌀(𐌓𐌂𐌈)𐌉,,ms-larcthi,,,0.000,clean,1beb15fdc2a5,1
10815,v(ip)i,v(ip)i,𐌅(𐌉𐌐)𐌉,,,,,0.000,clean,2f7e29fbc47d,4
10830,favrenies suthina,favrenies suθina,𐌚𐌀𐌅𐌓𐌄𐌍𐌉𐌄𐌔 𐌔𐌖𐌈𐌉𐌍𐌀,favrenies suθina,something-for-the-afterlifeofms-larisimr-favrenies,,,1.000,clean,9c299f5f073a,1
10838,thanias ceine(i)al suthina,θanias ceine(i)al suθina,𐌈𐌀𐌍𐌉𐌀𐌔 𐌂𐌄𐌉𐌍𐌄(𐌉)𐌀𐌋 𐌔𐌖𐌈𐌉𐌍𐌀,θanias suθina,,,,0.667,clean,50182495f9d3,1
10870,selvanzlenizpetla,selvanzlenizpetla,𐌔𐌄𐌋𐌅𐌀𐌍𐌆𐌋𐌄𐌍𐌉𐌆𐌐𐌄𐌕𐌋𐌀,selvanzlenizpetla,,,,1.000,clean,8187262b5011,1
10872,calaina,calaina,𐌂𐌀𐌋𐌀𐌉𐌍𐌀,calaina,thenereidgalene,,,1.000,clean,55ae40d7d652,1
10886,atial,atial,𐌀𐌕𐌉𐌀𐌋,atial,,,,1.000,clean,1a73cfc74065,3
10894,marsfercles,marsfercles,𐌌𐌀𐌓𐌔𐌚𐌄𐌓𐌂𐌋𐌄𐌔,marsfercles,,,,1.000,clean,e91d04062ee4,1
10895,zimite,zimite,𐌆𐌉𐌌𐌉𐌕𐌄,zimite,theheroulysses,,,1.000,clean,5f0a1f99997f,1
10896,telmun,telmun,𐌕𐌄𐌋𐌌𐌖𐌍,telmun,,,,1.000,clean,2415618e8da0,1
10898,talnithe,talniθe,𐌕𐌀𐌋𐌍𐌉𐌈𐌄,talniθe,,,,1.000,clean,8b760f5a372b,1
10941,)--rntharthnl,)--rnθarθnl,)--𐌓𐌍𐌈𐌀𐌓𐌈𐌍𐌋,,,,,0.000,clean,19c4eb4890a8,1
10945,larthisas,larθisas,𐌋𐌀𐌓𐌈𐌉𐌔𐌀𐌔,larθisas,,,,1.000,clean,e05d122472e9,1
10949,lvlvllvtii,lvlvllvtii,𐌋𐌅𐌋𐌅𐌋𐌋𐌅𐌕𐌉𐌉,lvlvllvtii,,,,1.000,clean,e0f12077d52b,1
10979,zimarus,zimarus,𐌆𐌉𐌌𐌀𐌓𐌖𐌔,zimarus,,,,1.000,clean,cb30df364af2,1
11008,specas,specas,𐌔𐌐𐌄𐌂𐌀𐌔,specas,,,,1.000,clean,7e44b820ee14,1
11019,chalchas,χalχas,𐌙𐌀𐌋𐌙𐌀𐌔,χalχas,,,,1.000,clean,3e7543fa1423,1
11020,uthuze,uθuze,𐌖𐌈𐌖𐌆𐌄,uθuze,theheroulysses,,,1.000,clean,4897c5e62d04,2
11021,achleitruiestthesthufarce,aχleitruiestθesθufarce,𐌀𐌙𐌋𐌄𐌉𐌕𐌓𐌖𐌉𐌄𐌔𐌕𐌈𐌄𐌔𐌈𐌖𐌚𐌀𐌓𐌂𐌄,aχleitruiestθesθufarce,,,,1.000,clean,f2c205777d4b,1
11032,fuipa,fuipa,𐌚𐌖𐌉𐌐𐌀,fuipa,,,,1.000,clean,32228ac592b1,1
11033,muras arnth(us),muras arnθ(us),𐌌𐌖𐌓𐌀𐌔 𐌀𐌓𐌍𐌈(𐌖𐌔),muras,,,,0.500,clean,3448ea4d04a1,1
11047,si(na),si(na),𐌔𐌉(𐌍𐌀),,,,,0.000,clean,ef014ce3721b,1
11048,fe(l),fe(l),𐌚𐌄(𐌋),,,,,0.000,clean,7dbf7f81fb00,1
11071,{l}<u>thste,{l}<u>θste,{𐌋}<𐌖>𐌈𐌔𐌕𐌄,,,,,0.000,clean,397ca5bfa7c5,1
11077,marut(ia)l,marut(ia)l,𐌌𐌀𐌓𐌖𐌕(𐌉𐌀)𐌋,,,,,0.000,clean,45cdf92c2089,1
11080,apu,apu,𐌀𐌐𐌖,apu,of-mr-zimna,,,1.000,clean,010d93fae88e,3
11084,calanice,calanice,𐌂𐌀𐌋𐌀𐌍𐌉𐌂𐌄,calanice,thedemigodprometheus,,,1.000,clean,f1aa878bba61,2
11091,cutnas,cutnas,𐌂𐌖𐌕𐌍𐌀𐌔,cutnas,,,,1.000,clean,ab32c5c124c3,1
11092,lapnas,lapnas,𐌋𐌀𐌐𐌍𐌀𐌔,lapnas,,,,1.000,clean,5ab97c71bf65,1
11093,utiisi,utiisi,𐌖𐌕𐌉𐌉𐌔𐌉,utiisi,for-ms-utii,,,1.000,clean,7465d836c8dc,1
11099,apur(th),apur(θ),𐌀𐌐𐌖𐌓(𐌈),,,,,0.000,clean,9e93c157b1a9,1
11106,lurs,lurs,𐌋𐌖𐌓𐌔,lurs,,,,1.000,clean,edc564675d08,1
11109,feiasun,feiasun,𐌚𐌄𐌉𐌀𐌔𐌖𐌍,feiasun,thedemonnathum,,,1.000,clean,df3d6bfc8e69,1
11188,flerthrce,flerθrce,𐌚𐌋𐌄𐌓𐌈𐌓𐌂𐌄,flerθrce,,,,1.000,clean,43a41330e9b1,1
11190,uprius,uprius,𐌖𐌐𐌓𐌉𐌖𐌔,uprius,thesungodhyperion,,,1.000,clean,d00155a23eba,1
11191,atrste,atrste,𐌀𐌕𐌓𐌔𐌕𐌄,atrste,amphiaraos,,,1.000,clean,c0108f1b1595,1
11224,miapas,miapas,𐌌𐌉𐌀𐌐𐌀𐌔,miapas,,,,1.000,clean,5a16bb360143,1
11225,zarmaies,zarmaies,𐌆𐌀𐌓𐌌𐌀𐌉𐌄𐌔,zarmaies,,,,1.000,clean,1e9876209c8c,1
11230,pult----es,pult----es,𐌐𐌖𐌋𐌕----𐌄𐌔,,,,,0.000,clean,abbf3f450fbc,1
11233,minimuluvanicepianavelethnice,minimuluvanicepianaveleθnice,𐌌𐌉𐌍𐌉𐌌𐌖𐌋𐌖𐌅𐌀𐌍𐌉𐌂𐌄𐌐𐌉𐌀𐌍𐌀𐌅𐌄𐌋𐌄𐌈𐌍𐌉𐌂𐌄,minimuluvanicepianaveleθnice,,,,1.000,clean,0c55a420d008,1
11234,milarthialemelacinasimulu,milarθialemelacinasimulu,𐌌𐌉𐌋𐌀𐌓𐌈𐌉𐌀𐌋𐌄𐌌𐌄𐌋𐌀𐌂𐌉𐌍𐌀𐌔𐌉𐌌𐌖𐌋𐌖,milarθialemelacinasimulu,,,,1.000,clean,38803d00dbf3,1
11235,lethim,leθim,𐌋𐌄𐌈𐌉𐌌,leθim,,,,1.000,clean,331661a157e2,1
11339,thatl,θatl,𐌈𐌀𐌕𐌋,θatl,,,,1.000,clean,1ca62404eed5,1
11342,uru,uru,𐌖𐌓𐌖,uru,mr-uru,,,1.000,clean,9e0a7b7adc62,2
1136,ni,ni,𐌍𐌉,ni,memr-veteof-the-god-tiniaatchiusi,,,1.000,clean,4db03a277cfb,5
11390,ll,ll,𐌋𐌋,ll,,,,1.000,clean,f9e012396be6,1
11419,turms,turms,𐌕𐌖𐌓𐌌𐌔,turms,beheaded-victim-of-the-heroperseus-beloved-of-the-townof-tarsos,,,1.000,clean,abbd2cc76716,2
11420,feflenta,feflenta,𐌚𐌄𐌚𐌋𐌄𐌍𐌕𐌀,feflenta,hippolyta,,,1.000,clean,5dda85b708dc,1
11421,cathesan,caθesan,𐌂𐌀𐌈𐌄𐌔𐌀𐌍,caθesan,,,,1.000,clean,1fdd5bd98035,1
11422,laran,laran,𐌋𐌀𐌓𐌀𐌍,laran,helena,,,1.000,clean,6f39d5c0dd9c,4
11425,n(umerie),n(umerie),𐌍(𐌖𐌌𐌄𐌓𐌉𐌄),,,,,0.000,clean,3e3e8c922dec,2
11428,atranes,atranes,𐌀𐌕𐌓𐌀𐌍𐌄𐌔,atranes,,,,1.000,clean,4373b2341445,1
11458,af,af,𐌀𐌚,af,mr-afuna,,,1.000,clean,503126878d17,2
11460,pelfr(a)s,pelfr(a)s,𐌐𐌄𐌋𐌚𐌓(𐌀)𐌔,,,,,0.000,clean,ee8bd5f56027,1
11494,fe,fe,𐌚𐌄,fe,mr-fastiamr-ecnatnas,,,1.000,clean,2c9dcded5b6e,2
11505,pu(plie),pu(plie),𐌐𐌖(𐌐𐌋𐌉𐌄),,,,,0.000,clean,59625754fed3,2
11563,as,as,𐌀𐌔,as,mr-aules,,,1.000,clean,f4bf9f7fcbed,6
1160,l(ar)th matausn(i)al,l(ar)θ matausn(i)al,𐌋(𐌀𐌓)𐌈 𐌌𐌀𐌕𐌀𐌖𐌔𐌍(𐌉)𐌀𐌋,,,,,0.000,clean,a86fca4de662,1
1162,arntnei(al),arntnei(al),𐌀𐌓𐌍𐌕𐌍𐌄𐌉(𐌀𐌋),,,,,0.000,clean,23ee6b45ef0d,1
11624,aeu,aeu,𐌀𐌄𐌖,aeu,,,,1.000,clean,4ca0b9bf0e59,1
11625,veini,veini,𐌅𐌄𐌉𐌍𐌉,veini,,,,1.000,clean,453c1e1609dc,1
11711,------ulesuv------,------ulesuv------,------𐌖𐌋𐌄𐌔𐌖𐌅------,,,,,0.000,clean,494ede96bc8c,1
1179,fraucni(al) atain(i)alisa,fraucni(al) atain(i)alisa,𐌚𐌓𐌀𐌖𐌂𐌍𐌉(𐌀𐌋) 𐌀𐌕𐌀𐌉𐌍(𐌉)𐌀𐌋𐌉𐌔𐌀,,,,,0.000,clean,fc7afa98cd7a,1
11794,np,np,𐌍𐌐,np,,,,1.000,clean,0a2f133eb9f7,1
11803,spurinas,spurinas,𐌔𐌐𐌖𐌓𐌉𐌍𐌀𐌔,spurinas,,,,1.000,clean,038fe4b9063e,2
11805,ii,ii,𐌉𐌉,ii,the-son,,,1.000,clean,5d7f49449ab2,3
1182,l(ar)th fraucni(al),l(ar)θ fraucni(al),𐌋(𐌀𐌓)𐌈 𐌚𐌓𐌀𐌖𐌂𐌍𐌉(𐌀𐌋),,,,,0.000,clean,28b91c68c14f,1
1183,a(rn)th frauni(al),a(rn)θ frauni(al),𐌀(𐌓𐌍)𐌈 𐌚𐌓𐌀𐌖𐌍𐌉(𐌀𐌋),,,,,0.000,clean,14aa720fde95,1
11832,nl,nl,𐌍𐌋,nl,,,,1.000,clean,184365349680,1
1185,a(rn)th tutni(al) velthurus velthritialisa,a(rn)θ tutni(al) velθurus velθritialisa,𐌀(𐌓𐌍)𐌈 𐌕𐌖𐌕𐌍𐌉(𐌀𐌋) 𐌅𐌄𐌋𐌈𐌖𐌓𐌖𐌔 𐌅𐌄𐌋𐌈𐌓𐌉𐌕𐌉𐌀𐌋𐌉𐌔𐌀,velθurus velθritialisa,,,,0.500,clean,03e9113e61e3,1
1187,larthi fraucnei(al) cumeresa,larθi fraucnei(al) cumeresa,𐌋𐌀𐌓𐌈𐌉 𐌚𐌓𐌀𐌖𐌂𐌍𐌄𐌉(𐌀𐌋) 𐌂𐌖𐌌𐌄𐌓𐌄𐌔𐌀,larθi cumeresa,,,,0.667,clean,e4920cafc277,1
11872,alpiuial,alpiuial,𐌀𐌋𐌐𐌉𐌖𐌉𐌀𐌋,alpiuial,,,,1.000,clean,6c93cafa281c,1
11986,v(el) e(cnatnas),v(el) e(cnatnas),𐌅(𐌄𐌋) 𐌄(𐌂𐌍𐌀𐌕𐌍𐌀𐌔),,,,,0.000,clean,817ac545c789,1
11994,ekra,ekra,𐌄𐌊𐌓𐌀,ekra,,,,1.000,clean,c43f128635ed,2
11995,ekra,ekra,𐌄𐌊𐌓𐌀,ekra,,,,1.000,clean,c43f128635ed,2
11996,ekre,ekre,𐌄𐌊𐌓𐌄,ekre,,,,1.000,clean,05a0adce9a75,1
1203,septesa,septesa,𐌔𐌄𐌐𐌕𐌄𐌔𐌀,septesa,,,,1.000,clean,791cba9665b7,1
12094,iantia,iantia,𐌉𐌀𐌍𐌕𐌉𐌀,iantia,,,,1.000,clean,811fb1e4ec78,1
12097,namertansinamulu,namertansinamulu,𐌍𐌀𐌌𐌄𐌓𐌕𐌀𐌍𐌔𐌉𐌍𐌀𐌌𐌖𐌋𐌖,namertansinamulu,asims-uruithiswineladleof-me,,,1.000,clean,891b23d37653,1
1211,tarchia(l),tarχia(l),𐌕𐌀𐌓𐌙𐌉𐌀(𐌋),,mrs-tarchis,,,0.000,clean,6e0bfc6272d7,1
12118,pavises,pavises,𐌐𐌀𐌅𐌉𐌔𐌄𐌔,pavises,,,,1.000,clean,673c01c1a5d9,1
1212,fasi velui(alisa) larcnasa,fasi velui(alisa) larcnasa,𐌚𐌀𐌔𐌉 𐌅𐌄𐌋𐌖𐌉(𐌀𐌋𐌉𐌔𐌀) 𐌋𐌀𐌓𐌂𐌍𐌀𐌔𐌀,fasi larcnasa,,,,0.667,clean,b14610ede5cb,1
1213,velualpapa,velualpapa,𐌅𐌄𐌋𐌖𐌀𐌋𐌐𐌀𐌐𐌀,velualpapa,,,,1.000,clean,c174a88ad63d,1
1214,papaslisa,papaslisa,𐌐𐌀𐌐𐌀𐌔𐌋𐌉𐌔𐌀,papaslisa,,,,1.000,clean,b0ca1aabdafd,1
12145,chethas{}a,χeθas{}a,𐌙𐌄𐌈𐌀𐌔{}𐌀,,,,,0.000,clean,abc62d9c62a9,1
12146,------------------apiia--us,------------------apiia--us,------------------𐌀𐌐𐌉𐌉𐌀--𐌖𐌔,,t--u--cn--ni--------v,,,0.000,clean,899437207eca,1
12155,velsenalthi,velsenalθi,𐌅𐌄𐌋𐌔𐌄𐌍𐌀𐌋𐌈𐌉,velsenalθi,,,,1.000,clean,02ca2a9a49ab,1
12183,n(umeries),n(umeries),𐌍(𐌖𐌌𐌄𐌓𐌉𐌄𐌔),,,,,0.000,clean,526842b0a9eb,1
12197,usela,usela,𐌖𐌔𐌄𐌋𐌀,usela,mr-usela,,,1.000,clean,2d9dc9662ad9,1
12198,------thnerc------,------θnerc------,------𐌈𐌍𐌄𐌓𐌂------,,,,,0.000,clean,e625183167d2,1
12203,mi lithuna,mi liθuna,𐌌𐌉 𐌋𐌉𐌈𐌖𐌍𐌀,mi liθuna,,,,1.000,clean,be61b4b8595c,1
12206,thavlra,θavlra,𐌈𐌀𐌅𐌋𐌓𐌀,θavlra,,,,1.000,clean,502397714926,1
12223,velthur(i)al,velθur(i)al,𐌅𐌄𐌋𐌈𐌖𐌓(𐌉)𐌀𐌋,,,,,0.000,clean,874e0fcdcbc0,1
1225,tutn(i)al,tutn(i)al,𐌕𐌖𐌕𐌍(𐌉)𐌀𐌋,,,,,0.000,clean,2057cc51f5c7,2
12256,--chmemnun,--χmemnun,--𐌙𐌌𐌄𐌌𐌍𐌖𐌍,,,,,0.000,clean,0993324b016a,1
1226,th(an)a tu(tna),θ(an)a tu(tna),𐌈(𐌀𐌍)𐌀 𐌕𐌖(𐌕𐌍𐌀),,,,,0.000,clean,bd9c2861cf3e,1
12269,(scaritha)r ti (zinace),(scariθa)r ti (zinace),(𐌔𐌂𐌀𐌓𐌉𐌈𐌀)𐌓 𐌕𐌉 (𐌆𐌉𐌍𐌀𐌂𐌄),ti,,,,0.333,clean,71631f99025d,1
16809,ilaun,ilaun,𐌉𐌋𐌀𐌖𐌍,ilaun,,,,1.000,clean,86e2a11ce9cf,1
12274,arfthial,arfθial,𐌀𐌓𐌚𐌈𐌉𐌀𐌋,arfθial,,,,1.000,clean,8977c3164b51,1
12279,ciiithiiis,ciiiθiiis,𐌂𐌉𐌉𐌉𐌈𐌉𐌉𐌉𐌔,ciiiθiiis,ms-ziici,,,1.000,clean,7fd102ad02b8,1
1228,l{ }a{ }r(th) felial,l{ }a{ }r(θ) felial,𐌋{ }𐌀{ }𐌓(𐌈) 𐌚𐌄𐌋𐌉𐌀𐌋,felial,,,,0.250,clean,10bc86d6c1a7,1
12281,sinth--es,sinθ--es,𐌔𐌉𐌍𐌈--𐌄𐌔,,mr-sinthies,,,0.000,clean,5b81da5618b0,1
1229,urinatesa,urinatesa,𐌖𐌓𐌉𐌍𐌀𐌕𐌄𐌔𐌀,urinatesa,,,,1.000,clean,0e9324024268,2
12304,mlach,mlaχ,𐌌𐌋𐌀𐌙,mlaχ,for-mr-velthur,,,1.000,clean,00745c348432,2
12352,tainal,tainal,𐌕𐌀𐌉𐌍𐌀𐌋,tainal,,,,1.000,clean,2c0f6c997c1f,1
12355,iunaslipiuskunpiain,iunaslipiuskunpiain,𐌉𐌖𐌍𐌀𐌔𐌋𐌉𐌐𐌉𐌖𐌔𐌊𐌖𐌍𐌐𐌉𐌀𐌉𐌍,iunaslipiuskunpiain,goyoupailmr-uchuskunpiato,,,1.000,clean,342d96cd95b3,1
12358,z(ilc),z(ilc),𐌆(𐌉𐌋𐌂),,the-headman,,,0.000,clean,1897eab2533f,2
12381,velthur paithina,velθur paiθina,𐌅𐌄𐌋𐌈𐌖𐌓 𐌐𐌀𐌉𐌈𐌉𐌍𐌀,velθur paiθina,,,,1.000,clean,c54d6308076a,1
12384,v(e)le,v(e)le,𐌅(𐌄)𐌋𐌄,,,,,0.000,clean,07257531f67d,1
12388,larthi arnth(us),larθi arnθ(us),𐌋𐌀𐌓𐌈𐌉 𐌀𐌓𐌍𐌈(𐌖𐌔),larθi,,,,0.500,clean,bdcc74834abc,1
12397,plavties,plavties,𐌐𐌋𐌀𐌅𐌕𐌉𐌄𐌔,plavties,mr-plavties,,,1.000,clean,605980499e43,1
12404,l(ar)th,l(ar)θ,𐌋(𐌀𐌓)𐌈,,a------firuminaand------,,,0.000,clean,9f14697d6e9e,8
12406,armni,armni,𐌀𐌓𐌌𐌍𐌉,armni,,,,1.000,clean,0bd1bdab1c95,4
12407,a(rmni),a(rmni),𐌀(𐌓𐌌𐌍𐌉),,ms-armni,,,0.000,clean,0bd1bdab1c95,4
12411,a(r)m(n)i,a(r)m(n)i,𐌀(𐌓)𐌌(𐌍)𐌉,,,,,0.000,clean,0bd1bdab1c95,4
12414,ramth(i)al,ramθ(i)al,𐌓𐌀𐌌𐌈(𐌉)𐌀𐌋,,,,,0.000,clean,34682eee7a3e,3
12416,chur(chles),χur(χles),𐌙𐌖𐌓(𐌙𐌋𐌄𐌔),,,,,0.000,clean,be202a649c19,2
12436,naie,naie,𐌍𐌀𐌉𐌄,naie,,,,1.000,clean,ad1fc32723db,1
12441,larispeiana,larispeiana,𐌋𐌀𐌓𐌉𐌔𐌐𐌄𐌉𐌀𐌍𐌀,larispeiana,mr-larthiasmrs-caeis,,,1.000,clean,055fd0e7b7a9,1
12462,ac(natna),ac(natna),𐌀𐌂(𐌍𐌀𐌕𐌍𐌀),,,,,0.000,clean,13685e137ff8,1
12465,milarthial,milarθial,𐌌𐌉𐌋𐌀𐌓𐌈𐌉𐌀𐌋,milarθial,,,,1.000,clean,a62591b3d231,1
12469,atiies,atiies,𐌀𐌕𐌉𐌉𐌄𐌔,atiies,,,,1.000,clean,310fd2f9dca6,1
12471,av(e)lnas,av(e)lnas,𐌀𐌅(𐌄)𐌋𐌍𐌀𐌔,,,,,0.000,clean,656a17851ad5,1
12473,mener{e}<v>a,mener{e}<v>a,𐌌𐌄𐌍𐌄𐌓{𐌄}<𐌅>𐌀,,thegoddessminerva,,,0.000,clean,7283a43c7646,1
12489,crucrin(i)al,crucrin(i)al,𐌂𐌓𐌖𐌂𐌓𐌉𐌍(𐌉)𐌀𐌋,,,,,0.000,clean,c9f03305febc,1
12492,p(etrie),p(etrie),𐌐(𐌄𐌕𐌓𐌉𐌄),,mr-cesinia,,,0.000,clean,82498bb8d0ee,1
12503,sacnisa,sacnisa,𐌔𐌀𐌂𐌍𐌉𐌔𐌀,sacnisa,,,,1.000,clean,73cb98f6f8f2,1
12513,ap(u),ap(u),𐌀𐌐(𐌖),,mr-apu,,,0.000,clean,010d93fae88e,3
12517,kurves,kurves,𐌊𐌖𐌓𐌅𐌄𐌔,kurves,,,,1.000,clean,7052dbfbfb3a,1
12519,ma<t>nie,ma<t>nie,𐌌𐌀<𐌕>𐌍𐌉𐌄,,,,,0.000,clean,6a7a53553699,1
12522,emenpekape----nuner,emenpekape----nuner,𐌄𐌌𐌄𐌍𐌐𐌄𐌊𐌀𐌐𐌄----𐌍𐌖𐌍𐌄𐌓,,,,,0.000,clean,4a78f819f6c0,1
12526,pasu,pasu,𐌐𐌀𐌔𐌖,pasu,,,,1.000,clean,fb873e487179,1
12539,nuzlanu(s),nuzlanu(s),𐌍𐌖𐌆𐌋𐌀𐌍𐌖(𐌔),,,,,0.000,clean,6765a52d87ab,1
12542,spazuai,spazuai,𐌔𐌐𐌀𐌆𐌖𐌀𐌉,spazuai,a-little-plate,,,1.000,clean,a8e9f496a9af,1
12547,fulnei(al) rafanesa,fulnei(al) rafanesa,𐌚𐌖𐌋𐌍𐌄𐌉(𐌀𐌋) 𐌓𐌀𐌚𐌀𐌍𐌄𐌔𐌀,rafanesa,,,,0.500,clean,c5706bf58daf,1
12551,minil--uchuafiepaithin--smuluvan------mlaka----,minil--uχuafiepaiθin--smuluvan------mlaka----,𐌌𐌉𐌍𐌉𐌋--𐌖𐌙𐌖𐌀𐌚𐌉𐌄𐌐𐌀𐌉𐌈𐌉𐌍--𐌔𐌌𐌖𐌋𐌖𐌅𐌀𐌍------𐌌𐌋𐌀𐌊𐌀----,,,,,0.000,clean,14cf34ce8177,1
12560,a(vl)e(s),a(vl)e(s),𐌀(𐌅𐌋)𐌄(𐌔),,,,,0.000,clean,7838f4239bd4,1
12616,cutu(s),cutu(s),𐌂𐌖𐌕𐌖(𐌔),,,,,0.000,clean,c9e9c461a759,1
12619,cutu aneinial,cutu aneinial,𐌂𐌖𐌕𐌖 𐌀𐌍𐌄𐌉𐌍𐌉𐌀𐌋,cutu aneinial,,,,1.000,clean,8628d188e65e,1
12624,cutu velcznial,cutu velcznial,𐌂𐌖𐌕𐌖 𐌅𐌄𐌋𐌂𐌆𐌍𐌉𐌀𐌋,cutu velcznial,,,,1.000,clean,989142446b2f,1
12785,laran,laran,𐌋𐌀𐌓𐌀𐌍,laran,thegodmars,,,1.000,clean,6f39d5c0dd9c,4
12625,cutu ar(nthus),cutu ar(nθus),𐌂𐌖𐌕𐌖 𐌀𐌓(𐌍𐌈𐌖𐌔),cutu,,,,0.500,clean,058434414471,1
12636,se(th) cutu tetn(i)al,se(θ) cutu tetn(i)al,𐌔𐌄(𐌈) 𐌂𐌖𐌕𐌖 𐌕𐌄𐌕𐌍(𐌉)𐌀𐌋,cutu,,,,0.333,clean,8b2f6bc86b7d,1
12637,cutu v(e)l(us) talp(i)al,cutu v(e)l(us) talp(i)al,𐌂𐌖𐌕𐌖 𐌅(𐌄)𐌋(𐌖𐌔) 𐌕𐌀𐌋𐌐(𐌉)𐌀𐌋,cutu,,,,0.333,clean,6b436d8456a6,1
12644,cutu catrni(a)l,cutu catrni(a)l,𐌂𐌖𐌕𐌖 𐌂𐌀𐌕𐌓𐌍𐌉(𐌀)𐌋,cutu,,,,0.500,clean,a0f14258d2ca,1
12648,cutu ar(nthus) petinat(i)al,cutu ar(nθus) petinat(i)al,𐌂𐌖𐌕𐌖 𐌀𐌓(𐌍𐌈𐌖𐌔) 𐌐𐌄𐌕𐌉𐌍𐌀𐌕(𐌉)𐌀𐌋,cutu,,,,0.333,clean,d10f6c4bc20a,1
12661,fi,fi,𐌚𐌉,fi,,,,1.000,clean,b4bdc8481097,1
12663,--alinaa,--alinaa,--𐌀𐌋𐌉𐌍𐌀𐌀,,,,,0.000,clean,a3f8d26b9580,1
12671,xxxxxxxxxxxxxxxxx,xxxxxxxxxxxxxxxxx,𐌗𐌗𐌗𐌗𐌗𐌗𐌗𐌗𐌗𐌗𐌗𐌗𐌗𐌗𐌗𐌗𐌗,xxxxxxxxxxxxxxxxx,,,,1.000,clean,d04fd59f3d9a,1
12676,<caica>,<caica>,<𐌂𐌀𐌉𐌂𐌀>,,,,,0.000,clean,66f2de254de1,1
12677,casrtos,casrtos,𐌂𐌀𐌔𐌓𐌕𐌏𐌔,casrtos,,,,1.000,clean,7662dcd72a98,1
12679,aunasathi,aunasaθi,𐌀𐌖𐌍𐌀𐌔𐌀𐌈𐌉,aunasaθi,,,,1.000,clean,3ec97f7da11d,1
12692,miuselesfeisus,miuselesfeisus,𐌌𐌉𐌖𐌔𐌄𐌋𐌄𐌔𐌚𐌄𐌉𐌔𐌖𐌔,miuselesfeisus,,,,1.000,clean,506ec75147d5,1
12693,aparn,aparn,𐌀𐌐𐌀𐌓𐌍,aparn,,,,1.000,clean,11692770af6d,1
12694,miveneluscizielnasleith,miveneluscizielnasleiθ,𐌌𐌉𐌅𐌄𐌍𐌄𐌋𐌖𐌔𐌂𐌉𐌆𐌉𐌄𐌋𐌍𐌀𐌔𐌋𐌄𐌉𐌈,miveneluscizielnasleiθ,imr-venelsthrice,,,1.000,clean,3e5fcb184502,1
1271,l(ar)th cultana,l(ar)θ cultana,𐌋(𐌀𐌓)𐌈 𐌂𐌖𐌋𐌕𐌀𐌍𐌀,cultana,,,,0.500,clean,1ec9436659d8,1
12720,mipeith,mipeiθ,𐌌𐌉𐌐𐌄𐌉𐌈,mipeiθ,,,,1.000,clean,f2d5c48528ce,1
12721,----tatmeisiac----------,----tatmeisiac----------,----𐌕𐌀𐌕𐌌𐌄𐌉𐌔𐌉𐌀𐌂----------,,to-mrs-tatmeito-mr-,,,0.000,clean,3376c9e48874,1
12724,------ux------,------ux------,------𐌖𐌗------,,------ux------,,,0.000,clean,07302499974f,1
12737,esial,esial,𐌄𐌔𐌉𐌀𐌋,esial,,,,1.000,clean,3be4133a849f,1
12763,mn u,mn u,𐌌𐌍 𐌖,mn u,unu,,,1.000,clean,f6944e6f3a3c,1
1278,tlesnai(al),tlesnai(al),𐌕𐌋𐌄𐌔𐌍𐌀𐌉(𐌀𐌋),,,,,0.000,clean,76e43f60ea87,1
12789,mi mlach mlakasi arthus(i) elaivana,mi mlaχ mlakasi arθus(i) elaivana,𐌌𐌉 𐌌𐌋𐌀𐌙 𐌌𐌋𐌀𐌊𐌀𐌔𐌉 𐌀𐌓𐌈𐌖𐌔(𐌉) 𐌄𐌋𐌀𐌉𐌅𐌀𐌍𐌀,mi mlaχ mlakasi elaivana,,,,0.800,clean,4f2bbfbcf741,1
12806,nakaskevelsm--,nakaskevelsm--,𐌍𐌀𐌊𐌀𐌔𐌊𐌄𐌅𐌄𐌋𐌔𐌌--,,,,,0.000,clean,68ae8a370125,1
12807,miuknana,miuknana,𐌌𐌉𐌖𐌊𐌍𐌀𐌍𐌀,miuknana,,,,1.000,clean,0d355a658b7d,1
12813,tusnas,tusnas,𐌕𐌖𐌔𐌍𐌀𐌔,tusnas,,,,1.000,clean,eb239b0e9fc2,1
12816,petini,petini,𐌐𐌄𐌕𐌉𐌍𐌉,petini,,,,1.000,clean,9324fd51cedf,1
12821,lein(i)al,lein(i)al,𐌋𐌄𐌉𐌍(𐌉)𐌀𐌋,,,,,0.000,clean,2d55cd7227c5,1
12836,celias,celias,𐌂𐌄𐌋𐌉𐌀𐌔,celias,mrs-pesneis,,,1.000,clean,c9c32e07186a,1
12838,cenc(i)al,cenc(i)al,𐌂𐌄𐌍𐌂(𐌉)𐌀𐌋,,,,,0.000,clean,6d47db901d74,1
12840,saei(al) clapana(s),saei(al) clapana(s),𐌔𐌀𐌄𐌉(𐌀𐌋) 𐌂𐌋𐌀𐌐𐌀𐌍𐌀(𐌔),,,,,0.000,clean,a023a65520a7,1
12844,m{n}<i>,m{n}<i>,𐌌{𐌍}<𐌉>,,,,,0.000,clean,5aaeedb9c831,1
1285,th(an)a,θ(an)a,𐌈(𐌀𐌍)𐌀,,,,,0.000,clean,a094f7fd3c3a,4
1286,pruciunia ar(nthus),pruciunia ar(nθus),𐌐𐌓𐌖𐌂𐌉𐌖𐌍𐌉𐌀 𐌀𐌓(𐌍𐌈𐌖𐌔),pruciunia,,,,0.500,clean,248ab4e3352a,1
12885,miuves,miuves,𐌌𐌉𐌖𐌅𐌄𐌔,miuves,,,,1.000,clean,b838e647d303,1
12897,ceie,ceie,𐌂𐌄𐌉𐌄,ceie,,,,1.000,clean,fe8edaa0aa60,1
12899,ferlc,ferlc,𐌚𐌄𐌓𐌋𐌂,ferlc,,,,1.000,clean,dc379f98ba23,1
12901,aithna,aiθna,𐌀𐌉𐌈𐌍𐌀,aiθna,,,,1.000,clean,217756cbda36,1
12906,aciles,aciles,𐌀𐌂𐌉𐌋𐌄𐌔,aciles,,,,1.000,clean,2079ceec4b9c,1
12912,tamun,tamun,𐌕𐌀𐌌𐌖𐌍,tamun,,,,1.000,clean,f90131e64256,1
12924,menucithu,menuciθu,𐌌𐌄𐌍𐌖𐌂𐌉𐌈𐌖,menuciθu,,,,1.000,clean,cb28a427fc84,1
12959,cutu viscial,cutu viscial,𐌂𐌖𐌕𐌖 𐌅𐌉𐌔𐌂𐌉𐌀𐌋,cutu viscial,,,,1.000,clean,ff709247c0d4,1
12980,munain(i)al,munain(i)al,𐌌𐌖𐌍𐌀𐌉𐌍(𐌉)𐌀𐌋,,,,,0.000,clean,079a730848b0,1
12987,lecnes,lecnes,𐌋𐌄𐌂𐌍𐌄𐌔,lecnes,mr-lecnes,,,1.000,clean,6ff200bf679a,1
12999,larthi calunei(al) veizasa,larθi calunei(al) veizasa,𐌋𐌀𐌓𐌈𐌉 𐌂𐌀𐌋𐌖𐌍𐌄𐌉(𐌀𐌋) 𐌅𐌄𐌉𐌆𐌀𐌔𐌀,larθi veizasa,,,,0.667,clean,c0e4d806474c,1
13,milarissanesnas,milarissanesnas,𐌌𐌉𐌋𐌀𐌓𐌉𐌔𐌔𐌀𐌍𐌄𐌔𐌍𐌀𐌔,milarissanesnas,,,,1.000,clean,01fb5b23ee6e,1
1310,sepre(sa),sepre(sa),𐌔𐌄𐌐𐌓𐌄(𐌔𐌀),,,,,0.000,clean,fb722b25da72,1
1311,l(ar)th velsi(al) a(rn)th(us),l(ar)θ velsi(al) a(rn)θ(us),𐌋(𐌀𐌓)𐌈 𐌅𐌄𐌋𐌔𐌉(𐌀𐌋) 𐌀(𐌓𐌍)𐌈(𐌖𐌔),,mr-larthtitemrs-velsismr-arnths,,,0.000,clean,d8b97760561d,1
1316,causlini(e)sa,causlini(e)sa,𐌂𐌀𐌖𐌔𐌋𐌉𐌍𐌉(𐌄)𐌔𐌀,,,,,0.000,clean,2b9eb9b672f1,1
1324,a(rn)th cupsna,a(rn)θ cupsna,𐌀(𐌓𐌍)𐌈 𐌂𐌖𐌐𐌔𐌍𐌀,cupsna,,,,0.500,clean,8318cc3c398b,1
1325,larthi cnevi(al) cupsnasa,larθi cnevi(al) cupsnasa,𐌋𐌀𐌓𐌈𐌉 𐌂𐌍𐌄𐌅𐌉(𐌀𐌋) 𐌂𐌖𐌐𐌔𐌍𐌀𐌔𐌀,larθi cupsnasa,,,,0.667,clean,931a27a8a38f,1
1326,th(an)a cupslnei(al),θ(an)a cupslnei(al),𐌈(𐌀𐌍)𐌀 𐌂𐌖𐌐𐌔𐌋𐌍𐌄𐌉(𐌀𐌋),,,,,0.000,clean,5a06631ae354,1
1329,ferinial,ferinial,𐌚𐌄𐌓𐌉𐌍𐌉𐌀𐌋,ferinial,,,,1.000,clean,613dc1d49811,1
1339,velthurias,velθurias,𐌅𐌄𐌋𐌈𐌖𐌓𐌉𐌀𐌔,velθurias,,,,1.000,clean,c39ec1d500b5,1
134,hermaeii t(iti),hermaeii t(iti),𐌇𐌄𐌓𐌌𐌀𐌄𐌉𐌉 𐌕(𐌉𐌕𐌉),hermaeii,,,,0.500,clean,e277932e1eee,1
1341,farpitia,farpitia,𐌚𐌀𐌓𐌐𐌉𐌕𐌉𐌀,farpitia,,,,1.000,clean,f0cd4e81f135,1
1342,purni(al),purni(al),𐌐𐌖𐌓𐌍𐌉(𐌀𐌋),,,,,0.000,clean,271520d2e58b,2
1343,a(rn)th purni(al),a(rn)θ purni(al),𐌀(𐌓𐌍)𐌈 𐌐𐌖𐌓𐌍𐌉(𐌀𐌋),,,,,0.000,clean,c9b78b20ae9e,1
1348,piuti(al) puruni(e)sa,piuti(al) puruni(e)sa,𐌐𐌉𐌖𐌕𐌉(𐌀𐌋) 𐌐𐌖𐌓𐌖𐌍𐌉(𐌄)𐌔𐌀,,,,,0.000,clean,9c4eb8480d04,1
1351,arnti purni(al) a(rn)th(us),arnti purni(al) a(rn)θ(us),𐌀𐌓𐌍𐌕𐌉 𐌐𐌖𐌓𐌍𐌉(𐌀𐌋) 𐌀(𐌓𐌍)𐌈(𐌖𐌔),arnti,,,,0.333,clean,8fbdcce94d41,1
1363,larthi capsnei(al),larθi capsnei(al),𐌋𐌀𐌓𐌈𐌉 𐌂𐌀𐌐𐌔𐌍𐌄𐌉(𐌀𐌋),larθi,,,,0.500,clean,98d758df9d29,1
1364,f(asti)a peithi(al) cupsnasa,f(asti)a peiθi(al) cupsnasa,𐌚(𐌀𐌔𐌕𐌉)𐌀 𐌐𐌄𐌉𐌈𐌉(𐌀𐌋) 𐌂𐌖𐌐𐌔𐌍𐌀𐌔𐌀,cupsnasa,,,,0.333,clean,45ba7bac34a0,1
1371,pepruni(al) thui,pepruni(al) θui,𐌐𐌄𐌐𐌓𐌖𐌍𐌉(𐌀𐌋) 𐌈𐌖𐌉,θui,,,,0.500,clean,d24bbab7a13d,1
1377,a{ }rnth a(rn)th(us),a{ }rnθ a(rn)θ(us),𐌀{ }𐌓𐌍𐌈 𐌀(𐌓𐌍)𐌈(𐌖𐌔),,,,,0.000,clean,fd24bd08a7b8,1
13833,chur,χur,𐌙𐌖𐌓,χur,,,,1.000,clean,17c7171b039b,1
1386,l(ar)th pulfnasa,l(ar)θ pulfnasa,𐌋(𐌀𐌓)𐌈 𐌐𐌖𐌋𐌚𐌍𐌀𐌔𐌀,pulfnasa,mr-larthmrs-matausneis,,,0.500,clean,00ae4e63baea,1
13867,pverstlve,pverstlve,𐌐𐌅𐌄𐌓𐌔𐌕𐌋𐌅𐌄,pverstlve,,,,1.000,clean,87769dc51513,1
1388,larthi,larθi,𐌋𐌀𐌓𐌈𐌉,larθi,mrs-larthimrs-vethneis,,,1.000,clean,43cc77e6a66a,8
13887,[a a ploughshare],[a a ploughśare],,a,,,,0.333,clean,fc50be6e61ba,1
13888,---ziu,---ziu,---𐌆𐌉𐌖,,,,,0.000,clean,715d31ef7b93,1
13893,caviesfuzecena,caviesfuzecena,𐌂𐌀𐌅𐌉𐌄𐌔𐌚𐌖𐌆𐌄𐌂𐌄𐌍𐌀,caviesfuzecena,,,,1.000,clean,10f65a1670f2,1
13894,ca--s,ca--s,𐌂𐌀--𐌔,,of-mr-cae,,,0.000,clean,0ab2b186c3d0,1
13901,sterthinas,sterθinas,𐌔𐌕𐌄𐌓𐌈𐌉𐌍𐌀𐌔,sterθinas,,,,1.000,clean,7f793c952382,1
13903,miavlesmi,miavlesmi,𐌌𐌉𐌀𐌅𐌋𐌄𐌔𐌌𐌉,miavlesmi,,,,1.000,clean,ed56a383901f,1
13910,spuninasii,spuninasii,𐌔𐌐𐌖𐌍𐌉𐌍𐌀𐌔𐌉𐌉,spuninasii,,,,1.000,clean,21808ca57681,1
13914,velciena,velciena,𐌅𐌄𐌋𐌂𐌉𐌄𐌍𐌀,velciena,,,,1.000,clean,df75916c34cc,1
13916,thanas,θanas,𐌈𐌀𐌍𐌀𐌔,θanas,,,,1.000,clean,529bf0fae9b6,5
13919,------------atalis,------------atalis,------------𐌀𐌕𐌀𐌋𐌉𐌔,,mr-marcuslatiniusnatalis,,,0.000,clean,92e1d0cc5939,1
13931,fumethen,fumeθen,𐌚𐌖𐌌𐌄𐌈𐌄𐌍,fumeθen,mr-velthane,,,1.000,clean,f6aef83c9a77,1
13932,fmirethu,fmireθu,𐌚𐌌𐌉𐌓𐌄𐌈𐌖,fmireθu,zfumland-this,,,1.000,clean,987bfc9bbb54,1
13933,ka{e}<v>nelnas,ka{e}<v>nelnas,𐌊𐌀{𐌄}<𐌅>𐌍𐌄𐌋𐌍𐌀𐌔,,mr-kavnelnas,,,0.000,clean,5c5aeea6762d,1
13991,velchana,velχana,𐌅𐌄𐌋𐌙𐌀𐌍𐌀,velχana,mr-velchana,,,1.000,clean,ec7c534b6fc6,1
13993,narani,narani,𐌍𐌀𐌓𐌀𐌍𐌉,narani,herelies,,,1.000,clean,64c8a257fe79,1
13997,zice,zice,𐌆𐌉𐌂𐌄,zice,reversodid-write,,,1.000,clean,cba52eb715dc,1
13998,afilia(s),afilia(s),𐌀𐌚𐌉𐌋𐌉𐌀(𐌔),,mr-afiliasdaughters,,,0.000,clean,c9d81e9e719c,1
140,--------xi--------------os,--------xi--------------os,--------𐌗𐌉--------------𐌏𐌔,,mr-luciussgrandsonhe-livedfor-years,,,0.000,clean,f1b882b121e6,1
14032,sp(uriesasa) s(ethusasasa),sp(uriesasa) s(eθusasasa),𐌔𐌐(𐌖𐌓𐌉𐌄𐌔𐌀𐌔𐌀) 𐌔(𐌄𐌈𐌖𐌔𐌀𐌔𐌀𐌔𐌀),,mr-marcemr-arnths,,,0.000,clean,0cf91196996c,1
14041,tl,tl,𐌕𐌋,tl,,,,1.000,clean,e66016570cfa,1
14044,ichi,iχi,𐌉𐌙𐌉,iχi,,,,1.000,clean,13659888907f,2
14060,riti,riti,𐌓𐌉𐌕𐌉,riti,,,,1.000,clean,da1e76ff28b2,2
14072,tutnei(al) velsi(e)sa,tutnei(al) velsi(e)sa,𐌕𐌖𐌕𐌍𐌄𐌉(𐌀𐌋) 𐌅𐌄𐌋𐌔𐌉(𐌄)𐌔𐌀,,,,,0.000,clean,b9dcb47ac158,1
14162,ii,ii,𐌉𐌉,ii,facevaluetwentyunitsortwodrachmas,,,1.000,clean,5d7f49449ab2,3
14172,fl,fl,𐌚𐌋,fl,populonia,,,1.000,clean,593f2d04aab2,1
14196,ecotillie,ecotillie,𐌄𐌂𐌏𐌕𐌉𐌋𐌋𐌉𐌄,ecotillie,,,,1.000,clean,79495624b6d3,1
14198,------naies,------naies,------𐌍𐌀𐌉𐌄𐌔,,,,,0.000,clean,4b564d06ac44,1
1434,clepatra,clepatra,𐌂𐌋𐌄𐌐𐌀𐌕𐌓𐌀,clepatra,mr-clepatra,,,1.000,clean,a4c249686f6b,1
14430,p(achn)a(s),p(aχn)a(s),𐌐(𐌀𐌙𐌍)𐌀(𐌔),,,,,0.000,clean,2babaf4aae1e,1
14434,ar(nthus),ar(nθus),𐌀𐌓(𐌍𐌈𐌖𐌔),,,,,0.000,clean,a3c93500b5ee,10
14438,n(umia)l,n(umia)l,𐌍(𐌖𐌌𐌉𐌀)𐌋,,,,,0.000,clean,4834fcb3cc47,1
14442,r(amth)i(al),r(amθ)i(al),𐌓(𐌀𐌌𐌈)𐌉(𐌀𐌋),,,,,0.000,clean,34682eee7a3e,3
1445,prcesa,prcesa,𐌐𐌓𐌂𐌄𐌔𐌀,prcesa,,,,1.000,clean,49e6eee8bb48,1
14450,hert(i),hert(i),𐌇𐌄𐌓𐌕(𐌉),,,,,0.000,clean,1376f68e138b,1
14470,spuarin(i)al,spuarin(i)al,𐌔𐌐𐌖𐌀𐌓𐌉𐌍(𐌉)𐌀𐌋,,,,,0.000,clean,1ca3cfe8c743,1
14486,vincinas,vincinas,𐌅𐌉𐌍𐌂𐌉𐌍𐌀𐌔,vincinas,of-mr-marcevincinainhopeto-the-dictator,,,1.000,clean,6810f8969dfc,1
14489,a(r)nthi,a(r)nθi,𐌀(𐌓)𐌍𐌈𐌉,,,,,0.000,clean,488e8e0bebc2,1
14494,iiiitiiii,iiiitiiii,𐌉𐌉𐌉𐌉𐌕𐌉𐌉𐌉𐌉,iiiitiiii,,,,1.000,clean,ad7b5340e447,1
14504,chaisurus,χaisurus,𐌙𐌀𐌉𐌔𐌖𐌓𐌖𐌔,χaisurus,,,,1.000,clean,f6e1d38fc039,1
14507,kleimuntei(e)s,kleimuntei(e)s,𐌊𐌋𐌄𐌉𐌌𐌖𐌍𐌕𐌄𐌉(𐌄)𐌔,,kleimunteie,,,0.000,clean,f2fe196ebbd8,1
14508,a(rnthial),a(rnθial),𐌀(𐌓𐌍𐌈𐌉𐌀𐌋),,msarnthis,,,0.000,clean,348cedc0cd11,11
1451,fastia cumeruniasa,fastia cumeruniasa,𐌚𐌀𐌔𐌕𐌉𐌀 𐌂𐌖𐌌𐌄𐌓𐌖𐌍𐌉𐌀𐌔𐌀,fastia cumeruniasa,,,,1.000,clean,945e270f51bf,1
14517,ritieikanlsa,ritieikanlsa,𐌓𐌉𐌕𐌉𐌄𐌉𐌊𐌀𐌍𐌋𐌔𐌀,ritieikanlsa,,,,1.000,clean,42b23001dbbd,1
14518,triafis,triafis,𐌕𐌓𐌉𐌀𐌚𐌉𐌔,triafis,mr-ritiemetinu,,,1.000,clean,bfa7a6818884,1
14521,ritapepemaissinake,ritapepemaissinake,𐌓𐌉𐌕𐌀𐌐𐌄𐌐𐌄𐌌𐌀𐌉𐌔𐌔𐌉𐌍𐌀𐌊𐌄,ritapepemaissinake,,,,1.000,clean,d17698269707,1
14524,estuapeafir------,estuapeafir------,𐌄𐌔𐌕𐌖𐌀𐌐𐌄𐌀𐌚𐌉𐌓------,,by-mr-estuaafiria,,,0.000,clean,d36abb102d72,1
14526,esiuimnuniuri,esiuimnuniuri,𐌄𐌔𐌉𐌖𐌉𐌌𐌍𐌖𐌍𐌉𐌖𐌓𐌉,esiuimnuniuri,,,,1.000,clean,5d9109a64540,1
14527,arisaeki,arisaeki,𐌀𐌓𐌉𐌔𐌀𐌄𐌊𐌉,arisaeki,,,,1.000,clean,4499491a0158,1
14532,achlipiap------,aχlipiap------,𐌀𐌙𐌋𐌉𐌐𐌉𐌀𐌐------,,ms-achli-herselfher-fathermrlarths,,,0.000,clean,a5f06121107d,1
14535,ustisa,ustisa,𐌖𐌔𐌕𐌉𐌔𐌀,ustisa,,,,1.000,clean,2a44370556bd,1
14548,pirikanisnu,pirikanisnu,𐌐𐌉𐌓𐌉𐌊𐌀𐌍𐌉𐌔𐌍𐌖,pirikanisnu,,,,1.000,clean,982797c767b0,1
14550,perana,perana,𐌐𐌄𐌓𐌀𐌍𐌀,perana,,,,1.000,clean,c1313bf9bef0,1
14555,tiliaiitl,tiliaiitl,𐌕𐌉𐌋𐌉𐌀𐌉𐌉𐌕𐌋,tiliaiitl,,,,1.000,clean,7eaa99535606,1
14557,nakinatarisakvil,nakinatarisakvil,𐌍𐌀𐌊𐌉𐌍𐌀𐌕𐌀𐌓𐌉𐌔𐌀𐌊𐌅𐌉𐌋,nakinatarisakvil,,,,1.000,clean,2f24ca3d6b8a,1
14558,klu--thurus,klu--θurus,𐌊𐌋𐌖--𐌈𐌖𐌓𐌖𐌔,,,,,0.000,clean,500d9a7979c3,1
14559,ititi,ititi,𐌉𐌕𐌉𐌕𐌉,ititi,ms-titi,,,1.000,clean,1e342bae49e2,1
14572,novinvs,novinvs,𐌍𐌏𐌅𐌉𐌍𐌅𐌔,novinvs,,,,1.000,clean,2c7566b4571a,1
14573,amcenas,amcenas,𐌀𐌌𐌂𐌄𐌍𐌀𐌔,amcenas,mr-apunissleepsapieeiirmeiiin,,,1.000,clean,62d7d6e62c5e,1
14574,a{b},a{b},𐌀{𐌁},,mr-luciusssonmurderedby,,,0.000,clean,fb8e20fc2e4c,1
14576,l(ar)ch,l(ar)χ,𐌋(𐌀𐌓)𐌙,,mr-larchmrs-fepnismr-lariss,,,0.000,clean,ee6c0da38f47,4
14591,l(ar)ch(us),l(ar)χ(us),𐌋(𐌀𐌓)𐌙(𐌖𐌔),,mr-larismrs-fepnis,,,0.000,clean,6c8f5f943318,2
14621,cupru{m}<s>,cupru{m}<s>,𐌂𐌖𐌐𐌓𐌖{𐌌}<𐌔>,,,,,0.000,clean,a2d2badc48b3,1
14635,larzu,larzu,𐌋𐌀𐌓𐌆𐌖,larzu,,,,1.000,clean,68e1bcf95609,1
14636,uch(u)s,uχ(u)s,𐌖𐌙(𐌖)𐌔,,,,,0.000,clean,73dde691d8c9,6
14638,veichno,veiχno,𐌅𐌄𐌉𐌙𐌍𐌏,veiχno,,,,1.000,clean,7631f0f16866,1
1465,cierini(al),cierini(al),𐌂𐌉𐌄𐌓𐌉𐌍𐌉(𐌀𐌋),,,,,0.000,clean,c2ca924a137c,1
14650,nx,nx,𐌍𐌗,nx,zz,,,1.000,clean,e5b564a7a405,1
14651,tzkostoutispu,tzkostoutispu,𐌕𐌆𐌊𐌏𐌔𐌕𐌏𐌖𐌕𐌉𐌔𐌐𐌖,tzkostoutispu,for-kupaemr-soiozenoss,,,1.000,clean,6c602d41f420,1
14652,fuflunu(s),fuflunu(s),𐌚𐌖𐌚𐌋𐌖𐌍𐌖(𐌔),,the-god-bacchus,,,0.000,clean,fa9a66357bd1,1
14658,a(vilu),a(vilu),𐌀(𐌅𐌉𐌋𐌖),,mr-avilu,,,0.000,clean,9d9aa65be1a1,1
14659,loirixx,loirixx,𐌋𐌏𐌉𐌓𐌉𐌗𐌗,loirixx,,,,1.000,clean,127a1f86ed54,1
14665,ialikouesi,ialikouesi,𐌉𐌀𐌋𐌉𐌊𐌏𐌖𐌄𐌔𐌉,ialikouesi,,,,1.000,clean,f479864e895d,1
14668,ieiukoue,ieiukoue,𐌉𐌄𐌉𐌖𐌊𐌏𐌖𐌄,ieiukoue,,,,1.000,clean,2e513c0c4756,1
14669,kasios,kasios,𐌊𐌀𐌔𐌉𐌏𐌔,kasios,,,,1.000,clean,8ad15945cc70,2
14671,kasios,kasios,𐌊𐌀𐌔𐌉𐌏𐌔,kasios,kasios,,,1.000,clean,8ad15945cc70,2
14674,arimn,arimn,𐌀𐌓𐌉𐌌𐌍,arimn,,,,1.000,clean,965401d8bee5,1
14678,ankvenesankariateveiiae,ankvenesankariateveiiae,𐌀𐌍𐌊𐌅𐌄𐌍𐌄𐌔𐌀𐌍𐌊𐌀𐌓𐌉𐌀𐌕𐌄𐌅𐌄𐌉𐌉𐌀𐌄,ankvenesankariateveiiae,,,,1.000,clean,585a366813c1,1
14687,vcina,vcina,𐌅𐌂𐌉𐌍𐌀,vcina,,,,1.000,clean,e6865ab39820,1
14689,apolenei,apolenei,𐌀𐌐𐌏𐌋𐌄𐌍𐌄𐌉,apolenei,,,,1.000,clean,43b66655a12d,1
14705,pinie arnthi(al),pinie arnθi(al),𐌐𐌉𐌍𐌉𐌄 𐌀𐌓𐌍𐌈𐌉(𐌀𐌋),pinie,mr-larispiniemrs-arnthismrs-apunis-daughtershusbandapunal,,,0.500,clean,2bcbf4765725,1
14711,su--------m------------------------,su--------m------------------------,𐌔𐌖--------𐌌------------------------,,----------------r--------mrs-,,,0.000,clean,09f5ffef2830,1
14719,p(etr)u,p(etr)u,𐌐(𐌄𐌕𐌓)𐌖,,little-cupownsmr-tita,,,0.000,clean,dc7cbd28fc3b,3
14735,z(ilc),z(ilc),𐌆(𐌉𐌋𐌂),,,,,0.000,clean,1897eab2533f,2
14745,u(chu),u(χu),𐌖(𐌙𐌖),,mr-uchu,,,0.000,clean,425eeb8f3a39,3
14763,fatrencu(s),fatrencu(s),𐌚𐌀𐌕𐌓𐌄𐌍𐌂𐌖(𐌔),,fatrencus,,,0.000,clean,b59eedb2aa66,1
14767,ramtha(s) f(atrencusa),ramθa(s) f(atrencusa),𐌓𐌀𐌌𐌈𐌀(𐌔) 𐌚(𐌀𐌕𐌓𐌄𐌍𐌂𐌖𐌔𐌀),,,,,0.000,clean,05940cd0be8e,1
14784,ecasuthitarchaslevialnat------usacniv,ecasuθitarχaslevialnat------usacniv,𐌄𐌂𐌀𐌔𐌖𐌈𐌉𐌕𐌀𐌓𐌙𐌀𐌔𐌋𐌄𐌅𐌉𐌀𐌋𐌍𐌀𐌕------𐌖𐌔𐌀𐌂𐌍𐌉𐌅,,,,,0.000,clean,e5618fea9411,1
14786,arnthialisa,arnθialisa,𐌀𐌓𐌍𐌈𐌉𐌀𐌋𐌉𐌔𐌀,arnθialisa,,,,1.000,clean,6de74c2ea28e,6
14790,z(ilc)e,z(ilc)e,𐌆(𐌉𐌋𐌂)𐌄,,he-held-the-command,,,0.000,clean,0b7c6620ee0a,2
14792,rasenas,rasenas,𐌓𐌀𐌔𐌄𐌍𐌀𐌔,rasenas,rasenas,,,1.000,clean,bfc1ac107e6f,1
14793,------eisupe------,------eisupe------,------𐌄𐌉𐌔𐌖𐌐𐌄------,,,,,0.000,clean,2a288a13828e,1
14795,a--a,a--a,𐌀--𐌀,,mr-aules-daughters-husbandmr-aules-daughters-daughtershusband,,,0.000,clean,961b6dd3ede3,3
14796,setiena,setiena,𐌔𐌄𐌕𐌉𐌄𐌍𐌀,setiena,,,,1.000,clean,3b403c759883,1
14797,sanchuneta,sanχuneta,𐌔𐌀𐌍𐌙𐌖𐌍𐌄𐌕𐌀,sanχuneta,her-sacred,,,1.000,clean,af1029005218,1
14800,nasuni(e)s,nasuni(e)s,𐌍𐌀𐌔𐌖𐌍𐌉(𐌄)𐌔,,,,,0.000,clean,55ab99df968b,1
14814,l(arisusa),l(arisusa),𐌋(𐌀𐌓𐌉𐌔𐌖𐌔𐌀),,of-mr-spitumr-larissmr-lariss-daughtershusband,,,0.000,clean,45c1879181d6,4
14821,suthpranem,suθpranem,𐌔𐌖𐌈𐌐𐌓𐌀𐌍𐌄𐌌,suθpranem,,,,1.000,clean,c3e0acfe84a7,1
14825,paparsi,paparsi,𐌐𐌀𐌐𐌀𐌓𐌔𐌉,paparsi,,,,1.000,clean,06a2433c3feb,1
14827,eterau,eterau,𐌄𐌕𐌄𐌓𐌀𐌖,eterau,,,,1.000,clean,1d762a323270,1
14832,v(elthu)rzi,v(elθu)rzi,𐌅(𐌄𐌋𐌈𐌖)𐌓𐌆𐌉,,ms-little-velthuri,,,0.000,clean,450aa958ed50,1
14833,feiri,feiri,𐌚𐌄𐌉𐌓𐌉,feiri,ms-feiri,,,1.000,clean,121b5d60faae,1
14837,ramthas,ramθas,𐌓𐌀𐌌𐌈𐌀𐌔,ramθas,of-mr-ramtha,,,1.000,clean,5eba80f4b853,8
14840,vennona,vennona,𐌅𐌄𐌍𐌍𐌏𐌍𐌀,vennona,ms-vennona,,,1.000,clean,76c2cccc0ad1,1
14843,alsinas,alsinas,𐌀𐌋𐌔𐌉𐌍𐌀𐌔,alsinas,of-mr-alsina,,,1.000,clean,6cd3bd9a3549,1
14844,paltu,paltu,𐌐𐌀𐌋𐌕𐌖,paltu,mr-paltu,,,1.000,clean,2eff2cb70adc,1
14845,alsin--,alsin--,𐌀𐌋𐌔𐌉𐌍--,,,,,0.000,clean,b985ec7059e9,1
14846,xv,xv,𐌗𐌅,xv,for-,,,1.000,clean,490ddef24b96,2
14892,ma(rce),ma(rce),𐌌𐌀(𐌓𐌂𐌄),,,,,0.000,clean,fead19e2670a,1
14898,arstniia,arstniia,𐌀𐌓𐌔𐌕𐌍𐌉𐌉𐌀,arstniia,,,,1.000,clean,dfeef8de4cc7,1
14920,munatuch,munatuχ,𐌌𐌖𐌍𐌀𐌕𐌖𐌙,munatuχ,thesatyrplayfulness,,,1.000,clean,e771a9821e12,1
14667,iankoue,iankoue,𐌉𐌀𐌍𐌊𐌏𐌖𐌄,iankoue,,,,1.000,clean,ff4da662b1ca,1
14926,aninas arnth(us) velus(a),aninas arnθ(us) velus(a),𐌀𐌍𐌉𐌍𐌀𐌔 𐌀𐌓𐌍𐌈(𐌖𐌔) 𐌅𐌄𐌋𐌖𐌔(𐌀),aninas,of-mr-aninamrarnthsmr-vel,,,0.333,clean,2aa223e82be0,1
14928,zivas,zivas,𐌆𐌉𐌅𐌀𐌔,zivas,of-mr-aninamr-larthsmr-vels-daughtershusbandmrs-little-arnthis,,,1.000,clean,e4c02894c812,1
14930,aninas,aninas,𐌀𐌍𐌉𐌍𐌀𐌔,aninas,the-messengermrs-lethimraninasmrs-larthismr-canthuswife,,,1.000,clean,f9cf76897442,2
15,pui(a)l,pui(a)l,𐌐𐌖𐌉(𐌀)𐌋,,,,,0.000,clean,d058f75779bc,3
15023,velenasmistaslarv,velenasmistaslarv,𐌅𐌄𐌋𐌄𐌍𐌀𐌔𐌌𐌉𐌔𐌕𐌀𐌔𐌋𐌀𐌓𐌅,velenasmistaslarv,,,,1.000,clean,00a39e6ac52d,1
15029,nomelia,nomelia,𐌍𐌏𐌌𐌄𐌋𐌉𐌀,nomelia,ms-nomelia,,,1.000,clean,93dbfceff249,1
15031,titesi,titesi,𐌕𐌉𐌕𐌄𐌔𐌉,titesi,,,,1.000,clean,864a5a11b256,1
15032,tinie,tinie,𐌕𐌉𐌍𐌉𐌄,tinie,,,,1.000,clean,b2ba2027fe81,1
15033,ku,ku,𐌊𐌖,ku,mr-ku,,,1.000,clean,88d178d728e8,3
15045,------esminupitistauchkaana,------esminupitistauχkaana,------𐌄𐌔𐌌𐌉𐌍𐌖𐌐𐌉𐌕𐌉𐌔𐌕𐌀𐌖𐌙𐌊𐌀𐌀𐌍𐌀,,,,,0.000,clean,a6e932478a1d,1
15046,upi,upi,𐌖𐌐𐌉,upi,mr-uchu-himself,,,1.000,clean,cd37d2c8b3ee,2
15056,esiap,esiap,𐌄𐌔𐌉𐌀𐌐,esiap,to-mr-elemr-apia--,,,1.000,clean,afe8be268799,1
15057,utetai,utetai,𐌖𐌕𐌄𐌕𐌀𐌉,utetai,,,,1.000,clean,9c45f35b322b,1
15064,tivu,tivu,𐌕𐌉𐌅𐌖,tivu,ito-mr-aviby-mr-larisvise--,,,1.000,clean,2ff9af94f562,1
15068,miu,miu,𐌌𐌉𐌖,miu,tiv,,,1.000,clean,fcfde1d7205a,1
15069,iiiitiv,iiiitiv,𐌉𐌉𐌉𐌉𐌕𐌉𐌅,iiiitiv,,,,1.000,clean,328713dd0593,1
15085,apmlas,apmlas,𐌀𐌐𐌌𐌋𐌀𐌔,apmlas,mr-thanalecna,,,1.000,clean,935e5979391f,1
15087,usvlisascietiti,usvlisascietiti,𐌖𐌔𐌅𐌋𐌉𐌔𐌀𐌔𐌂𐌉𐌄𐌕𐌉𐌕𐌉,usvlisascietiti,mr-laris--and-mrscai--acasumr-thanas,,,1.000,clean,7a6bd4f4a94d,1
15091,vepui,vepui,𐌅𐌄𐌐𐌖𐌉,vepui,,,,1.000,clean,aa073cbd3049,1
15097,nu,nu,𐌍𐌖,nu,,,,1.000,clean,3086cf468ccc,2
15101,ch(ae)i,χ(ae)i,𐌙(𐌀𐌄)𐌉,,,,,0.000,clean,fc32cd7551e7,1
15102,ls,ls,𐌋𐌔,ls,,,,1.000,clean,c7b68ac37f36,1
15109,si,si,𐌔𐌉,si,,,,1.000,clean,97a62ad21d79,1
1516,remznei(al) viliasa,remznei(al) viliasa,𐌓𐌄𐌌𐌆𐌍𐌄𐌉(𐌀𐌋) 𐌅𐌉𐌋𐌉𐌀𐌔𐌀,viliasa,,,,0.500,clean,519988fe385d,1
1517,thania viliania(s),θania viliania(s),𐌈𐌀𐌍𐌉𐌀 𐌅𐌉𐌋𐌉𐌀𐌍𐌉𐌀(𐌔),θania,,,,0.500,clean,9dd45e047854,1
15174,cacu,cacu,𐌂𐌀𐌂𐌖,cacu,,,,1.000,clean,8d65f99e9407,3
15176,v(en)thu,v(en)θu,𐌅(𐌄𐌍)𐌈𐌖,,,,,0.000,clean,04f0c3b60513,1
1518,v(e)l(ia) v(e)l(us),v(e)l(ia) v(e)l(us),𐌅(𐌄)𐌋(𐌉𐌀) 𐌅(𐌄)𐌋(𐌖𐌔),,mr-veliaviliamr-velsmrs-marcnis,,,0.000,clean,fc4483236b83,1
15182,p(etru),p(etru),𐌐(𐌄𐌕𐌓𐌖),,,,,0.000,clean,dc7cbd28fc3b,3
15188,tupesa(s),tupesa(s),𐌕𐌖𐌐𐌄𐌔𐌀(𐌔),,,,,0.000,clean,0412d08ea7c0,1
15193,ccralnna,ccralnna,𐌂𐌂𐌓𐌀𐌋𐌍𐌍𐌀,ccralnna,,,,1.000,clean,52d6f96b8758,1
15194,{it}ti<ti>,{it}ti<ti>,{𐌉𐌕}𐌕𐌉<𐌕𐌉>,,ms-titi,,,0.000,clean,9f3f2ebdb277,1
15196,chl,χl,𐌙𐌋,χl,,,,1.000,clean,6040da207cda,2
1520,seianti(alisa),seianti(alisa),𐌔𐌄𐌉𐌀𐌍𐌕𐌉(𐌀𐌋𐌉𐌔𐌀),,,,,0.000,clean,992a9a1aa04e,2
15224,prasalpi,prasalpi,𐌐𐌓𐌀𐌔𐌀𐌋𐌐𐌉,prasalpi,mr-chiu,,,1.000,clean,b72aed768501,1
15234,vesatnvs,vesatnvs,𐌅𐌄𐌔𐌀𐌕𐌍𐌅𐌔,vesatnvs,,,,1.000,clean,4307e676b7ab,1
15238,--ulfnal,--ulfnal,--𐌖𐌋𐌚𐌍𐌀𐌋,,,,,0.000,clean,d15dbbbf54d0,1
15243,viscei(al),viscei(al),𐌅𐌉𐌔𐌂𐌄𐌉(𐌀𐌋),,,,,0.000,clean,363dec8a7cf4,1
15244,rusina v(e)lu(s),rusina v(e)lu(s),𐌓𐌖𐌔𐌉𐌍𐌀 𐌅(𐌄)𐌋𐌖(𐌔),rusina,,,,0.500,clean,8bfd694a5d57,1
15249,rusina serturn(i)al,rusina serturn(i)al,𐌓𐌖𐌔𐌉𐌍𐌀 𐌔𐌄𐌓𐌕𐌖𐌓𐌍(𐌉)𐌀𐌋,rusina,,,,0.500,clean,2c27c0a05698,1
15259,carto,carto,𐌂𐌀𐌓𐌕𐌏,carto,cartus,,,1.000,clean,401a1dfd48ac,1
15261,sethresa,seθresa,𐌔𐌄𐌈𐌓𐌄𐌔𐌀,seθresa,mr-sethres-sons-wife,,,1.000,clean,d51273c71363,1
15263,thania velthi(al) cansali(e)sa,θania velθi(al) cansali(e)sa,𐌈𐌀𐌍𐌉𐌀 𐌅𐌄𐌋𐌈𐌉(𐌀𐌋) 𐌂𐌀𐌍𐌔𐌀𐌋𐌉(𐌄)𐌔𐌀,θania,,,,0.333,clean,c21b99c2ee6e,1
15264,a(rn)th therthustn(i)al,a(rn)θ θerθustn(i)al,𐌀(𐌓𐌍)𐌈 𐌈𐌄𐌓𐌈𐌖𐌔𐌕𐌍(𐌉)𐌀𐌋,,,,,0.000,clean,4e864087ea8f,1
15296,alpan,alpan,𐌀𐌋𐌐𐌀𐌍,alpan,thegoddessharmony,,,1.000,clean,54b5f2049477,3
15310,capnpasa,capnpasa,𐌂𐌀𐌐𐌍𐌐𐌀𐌔𐌀,capnpasa,,,,1.000,clean,80ced9a1e723,1
15312,alepu,alepu,𐌀𐌋𐌄𐌐𐌖,alepu,,,,1.000,clean,058430c68b8f,1
15316,ii i,ii i,𐌉𐌉 𐌉,ii i,,,,1.000,clean,92fb6adf4907,1
15317,zaku,zaku,𐌆𐌀𐌊𐌖,zaku,,,,1.000,clean,a9dfcb4d3443,1
15318,vumne,vumne,𐌅𐌖𐌌𐌍𐌄,vumne,,,,1.000,clean,0d4bd250a0b3,1
15342,zi(lchus),zi(lχus),𐌆𐌉(𐌋𐌙𐌖𐌔),,,,,0.000,clean,6e35dc74bf78,1
15347,an(eina),an(eina),𐌀𐌍(𐌄𐌉𐌍𐌀),,,,,0.000,clean,984cdf20484c,1
15354,{rlptch>},{rlptχ>},{𐌓𐌋𐌐𐌕𐌙>},,,,,0.000,clean,3c35ad6e2264,1
15505,mlach,mlaχ,𐌌𐌋𐌀𐌙,mlaχ,,,,1.000,clean,00745c348432,2
15370,egnatvleiae c(aii) l(ibertvs) tyce,egnatvleiae c(aii) l(ibertvs) tyce,,egnatvleiae tyce,ms-egnatuleiasmrcaiussfreedmanmstyceturtellia,,,0.500,clean,542e3398e245,1
15372,raczle,raczle,𐌓𐌀𐌂𐌆𐌋𐌄,raczle,,,,1.000,clean,8bd901adae27,1
15381,thunchulthei,θunχulθei,𐌈𐌖𐌍𐌙𐌖𐌋𐌈𐌄𐌉,θunχulθei,thegoddessthunchulthei,,,1.000,clean,2a1e26373de4,1
15408,arnzas,arnzas,𐌀𐌓𐌍𐌆𐌀𐌔,arnzas,,,,1.000,clean,3c10e214e098,1
1542,--uc----------,--uc----------,--𐌖𐌂----------,,,,,0.000,clean,dbdbc8ce6333,1
15452,caurci a(rn)th(us),caurci a(rn)θ(us),𐌂𐌀𐌖𐌓𐌂𐌉 𐌀(𐌓𐌍)𐌈(𐌖𐌔),caurci,,,,0.500,clean,19b98f3e31ef,1
15458,pesna fastntru(s),pesna fastntru(s),𐌐𐌄𐌔𐌍𐌀 𐌚𐌀𐌔𐌕𐌍𐌕𐌓𐌖(𐌔),pesna,,,,0.500,clean,5c643cfa3581,1
15459,mulvanice,mulvanice,𐌌𐌖𐌋𐌅𐌀𐌍𐌉𐌂𐌄,mulvanice,,,,1.000,clean,ee5bcda3a547,1
1546,matan,matan,𐌌𐌀𐌕𐌀𐌍,matan,of-the-royal-familyand-thefeeding-of-the-burial-urnceremonies-also,,,1.000,clean,112d8a4ffd6d,1
15460,tatha velui(e)s,taθa velui(e)s,𐌕𐌀𐌈𐌀 𐌅𐌄𐌋𐌖𐌉(𐌄)𐌔,taθa,,,,0.500,clean,f0052ffebfaf,1
15469,ti a{ }(ul)es,ti a{ }(ul)es,𐌕𐌉 𐌀{ }(𐌖𐌋)𐌄𐌔,ti,,,,0.333,clean,7d431d5b2c1f,1
15470,thu,θu,𐌈𐌖,θu,here,,,1.000,clean,6c8847e04d7e,2
15473,pulfna,pulfna,𐌐𐌖𐌋𐌚𐌍𐌀,pulfna,,,,1.000,clean,21d86be8a56a,2
15492,ravunthu,ravunθu,𐌓𐌀𐌅𐌖𐌍𐌈𐌖,ravunθu,mr-ravunthu,,,1.000,clean,4134cbf7ec82,1
15497,milarthiastinias,milarθiastinias,𐌌𐌉𐌋𐌀𐌓𐌈𐌉𐌀𐌔𐌕𐌉𐌍𐌉𐌀𐌔,milarθiastinias,,,,1.000,clean,edbc46b0d465,1
15498,qvto-- evotenosio dvenas,qvto-- evotenosio dvenas,𐌒𐌅𐌕𐌏-- 𐌄𐌅𐌏𐌕𐌄𐌍𐌏𐌔𐌉𐌏 𐌃𐌅𐌄𐌍𐌀𐌔,evotenosio dvenas,,,,0.667,clean,7ef534acd9a7,1
15499,pramod epramod,pramod epramod,𐌐𐌓𐌀𐌌𐌏𐌃 𐌄𐌐𐌓𐌀𐌌𐌏𐌃,pramod epramod,fordying-mananddying-womanwine,,,1.000,clean,ba53c33c2640,1
15500,epeaziepallepekapenarvfiavalketiavessalvete sociaiofetchoskaiosvelosamanossalvetosalveseiteiofeteqemeneseiseie,epeaziepallepekapenarvfiavalketiavessalvete sociaiofetχoskaiosvelosamanossalvetosalveseiteiofeteqemeneseiseie,𐌄𐌐𐌄𐌀𐌆𐌉𐌄𐌐𐌀𐌋𐌋𐌄𐌐𐌄𐌊𐌀𐌐𐌄𐌍𐌀𐌓𐌅𐌚𐌉𐌀𐌅𐌀𐌋𐌊𐌄𐌕𐌉𐌀𐌅𐌄𐌔𐌔𐌀𐌋𐌅𐌄𐌕𐌄 𐌔𐌏𐌂𐌉𐌀𐌉𐌏𐌚𐌄𐌕𐌙𐌏𐌔𐌊𐌀𐌉𐌏𐌔𐌅𐌄𐌋𐌏𐌔𐌀𐌌𐌀𐌍𐌏𐌔𐌔𐌀𐌋𐌅𐌄𐌕𐌏𐌔𐌀𐌋𐌅𐌄𐌔𐌄𐌉𐌕𐌄𐌉𐌏𐌚𐌄𐌕𐌄𐌒𐌄𐌌𐌄𐌍𐌄𐌔𐌄𐌉𐌔𐌄𐌉𐌄,epeaziepallepekapenarvfiavalketiavessalvete sociaiofetχoskaiosvelosamanossalvetosalveseiteiofeteqemeneseiseie,,,,1.000,clean,bed4226ae395,1
15507,atanei(al),atanei(al),𐌀𐌕𐌀𐌍𐌄𐌉(𐌀𐌋),,mr-thanamrs-ataneismr-aclinies,,,0.000,clean,55036b0391d7,1
15508,ramtha(s),ramθa(s),𐌓𐌀𐌌𐌈𐌀(𐌔),,ms-culsuni,,,0.000,clean,5eba80f4b853,8
15513,pchzv,pχzv,𐌐𐌙𐌆𐌅,pχzv,,,,1.000,clean,2702c96f6be6,1
15515,unial,unial,𐌖𐌍𐌉𐌀𐌋,unial,see,,,1.000,clean,ec6433937e12,2
15520,kavtha,kavθa,𐌊𐌀𐌅𐌈𐌀,kavθa,thesungodcatha,,,1.000,clean,c528a27c846a,1
15521,cuprias,cuprias,𐌂𐌖𐌐𐌓𐌉𐌀𐌔,cuprias,,,,1.000,clean,ad82ce4066c5,1
15553,ea,ea,𐌄𐌀,ea,mr-ramthuss,,,1.000,clean,8405ae6de3eb,2
15558,miculnaial,miculnaial,𐌌𐌉𐌂𐌖𐌋𐌍𐌀𐌉𐌀𐌋,miculnaial,,,,1.000,clean,d75cb1deab3c,1
15598,felifathn(a),felifaθn(a),𐌚𐌄𐌋𐌉𐌚𐌀𐌈𐌍(𐌀),,,,,0.000,clean,f78e6bebf131,1
15601,puia amce,puia amce,𐌐𐌖𐌉𐌀 𐌀𐌌𐌂𐌄,puia amce,entire-bodyof-wivesmademrs-arnthis,,,1.000,clean,129d89328b6a,1
15616,iesapainache,iesapainaχe,𐌉𐌄𐌔𐌀𐌐𐌀𐌉𐌍𐌀𐌙𐌄,iesapainaχe,,,,1.000,clean,b2b6373931b9,1
15631,sl,sl,𐌔𐌋,sl,,,,1.000,clean,a27154809ada,3
15633,uu,uu,𐌖𐌖,uu,,,,1.000,clean,5afab9a620f6,2
15638,iaiu,iaiu,𐌉𐌀𐌉𐌖,iaiu,iaiu,,,1.000,clean,f97df1709e89,1
15645,frima u,frima u,𐌚𐌓𐌉𐌌𐌀 𐌖,frima u,mr-frima--,,,1.000,clean,d171e3f5644b,1
15647,kativates,kativates,𐌊𐌀𐌕𐌉𐌅𐌀𐌕𐌄𐌔,kativates,mr-kativates,,,1.000,clean,ede012092361,1
15648,reituni nu,reituni nu,𐌓𐌄𐌉𐌕𐌖𐌍𐌉 𐌍𐌖,reituni nu,mr-vachanu,,,1.000,clean,ef6b0f04e3be,1
15649,tichitiisiiixx,tiχitiisiiixx,𐌕𐌉𐌙𐌉𐌕𐌉𐌉𐌔𐌉𐌉𐌉𐌗𐌗,tiχitiisiiixx,,,,1.000,clean,996d28d74168,1
15653,kuninasi,kuninasi,𐌊𐌖𐌍𐌉𐌍𐌀𐌔𐌉,kuninasi,to-mr-kunina,,,1.000,clean,e9561cf6acf8,1
15673,cithui,ciθui,𐌂𐌉𐌈𐌖𐌉,ciθui,,,,1.000,clean,171f4c6d7343,1
15674,eluku,eluku,𐌄𐌋𐌖𐌊𐌖,eluku,,,,1.000,clean,bb3c569b6c89,1
15675,remina,remina,𐌓𐌄𐌌𐌉𐌍𐌀,remina,,,,1.000,clean,bb5643809d41,1
15683,u(ch)upi,u(χ)upi,𐌖(𐌙)𐌖𐌐𐌉,,imr-uchus-himself,,,0.000,clean,1892e29e217e,3
15684,calu,calu,𐌂𐌀𐌋𐌖,calu,,,,1.000,clean,4868a522e9da,2
15687,u(chu)pi,u(χu)pi,𐌖(𐌙𐌖)𐌐𐌉,,mr-uchu-himself,,,0.000,clean,1892e29e217e,3
15688,itiitu,itiitu,𐌉𐌕𐌉𐌉𐌕𐌖,itiitu,,,,1.000,clean,9a0a13f6e571,1
15704,acalactra,acalactra,𐌀𐌂𐌀𐌋𐌀𐌂𐌕𐌓𐌀,acalactra,,,,1.000,clean,91b22e564bce,1
15716,atriu,atriu,𐌀𐌕𐌓𐌉𐌖,atriu,itiscalledanatriuatriumreceptionhallfromtheetruscansofthetownofatriafortheoriginalmodelwasdrawnfromthere,,,1.000,clean,131ff9c12b26,1
15717,athrpa,aθrpa,𐌀𐌈𐌓𐌐𐌀,aθrpa,atalanta,,,1.000,clean,f8f59636c919,1
15721,capriai,capriai,𐌂𐌀𐌐𐌓𐌉𐌀𐌉,capriai,themonthofapriliscalledcapriaiinthelanguageoftheetruscans,,,1.000,clean,7424815653ff,1
15724,a capy capai,a capy capai,,a capy capai,someallegethatcapuaincampaniawasnamedfromacapys--someonewhomourancestorscallafalcofalcononaccountofhisincurvedfeetothersfromtheflatnessoftheregion,,,1.000,clean,a4ae179b34ce,1
15727,celie,celie,𐌂𐌄𐌋𐌉𐌄,celie,themonthofseptemberiscalledcelieinthelanguageoftheetruscans,,,1.000,clean,0a860be92beb,1
15729,i<d aperisv<m>,i<d aperisv<m>,𐌉<𐌃 𐌀𐌐𐌄𐌓𐌉𐌔𐌅<𐌌>,,bythenameofbatracionwildceleryherb,,,0.000,clean,205685b66f0e,1
15734,falae a falatu,falae a falatu,𐌚𐌀𐌋𐌀𐌄 𐌀 𐌚𐌀𐌋𐌀𐌕𐌖,falae a falatu,theyarecalledfalaewoodensiegetowersandsimilarerectionsfromtheirheightfromfalatuwhichamongsttheetruscansmeanssky,,,1.000,clean,b0cb83e1bd31,1
15737,cicaru,cicaru,𐌂𐌉𐌂𐌀𐌓𐌖,cicaru,mikradracontiasomecallitaronotherscallitarisotherscalliteparsisotherscallitparnopogononotherscallitnunozolonotherscallitfoenicionotherscallitunokefalionotherscallitephialtiontheegyptiansebronotherscalliterythmontheromansbetaleporinatheetruscanscicaruthehistrianslagmathedacianskuriumtheafricansateirnoichlamthesyrianscallitlufan,,,1.000,clean,709437f37fb2,1
15739,ermu,ermu,𐌄𐌓𐌌𐌖,ermu,themonthofaugustiscalledermuintheetruscanlanguage,,,1.000,clean,f00a21334f1b,1
15740,fistrie,fistrie,𐌚𐌉𐌔𐌕𐌓𐌉𐌄,fistrie,andbecauseanactorwascalledfistrieamongstthem thenameofhistrionesactorswasappliedtoastageactor,,,1.000,clean,f75e267ac8e7,1
15741,itir,itir,𐌉𐌕𐌉𐌓,itir,idvstheidesfromthefactthattheetruscanscallitirorratherbecausethesabinescallitidvstheides,,,1.000,clean,536b1cd389a6,1
15748,masutipe,masutipe,𐌌𐌀𐌔𐌖𐌕𐌉𐌐𐌄,masutipe,,,,1.000,clean,41e9d6ddee6c,1
15757,trane,trane,𐌕𐌓𐌀𐌍𐌄,trane,intheetruscanlanguagethemonthofjulyiscalledtrane,,,1.000,clean,a8cceb0ae6b0,1
15770,vinvch(o)s venelii(o)s peracis tetet,vinvχ(o)s venelii(o)s peracis tetet,𐌅𐌉𐌍𐌅𐌙(𐌏)𐌔 𐌅𐌄𐌍𐌄𐌋𐌉𐌉(𐌏)𐌔 𐌐𐌄𐌓𐌀𐌂𐌉𐌔 𐌕𐌄𐌕𐌄𐌕,peracis tetet,mr-vinuchosveneliiosperacsthisdid-giveto-mr-venilviniciius,,,0.500,clean,44117ff70ef5,1
15772,s(echc),s(eχc),𐌔(𐌄𐌙𐌂),,,,,0.000,clean,ef566c99f278,1
15776,sesepnas,sesepnas,𐌔𐌄𐌔𐌄𐌐𐌍𐌀𐌔,sesepnas,,,,1.000,clean,3b848fa1f6f1,1
15782,thanei(a)l p(etru)z,θanei(a)l p(etru)z,𐌈𐌀𐌍𐌄𐌉(𐌀)𐌋 𐌐(𐌄𐌕𐌓𐌖)𐌆,,,,,0.000,clean,206209c2d857,1
15784,ar(nthus) percumsne(i)al,ar(nθus) percumsne(i)al,𐌀𐌓(𐌍𐌈𐌖𐌔) 𐌐𐌄𐌓𐌂𐌖𐌌𐌔𐌍𐌄(𐌉)𐌀𐌋,,,,,0.000,clean,84f84e91fd02,1
15789,kuthuapachirechi-------------------------------------------------------------------------------------------------,kuθuapaχireχi-------------------------------------------------------------------------------------------------,𐌊𐌖𐌈𐌖𐌀𐌐𐌀𐌙𐌉𐌓𐌄𐌙𐌉-------------------------------------------------------------------------------------------------,,,,,0.000,clean,287eeb7a6fad,1
15790,aplu,aplu,𐌀𐌐𐌋𐌖,aplu,,,,1.000,clean,012007c76866,4
15794,aninei,aninei,𐌀𐌍𐌉𐌍𐌄𐌉,aninei,,,,1.000,clean,8679f777934a,1
15795,a(rn)th thumiltni(al),a(rn)θ θumiltni(al),𐌀(𐌓𐌍)𐌈 𐌈𐌖𐌌𐌉𐌋𐌕𐌍𐌉(𐌀𐌋),,,,,0.000,clean,5637f7394b73,1
15797,n(ethunsial),n(eθunsial),𐌍(𐌄𐌈𐌖𐌍𐌔𐌉𐌀𐌋),,lawful,,,0.000,clean,a055afa0ce80,1
15800,mi,mi,𐌌𐌉,mi,,,,1.000,clean,eee1c1ade652,9
15801,mi a(rn)th(us),mi a(rn)θ(us),𐌌𐌉 𐌀(𐌓𐌍)𐌈(𐌖𐌔),mi,,,,0.500,clean,83d8146a3f36,1
15803,--iar----,--iar----,--𐌉𐌀𐌓----,,,,,0.000,clean,1dc9df420a3f,1
15805,viiniiris,viiniiris,𐌅𐌉𐌉𐌍𐌉𐌉𐌓𐌉𐌔,viiniiris,,,,1.000,clean,bc30a78c5710,1
15812,es,es,𐌄𐌔,es,ithe-burial-boxof-mrsarunthi,,,1.000,clean,c0bc1e08f974,1
15850,miiapes,miiapes,𐌌𐌉𐌉𐌀𐌐𐌄𐌔,miiapes,,,,1.000,clean,99c254b868a5,1
15861,ecvpa,ecvpa,𐌄𐌂𐌅𐌐𐌀,ecvpa,,,,1.000,clean,3556f30f76b8,1
15864,aif,aif,𐌀𐌉𐌚,aif,for-mr-cavios,,,1.000,clean,f0635ee30ddd,1
15883,(tivas),(tivas),(𐌕𐌉𐌅𐌀𐌔),,thegodbacchus,,,0.000,clean,f7b165cdaa00,1
15884,pr(aetor) ii,pr(aetor) ii,𐌐𐌓(𐌀𐌄𐌕𐌏𐌓) 𐌉𐌉,ii,threw-acrosswith-an-eagletogether-witha-crown,,,0.500,clean,40180c48013a,1
15885,------------vn---------------------------------,------------vn---------------------------------,------------𐌅𐌍---------------------------------,,------------vn---------------------------------,,,0.000,clean,0217e4ba5939,1
15896,aboleto ningvito,aboleto ningvito,,aboleto ningvito,tothegodmarshoriemake-sacrificeonbehalfofthepeopleofgubbioonbehalfofthestateofgubbio,,,1.000,clean,9843d495a4f2,1
15903,--------------sa,--------------sa,--------------𐌔𐌀,,mr-larthetruscamr-arnthsdaughters-husband,,,0.000,clean,4cf6829aa937,2
15904,l(ar)th,l(ar)θ,𐌋(𐌀𐌓)𐌈,,mr-larthmr-satiesmrarus-daughters-husbandmrs-,,,0.000,clean,9f14697d6e9e,8
15907,manturnz(ia)l(isir),manturnz(ia)l(isir),𐌌𐌀𐌍𐌕𐌖𐌓𐌍𐌆(𐌉𐌀)𐌋(𐌉𐌔𐌉𐌓),,to-the-ghosts-of-the-ancestorsa-giftthis-very-one-here,,,0.000,clean,0b757c457932,1
15910,thunem-cialchus-masn-unialti-ursmn(i)al(ti),θunem-cialχus-masn-unialti-ursmn(i)al(ti),𐌈𐌖𐌍𐌄𐌌-𐌂𐌉𐌀𐌋𐌙𐌖𐌔-𐌌𐌀𐌔𐌍-𐌖𐌍𐌉𐌀𐌋𐌕𐌉-𐌖𐌓𐌔𐌌𐌍(𐌉)𐌀𐌋(𐌕𐌉),,----------------------things-displayed,,,0.000,clean,83767fb3ddcb,1
15940,{arnuauete},{arnuauete},{𐌀𐌓𐌍𐌖𐌀𐌖𐌄𐌕𐌄},,,,,0.000,clean,f123659d242d,1
15943,----tesvesis,----tesvesis,----𐌕𐌄𐌔𐌅𐌄𐌔𐌉𐌔,,mr-laris,,,0.000,clean,88975df7d624,1
15950,auletluties,auletluties,𐌀𐌖𐌋𐌄𐌕𐌋𐌖𐌕𐌉𐌄𐌔,auletluties,,,,1.000,clean,7220f1f0c4c2,1
15957,l(ar)th a(rn)th(us),l(ar)θ a(rn)θ(us),𐌋(𐌀𐌓)𐌈 𐌀(𐌓𐌍)𐌈(𐌖𐌔),,,,,0.000,clean,03ccc64aa490,1
15959,caine(s),caine(s),𐌂𐌀𐌉𐌍𐌄(𐌔),,,,,0.000,clean,231a585cc905,1
15960,sentiniatial,sentiniatial,𐌔𐌄𐌍𐌕𐌉𐌍𐌉𐌀𐌕𐌉𐌀𐌋,sentiniatial,,,,1.000,clean,584d2c324be7,1
15964,seiathi(al),seiaθi(al),𐌔𐌄𐌉𐌀𐌈𐌉(𐌀𐌋),,,,,0.000,clean,ac95d48c961a,1
15967,tutnei(al) alethnasi(alisa),tutnei(al) aleθnasi(alisa),𐌕𐌖𐌕𐌍𐌄𐌉(𐌀𐌋) 𐌀𐌋𐌄𐌈𐌍𐌀𐌔𐌉(𐌀𐌋𐌉𐌔𐌀),,,,,0.000,clean,a77e5ed9cabb,1
15977,thanas,θanas,𐌈𐌀𐌍𐌀𐌔,θanas,,,,1.000,clean,529bf0fae9b6,5
15989,pinthu,pinθu,𐌐𐌉𐌍𐌈𐌖,pinθu,,,,1.000,clean,62d121cf90c8,1
15995,thania fipinei(al) tutnasa,θania fipinei(al) tutnasa,𐌈𐌀𐌍𐌉𐌀 𐌚𐌉𐌐𐌉𐌍𐌄𐌉(𐌀𐌋) 𐌕𐌖𐌕𐌍𐌀𐌔𐌀,θania tutnasa,,,,0.667,clean,744c5c4307b0,1
15998,lapthi nanpi(al),lapθi nanpi(al),𐌋𐌀𐌐𐌈𐌉 𐌍𐌀𐌍𐌐𐌉(𐌀𐌋),lapθi,,,,0.500,clean,2c45817be4fa,1
15999,folaivsi fokiasiale saith evistho,folaivsi fokiasiale saiθ evisθo,𐌚𐌏𐌋𐌀𐌉𐌅𐌔𐌉 𐌚𐌏𐌊𐌉𐌀𐌔𐌉𐌀𐌋𐌄 𐌔𐌀𐌉𐌈 𐌄𐌅𐌉𐌔𐌈𐌏,folaivsi fokiasiale saiθ evisθo,,,,1.000,clean,7ef22cdbf49e,1
16,mi arnth(i)al prastnas,mi arnθ(i)al prastnas,𐌌𐌉 𐌀𐌓𐌍𐌈(𐌉)𐌀𐌋 𐌐𐌓𐌀𐌔𐌕𐌍𐌀𐌔,mi prastnas,,,,0.667,clean,c0b697291daa,1
1600,laucin(i)al,laucin(i)al,𐌋𐌀𐌖𐌂𐌉𐌍(𐌉)𐌀𐌋,,,,,0.000,clean,61bfcba3e506,1
16003,mizraies,mizraies,𐌌𐌉𐌆𐌓𐌀𐌉𐌄𐌔,mizraies,,,,1.000,clean,80733b09c84c,1
16004,zraies,zraies,𐌆𐌓𐌀𐌉𐌄𐌔,zraies,,,,1.000,clean,6ee0a78bde4c,1
16016,apl----,apl----,𐌀𐌐𐌋----,,,,,0.000,clean,1f4daa4c7f71,1
16018,fek(e)ke alsina,fek(e)ke alsina,𐌚𐌄𐌊(𐌄)𐌊𐌄 𐌀𐌋𐌔𐌉𐌍𐌀,alsina,mr-arnthof-goatsof-tendid-supervise,,,0.500,clean,6eef7cba1230,1
16019,tins,tins,𐌕𐌉𐌍𐌔,tins,for-the-god-jupiter,,,1.000,clean,29aff26b44b8,2
16021,tiniasi,tiniasi,𐌕𐌉𐌍𐌉𐌀𐌔𐌉,tiniasi,to-thegod-jupiter,,,1.000,clean,e98760ad770b,1
16029,th(urice),θ(urice),𐌈(𐌖𐌓𐌉𐌂𐌄),,,,,0.000,clean,b6837e42dcb5,1
1603,velcial,velcial,𐌅𐌄𐌋𐌂𐌉𐌀𐌋,velcial,mrs-velcis,,,1.000,clean,33466dc33392,1
16110,larcn(i)al,larcn(i)al,𐌋𐌀𐌓𐌂𐌍(𐌉)𐌀𐌋,,,,,0.000,clean,f73ed3fa346c,1
16150,renethich fulu,reneθiχ fulu,𐌓𐌄𐌍𐌄𐌈𐌉𐌙 𐌚𐌖𐌋𐌖,reneθiχ fulu,ms-larthisp,,,1.000,clean,58f2b9bfa586,1
16153,artamas(i)al,artamas(i)al,𐌀𐌓𐌕𐌀𐌌𐌀𐌔(𐌉)𐌀𐌋,,,,,0.000,clean,a581c17e0515,2
16154,artamas(i)al,artamas(i)al,𐌀𐌓𐌕𐌀𐌌𐌀𐌔(𐌉)𐌀𐌋,,,,,0.000,clean,a581c17e0515,2
16155,naries,naries,𐌍𐌀𐌓𐌉𐌄𐌔,naries,mrs-achuis,,,1.000,clean,aa3d26934385,1
16156,tlesna papasa,tlesna papasa,𐌕𐌋𐌄𐌔𐌍𐌀 𐌐𐌀𐌐𐌀𐌔𐌀,tlesna papasa,,,,1.000,clean,2879586c39fd,1
16159,marisl,marisl,𐌌𐌀𐌓𐌉𐌔𐌋,marisl,,,,1.000,clean,6bc99122be8f,1
16160,xachax,xaχax,𐌗𐌀𐌙𐌀𐌗,xaχax,imr-larthiias,,,1.000,clean,ba2c0941bd44,1
16165,hastiahampnea,hastiahampnea,𐌇𐌀𐌔𐌕𐌉𐌀𐌇𐌀𐌌𐌐𐌍𐌄𐌀,hastiahampnea,,,,1.000,clean,f7243c01b329,1
16169,ltruce,ltruce,𐌋𐌕𐌓𐌖𐌂𐌄,ltruce,mr-veltruces,,,1.000,clean,ab58f89219ed,1
16184,----mtha(s),----mθa(s),----𐌌𐌈𐌀(𐌔),,mrs-cretnis,,,0.000,clean,172b4f63a976,1
16187,petine(s),petine(s),𐌐𐌄𐌕𐌉𐌍𐌄(𐌔),,,,,0.000,clean,84c4d4f1a742,1
16194,nu(ma),nu(ma),𐌍𐌖(𐌌𐌀),,,,,0.000,clean,148f8f184ff9,2
16209,sv(lpicii),sv(lpicii),𐌔𐌅(𐌋𐌐𐌉𐌂𐌉𐌉),,,,,0.000,clean,6518f152f1ab,1
16211,tatve,tatve,𐌕𐌀𐌕𐌅𐌄,tatve,,,,1.000,clean,74145fa0fb2d,1
16214,ps,ps,𐌐𐌔,ps,pesnas,,,1.000,clean,6527c9361a2f,1
16216,------th--xc------,------θ--xc------,------𐌈--𐌗𐌂------,,------ch,,,0.000,clean,b19895b40a39,1
16217,------rme------,------rme------,------𐌓𐌌𐌄------,,,,,0.000,clean,a617d67e744b,1
16248,a(ul)i,a(ul)i,𐌀(𐌖𐌋)𐌉,,,,,0.000,clean,8fd4a09d4776,1
16251,z(ilch),z(ilχ),𐌆(𐌉𐌋𐌙),,,,,0.000,clean,00d3cdc74299,2
16254,r(amthas),r(amθas),𐌓(𐌀𐌌𐌈𐌀𐌔),,,,,0.000,clean,5eba80f4b853,8
1626,vioesia,vioesia,𐌅𐌉𐌏𐌄𐌔𐌉𐌀,vioesia,of-mrs-voesia,,,1.000,clean,a12411880dbb,1
16266,ch(ae),χ(ae),𐌙(𐌀𐌄),,,,,0.000,clean,a2583e9e5004,4
1627,balbillae,balbillae,𐌁𐌀𐌋𐌁𐌉𐌋𐌋𐌀𐌄,balbillae,to-mrs-fanniabalbilla,,,1.000,clean,f760d9293a28,1
1630,l(ar)th ferinie a(rn)th(us),l(ar)θ ferinie a(rn)θ(us),𐌋(𐌀𐌓)𐌈 𐌚𐌄𐌓𐌉𐌍𐌉𐌄 𐌀(𐌓𐌍)𐌈(𐌖𐌔),ferinie,,,,0.333,clean,8165ac1244fc,1
16302,rechlu(s),reχlu(s),𐌓𐌄𐌙𐌋𐌖(𐌔),,,,,0.000,clean,309d3de4a20a,1
16309,ecui(l),ecui(l),𐌄𐌂𐌖𐌉(𐌋),,,,,0.000,clean,3e127bed8d3a,1
16332,--------ecaupn--------na--,--------ecaupn--------na--,--------𐌄𐌂𐌀𐌖𐌐𐌍--------𐌍𐌀--,,,,,0.000,clean,beb8610bf7cd,1
16340,vi(pies),vi(pies),𐌅𐌉(𐌐𐌉𐌄𐌔),,uppermr-vipies,,,0.000,clean,84888a3b09a8,3
16344,vi(pies),vi(pies),𐌅𐌉(𐌐𐌉𐌄𐌔),,,,,0.000,clean,84888a3b09a8,3
16367,marunas,marunas,𐌌𐌀𐌓𐌖𐌍𐌀𐌔,marunas,,,,1.000,clean,d59cf0663296,1
16369,ramta,ramta,𐌓𐌀𐌌𐌕𐌀,ramta,,,,1.000,clean,ecb5ec9cb045,2
16402,------a--ithm------,------a--iθm------,------𐌀--𐌉𐌈𐌌------,,mr-caearithma,,,0.000,clean,bbe36e1f7a75,1
16404,lartiatusnui,lartiatusnui,𐌋𐌀𐌓𐌕𐌉𐌀𐌕𐌖𐌔𐌍𐌖𐌉,lartiatusnui,,,,1.000,clean,2be1b08fb041,1
16405,roscaesen,roscaesen,𐌓𐌏𐌔𐌂𐌀𐌄𐌔𐌄𐌍,roscaesen,mr-eleutheros,,,1.000,clean,7ae2d1780e4e,1
16422,recessa,recessa,𐌓𐌄𐌂𐌄𐌔𐌔𐌀,recessa,recessa,,,1.000,clean,7078c0eeacfa,1
16430,lv,lv,𐌋𐌅,lv,,,,1.000,clean,626cf6d4f7ea,1
16431,ravnthu(s) ril,ravnθu(s) ril,𐌓𐌀𐌅𐌍𐌈𐌖(𐌔) 𐌓𐌉𐌋,ril,,,,0.500,clean,83146e335ffa,1
16433,l(ibertvs),l(ibertvs),𐌋(𐌉𐌁𐌄𐌓𐌕𐌅𐌔),,mr-marcusaeteius--ms-caiasfreedman--,,,0.000,clean,1c391b7d40e5,2
16451,c(aii),c(aii),𐌂(𐌀𐌉𐌉),,cqvintivsc,,,0.000,clean,f01fc62dfcfd,11
16455,spvrinnia,spvrinnia,𐌔𐌐𐌅𐌓𐌉𐌍𐌍𐌉𐌀,spvrinnia,ms-spurinnia,,,1.000,clean,ba7b0dae6826,1
16460,domatia,domatia,𐌃𐌏𐌌𐌀𐌕𐌉𐌀,domatia,ms-domatia,,,1.000,clean,dcf1fb7a4ce9,1
16467,comavia,comavia,𐌂𐌏𐌌𐌀𐌅𐌉𐌀,comavia,felicula,,,1.000,clean,e5a7df02dd13,1
16469,ravnthu(s),ravnθu(s),𐌓𐌀𐌅𐌍𐌈𐌖(𐌔),,mr-vipinanei,,,0.000,clean,d960bb1930d8,3
16471,savras,savras,𐌔𐌀𐌅𐌓𐌀𐌔,savras,,,,1.000,clean,af7dac59fed7,1
16474,arntles,arntles,𐌀𐌓𐌍𐌕𐌋𐌄𐌔,arntles,mrs-titishe-livedforyears,,,1.000,clean,cbc0556dd5ff,2
16476,a(nnos),a(nnos),𐌀(𐌍𐌍𐌏𐌔),,mr-aulusssonhelivedfor-years,,,0.000,clean,cdebe6cf77f9,3
16478,larth(i)alisa,larθ(i)alisa,𐌋𐌀𐌓𐌈(𐌉)𐌀𐌋𐌉𐌔𐌀,,mrs-larthis-sons-wife,,,0.000,clean,f23f5661cf60,7
16482,v----a---lx,v----a---lx,𐌅----𐌀---𐌋𐌗,,,,,0.000,clean,e1bb05ce9c3d,1
16484,aprithnas,apriθnas,𐌀𐌐𐌓𐌉𐌈𐌍𐌀𐌔,apriθnas,of-mraprithna,,,1.000,clean,6d3122a1f8ae,1
16485,ramtha(s),ramθa(s),𐌓𐌀𐌌𐌈𐌀(𐌔),,ms-petrui,,,0.000,clean,5eba80f4b853,8
15681,riri,riri,𐌓𐌉𐌓𐌉,riri,ms-ramthismrsramthis,,,1.000,clean,19aa8c53de7a,1
16486,custavial clen(u)s,custavial clen(u)s,𐌂𐌖𐌔𐌕𐌀𐌅𐌉𐌀𐌋 𐌂𐌋𐌄𐌍(𐌖)𐌔,custavial,,,,0.500,clean,e0546ba5c5f5,1
16534,broccevs,broccevs,𐌁𐌓𐌏𐌂𐌂𐌄𐌅𐌔,broccevs,,,,1.000,clean,4b0141540750,1
16535,olsad(i)i,olsad(i)i,𐌏𐌋𐌔𐌀𐌃(𐌉)𐌉,,of-mr-aulus,,,0.000,clean,c1a1f416b0f3,1
16679,recial,recial,𐌓𐌄𐌂𐌉𐌀𐌋,recial,thegoddessvenus,,,1.000,clean,4f4394d12eb7,1
16600,thaleiviaimakrake,θaleiviaimakrake,𐌈𐌀𐌋𐌄𐌉𐌅𐌉𐌀𐌉𐌌𐌀𐌊𐌓𐌀𐌊𐌄,θaleiviaimakrake,mr-thanaleiviaimathe-greek,,,1.000,clean,5ddcbcabfdc8,1
16605,vecheti auraei(al) achn(us),veχeti auraei(al) aχn(us),𐌅𐌄𐌙𐌄𐌕𐌉 𐌀𐌖𐌓𐌀𐌄𐌉(𐌀𐌋) 𐌀𐌙𐌍(𐌖𐌔),veχeti,,,,0.333,clean,9e3b42060319,1
16606,v(a)riau,v(a)riau,𐌅(𐌀)𐌓𐌉𐌀𐌖,,,,,0.000,clean,80d815a7f933,1
16612,tthaelbarpnab,tθaelbarpnab,𐌕𐌈𐌀𐌄𐌋𐌁𐌀𐌓𐌐𐌍𐌀𐌁,tθaelbarpnab,abbthnarfnia,,,1.000,clean,115495edde1b,1
16616,plece,plece,𐌐𐌋𐌄𐌂𐌄,plece,,,,1.000,clean,e8c8f9132316,1
16617,ferintie,ferintie,𐌚𐌄𐌓𐌉𐌍𐌕𐌉𐌄,ferintie,ferinties,,,1.000,clean,b049a0c03b2e,1
16618,melakre,melakre,𐌌𐌄𐌋𐌀𐌊𐌓𐌄,melakre,thegodcastor,,,1.000,clean,fe18809cfb0c,1
16619,suthina,suθina,𐌔𐌖𐌈𐌉𐌍𐌀,suθina,,,,1.000,clean,2a656a7a6521,7
16622,aithra,aiθra,𐌀𐌉𐌈𐌓𐌀,aiθra,menelaos,,,1.000,clean,5ce490081b36,1
16626,nevtlane,nevtlane,𐌍𐌄𐌅𐌕𐌋𐌀𐌍𐌄,nevtlane,,,,1.000,clean,05c2f54ccdb0,1
16634,polovces,polovces,𐌐𐌏𐌋𐌏𐌅𐌂𐌄𐌔,polovces,thegodpollux,,,1.000,clean,5651c088221e,1
16636,vanth,vanθ,𐌅𐌀𐌍𐌈,vanθ,orestes,,,1.000,clean,0de73a193c37,3
16638,menrva,menrva,𐌌𐌄𐌍𐌓𐌅𐌀,menrva,,,,1.000,clean,ba57cf03d1b1,5
16650,fulnice,fulnice,𐌚𐌖𐌋𐌍𐌉𐌂𐌄,fulnice,eteocles,,,1.000,clean,3a1b49f93995,2
16651,aercet,aercet,𐌀𐌄𐌓𐌂𐌄𐌕,aercet,,,,1.000,clean,9a48a1bc48f9,1
16655,menerea,menerea,𐌌𐌄𐌍𐌄𐌓𐌄𐌀,menerea,thegoddessminerva,,,1.000,clean,a3329039caaf,1
16657,thethisi,θeθisi,𐌈𐌄𐌈𐌉𐌔𐌉,θeθisi,thegoddessthethis,,,1.000,clean,f4d625382bc2,1
16658,mlacuch,mlacuχ,𐌌𐌋𐌀𐌂𐌖𐌙,mlacuχ,theherohercules,,,1.000,clean,c1c3fc164b20,1
16659,ferkole,ferkole,𐌚𐌄𐌓𐌊𐌏𐌋𐌄,ferkole,thegoddessminerva,,,1.000,clean,762b857a2a0b,1
16662,thesan,θesan,𐌈𐌄𐌔𐌀𐌍,θesan,,,,1.000,clean,4b4a179d7536,2
16665,clutmsta,clutmsta,𐌂𐌋𐌖𐌕𐌌𐌔𐌕𐌀,clutmsta,theheroulysses,,,1.000,clean,76e760b54aba,1
16666,thanr,θanr,𐌈𐌀𐌍𐌓,θanr,thegoddessyouth,,,1.000,clean,cf7a35fa3364,4
16684,{l}<u>maile,{l}<u>maile,{𐌋}<𐌖>𐌌𐌀𐌉𐌋𐌄,,alcestis,,,0.000,clean,1e46597d2ae5,1
16685,st(eprnies),st(eprnies),𐌔𐌕(𐌄𐌐𐌓𐌍𐌉𐌄𐌔),,,,,0.000,clean,746d83347d8e,1
16690,suthina,suθina,𐌔𐌖𐌈𐌉𐌍𐌀,suθina,,,,1.000,clean,2a656a7a6521,7
16694,v(etl),v(etl),𐌅(𐌄𐌕𐌋),,,,,0.000,clean,48b576b53eed,2
16696,pupl(un)a,pupl(un)a,𐌐𐌖𐌐𐌋(𐌖𐌍)𐌀,,the-town-of-populonia,,,0.000,clean,217b01ce7a47,2
16699,--upluna,--upluna,--𐌖𐌐𐌋𐌖𐌍𐌀,,the-town-of-populonia,,,0.000,clean,51abebb71812,1
16701,puplu(na),puplu(na),𐌐𐌖𐌐𐌋𐌖(𐌍𐌀),,the-town-of-populonia,,,0.000,clean,217b01ce7a47,2
16770,ep(i){e}<u>r,ep(i){e}<u>r,𐌄𐌐(𐌉){𐌄}<𐌖>𐌓,,,,,0.000,clean,93b4e5cceb82,1
16776,--pu,--pu,--𐌐𐌖,,,,,0.000,clean,4b4d5589e12d,1
16779,vacnith(i)al,vacniθ(i)al,𐌅𐌀𐌂𐌍𐌉𐌈(𐌉)𐌀𐌋,,,,,0.000,clean,8f854ae35a76,1
16782,cresmie,cresmie,𐌂𐌓𐌄𐌔𐌌𐌉𐌄,cresmie,,,,1.000,clean,89a5f35a28ec,1
16796,puria,puria,𐌐𐌖𐌓𐌉𐌀,puria,perhapstheherdsmanperhapsnamedpuria,,,1.000,clean,97d70184da52,1
16800,tarchnas,tarχnas,𐌕𐌀𐌓𐌙𐌍𐌀𐌔,tarχnas,,,,1.000,clean,7b6082e13e30,2
16810,as,as,𐌀𐌔,as,satnas,,,1.000,clean,f4bf9f7fcbed,6
16812,mantheate,manθeate,𐌌𐌀𐌍𐌈𐌄𐌀𐌕𐌄,manθeate,,,,1.000,clean,b1a232c97692,1
16815,larcivechane,larciveχane,𐌋𐌀𐌓𐌂𐌉𐌅𐌄𐌙𐌀𐌍𐌄,larciveχane,,,,1.000,clean,99bbd9118289,1
16816,ciantipretelial,ciantipretelial,𐌂𐌉𐌀𐌍𐌕𐌉𐌐𐌓𐌄𐌕𐌄𐌋𐌉𐌀𐌋,ciantipretelial,,,,1.000,clean,263a8c373a3b,1
16838,aripa,aripa,𐌀𐌓𐌉𐌐𐌀,aripa,,,,1.000,clean,582e678ad097,1
16839,arika,arika,𐌀𐌓𐌉𐌊𐌀,arika,,,,1.000,clean,caa1bb55795a,1
16840,el,el,𐌄𐌋,el,,,,1.000,clean,d65c3e892354,1
16865,sp(ur)i,sp(ur)i,𐌔𐌐(𐌖𐌓)𐌉,,,,,0.000,clean,db1bf8a8a03d,1
16866,ch(ae)s,χ(ae)s,𐌙(𐌀𐌄)𐌔,,mr-chaes,,,0.000,clean,ad8142d1dfad,1
16877,ap(ie),ap(ie),𐌀𐌐(𐌉𐌄),,,,,0.000,clean,9eb203b697a0,2
16890,z(elc)u,z(elc)u,𐌆(𐌄𐌋𐌂)𐌖,,,,,0.000,clean,5122ee2cc5a6,1
16897,vaatii,vaatii,𐌅𐌀𐌀𐌕𐌉𐌉,vaatii,,,,1.000,clean,82b1d73b3b06,1
16898,euael,euael,𐌄𐌖𐌀𐌄𐌋,euael,,,,1.000,clean,2391d694d7dc,1
16899,ti{p}pe,ti{p}pe,𐌕𐌉{𐌐}𐌐𐌄,,,,,0.000,clean,962d1f8fa771,1
16934,tu{s}<r>an,tu{s}<r>an,𐌕𐌖{𐌔}<𐌓>𐌀𐌍,,thegoddessminerva,,,0.000,clean,1b94049a99af,1
1697,faltuni(e)s,faltuni(e)s,𐌚𐌀𐌋𐌕𐌖𐌍𐌉(𐌄)𐌔,,mrs-ancaris,,,0.000,clean,bdd8383cf9e3,1
17014,ferchle,ferχle,𐌚𐌄𐌓𐌙𐌋𐌄,ferχle,meneructh,,,1.000,clean,aa92c805f2ad,1
17015,alixentrom,alixentrom,𐌀𐌋𐌉𐌗𐌄𐌍𐌕𐌓𐌏𐌌,alixentrom,thegodmercury,,,1.000,clean,63046785d4a1,1
17017,menarva,menarva,𐌌𐌄𐌍𐌀𐌓𐌅𐌀,menarva,,,,1.000,clean,7a4edfd06585,3
17028,achlae,aχlae,𐌀𐌙𐌋𐌀𐌄,aχlae,therivergodakheloios,,,1.000,clean,78b73376c02f,1
17039,cletithe,cletiθe,𐌂𐌋𐌄𐌕𐌉𐌈𐌄,cletiθe,theherodiomedes,,,1.000,clean,26632e3601a7,1
17042,atlnta,atlnta,𐌀𐌕𐌋𐌍𐌕𐌀,atlnta,atalanta,,,1.000,clean,edca5d561a7f,1
17043,easun,easun,𐌄𐌀𐌔𐌖𐌍,easun,,,,1.000,clean,dfd7d5981130,1
17045,elineei,elineei,𐌄𐌋𐌉𐌍𐌄𐌄𐌉,elineei,,,,1.000,clean,59bf1f956014,1
17047,alaiva,alaiva,𐌀𐌋𐌀𐌉𐌅𐌀,alaiva,theseagodtriton,,,1.000,clean,495bc5caaf70,1
1705,l(ar)th larce(s),l(ar)θ larce(s),𐌋(𐌀𐌓)𐌈 𐌋𐌀𐌓𐌂𐌄(𐌔),,,,,0.000,clean,b1b1d901e8bd,1
17050,s(ethra),s(eθra),𐌔(𐌄𐌈𐌓𐌀),,,,,0.000,clean,a7d7b7415a05,4
17053,fipece,fipece,𐌚𐌉𐌐𐌄𐌂𐌄,fipece,,,,1.000,clean,d5e8fd557c6b,1
17054,fercele,fercele,𐌚𐌄𐌓𐌂𐌄𐌋𐌄,fercele,,,,1.000,clean,422d84ea248a,1
17058,evas,evas,𐌄𐌅𐌀𐌔,evas,thegoddessdawns,,,1.000,clean,ef3e6e7dd233,4
17073,tarntharcna,tarnθarcna,𐌕𐌀𐌓𐌍𐌈𐌀𐌓𐌂𐌍𐌀,tarnθarcna,tarntharcna,,,1.000,clean,fb77cd37addc,1
CIE 18.B.11,ЭOASЭZЭAS Fa.,eOASeZeAS Fa.,𐌄𐌏𐌀𐌔𐌄𐌆𐌄𐌀𐌔 𐌚𐌀.,eOASeZeAS Fa.,,,,1.000,clean,ddde4c7296ee,1
17074,pecse,pecse,𐌐𐌄𐌂𐌔𐌄,pecse,,,,1.000,clean,765b0f41d384,1
17080,icurcsiu,icurcsiu,𐌉𐌂𐌖𐌓𐌂𐌔𐌉𐌖,icurcsiu,,,,1.000,clean,3f6165e16a58,1
17088,lisa,lisa,𐌋𐌉𐌔𐌀,lisa,mr-ene,,,1.000,clean,d84fe7e07bed,3
17089,----manuithanchviu,----manuiθanχviu,----𐌌𐌀𐌍𐌖𐌉𐌈𐌀𐌍𐌙𐌅𐌉𐌖,,,,,0.000,clean,e39d803512d9,1
17090,iv,iv,𐌉𐌅,iv,,,,1.000,clean,0ab306823035,2
17093,ka,ka,𐌊𐌀,ka,mr-ka,,,1.000,clean,3ebb1c99b12b,3
17094,ic,ic,𐌉𐌂,ic,,,,1.000,clean,dae7f3a05637,2
17095,cik,cik,𐌂𐌉𐌊,cik,,,,1.000,clean,78ea4220a974,1
1714,serturn(i)al,serturn(i)al,𐌔𐌄𐌓𐌕𐌖𐌓𐌍(𐌉)𐌀𐌋,,,,,0.000,clean,9b8ae145bd88,1
17152,losna,losna,𐌋𐌏𐌔𐌍𐌀,losna,thegodpollux,,,1.000,clean,bb6ff0dbba94,1
17153,marsvas,marsvas,𐌌𐌀𐌓𐌔𐌅𐌀𐌔,marsvas,thesatyrmarsyas,,,1.000,clean,e407bd860cd4,1
17154,<apulu>,<apulu>,<𐌀𐌐𐌖𐌋𐌖>,,thegoddesssemele,,,0.000,clean,559761f66554,3
17155,ar(vntis),ar(vntis),𐌀𐌓(𐌅𐌍𐌕𐌉𐌔),,,,,0.000,clean,c1df567f825c,1
17157,tondo{f}<r>os,tondo{f}<r>os,𐌕𐌏𐌍𐌃𐌏{𐌚}<𐌓>𐌏𐌔,,,,,0.000,clean,94442a686702,1
17159,d(e),d(e),𐌃(𐌄),,of-magliano-in-toscana,,,0.000,clean,959a45d44e6f,1
17219,(protomes,(protomes,(𐌐𐌓𐌏𐌕𐌏𐌌𐌄𐌔,,,,,0.000,clean,de834465f6cb,1
17339,kappano,kappano,𐌊𐌀𐌐𐌐𐌀𐌍𐌏,kappano,campanian,,,1.000,clean,e2a4591db6c1,1
17228,velaimes staties kduiuo,velaimes staties kduiuo,𐌅𐌄𐌋𐌀𐌉𐌌𐌄𐌔 𐌔𐌕𐌀𐌕𐌉𐌄𐌔 𐌊𐌃𐌖𐌉𐌖𐌏,velaimes staties kduiuo,oromiorkesiepetenthisecusinfraeliomrufrasimpoiouefa,,,1.000,clean,5d6910825996,1
17229,------imeh lufaniom arkren,------imeh lufaniom arkren,------𐌉𐌌𐌄𐌇 𐌋𐌖𐌚𐌀𐌍𐌉𐌏𐌌 𐌀𐌓𐌊𐌓𐌄𐌍,lufaniom arkren,------imehlufaniom,,,0.667,clean,329f8f34a6cc,1
17231,ecwnlii,ecvnlii,𐌄𐌂𐌅𐌍𐌋𐌉𐌉,ecvnlii,,,,1.000,clean,5fa8faf17006,1
17253,castv{d},castv{d},𐌂𐌀𐌔𐌕𐌅{𐌃},,------------it--t,,,0.000,clean,df4248a338d2,1
17259,condetios,condetios,𐌂𐌏𐌍𐌃𐌄𐌕𐌉𐌏𐌔,condetios,mr-publioscondetiosmr-,,,1.000,clean,c7d17bf676ae,1
17260,alternei,alternei,𐌀𐌋𐌕𐌄𐌓𐌍𐌄𐌉,alternei,the-gods-of-the-cropperone-,,,1.000,clean,989286926c5a,1
17261,olpem,olpem,𐌏𐌋𐌐𐌄𐌌,olpem,-oil-flask,,,1.000,clean,6928a4b50224,2
17262,----------cnatois,----------cnatois,----------𐌂𐌍𐌀𐌕𐌏𐌉𐌔,,,,,0.000,clean,eae23b411c5a,1
17263,p(vblis) clodis c(ai),p(vblis) clodis c(ai),𐌐(𐌅𐌁𐌋𐌉𐌔) 𐌂𐌋𐌏𐌃𐌉𐌔 𐌂(𐌀𐌉),clodis,,,,0.333,clean,ad96ca311eae,1
17267,esmen,esmen,𐌄𐌔𐌌𐌄𐌍,esmen,hic,,,1.000,clean,2f05674b4863,1
17268,--a------------------------s,--a------------------------s,--𐌀------------------------𐌔,,titiorvm,,,0.000,clean,f4bf9f7fcbed,6
17269,a--siesesum,a--siesesum,𐌀--𐌔𐌉𐌄𐌔𐌄𐌔𐌖𐌌,,,,,0.000,clean,e0ab1ccb9af4,1
17270,tistrui,tistrui,𐌕𐌉𐌔𐌕𐌓𐌖𐌉,tistrui,sidomsabinvshiceselsitte,,,1.000,clean,817e7fbd9af4,1
17271,nerf,nerf,𐌍𐌄𐌓𐌚,nerf,nerfpe,,,1.000,clean,5a450e54f502,1
17310,melerpanta,melerpanta,𐌌𐌄𐌋𐌄𐌓𐌐𐌀𐌍𐌕𐌀,melerpanta,oenomauskingofpisaingreece,,,1.000,clean,bc4d750e1704,1
17312,avlena,avlena,𐌀𐌅𐌋𐌄𐌍𐌀,avlena,onebreasttheamazonian,,,1.000,clean,bdf334120d71,1
17323,hereklei,hereklei,𐌇𐌄𐌓𐌄𐌊𐌋𐌄𐌉,hereklei,to-the-hero-hercules,,,1.000,clean,60cebe1eb0ce,1
17326,feli(x),feli(x),𐌚𐌄𐌋𐌉(𐌗),,the-fortunatesenate-houseof-thefull-brothers-and-sisters,,,0.000,clean,960f98428570,1
17327,zirdu,zirdu,𐌆𐌉𐌓𐌃𐌖,zirdu,ex----pagth--andthnethpap,,,1.000,clean,aebf72f903eb,1
17328,veliternorvm,veliternorvm,𐌅𐌄𐌋𐌉𐌕𐌄𐌓𐌍𐌏𐌓𐌅𐌌,veliternorvm,,,,1.000,clean,2203861def01,1
17334,erinyo,erinyo,,erinyo,to-the-male-fury,,,1.000,clean,8876dd57336c,1
17335,novesede,novesede,𐌍𐌏𐌅𐌄𐌔𐌄𐌃𐌄,novesede,the- -god,,,1.000,clean,2bbd7088719b,1
17340,campanosom,campanosom,𐌂𐌀𐌌𐌐𐌀𐌍𐌏𐌔𐌏𐌌,campanosom,campanian,,,1.000,clean,ad02ffbce54f,1
17349,probom,probom,𐌐𐌓𐌏𐌁𐌏𐌌,probom,verified-legal-tender,,,1.000,clean,c511bcef1ffb,1
17350,p{k}<r>obom,p{k}<r>obom,𐌐{𐌊}<𐌓>𐌏𐌁𐌏𐌌,,verified-legal-tender,,,0.000,clean,030ab767adda,1
17352,prorom,prorom,𐌐𐌓𐌏𐌓𐌏𐌌,prorom,verified-legal-tender,,,1.000,clean,4aff7f89189b,1
17355,pikeovm,pikeovm,𐌐𐌉𐌊𐌄𐌏𐌅𐌌,pikeovm,verified-legal-tender,,,1.000,clean,8c3a6fbd0fde,1
17359,svesan(om),svesan(om),𐌔𐌅𐌄𐌔𐌀𐌍(𐌏𐌌),,,,,0.000,clean,bade2de7ece8,2
1744,auriasa,auriasa,𐌀𐌖𐌓𐌉𐌀𐌔𐌀,auriasa,,,,1.000,clean,5c0bb600e322,1
1747,veliza,veliza,𐌅𐌄𐌋𐌉𐌆𐌀,veliza,mr-little-vel,,,1.000,clean,eb08906636b5,3
1754,v(e)l(ia) arntni(al) clanti(alisa) arntn(i)al(isasa),v(e)l(ia) arntni(al) clanti(alisa) arntn(i)al(isasa),𐌅(𐌄)𐌋(𐌉𐌀) 𐌀𐌓𐌍𐌕𐌍𐌉(𐌀𐌋) 𐌂𐌋𐌀𐌍𐌕𐌉(𐌀𐌋𐌉𐌔𐌀) 𐌀𐌓𐌍𐌕𐌍(𐌉)𐌀𐌋(𐌉𐌔𐌀𐌔𐌀),,,,,0.000,clean,a3a1010997a9,1
1759,arntni(al),arntni(al),𐌀𐌓𐌍𐌕𐌍𐌉(𐌀𐌋),,,,,0.000,clean,896747983853,2
176,ca----s----ipneicice,ca----s----ipneicice,𐌂𐌀----𐌔----𐌉𐌐𐌍𐌄𐌉𐌂𐌉𐌂𐌄,,i--by-mr-larislausa--,,,0.000,clean,e78395096524,1
1767,l(ar)th arntni(alisa),l(ar)θ arntni(alisa),𐌋(𐌀𐌓)𐌈 𐌀𐌓𐌍𐌕𐌍𐌉(𐌀𐌋𐌉𐌔𐌀),,,,,0.000,clean,68ee96aa77a8,1
1770,larthi artnei(alisa) seiatial,larθi artnei(alisa) seiatial,𐌋𐌀𐌓𐌈𐌉 𐌀𐌓𐌕𐌍𐌄𐌉(𐌀𐌋𐌉𐌔𐌀) 𐌔𐌄𐌉𐌀𐌕𐌉𐌀𐌋,larθi seiatial,mrs-larthimrs-artneisdaughters-husbandmrs-seiatis,,,0.667,clean,a47852eed5c8,1
178,caias,caias,𐌂𐌀𐌉𐌀𐌔,caias,,,,1.000,clean,03414c6b9137,1
1789,neiatina,neiatina,𐌍𐌄𐌉𐌀𐌕𐌉𐌍𐌀,neiatina,mrs-pumpneis,,,1.000,clean,c34da652f24e,1
179,arntvetearntha,arntvetearnθa,𐌀𐌓𐌍𐌕𐌅𐌄𐌕𐌄𐌀𐌓𐌍𐌈𐌀,arntvetearnθa,mr-arntvete,,,1.000,clean,fad224616ed6,1
1791,cesuthui,cesuθui,𐌂𐌄𐌔𐌖𐌈𐌖𐌉,cesuθui,mr-larthauclina,,,1.000,clean,d489198037a2,1
1796,ipenal,ipenal,𐌉𐌐𐌄𐌍𐌀𐌋,ipenal,ms-aulni,,,1.000,clean,03a0be424216,1
1802,vetanal,vetanal,𐌅𐌄𐌕𐌀𐌍𐌀𐌋,vetanal,,,,1.000,clean,cf177737d670,1
1937,renthn(as),renθn(as),𐌓𐌄𐌍𐌈𐌍(𐌀𐌔),,,,,0.000,clean,e0eaf3dfa547,1
1806,ariodantes in (succursale),ariodantes in (succursale),𐌀𐌓𐌉𐌏𐌃𐌀𐌍𐌕𐌄𐌔 𐌉𐌍 (𐌔𐌖𐌂𐌂𐌖𐌓𐌔𐌀𐌋𐌄),ariodantes in,,,,0.667,clean,6840f6c580d3,1
1813,afun{ }ei(al),afun{ }ei(al),𐌀𐌚𐌖𐌍{ }𐌄𐌉(𐌀𐌋),,,,,0.000,clean,3da0167ebd99,1
1815,fastiaafuneitiscusnisa,fastiaafuneitiscusnisa,𐌚𐌀𐌔𐌕𐌉𐌀𐌀𐌚𐌖𐌍𐌄𐌉𐌕𐌉𐌔𐌂𐌖𐌔𐌍𐌉𐌔𐌀,fastiaafuneitiscusnisa,,,,1.000,clean,b2e7271b1fc4,1
1816,afunei(al) cupsnasa,afunei(al) cupsnasa,𐌀𐌚𐌖𐌍𐌄𐌉(𐌀𐌋) 𐌂𐌖𐌐𐌔𐌍𐌀𐌔𐌀,cupsnasa,,,,0.500,clean,6cda1cf8f393,1
1826,v(e)l(ia) pethn(i)al,v(e)l(ia) peθn(i)al,𐌅(𐌄)𐌋(𐌉𐌀) 𐌐𐌄𐌈𐌍(𐌉)𐌀𐌋,,,,,0.000,clean,3ba4a77241c6,1
1846,arnth(i)al vipin(i)alisa,arnθ(i)al vipin(i)alisa,𐌀𐌓𐌍𐌈(𐌉)𐌀𐌋 𐌅𐌉𐌐𐌉𐌍(𐌉)𐌀𐌋𐌉𐌔𐌀,,,,,0.000,clean,e4bd931ec477,1
1850,arnth(us) arnth(i)al,arnθ(us) arnθ(i)al,𐌀𐌓𐌍𐌈(𐌖𐌔) 𐌀𐌓𐌍𐌈(𐌉)𐌀𐌋,,,,,0.000,clean,1191a7abba48,1
1858,l(vc(i)i) l(vc(i)i),l(vc(i)i) l(vc(i)i),𐌋(𐌅𐌂(𐌉)𐌉) 𐌋(𐌅𐌂(𐌉)𐌉),,,,,0.000,clean,b8be5a46f810,1
1860,c(a(i)i),c(a(i)i),𐌂(𐌀(𐌉)𐌉),,primigenea,,,0.000,clean,f01fc62dfcfd,11
1875,pi{}stia(s),pi{}stia(s),𐌐𐌉{}𐌔𐌕𐌉𐌀(𐌔),,,,,0.000,clean,e4c3c1343b40,1
1886,thania urinatesa,θania urinatesa,𐌈𐌀𐌍𐌉𐌀 𐌖𐌓𐌉𐌍𐌀𐌕𐌄𐌔𐌀,θania urinatesa,,,,1.000,clean,f1118157a776,1
1887,th(an)a canznasa,θ(an)a canznasa,𐌈(𐌀𐌍)𐌀 𐌂𐌀𐌍𐌆𐌍𐌀𐌔𐌀,canznasa,,,,0.500,clean,2bb8a9c8f3b4,1
1888,v(e)l(ia) canzna,v(e)l(ia) canzna,𐌅(𐌄)𐌋(𐌉𐌀) 𐌂𐌀𐌍𐌆𐌍𐌀,canzna,,,,0.500,clean,c5d0b185ccec,1
1897,veti(e)sa,veti(e)sa,𐌅𐌄𐌕𐌉(𐌄)𐌔𐌀,,,,,0.000,clean,8f8e9de7e885,1
1900,fulunias(a),fulunias(a),𐌚𐌖𐌋𐌖𐌍𐌉𐌀𐌔(𐌀),,,,,0.000,clean,bc7c6d677a35,1
1924,arnth pestiu(s),arnθ pestiu(s),𐌀𐌓𐌍𐌈 𐌐𐌄𐌔𐌕𐌉𐌖(𐌔),arnθ,,,,0.500,clean,0e96e6d611e9,1
1932,calisni(al) sethresa,calisni(al) seθresa,𐌂𐌀𐌋𐌉𐌔𐌍𐌉(𐌀𐌋) 𐌔𐌄𐌈𐌓𐌄𐌔𐌀,seθresa,,,,0.500,clean,477b8b9878af,1
1933,kalisni(e)s,kalisni(e)s,𐌊𐌀𐌋𐌉𐌔𐌍𐌉(𐌄)𐌔,,,,,0.000,clean,fb1c08171197,1
1936,calisni(al) sapusa,calisni(al) sapusa,𐌂𐌀𐌋𐌉𐌔𐌍𐌉(𐌀𐌋) 𐌔𐌀𐌐𐌖𐌔𐌀,sapusa,mr-arnthmrs-calisnismr-sapus-daughters-husband,,,0.500,clean,566795b8ebbb,1
1938,repias{--},repias{--},𐌓𐌄𐌐𐌉𐌀𐌔{--},,,,,0.000,clean,7f3de02e7d76,1
1961,tumu(s),tumu(s),𐌕𐌖𐌌𐌖(𐌔),,mr-tumus,,,0.000,clean,7ff6199a6027,1
1962,lethias,leθias,𐌋𐌄𐌈𐌉𐌀𐌔,leθias,,,,1.000,clean,89134bcd518e,1
1963,pethe carsna(s) fupie(sa),peθe carsna(s) fupie(sa),𐌐𐌄𐌈𐌄 𐌂𐌀𐌓𐌔𐌍𐌀(𐌔) 𐌚𐌖𐌐𐌉𐌄(𐌔𐌀),peθe,,,,0.333,clean,ed9a011f8c08,1
1964,venusa,venusa,𐌅𐌄𐌍𐌖𐌔𐌀,venusa,mrs-carpnatis,,,1.000,clean,c2372e4cb4dc,1
1967,harispex,harispex,𐌇𐌀𐌓𐌉𐌔𐌐𐌄𐌗,harispex,inspector-of-entrails,,,1.000,clean,e9e5b92745da,3
1971,l(ar)th causlini(al) l(ar)th(us),l(ar)θ causlini(al) l(ar)θ(us),𐌋(𐌀𐌓)𐌈 𐌂𐌀𐌖𐌔𐌋𐌉𐌍𐌉(𐌀𐌋) 𐌋(𐌀𐌓)𐌈(𐌖𐌔),,mr-larthmrs-causlinismr-larths,,,0.000,clean,0ba810452c5c,1
1975,ceicnei,ceicnei,𐌂𐌄𐌉𐌂𐌍𐌄𐌉,ceicnei,,,,1.000,clean,502930f907ad,2
1976,sapinias,sapinias,𐌔𐌀𐌐𐌉𐌍𐌉𐌀𐌔,sapinias,mr-arnthceina,,,1.000,clean,7aefdba8395a,1
1977,l(ar)th cele,l(ar)θ cele,𐌋(𐌀𐌓)𐌈 𐌂𐌄𐌋𐌄,cele,,,,0.500,clean,e0ae53b1c5a3,1
198,larthiasrutznei,larθiasrutznei,𐌋𐌀𐌓𐌈𐌉𐌀𐌔𐌓𐌖𐌕𐌆𐌍𐌄𐌉,larθiasrutznei,of-mr-larthiamrs-rutznei,,,1.000,clean,e7cbe7445f48,1
1993,v(e)l(ia) cencna a(rn)th(us),v(e)l(ia) cencna a(rn)θ(us),𐌅(𐌄)𐌋(𐌉𐌀) 𐌂𐌄𐌍𐌂𐌍𐌀 𐌀(𐌓𐌍)𐌈(𐌖𐌔),cencna,,,,0.333,clean,7752641a5c59,1
20043,zivi,zivi,𐌆𐌉𐌅𐌉,zivi,,,,1.000,clean,d33593a4c265,1
2005,ucumzn(i)al,ucumzn(i)al,𐌖𐌂𐌖𐌌𐌆𐌍(𐌉)𐌀𐌋,,,,,0.000,clean,7e9358f71415,2
2009,ticlavdi,ticlavdi,𐌕𐌉𐌂𐌋𐌀𐌅𐌃𐌉,ticlavdi,mr-aprilisslave,,,1.000,clean,b42083da87a8,1
20126,arnza,arnza,𐌀𐌓𐌍𐌆𐌀,arnza,,,,1.000,clean,fd842244748d,2
20139,lart,lart,𐌋𐌀𐌓𐌕,lart,,,,1.000,clean,1e3d88b2c591,3
20147,upsidedown),upsidedovn),𐌖𐌐𐌔𐌉𐌃𐌄𐌃𐌏𐌅𐌍),,mr-chaes,,,0.000,clean,bba24c7408b6,1
2016,calpurn(i)al,calpurn(i)al,𐌂𐌀𐌋𐌐𐌖𐌓𐌍(𐌉)𐌀𐌋,,,,,0.000,clean,55bfe381b07e,1
20189,acevzfthilmnpsrstufch,acevzfθilmnpsrstufχ,𐌀𐌂𐌄𐌅𐌆𐌚𐌈𐌉𐌋𐌌𐌍𐌐𐌔𐌓𐌔𐌕𐌖𐌚𐌙,acevzfθilmnpsrstufχ,acevzfthilmnpsrstufch,,,1.000,clean,121da28d1ef7,2
20197,felia,felia,𐌚𐌄𐌋𐌉𐌀,felia,,,,1.000,clean,f6d8d9738010,1
2022,v(e)l(ia) culni(al),v(e)l(ia) culni(al),𐌅(𐌄)𐌋(𐌉𐌀) 𐌂𐌖𐌋𐌍𐌉(𐌀𐌋),,,,,0.000,clean,76dd92ea3c40,1
20236,kepriu,kepriu,𐌊𐌄𐌐𐌓𐌉𐌖,kepriu,,,,1.000,clean,41689de426a6,1
20247,v(velus),v(velus),𐌅(𐌅𐌄𐌋𐌖𐌔),,,,,0.000,clean,c2eb238ef6d8,1
20264,larzasilunis,larzasilunis,𐌋𐌀𐌓𐌆𐌀𐌔𐌉𐌋𐌖𐌍𐌉𐌔,larzasilunis,,,,1.000,clean,326e5b1f32b6,1
20265,a(u)l(e),a(u)l(e),𐌀(𐌖)𐌋(𐌄),,,,,0.000,clean,233a39fa97f1,2
20277,tetialu,tetialu,𐌕𐌄𐌕𐌉𐌀𐌋𐌖,tetialu,,,,1.000,clean,19a656fa4f5c,2
20279,uchus,uχus,𐌖𐌙𐌖𐌔,uχus,,,,1.000,clean,73dde691d8c9,6
20285,s(ethras),s(eθras),𐌔(𐌄𐌈𐌓𐌀𐌔),,,,,0.000,clean,e3c6da55ed5d,3
20287,kr(aikes),kr(aikes),𐌊𐌓(𐌀𐌉𐌊𐌄𐌔),,,,,0.000,clean,f94a5ff9b81a,1
20385,miverkantus,miverkantus,𐌌𐌉𐌅𐌄𐌓𐌊𐌀𐌍𐌕𐌖𐌔,miverkantus,,,,1.000,clean,357f73b65f95,1
20407,kusia,kusia,𐌊𐌖𐌔𐌉𐌀,kusia,,,,1.000,clean,e62c422680e8,1
20408,kemne,kemne,𐌊𐌄𐌌𐌍𐌄,kemne,,,,1.000,clean,5b1ee4c10fb5,1
20457,meista,meista,𐌌𐌄𐌉𐌔𐌕𐌀,meista,,,,1.000,clean,34eed579df04,1
20474,ttitinai,ttitinai,𐌕𐌕𐌉𐌕𐌉𐌍𐌀𐌉,ttitinai,,,,1.000,clean,a646691a020a,1
206,raufe(s),raufe(s),𐌓𐌀𐌖𐌚𐌄(𐌔),,mrs-larthis-daughters-husband,,,0.000,clean,782eb10b9c65,2
2062,v(e)pr(e)th(e)sa,v(e)pr(e)θ(e)sa,𐌅(𐌄)𐌐𐌓(𐌄)𐌈(𐌄)𐌔𐌀,,mrs-cusinei,,,0.000,clean,0e8793edc077,1
2065,cutnei(al),cutnei(al),𐌂𐌖𐌕𐌍𐌄𐌉(𐌀𐌋),,mr-little-velia,,,0.000,clean,23610216cb6c,3
642,p(uple),p(uple),𐌐(𐌖𐌐𐌋𐌄),,,,,0.000,clean,3c1c9459eda2,2
6421,minimuluvanicemamarceapuniievenala,minimuluvanicemamarceapuniievenala,𐌌𐌉𐌍𐌉𐌌𐌖𐌋𐌖𐌅𐌀𐌍𐌉𐌂𐌄𐌌𐌀𐌌𐌀𐌓𐌂𐌄𐌀𐌐𐌖𐌍𐌉𐌉𐌄𐌅𐌄𐌍𐌀𐌋𐌀,minimuluvanicemamarceapuniievenala,,,,1.000,clean,d24adab565c7,1
6434,------------------anicelaricev----------,------------------anicelaricev----------,------------------𐌀𐌍𐌉𐌂𐌄𐌋𐌀𐌓𐌉𐌂𐌄𐌅----------,,,,,0.000,clean,f3b5733ffb80,1
6447,ranza,ranza,𐌓𐌀𐌍𐌆𐌀,ranza,,,,1.000,clean,325f1170969c,1
6449,mizinacevelth----,mizinacevelθ----,𐌌𐌉𐌆𐌉𐌍𐌀𐌂𐌄𐌅𐌄𐌋𐌈----,,,,,0.000,clean,519c4bb6a118,1
6456,minemuluv----eceavilevipiiennas,minemuluv----eceavilevipiiennas,𐌌𐌉𐌍𐌄𐌌𐌖𐌋𐌖𐌅----𐌄𐌂𐌄𐌀𐌅𐌉𐌋𐌄𐌅𐌉𐌐𐌉𐌉𐌄𐌍𐌍𐌀𐌔,,,,,0.000,clean,4f930377b3ba,1
6462,------trumuulve------,------trumuulve------,------𐌕𐌓𐌖𐌌𐌖𐌖𐌋𐌅𐌄------,,,,,0.000,clean,a63c7f27c864,1
6476,------ceipacturuce,------ceipacturuce,------𐌂𐌄𐌉𐌐𐌀𐌂𐌕𐌖𐌓𐌖𐌂𐌄,,,,,0.000,clean,056743aff283,1
6496,vu,vu,𐌅𐌖,vu,,,,1.000,clean,b944fc0984e6,2
6498,zra,zra,𐌆𐌓𐌀,zra,,,,1.000,clean,745a82413570,1
6504,ci,ci,𐌂𐌉,ci,,,,1.000,clean,1b158839f8aa,2
6505,vru,vru,𐌅𐌓𐌖,vru,,,,1.000,clean,2938b1c9e8fd,1
6509,lru,lru,𐌋𐌓𐌖,lru,,,,1.000,clean,210f7b08e6d4,1
658,spurin(i)al,spurin(i)al,𐌔𐌐𐌖𐌓𐌉𐌍(𐌉)𐌀𐌋,,,,,0.000,clean,7b6429753327,1
659,murina,murina,𐌌𐌖𐌓𐌉𐌍𐌀,murina,mr-aulemurinamrs-arnthisdaughters-husband,,,1.000,clean,bf32143b6d41,1
665,thaznthn(i)al,θaznθn(i)al,𐌈𐌀𐌆𐌍𐌈𐌍(𐌉)𐌀𐌋,,,,,0.000,clean,972d7ad60d40,1
6672,prac(na),prac(na),𐌐𐌓𐌀𐌂(𐌍𐌀),,,,,0.000,clean,d39120e7d76c,1
6673,arnthusa),arnθusa),𐌀𐌓𐌍𐌈𐌖𐌔𐌀),,tr,,,0.000,clean,7671a92716f2,1
6674,thumlana,θumlana,𐌈𐌖𐌌𐌋𐌀𐌍𐌀,θumlana,mr-thumlana,,,1.000,clean,f6d2b3d5a3ce,1
6710,futumuza,futumuza,𐌚𐌖𐌕𐌖𐌌𐌖𐌆𐌀,futumuza,a-little-wine-jar,,,1.000,clean,90e6681a6177,1
6714,--amarcevel--nsnasturuce,--amarcevel--nsnasturuce,--𐌀𐌌𐌀𐌓𐌂𐌄𐌅𐌄𐌋--𐌍𐌔𐌍𐌀𐌔𐌕𐌖𐌓𐌖𐌂𐌄,,,,,0.000,clean,551a49b1f594,1
6715,peleis,peleis,𐌐𐌄𐌋𐌄𐌉𐌔,peleis,,,,1.000,clean,0151dfffca87,1
6723,fiasunu,fiasunu,𐌚𐌉𐌀𐌔𐌖𐌍𐌖,fiasunu,,,,1.000,clean,8b4338108d8a,1
6725,zavena,zavena,𐌆𐌀𐌅𐌄𐌍𐌀,zavena,mr-larecezuchus,,,1.000,clean,5a0c0329b8d1,1
6727,calizamas,calizamas,𐌂𐌀𐌋𐌉𐌆𐌀𐌌𐌀𐌔,calizamas,,,,1.000,clean,2886d7da69d8,1
6728,enas,enas,𐌄𐌍𐌀𐌔,enas,,,,1.000,clean,60409199a6cc,1
6729,madicioeco,madicioeco,𐌌𐌀𐌃𐌉𐌂𐌉𐌏𐌄𐌂𐌏,madicioeco,,,,1.000,clean,0486bdfefab9,1
6844,it--nturuc----------------------------------------s--,it--nturuc----------------------------------------s--,𐌉𐌕--𐌍𐌕𐌖𐌓𐌖𐌂----------------------------------------𐌔--,,thisdid-dedicatems-cavithelittle-greek-to-thedemigod-hercules,,,0.000,clean,4e85a255f32c,1
6928,minemeties,minemeties,𐌌𐌉𐌍𐌄𐌌𐌄𐌕𐌉𐌄𐌔,minemeties,,,,1.000,clean,abbda91a7f82,1
6942,ustiztite,ustiztite,𐌖𐌔𐌕𐌉𐌆𐌕𐌉𐌕𐌄,ustiztite,,,,1.000,clean,103b3c403ba1,1
6945,imicaniasataiasi,imicaniasataiasi,𐌉𐌌𐌉𐌂𐌀𐌍𐌉𐌀𐌔𐌀𐌕𐌀𐌉𐌀𐌔𐌉,imicaniasataiasi,,,,1.000,clean,cf6a6a5e6039,1
6946,lvlvllvti,lvlvllvti,𐌋𐌅𐌋𐌅𐌋𐌋𐌅𐌕𐌉,lvlvllvti,,,,1.000,clean,b9e2e49ca7af,1
6954,zavenazina,zavenazina,𐌆𐌀𐌅𐌄𐌍𐌀𐌆𐌉𐌍𐌀,zavenazina,,,,1.000,clean,bb4b89194700,1
6965,cluntni,cluntni,𐌂𐌋𐌖𐌍𐌕𐌍𐌉,cluntni,,,,1.000,clean,e410beda3c17,1
699,pulfnasa,pulfnasa,𐌐𐌖𐌋𐌚𐌍𐌀𐌔𐌀,pulfnasa,,,,1.000,clean,c6c87643e063,2
6998,ch,χ,𐌙,χ,mr-aule,,,1.000,clean,ebf8943951c7,4
7,mivetiestvelasnas,mivetiestvelasnas,𐌌𐌉𐌅𐌄𐌕𐌉𐌄𐌔𐌕𐌅𐌄𐌋𐌀𐌔𐌍𐌀𐌔,mivetiestvelasnas,,,,1.000,clean,76089ad4f4a4,1
7001,ises,ises,𐌉𐌔𐌄𐌔,ises,the-firstbornsmrseths,,,1.000,clean,b6024dd3827d,1
7042,l(ar)th papasa,l(ar)θ papasa,𐌋(𐌀𐌓)𐌈 𐌐𐌀𐌐𐌀𐌔𐌀,papasa,mr-larththe-grandfathermrlarths-daughters-husband,,,0.500,clean,a9059db007ca,1
7044,rseiantialisa,rseiantialisa,𐌓𐌔𐌄𐌉𐌀𐌍𐌕𐌉𐌀𐌋𐌉𐌔𐌀,rseiantialisa,mrs-titimr-vescuniasmrs-seiantis-sonswife,,,1.000,clean,101f35f19a0a,1
7045,calisne puial{--------},calisne puial{--------},𐌂𐌀𐌋𐌉𐌔𐌍𐌄 𐌐𐌖𐌉𐌀𐌋{--------},calisne,mr-taniacalisnefor-his-wifes,,,0.500,clean,0c37d4711016,1
7069,o t(e)n,o t(e)n,𐌏 𐌕(𐌄)𐌍,o,,,,0.500,clean,2d69e567873b,1
7071,achele,aχele,𐌀𐌙𐌄𐌋𐌄,aχele,,,,1.000,clean,ceece63ca80a,2
7073,kathrni(e)s,kaθrni(e)s,𐌊𐌀𐌈𐌓𐌍𐌉(𐌄)𐌔,,,,,0.000,clean,95bf60195a96,1
7076,karsus,karsus,𐌊𐌀𐌓𐌔𐌖𐌔,karsus,,,,1.000,clean,ea5a3c94e363,1
7096,eca mutna,eca mutna,𐌄𐌂𐌀 𐌌𐌖𐌕𐌍𐌀,eca mutna,,,,1.000,clean,a909951ba53e,1
7097,an zil(a)chn(ce),an zil(a)χn(ce),𐌀𐌍 𐌆𐌉𐌋(𐌀)𐌙𐌍(𐌂𐌄),an,,,,0.500,clean,3ed4b980d446,1
7111,th(a)n(a) pvrnei(al),θ(a)n(a) pvrnei(al),𐌈(𐌀)𐌍(𐌀) 𐌐𐌅𐌓𐌍𐌄𐌉(𐌀𐌋),,,,,0.000,clean,defe98c56e94,1
7117,e(cnatna),e(cnatna),𐌄(𐌂𐌍𐌀𐌕𐌍𐌀),,,,,0.000,clean,4f197c689f2c,2
7118,e(cnatn)i,e(cnatn)i,𐌄(𐌂𐌍𐌀𐌕𐌍)𐌉,,ms-ecnati,,,0.000,clean,d2c5dd771da4,1
7122,tetinei(al) cumeresa,tetinei(al) cumeresa,𐌕𐌄𐌕𐌉𐌍𐌄𐌉(𐌀𐌋) 𐌂𐌖𐌌𐌄𐌓𐌄𐌔𐌀,cumeresa,,,,0.500,clean,ca24313b9081,1
7125,thansi(al) thansi(e)s,θansi(al) θansi(e)s,𐌈𐌀𐌍𐌔𐌉(𐌀𐌋) 𐌈𐌀𐌍𐌔𐌉(𐌄)𐌔,,,,,0.000,clean,1a38345393f1,1
7126,velus(a),velus(a),𐌅𐌄𐌋𐌖𐌔(𐌀),,mr-veltlesnamr-clatesmr-vels-daughters-husband,,,0.000,clean,78b8a0b66eb4,5
7128,pernal,pernal,𐌐𐌄𐌓𐌍𐌀𐌋,pernal,,,,1.000,clean,c925180d709a,1
7141,vipiakarmunipi,vipiakarmunipi,𐌅𐌉𐌐𐌉𐌀𐌊𐌀𐌓𐌌𐌖𐌍𐌉𐌐𐌉,vipiakarmunipi,,,,1.000,clean,ac3f217d1cb1,1
7144,vluchmalu--,vluχmalu--,𐌅𐌋𐌖𐌙𐌌𐌀𐌋𐌖--,,of-mr-velour-king,,,0.000,clean,f3ccbd67ead4,1
7152,minate,minate,𐌌𐌉𐌍𐌀𐌕𐌄,minate,,,,1.000,clean,6074d527fd02,2
7153,--------thans--------,--------θans--------,--------𐌈𐌀𐌍𐌔--------,,,,,0.000,clean,cc3dc789d53e,1
7159,mirafuvethuskasaliennaia,mirafuveθuskasaliennaia,𐌌𐌉𐌓𐌀𐌚𐌖𐌅𐌄𐌈𐌖𐌔𐌊𐌀𐌔𐌀𐌋𐌉𐌄𐌍𐌍𐌀𐌉𐌀,mirafuveθuskasaliennaia,,,,1.000,clean,297442923e99,1
7163,teces,teces,𐌕𐌄𐌂𐌄𐌔,teces,,,,1.000,clean,6b0e93e977d0,1
7173,fercle,fercle,𐌚𐌄𐌓𐌂𐌋𐌄,fercle,thegodbacchus,,,1.000,clean,4b260b904b36,6
7182,venza,venza,𐌅𐌄𐌍𐌆𐌀,venza,,,,1.000,clean,d89ad4f9d306,2
7189,ku,ku,𐌊𐌖,ku,,,,1.000,clean,88d178d728e8,3
7190,venke,venke,𐌅𐌄𐌍𐌊𐌄,venke,,,,1.000,clean,4f60c094b5f2,1
7192,spurinies,spurinies,𐌔𐌐𐌖𐌓𐌉𐌍𐌉𐌄𐌔,spurinies,,,,1.000,clean,3973f37a17b4,1
7225,arnthi susie(s) percumsn(i)al,arnθi susie(s) percumsn(i)al,𐌀𐌓𐌍𐌈𐌉 𐌔𐌖𐌔𐌉𐌄(𐌔) 𐌐𐌄𐌓𐌂𐌖𐌌𐌔𐌍(𐌉)𐌀𐌋,arnθi,,,,0.333,clean,00a5ebc626d8,1
7226,venel(us) tamsnies an,venel(us) tamsnies an,𐌅𐌄𐌍𐌄𐌋(𐌖𐌔) 𐌕𐌀𐌌𐌔𐌍𐌉𐌄𐌔 𐌀𐌍,tamsnies an,mr-veneltamsnieshethe-leaderofthe-templeofthegoddesstansuriwasat-cerveteriadoptedsonof-mrs-larisimr-tamsniesmrs-arusmnsson,,,0.667,clean,7ea1c7c1d132,1
7228,thsinpinurch,θsinpinurχ,𐌈𐌔𐌉𐌍𐌐𐌉𐌍𐌖𐌓𐌙,θsinpinurχ,the-collegeof-the-examinationof-the-entrails,,,1.000,clean,de7c989a0e9b,1
CIE 18.B.7,VЭOИIATZAS Uhd. VЭOИAI·ATZAS Fa.,VeOnIATZAS Uhd. VeOnAI·ATZAS Fa.,,VeOnIATZAS Uhd. VeOnAI ATZAS Fa.,,,,1.000,clean,463201f19987,1
7229,ar(ath) ilthcvav tenatha--------,ar(aθ) ilθcvav tenaθa--------,𐌀𐌓(𐌀𐌈) 𐌉𐌋𐌈𐌂𐌅𐌀𐌅 𐌕𐌄𐌍𐌀𐌈𐌀--------,ilθcvav,to-the-headmanmr-ceisinieand-to-mr-vel,,,0.333,clean,1d802dd70753,1
7240,a(rn)th larce mutin(i)al,a(rn)θ larce mutin(i)al,𐌀(𐌓𐌍)𐌈 𐌋𐌀𐌓𐌂𐌄 𐌌𐌖𐌕𐌉𐌍(𐌉)𐌀𐌋,larce,,,,0.333,clean,521988101ad3,1
7241,------ncte------,------ncte------,------𐌍𐌂𐌕𐌄------,,------ncte------,,,0.000,clean,08b9fdffaad1,1
7244,xx------------thx------------xn,xx------------θx------------xn,𐌗𐌗------------𐌈𐌗------------𐌗𐌍,,xxthxxn,,,0.000,clean,94f6a5254233,1
7246,arnthunas l(a)r(isus) l(a)r(isusa),arnθunas l(a)r(isus) l(a)r(isusa),𐌀𐌓𐌍𐌈𐌖𐌍𐌀𐌔 𐌋(𐌀)𐌓(𐌉𐌔𐌖𐌔) 𐌋(𐌀)𐌓(𐌉𐌔𐌖𐌔𐌀),arnθunas,mr-arnthunaslarismrlariss-daughters-husband,,,0.333,clean,912069cb6911,1
7247,tenurilxxxiii,tenurilxxxiii,𐌕𐌄𐌍𐌖𐌓𐌉𐌋𐌗𐌗𐌗𐌉𐌉𐌉,tenurilxxxiii,,,,1.000,clean,9f4a35eca33b,1
7248,mivelthurusfapal,mivelθurusfapal,𐌌𐌉𐌅𐌄𐌋𐌈𐌖𐌓𐌖𐌔𐌚𐌀𐌐𐌀𐌋,mivelθurusfapal,,,,1.000,clean,152ca34f6378,1
7258,miniur------ikea------,miniur------ikea------,𐌌𐌉𐌍𐌉𐌖𐌓------𐌉𐌊𐌄𐌀------,,,,,0.000,clean,7b8c53ef2a3c,1
7276,veti,veti,𐌅𐌄𐌕𐌉,veti,,,,1.000,clean,08acfbcaaedd,1
7285,venes,venes,𐌅𐌄𐌍𐌄𐌔,venes,ananrmedid-write,,,1.000,clean,ce63f3e8d29f,1
7287,aevzfithiklmnpsrstufchf,aevzfiθiklmnpsrstufχf,𐌀𐌄𐌅𐌆𐌚𐌉𐌈𐌉𐌊𐌋𐌌𐌍𐌐𐌔𐌓𐌔𐌕𐌖𐌚𐌙𐌚,aevzfiθiklmnpsrstufχf,abc,,,1.000,clean,e02483987966,1
7288,mirafuvusavileia,mirafuvusavileia,𐌌𐌉𐌓𐌀𐌚𐌖𐌅𐌖𐌔𐌀𐌅𐌉𐌋𐌄𐌉𐌀,mirafuvusavileia,,,,1.000,clean,6a2c845a0e32,1
7292,------centani,------centani,------𐌂𐌄𐌍𐌕𐌀𐌍𐌉,,menofvolci,,,0.000,clean,bb10fb9d86fb,1
7293,ar--thni,ar--θni,𐌀𐌓--𐌈𐌍𐌉,,mrs-arathni,,,0.000,clean,ad4e213fd7a3,1
733,artnei(al) l(ar)th(us),artnei(al) l(ar)θ(us),𐌀𐌓𐌕𐌍𐌄𐌉(𐌀𐌋) 𐌋(𐌀𐌓)𐌈(𐌖𐌔),,mr-thanamrs-artneismr-larths,,,0.000,clean,757be8c83067,1
735,venete,venete,𐌅𐌄𐌍𐌄𐌕𐌄,venete,mr-luciusvenetemr-velsson,,,1.000,clean,b4c84f045154,2
736,s(e)n(n)ae,s(e)n(n)ae,𐌔(𐌄)𐌍(𐌍)𐌀𐌄,,mr-luciussennassonmrtitus,,,0.000,clean,9f97f231c932,1
7404,thania veltsnei(al) larth(i)alisa armni luesnas,θania veltsnei(al) larθ(i)alisa armni luesnas,𐌈𐌀𐌍𐌉𐌀 𐌅𐌄𐌋𐌕𐌔𐌍𐌄𐌉(𐌀𐌋) 𐌋𐌀𐌓𐌈(𐌉)𐌀𐌋𐌉𐌔𐌀 𐌀𐌓𐌌𐌍𐌉 𐌋𐌖𐌄𐌔𐌍𐌀𐌔,θania armni luesnas,,,,0.600,clean,e5a370d30c7b,1
7407,veltsna(s),veltsna(s),𐌅𐌄𐌋𐌕𐌔𐌍𐌀(𐌔),,,,,0.000,clean,7f39fb24ed2f,1
CIE 1899,∃TATI:M:A:J 1A:D:AΠ:∃∃: A2Ψ:937 la:minate | velia cai | petrusa,eTATI:M:A:J 1A:D:AΠ:ee: A2Ψ:937 la:minate | velia cai | petrusa,,,,,,0.000,ocr_failed,aed11e3c2930,1
CIE 18.A.1,IИИA·IИV·Z·A Lanzi IЭИЭA·IИV·Z·A Fa.,InnA·InV·Z·A Lanzi IeneA·InV·Z·A Fa.,,InnA InV Z A Lanzi IeneA InV Z A Fa.,,,,1.000,clean,3fa62590fb84,1
CIE 18.A.11,ЭDAИV·IA·ЭIAИAИ·ЭIVЭ Lanzi ЭDAИV·IA·ЭIAИAИ·ЭIVЭ Fa.,eDAnV·IA·eIAnAn·eIVe Lanzi eDAnV·IA·eIAnAn·eIVe Fa.,,eDAnV IA eIAnAn eIVe Lanzi eDAnV IA eIAnAn eIVe Fa.,,,,1.000,clean,388518b6e4ab,1
CIE 18.A.12,VЭIAЭIЭIOЭЭ·[A]ИZIIЭAИ Fa.,VeIAeIeIOee·[A]nZIIeAn Fa.,𐌅𐌄𐌉𐌀𐌄𐌉𐌄𐌉𐌏𐌄𐌄·[𐌀]𐌍𐌆𐌉𐌉𐌄𐌀𐌍 𐌚𐌀.,VeIAeIeIOee Fa.,,,,0.667,clean,28782f67db53,2
CIE 18.A.13,VЭIAЭIЭIOЭЭ·[A]ИZIIЭAИ Fa.,VeIAeIeIOee·[A]nZIIeAn Fa.,𐌅𐌄𐌉𐌀𐌄𐌉𐌄𐌉𐌏𐌄𐌄·[𐌀]𐌍𐌆𐌉𐌉𐌄𐌀𐌍 𐌚𐌀.,VeIAeIeIOee Fa.,,,,0.667,clean,28782f67db53,2
CIE 18.A.2,IИV·I·IOA·I·IИV·Z·A Lanzi IИV·I·IOA·I·IИV·Z·A Fa.,InV·I·IOA·I·InV·Z·A Lanzi InV·I·IOA·I·InV·Z·A Fa.,,InV I IOA I InV Z A Lanzi InV I IOA I InV Z A Fa.,,,,1.000,clean,e90229e7c40d,1
CIE 18.A.3,IAIИAЭЭ·IИV·Z·A Lanzi IAIИAЭЭ·IИV·Z·A Fa.,IAInAee·InV·Z·A Lanzi IAInAee·InV·Z·A Fa.,,IAInAee InV Z A Lanzi IAInAee InV Z A Fa.,,,,1.000,clean,1acae94e1f59,1
CIE 18.A.4,IAIЭIЭD·IИV·Z·A Lanzi IAIЭIЭD·IИV·Z·A Fa.,IAIeIeD·InV·Z·A Lanzi IAIeIeD·InV·Z·A Fa.,,IAIeIeD InV Z A Lanzi IAIeIeD InV Z A Fa.,,,,1.000,clean,e37342254adc,1
CIE 18.A.5,IAIИVЭ8·AИV·IЭ·A Lanzi IAIИVЭ8·AИV·IЭ·A Fa.,IAInVe8·AnV·Ie·A Lanzi IAInVe8·AnV·Ie·A Fa.,,,,,,0.000,ocr_failed,66b8595425c8,1
CIE 18.A.6,ИAИA·A·AИV·ЭI·A Lanzi ИAIA·A Fa.,nAnA·A·AnV·eI·A Lanzi nAIA·A Fa.,,nAnA A AnV eI A Lanzi nAIA A Fa.,,,,1.000,clean,b69878570847,1
CIE 18.A.7,IAIИИЭA·AИV·I·Э Fa.,IAInneA·AnV·I·e Fa.,𐌉𐌀𐌉𐌍𐌍𐌄𐌀·𐌀𐌍𐌅·𐌉·𐌄 𐌚𐌀.,IAInneA AnV I e Fa.,,,,1.000,clean,9652d3cbe78f,1
CIE 18.A.8,ЭИVЭ·X·IOA·I·I Lanzi ЭИVЭ·VЭOИA·I Fa.,enVe·X·IOA·I·I Lanzi enVe·VeOnA·I Fa.,,enVe X IOA I I Lanzi enVe VeOnA I Fa.,,,,1.000,clean,588ed57fafdf,1
CIE 18.a-b,AVЭAMVЭ AЭZAIЭZ TИVOVЭ IТATЭЭZIA,AVeAMVe AeZAIeZ TnVOVe ItATeeZIA,𐌀𐌅𐌄𐌀𐌌𐌅𐌄 𐌀𐌄𐌆𐌀𐌉𐌄𐌆 𐌕𐌍𐌅𐌏𐌅𐌄 𐌉𐌕𐌀𐌕𐌄𐌄𐌆𐌉𐌀,AVeAMVe AeZAIeZ TnVOVe ItATeeZIA,,,,1.000,clean,c87789e31e20,1
CIE 18.B.1,VITVIAMAHV·V8IЭDA Fa.,VITVIAMAHV·V8IeDA Fa.,,,,,,0.000,ocr_failed,40114a11113c,1
CIE 18.B.10,IЭIЭIЭ·ЭZAI Fa.,IeIeIe·eZAI Fa.,,IeIeIe eZAI Fa.,,,,1.000,clean,9462c6aa8472,1
CIE 18.B.12,XЭAI·VЭOИAI·ЭИIЭ8·ЭOИVЭAИV Fa.,XeAI·VeOnAI·enIe8·eOnVeAnV Fa.,,,,,,0.000,ocr_failed,28fcfd911886,1
CIE 18.B.2,VЭOИA·I,VeOnA·I,𐌅𐌄𐌏𐌍𐌀·𐌉,VeOnA I,,,,1.000,clean,26ed3971feb0,1
CIE 18.B.3,IVIИA Fa.,IVInA Fa.,,IVInA Fa.,,,,1.000,clean,d7e6815308a7,1
CIE 18.B.4,VИV·V8·VЭOИAI Fa.,VnV·V8·VeOnAI Fa.,,,,,,0.000,ocr_failed,1fa7d4dfbebf,1
CIE 19,KK·LIDIAI9V ƆH·V7L2AƆ·AHƆI∃,KK·LIDIAI9V cH·V7L2Ac·AHcIe,,,,,,0.000,ocr_failed,de0aef40ff05,1
CIE 1905,AZINIA:IVMVI:AIMAO,AZINIA:IVMVI:AIMAO,,AZINIA IVMVI AIMAO,,,,1.000,clean,2bb2317734d6,1
CIE 1906,TAMIA VJIA AIN,TAMIA VJIA AIN,,,,,,0.000,needs_review,ffd8661cab4b,1
CIE 1907,IANIA AZINIVA,IANIA AZINIVA,,IANIA AZINIVA,,,,1.000,clean,0e8bf6288e66,1
CIE 1908,AZINIVA:AIMVJA:IANIA,AZINIVA:AIMVJA:IANIA,,,,,,0.000,needs_review,7deacb39cf4e,1
CIE 1909,VJ:JA:VI ...JV... ...JV....,VJ:JA:VI ...JV... ...JV....,,,,,,0.000,needs_review,490e67fe576e,1
CIE 1910,HIA:AHA AO AMJIA,HIA:AHA AO AMJIA,,,,,,0.000,needs_review,15aaffbb4e02,1
CIE 1911,𐌂𐌀𐌉 𐌇𐌄𐌓𐌄𐌍𐌉 𐌐𐌄𐌕𐌉𐌍𐌀𐌕𐌉𐌀𐌋,cai : hereni : petinatial,𐌂𐌀𐌉 : 𐌇𐌄𐌓𐌄𐌍𐌉 : 𐌐𐌄𐌕𐌉𐌍𐌀𐌕𐌉𐌀𐌋,cai hereni petinatial,,,,1.000,clean,326a46e1630c,1
CIE 2113,AIV1:M9V0J39:A,arniθal : velθurs : puia,𐌀𐌓𐌍𐌉𐌈𐌀𐌋 : 𐌅𐌄𐌋𐌈𐌖𐌓𐌔 : 𐌐𐌖𐌉𐌀,arniθal velθurs puia,,,,1.000,clean,3ef03dd7d35f,1
CIE 1912,𐌀𐌉𐌇𐌙𐌖𐌔𐌉𐌏:𐌔𐌉𐌌𐌉𐌀):𐌀𐌔,fa : cainei : hisunia,𐌚𐌀 : 𐌂𐌀𐌉𐌍𐌄𐌉 : 𐌇𐌉𐌔𐌖𐌍𐌉𐌀,fa cainei hisunia,,,,1.000,clean,08341139ccc2,1
CIE 1927,MЯ AЯASAM·ЭИ·ЭИ JAX la·cale·me mefanaЯnal,Mr ArASAM·en·en JAX la·cale·me mefanarnal,,,,,,0.000,needs_review,0dc3faaca0ed,1
CIE 1913,:𐌌𐌉𐌏𐌖𐌍:𐌔𐌉𐌌𐌉𐌀):𐌀𐌉𐌇𐌀𐌏,Pania : cainei : nuvis:,,Pania cainei nuvis,,,,1.000,clean,8408cf99621c,1
CIE 1914,𐌀𐌕𐌉𐌍𐌀 𐌍𐌖𐌉𐌔 𐌖𐌌𐌉𐌙𐌀,velia nuvis atina,𐌅𐌄𐌋𐌉𐌀 𐌍𐌖𐌅𐌉𐌔 𐌀𐌕𐌉𐌍𐌀,velia nuvis atina,,,,1.000,clean,c3fa5e493fbf,1
CIE 1916,[:𐌋𐌀𐌍𐌓𐌍𐌀 𐌖𐌕𐌀𐌐 𐌉𐌀𐌂 𐌄𐌋𐌖𐌀],aule cai patu | arndal,𐌀𐌖𐌋𐌄 𐌂𐌀𐌉 𐌐𐌀𐌕𐌖 | 𐌀𐌓𐌍𐌃𐌀𐌋,aule cai patu arndal,,,,1.000,clean,92adec715dc1,1
CIE 1917,𐌀𐌋𐌍𐌓𐌀 𐌄𐌀𐌂 𐌖𐌀,au[.]cae.arnt[al],𐌀𐌖[.]𐌂𐌀𐌄.𐌀𐌓𐌍𐌕[𐌀𐌋],,,,,0.000,clean,460011b428df,1
CIE 1918,𐌀𐌖𐌋𐌄 𐌀𐌉𐌍𐌀 𐌖𐌀,H SA VA Corssen; ....H SA VA Fa.; in fine aina vel nina Da. sched.,,H SA VA Corssen ....H SA VA Fa. in fine aina vel nina Da. sched.,,,,1.000,clean,f85b3f6c9fdf,1
CIE 1919,larθ : cae : pexe : cainal,larθ : cae : pexe : cainal,𐌋𐌀𐌓𐌈 : 𐌂𐌀𐌄 : 𐌐𐌄𐌗𐌄 : 𐌂𐌀𐌉𐌍𐌀𐌋,larθ cae pexe cainal,,,,1.000,clean,d141c33c49e8,1
CIE 192,IARVNA RIGAL IARVNAIAR,IARVNA RIGAL IARVNAIAR,,IARVNA RIGAL IARVNAIAR,,,,1.000,clean,fb59262f201b,1
CIE 1920,larθ : cae : pexe : trepinal,larθ : cae : pexe : trepinal,𐌋𐌀𐌓𐌈 : 𐌂𐌀𐌄 : 𐌐𐌄𐌗𐌄 : 𐌕𐌓𐌄𐌐𐌉𐌍𐌀𐌋,larθ cae pexe trepinal,,,,1.000,clean,6d670808377a,1
CIE 1926,IHDAƆ·ЭЯPЭЯИ seθre·caЯnilsi [a],IHDAc·erPern seθre·carnilsi [a],,IHDAc erPern seθre carnilsi,,,,0.800,clean,bd29d43faf05,1
CIE 1928,ЭИЯЭAD·AJ la·cale·me,enreAD·AJ la·cale·me,,,,,,0.000,needs_review,c0b2493f3032,1
CIE 1929,HЭ·IЭAЭ·VЭIЭ larЯi·cali·vel,He·IeAe·VeIe larri·cali·vel,𐌇𐌄·𐌉𐌄𐌀𐌄·𐌅𐌄𐌉𐌄 𐌋𐌀𐌓𐌓𐌉·𐌂𐌀𐌋𐌉·𐌅𐌄𐌋,He IeAe VeIe larri cali vel,,,,1.000,clean,39fd21256950,1
CIE 1930,ЭAЭIЭIЭ·HЭIЭAЭЭA aЯ·caliti·vipias,eAeIeIe·HeIeAeeA ar·caliti·vipias,𐌄𐌀𐌄𐌉𐌄𐌉𐌄·𐌇𐌄𐌉𐌄𐌀𐌄𐌄𐌀 𐌀𐌓·𐌂𐌀𐌋𐌉𐌕𐌉·𐌅𐌉𐌐𐌉𐌀𐌔,eAeIeIe HeIeAeeA ar caliti vipias,,,,1.000,clean,eb71cb5ddad9,1
CIE 1931,TAMAЭAЭЭIЭИ Tania·Calinai,TAMAeAeeIen Tania·Calinai,,TAMAeAeeIen Tania Calinai,,,,1.000,clean,cdb68c232194,1
CIE 1932,ЯЭЯЭЭ·ЭЭЭ:IИЯIЭAЭЭ:ЭЭИ [la]ЯЯ:calisni:seθresa,reree·eee:InrIeAee:een [la]rr:calisni:seθresa,𐌓𐌄𐌓𐌄𐌄·𐌄𐌄𐌄:𐌉𐌍𐌓𐌉𐌄𐌀𐌄𐌄:𐌄𐌄𐌍 [𐌋𐌀]𐌓𐌓:𐌂𐌀𐌋𐌉𐌔𐌍𐌉:𐌔𐌄𐌈𐌓𐌄𐌔𐌀,reree eee InrIeAee een calisni seθresa,,,,0.857,clean,c690811b1a33,1
CIE 1933,XЭIЭA·MIИЭIЭVЭX·XЭЯIЭAЭ larisal·kalsniЯ·aviati,XeIeA·MIneIeVeX·XerIeAe larisal·kalsnir·aviati,𐌗𐌄𐌉𐌄𐌀·𐌌𐌉𐌍𐌄𐌉𐌄𐌅𐌄𐌗·𐌗𐌄𐌓𐌉𐌄𐌀𐌄 𐌋𐌀𐌓𐌉𐌔𐌀𐌋·𐌊𐌀𐌋𐌔𐌍𐌉𐌓·𐌀𐌅𐌉𐌀𐌕𐌉,XeIeA MIneIeVeX XerIeAe larisal kalsnir aviati,,,,1.000,clean,73ded25dcac5,1
CIE 1934,ЭAIЭIЭVO·IИIЭAЭ·ЭAЭ lart·calisni·ЯuriciaЯ,eAIeIeVO·InIeAe·eAe lart·calisni·ruriciar,𐌄𐌀𐌉𐌄𐌉𐌄𐌅𐌏·𐌉𐌍𐌉𐌄𐌀𐌄·𐌄𐌀𐌄 𐌋𐌀𐌓𐌕·𐌂𐌀𐌋𐌉𐌔𐌍𐌉·𐌓𐌖𐌓𐌉𐌂𐌉𐌀𐌓,eAIeIeVO InIeAe eAe lart calisni ruriciar,,,,1.000,clean,2306eb1fd28a,1
CIE 1935,AИIИAЭIИЭЯIЭЭЭAЭ larЯ·calisni v anina,AnInAeInerIeeeAe larr·calisni v anina,𐌀𐌍𐌉𐌍𐌀𐌄𐌉𐌍𐌄𐌓𐌉𐌄𐌄𐌄𐌀𐌄 𐌋𐌀𐌓𐌓·𐌂𐌀𐌋𐌉𐌔𐌍𐌉 𐌅 𐌀𐌍𐌉𐌍𐌀,AnInAeInerIeeeAe larr calisni v anina,,,,1.000,clean,5d83665287aa,1
CIE 1936,ARVAMINISIASIA IAQDAL ar:calisni:sapusa|lar:dal,ARVAMINISIASIA IAQDAL ar:calisni:sapusa|lar:dal,,ARVAMINISIASIA IAQDAL ar calisni sapusa lar dal,,,,1.000,clean,3211845dcdf2,1
CIE 1937,RIVAS:IAQDAL VAMIDV M:ISN :MONEQ lar:di:calisnei:murinal|ren:n,RIVAS:IAQDAL VAMIDV M:ISN :MONEQ lar:di:calisnei:murinal|ren:n,,RIVAS IAQDAL VAMIDV M ISN MONEQ lar di calisnei murinal ren n,,,,1.000,clean,389158ebbb77,1
CIE 1942,AMAMAS:IVA VANIAS:IAQAI aule:camarine|lar:al:cainal,AMAMAS:IVA VANIAS:IAQAI aule:camarine|lar:al:cainal,,AMAMAS IVA VANIAS IAQAI aule camarine lar al cainal,,,,1.000,clean,1c63ac35726f,1
CIE 1943,IAVIMVS:IA NIQA MAS:IOZAS hasi:camarinei:pumpiual:,IAVIMVS:IA NIQA MAS:IOZAS hasi:camarinei:pumpiual:,,IAVIMVS IA NIQA MAS IOZAS hasi camarinei pumpiual,,,,1.000,clean,461017e11ab6,1
CIE 1944,ASAMVS:IENIQAMAS:ALSAO hastia:camarinei:rumatesa,ASAMVS:IENIQAMAS:ALSAO hastia:camarinei:rumatesa,,ASAMVS IENIQAMAS ALSAO hastia camarinei rumatesa,,,,1.000,clean,437b9d688833,1
CIE 1945,MANIQ:SAMAS:VIVA INTVAJ aulius:camarines|lautni,MANIQ:SAMAS:VIVA INTVAJ aulius:camarines|lautni,,,,,,0.000,needs_review,7fc7b64e60a1,1
CIE 1947,𐌅𐌓𐌉𐌋𐌉𐌂𐌖𐌌𐌀𐌍𐌇𐌍𐌀𐌔,[ve]licu[m] [can]zna[s],[𐌅𐌄]𐌋𐌉𐌂𐌖[𐌌] [𐌂𐌀𐌍]𐌆𐌍𐌀[𐌔],,,,,0.000,clean,36027c6cdb71,1
CIE 1948,𐌀𐌈:𐌂𐌀𐌐𐌉𐌖:𐌋𐌀𐌓𐌈𐌉𐌀𐌋,aθ: capiu: larθial,𐌀𐌈: 𐌂𐌀𐌐𐌉𐌖: 𐌋𐌀𐌓𐌈𐌉𐌀𐌋,aθ capiu larθial,,,,1.000,clean,33d2a1b40ac9,1
CIE 1949,𐌀𐌅:𐌂𐌀𐌐𐌍𐌀:𐌀𐌋𐌚𐌍𐌀𐌋,av: capna: alfnal,𐌀𐌅: 𐌂𐌀𐌐𐌍𐌀: 𐌀𐌋𐌚𐌍𐌀𐌋,av capna alfnal,,,,1.000,clean,c783f811f848,1
CIE 1950,𐌀𐌈:𐌂𐌀𐌐𐌍𐌀:𐌄𐌂𐌍𐌀𐌕𐌍𐌀𐌋,aθ: capna: ecnatnal,𐌀𐌈: 𐌂𐌀𐌐𐌍𐌀: 𐌄𐌂𐌍𐌀𐌕𐌍𐌀𐌋,aθ capna ecnatnal,,,,1.000,clean,8ec5ddea6985,1
CIE 1951,𐌀𐌈𐌀𐌌𐌅𐌉:𐌀𐌍𐌇𐌍𐌀𐌈:𐌏𐌀,aθ: capsna: pumpana,𐌀𐌈: 𐌂𐌀𐌐𐌔𐌍𐌀: 𐌐𐌖𐌌𐌐𐌀𐌍𐌀,aθ capsna pumpana,,,,1.000,clean,964bd05f1286,1
CIE 1952,𐌀𐌓𐌍𐌇𐌍𐌀:𐌂𐌀𐌐𐌔𐌍𐌀:𐌔𐌄𐌓𐌍𐌀𐌋,arnza: capsna: sernal,𐌀𐌓𐌍𐌆𐌀: 𐌂𐌀𐌐𐌔𐌍𐌀: 𐌔𐌄𐌓𐌍𐌀𐌋,arnza capsna sernal,,,,1.000,clean,5a5f1097e32a,1
CIE 1988,OA:VMAI:VA,OA:VMAI:VA,,OA VMAI VA,,,,1.000,clean,0d633f7d5b09,1
CIE 1953,𐌔𐌀𐌍𐌉𐌀:𐌔𐌄𐌓𐌍𐌄𐌉:𐌂𐌀𐌐𐌔𐌍𐌀𐌔,sania: sernei: capsnas,𐌔𐌀𐌍𐌉𐌀: 𐌔𐌄𐌓𐌍𐌄𐌉: 𐌂𐌀𐌐𐌔𐌍𐌀𐌔,sania sernei capsnas,,,,1.000,clean,2ce5ba8e26eb,1
CIE 1954,𐌔𐌀𐌋𐌉𐌄:𐌂𐌀𐌓𐌂𐌖:𐌍𐌀𐌕𐌉𐌔,salie: carcu: natis,𐌔𐌀𐌋𐌉𐌄: 𐌂𐌀𐌓𐌂𐌖: 𐌍𐌀𐌕𐌉𐌔,salie carcu natis,,,,1.000,clean,f59a50100599,1
CIE 1955,FLORA CARGOSSA,Flora | Gargossa,,Flora Gargossa,,,,1.000,clean,653a2c55dc26,1
CIE 1956,𐌋𐌀𐌓𐌉 𐌊𐌀𐌓𐌊𐌍𐌀 𐌋𐌀?𐌋,lari carcna la?al,𐌋𐌀𐌓𐌉 𐌂𐌀𐌓𐌂𐌍𐌀 𐌋𐌀?𐌀𐌋,lari carcna,,,,0.667,clean,91105e4040f9,1
CIE 1957,𐌋𐌀𐌓𐌈 𐌊𐌀𐌓𐌍𐌀 𐌅𐌄𐌋𐌖𐌔,larθ carna velus,𐌋𐌀𐌓𐌈 𐌂𐌀𐌓𐌍𐌀 𐌅𐌄𐌋𐌖𐌔,larθ carna velus,,,,1.000,clean,9a1723b89bd2,1
CIE 1958,𐌅𐌄𐌋: 𐌊𐌀𐌓𐌍𐌀: 𐌋𐌀?𐌋,vel: carna: lar?al,𐌅𐌄𐌋: 𐌂𐌀𐌓𐌍𐌀: 𐌋𐌀𐌓?𐌀𐌋,vel carna,,,,0.667,clean,7acbb35a8f07,1
CIE 1959,𐌀𐌉𐌈·𐌊𐌀𐌓𐌍𐌀·𐌅𐌄𐌕𐌋𐌍𐌀𐌋,aiθ·carna·vetlnal,𐌀𐌉𐌈·𐌂𐌀𐌓𐌍𐌀·𐌅𐌄𐌕𐌋𐌍𐌀𐌋,aiθ carna vetlnal,,,,1.000,clean,ff2e2ccb886b,1
CIE 196,ANANA:IOAN ARENAI,ANANA:IOAN ARENAI,,ANANA IOAN ARENAI,,,,1.000,clean,0bce3ddf8f22,1
CIE 1960,𐌀𐌉𐌈:𐌊𐌀𐌓𐌍𐌄𐌉:𐌕𐌖𐌕𐌍𐌀𐌈𐌀,aiθ:carnei:tutnaθa,𐌀𐌉𐌈:𐌂𐌀𐌓𐌍𐌄𐌉:𐌕𐌖𐌕𐌍𐌀𐌈𐌀,aiθ carnei tutnaθa,,,,1.000,clean,6f449645d3c9,1
CIE 1961,𐌀𐌓:𐌕𐌖𐌕𐌍𐌀|𐌕𐌖𐌌𐌖:𐌊𐌀𐌓𐌍𐌀?𐌋,ar:tutna|tumu:carn?al,𐌀𐌓:𐌕𐌖𐌕𐌍𐌀|𐌕𐌖𐌌𐌖:𐌂𐌀𐌓𐌍?𐌀𐌋,ar tutna tumu,,,,0.750,clean,93ff641595ac,1
CIE 1963,𐌓𐌄𐌈𐌋:𐌋?𐌄𐌈𐌄:𐌊𐌀𐌓𐌔𐌍𐌀:𐌇𐌖𐌐𐌉𐌄,reθl:l?eθe:carsna:hupie,𐌓𐌄𐌈𐌋:𐌋?𐌄𐌈𐌄:𐌂𐌀𐌓𐌔𐌍𐌀:𐌇𐌖𐌐𐌉𐌄,reθl carsna hupie,,,,0.750,clean,c345a4af3b17,1
CIE 1964,AJ·AMAO ITAMIA AƧVИƎЯ,AJ·AMAO ITAMIA AsVner,,,,,,0.000,needs_review,b778e27c504f,1
CIE 1965,AИ19AƆ:VИA1,An19Ac:VnA1,,,,,,0.000,ocr_failed,26834bda9d54,1
CIE 1966,AƧVИЈ HИ19AƆ AMAO,AsVni Hn19Ac AMAO,,,,,,0.000,ocr_failed,8e122a3e5507,1
CIE 1967,L·CARTILVS·L·F HARISPEX,L·CARTILVS·L·F HARISPEX,,L CARTILVS L F HARISPEX,,,,1.000,clean,dd51723ce119,1
CIE 1968,AƧVИA:IM+AƆ:ƧИVA,AsVnA:IM+Ac:snVA,,,,,,0.000,ocr_failed,ae60681db710,1
CIE 1969,ƧИVAƆИA JAƆ ИQA,snVAcnA JAc nQA,,,,,,0.000,needs_review,2899cd0ce7c2,1
CIE 1970,:VЯOИVHA:JƧVИA:JƧA,:VrOnVHA:JsVnA:JsA,,,,,,0.000,needs_review,1aa5bda31368,1
CIE 1971,OЈ·IИIИƧƧV O ЈAИIЯ,Oi·InInssV O iAnIr,𐌏𐌉·𐌉𐌍𐌉𐌍𐌔𐌔𐌅 𐌏 𐌉𐌀𐌍𐌉𐌓,Oi InInssV O iAnIr,,,,1.000,clean,2d71b02607e9,1
CIE 1972,𐌋𐌀𐌓𐌕𐌉𐌂𐌀𐌖𐌔𐌕𐌉𐌍𐌄𐌉𐌔𐌀𐌋𐌉𐌍𐌀𐌋,larti caustinei | salinal,𐌋𐌀𐌓𐌕𐌉 𐌂𐌀𐌖𐌔𐌕𐌉𐌍𐌄𐌉 | 𐌔𐌀𐌋𐌉𐌍𐌀𐌋,larti caustinei salinal,,,,1.000,clean,5aba70e8f3d7,1
CIE 1973,𐌀𐌕𐌉𐌌𐌜𐌖𐌌𐌖𐌀𐌔𐌕𐌉𐌍𐌄𐌉𐌋𐌀𐌜𐌉𐌂𐌀𐌖𐌔𐌕𐌉𐌍𐌄,larθi caustine | laθi caustine,𐌋𐌀𐌓𐌈𐌉 𐌂𐌀𐌖𐌔𐌕𐌉𐌍𐌄 | 𐌋𐌀𐌈𐌉 𐌂𐌀𐌖𐌔𐌕𐌉𐌍𐌄,larθi caustine laθi caustine,,,,1.000,clean,bbfe01402cd6,1
CIE 1974,𐌀𐌓𐌜𐌉𐌂𐌀𐌖𐌔𐌕𐌉𐌍𐌄𐌉𐌇𐌄𐌓𐌍𐌄𐌔𐌀,larθi caustinei hernesa,𐌋𐌀𐌓𐌈𐌉 𐌂𐌀𐌖𐌔𐌕𐌉𐌍𐌄𐌉 𐌇𐌄𐌓𐌍𐌄𐌔𐌀,larθi caustinei hernesa,,,,1.000,clean,a8514b3c8ad5,1
CIE 1978,𐌋𐌀𐌓𐌜𐌉𐌂𐌄𐌋𐌄𐌀𐌋𐌗𐌖𐌔𐌍𐌀𐌋,larθ : cele : alχusnal,𐌋𐌀𐌓𐌈 : 𐌂𐌄𐌋𐌄 : 𐌀𐌋𐌙𐌖𐌔𐌍𐌀𐌋,larθ cele alχusnal,,,,1.000,clean,89dc5205fd9d,1
CIE 1979,IANQVTAM:OV:SVAO:OV,IANQVTAM:OV:SVAO:OV,,IANQVTAM OV SVAO OV,,,,1.000,clean,5546f88ace74,1
CIE 198,AIVNASIYAN LAHNVOMAIQOAN DΘDΘQOM·AИE,AIVNASIYAN LAHNVOMAIQOAN DΘDΘQOM·AnE,,AIVNASIYAN LAHNVOMAIQOAN DΘDΘQOM AnE,,,,1.000,clean,1c0689cbdef0,1
CIE 1980,A2AMQO2:AIVD:AMAO,A2AMQO2:AIVD:AMAO,,,,,,0.000,ocr_failed,903ef30dbe86,1
CIE 1981,VTI1:A2AIVD:AINAO,VTI1:A2AIVD:AINAO,,,,,,0.000,ocr_failed,4c39d652f23d,1
CIE 1982,IAIQI1:OIEI:2I,IAIQI1:OIEI:2I,,,,,,0.000,ocr_failed,110e6cb40109,1
CIE 1983,A2ANTVMAI:IAO,A2ANTVMAI:IAO,,,,,,0.000,ocr_failed,701134c3657d,1
CIE 1984,M:CELVS:LI,M:CELVS:LI,,M CELVS LI,,,,1.000,clean,558fbbd2b0f9,1
CIE 1989,AMITAMELANAN,AMITAMELANAN,,AMITAMELANAN,,,,1.000,clean,d800d7995a10,1
CIE 199,IVO:LAX,IVO:LAX,,IVO LAX,,,,1.000,clean,13f683eb1050,1
CIE 1991,IÐANAS:ALAVSNA,IANAS:ALAVSNA,,IANAS ALAVSNA,,,,1.000,clean,b0ce25dd486d,1
CIE 1992,ARANÐIAS:IVCNEÐ:IOÐA,ARANIAS:IVCNE:IOA,,ARANIAS IVCNE IOA,,,,1.000,clean,b1743aa07673,1
CIE 1996,IANACETISNEI,IANACETISNEI,,IANACETISNEI,,,,1.000,clean,645786c8072f,1
CIE 1997,ITIAS:AH:AÐ,ITIAS:AH:A,,ITIAS AH A,,,,1.000,clean,98485b946f5c,1
CIE 1998,vl cvinte | velias,vl cvinte | velias,𐌅𐌋 𐌂𐌅𐌉𐌍𐌕𐌄 | 𐌅𐌄𐌋𐌉𐌀𐌔,vl cvinte velias,,,,1.000,clean,b7423484ea4e,1
CIE 1999,fana cvintila | trepinal,fana cvintila | trepinal,𐌚𐌀𐌍𐌀 𐌂𐌅𐌉𐌍𐌕𐌉𐌋𐌀 | 𐌕𐌓𐌄𐌐𐌉𐌍𐌀𐌋,fana cvintila trepinal,,,,1.000,clean,fe65027f676c,1
CIE 2000,ve cicu,ve cicu,𐌅𐌄 𐌂𐌉𐌂𐌖,ve cicu,,,,1.000,clean,fa17ebf5edbd,1
CIE 2001,ad cicu | tutnal,ad cicu | tutnal,𐌀𐌃 𐌂𐌉𐌂𐌖 | 𐌕𐌖𐌕𐌍𐌀𐌋,ad cicu tutnal,,,,1.000,clean,6160768334b8,1
CIE 2002,cae cicu | latinial,cae cicu | latinial,𐌂𐌀𐌄 𐌂𐌉𐌂𐌖 | 𐌋𐌀𐌕𐌉𐌍𐌉𐌀𐌋,cae cicu latinial,,,,1.000,clean,222d21d59363,1
CIE 2003,la cicu | marcnal,la cicu | marcnal,𐌋𐌀 𐌂𐌉𐌂𐌖 | 𐌌𐌀𐌓𐌂𐌍𐌀𐌋,la cicu marcnal,,,,1.000,clean,8147c136da78,1
CIE 2004,antipater | cicus,antipater | cicus,𐌀𐌍𐌕𐌉𐌐𐌀𐌕𐌄𐌓 | 𐌂𐌉𐌂𐌖𐌔,antipater cicus,,,,1.000,clean,470f9b704c44,1
CIE 2005,ad cipiru | ucumnzal,ad cipiru | ucumnzal,𐌀𐌃 𐌂𐌉𐌐𐌉𐌓𐌖 | 𐌖𐌂𐌖𐌌𐌍𐌆𐌀𐌋,ad cipiru ucumnzal,,,,1.000,clean,7e3945a95a60,1
CIE 2006,vl cipiru | ucumnzal,vl cipiru | ucumnzal,𐌅𐌋 𐌂𐌉𐌐𐌉𐌓𐌖 | 𐌖𐌂𐌖𐌌𐌍𐌆𐌀𐌋,vl cipiru ucumnzal,,,,1.000,clean,8e7c98afc1e2,1
CIE 2007,lartia ucumsnei | cipirusa,lartia ucumsnei | cipirusa,𐌋𐌀𐌓𐌕𐌉𐌀 𐌖𐌂𐌖𐌌𐌔𐌍𐌄𐌉 | 𐌂𐌉𐌐𐌉𐌓𐌖𐌔𐌀,lartia ucumsnei cipirusa,,,,1.000,clean,9d0a9e321f82,1
CIE 2008,θ cipirunia | apices,θ cipirunia | apices,𐌈 𐌂𐌉𐌐𐌉𐌓𐌖𐌍𐌉𐌀 | 𐌀𐌐𐌉𐌂𐌄𐌔,θ cipirunia apices,,,,1.000,clean,8e187ff276eb,1
CIE 2009,a) APRILISS b) TI CLAVDI | SECVNDI,a) APRILISS b) TI CLAVDI | SECVNDI,,APRILISS TI CLAVDI SECVNDI,,,,0.667,clean,6b7312816b86,1
CIE 2017,𐌅𐌄𐌋𐌉𐌔𐌀 | 𐌂𐌓𐌄𐌉𐌂𐌉𐌀 | 𐌀𐌍𐌄𐌔𐌀,velisa | creicia | anesa,𐌅𐌄𐌋𐌉𐌔𐌀 | 𐌂𐌓𐌄𐌉𐌂𐌉𐌀 | 𐌀𐌍𐌄𐌔𐌀,velisa creicia anesa,,,,1.000,clean,442708622789,1
14700,liibro,liibro,𐌋𐌉𐌉𐌁𐌓𐌏,liibro,,,,1.000,clean,8ea43afac676,1
CIE 2018,JANCIJA: AICIA,JANCIJA: AICIA,,,,,,0.000,needs_review,eb9daa8537fe,1
CIE 2019,IHMVA,crusni,𐌂𐌓𐌖𐌔𐌍𐌉,crusni,,,,1.000,clean,6e91052ec0ed,1
CIE 2020,"COCCEIA.L LSCATVN"" VXOR",Cocceia.L Scatunii uxor,,Cocceia.L Scatunii uxor,,,,1.000,clean,789dd4e82f29,1
CIE 2035,MAJED:IMVD:OA,MAJED:IMVD:OA,,,,,,0.000,needs_review,80afc5d0eea1,1
CIE 2021,COELIA.LL ANTICLIA,Coelia.L Anticlia,,Coelia.L Anticlia,,,,1.000,clean,a309c34eaf2d,1
CIE 2022,:JANCIJA:IHVDA,culni:trisnal,𐌂𐌖𐌋𐌍𐌉:𐌕𐌓𐌉𐌔𐌍𐌀𐌋,culni trisnal,,,,1.000,clean,5f899b33a3c1,1
CIE 2023,JAM8JV1:O:J:A,cultana:pulfnal,𐌂𐌖𐌋𐌕𐌀𐌍𐌀:𐌐𐌖𐌋𐌚𐌍𐌀𐌋,cultana pulfnal,,,,1.000,clean,f223db31eb87,1
CIE 2024,JANXJVJ:I:O:QAS,larθi:cultanei:velχasa,𐌋𐌀𐌓𐌈𐌉:𐌂𐌖𐌋𐌕𐌀𐌍𐌄𐌉:𐌅𐌄𐌋𐌙𐌀𐌔𐌀,larθi cultanei velχasa,,,,1.000,clean,e321704d07f2,1
CIE 2025,ZANRATI:AMATJVD,ZANRATI:AMATJVD,,,,,,0.000,needs_review,a8ca101a1c02,1
CIE 2026,AZANITAT:IAMATJVD:OA,AZANITAT:IAMATJVD:OA,,,,,,0.000,needs_review,ae1b0246ffef,1
CIE 2027,:JANIANA:ADJVD:OS,:JANIANA:ADJVD:OS,,,,,,0.000,needs_review,14234520519e,1
CIE 2028,OLANIANA:ADJ,OLANIANA:ADJ,,,,,,0.000,needs_review,2b8114465859,1
CIE 2030,:JAIQIMA:IMVD:OA,:JAIQIMA:IMVD:OA,,,,,,0.000,needs_review,c55b1110f099,1
CIE 2031,:JAIQIMA:IMVD:IA,:JAIQIMA:IMVD:IA,,,,,,0.000,needs_review,3c3c7b5e479f,1
CIE 2032,:AZIIMVD:IQIMA:AA,:AZIIMVD:IQIMA:AA,,AZIIMVD IQIMA AA,,,,1.000,clean,83800b633f7e,1
CIE 2033,SLAMAXA:IMVD:XA,SLAMAXA:IMVD:XA,,SLAMAXA IMVD XA,,,,1.000,clean,c80c046988a6,1
CIE 2034,:ZIIVAD:IMVD:JA,:ZIIVAD:IMVD:JA,,,,,,0.000,needs_review,91dec149ca6c,1
CIE 2036,VANTIS:INMVS:DA,VANTIS:INMVS:DA,,VANTIS INMVS DA,,,,1.000,clean,5e8de8735038,1
CIE 2037,NVTIS:INMVS:VA,NVTIS:INMVS:VA,,NVTIS INMVS VA,,,,1.000,clean,81cf794a7a40,1
CIE 2038,O.N.R.I.R.I.S.A.Z.I.H.M.M.V.S.,O.N.R.I.R.I.S.A.Z.I.H.M.M.V.S.,𐌏.𐌍.𐌓.𐌉.𐌓.𐌉.𐌔.𐌀.𐌆.𐌉.𐌇.𐌌.𐌌.𐌅.𐌔.,O.N.R.I.R.I.S.A.Z.I.H.M.M.V.S.,,,,1.000,clean,2475be89ad16,1
CIE 2039,MI.I.N.M.V.S.:I.N.M.V.S.:O.I.,MI.I.N.M.V.S.:I.N.M.V.S.:O.I.,𐌌𐌉.𐌉.𐌍.𐌌.𐌅.𐌔.:𐌉.𐌍.𐌌.𐌅.𐌔.:𐌏.𐌉.,MI.I.N.M.V.S. I.N.M.V.S. O.I.,,,,1.000,clean,043c3e49ac91,1
CIE 2421,𐌖𐌄𐌋𐌉𐌀:𐌔𐌀𐌍𐌈𐌀𐌕𐌍𐌄𐌉 𐌖𐌄𐌋𐌆𐌍𐌀𐌋,velia:sanθatnei velznal,𐌅𐌄𐌋𐌉𐌀:𐌔𐌀𐌍𐌈𐌀𐌕𐌍𐌄𐌉 𐌅𐌄𐌋𐌆𐌍𐌀𐌋,velia sanθatnei velznal,,,,1.000,clean,3937a40067f3,1
CIE 2040,M.A.N.D.I.S.V.O.:I.N.M.V.S.,M.A.N.D.I.S.V.O.:I.N.M.V.S.,𐌌.𐌀.𐌍.𐌃.𐌉.𐌔.𐌅.𐌏.:𐌉.𐌍.𐌌.𐌅.𐌔.,M.A.N.D.I.S.V.O. I.N.M.V.S.,,,,1.000,clean,43e4544aa917,1
CIE 2041,S.A.N.S.I.S.V.O.:M.I.N.M.V.S.:A.I.V.F.,S.A.N.S.I.S.V.O.:M.I.N.M.V.S.:A.I.V.F.,𐌔.𐌀.𐌍.𐌔.𐌉.𐌔.𐌅.𐌏.:𐌌.𐌉.𐌍.𐌌.𐌅.𐌔.:𐌀.𐌉.𐌅.𐌚.,S.A.N.S.I.S.V.O. M.I.N.M.V.S. A.I.V.F.,,,,1.000,clean,71f8bdccb1c4,1
CIE 2042,A.I.M.A.O.A.Z.I.M.T.H.I.N.Q.A.:A.I.H.M.M.V.S.,A.I.M.A.O.A.Z.I.M.T.H.I.N.Q.A.:A.I.H.M.M.V.S.,𐌀.𐌉.𐌌.𐌀.𐌏.𐌀.𐌆.𐌉.𐌌.𐌕.𐌇.𐌉.𐌍.𐌒.𐌀.:𐌀.𐌉.𐌇.𐌌.𐌌.𐌅.𐌔.,A.I.M.A.O.A.Z.I.M.T.H.I.N.Q.A. A.I.H.M.M.V.S.,,,,1.000,clean,1098408367ba,1
CIE 2043,C.CONSIDIVS.C.F.L.N.IIII VIR COMINIA.N.,C.CONSIDIVS.C.F.L.N.IIII VIR COMINIA.N.,,C.CONSIDIVS.C.F.L.N.IIII VIR COMINIA.N.,,,,1.000,clean,acbd092029a7,2
CIE 2044,C.CONSIDIVS.C.F.L.N.IIII VIR COMINIA.N.,C.CONSIDIVS.C.F.L.N.IIII VIR COMINIA.N.,,C.CONSIDIVS.C.F.L.N.IIII VIR COMINIA.N.,,,,1.000,clean,acbd092029a7,2
CIE 2045,L.CONSILII ATTICO VIXIT.A.XX.,L.CONSILII ATTICO VIXIT.A.XX.,,L.CONSILII ATTICO VIXIT.A.XX.,,,,1.000,clean,74b8914ab3ef,1
CIE 2046,𐌂𐌖𐌐𐌉,cupi,𐌂𐌖𐌐𐌉,cupi,,,,1.000,clean,d4a627a92285,1
CIE 2052,𐌈𐌀𐌍𐌀:𐌂𐌖𐌐𐌔𐌍𐌄𐌉𐌅𐌉𐌐𐌉𐌔𐌀,θana:cupsnei:|vipisa,𐌈𐌀𐌍𐌀:𐌂𐌖𐌐𐌔𐌍𐌄𐌉:|𐌅𐌉𐌐𐌉𐌔𐌀,θana cupsnei vipisa,,,,1.000,clean,1c51766c294e,1
CIE 2053,𐌈𐌀𐌍𐌀:𐌂𐌖𐌐𐌔𐌍𐌄𐌉...𐌉𐌔𐌀,θana:cupsnei:...isa,𐌈𐌀𐌍𐌀:𐌂𐌖𐌐𐌔𐌍𐌄𐌉:...𐌉𐌔𐌀,θana cupsnei ...isa,,,,1.000,clean,00cd7fb903df,1
CIE 2054,𐌋𐌀𐌓𐌈𐌉:𐌂𐌖𐌐𐌔𐌋𐌍𐌄𐌉:𐌕𐌖𐌕𐌍𐌀𐌔𐌀,larθi:cupslnei:tutnasa,𐌋𐌀𐌓𐌈𐌉:𐌂𐌖𐌐𐌔𐌋𐌍𐌄𐌉:𐌕𐌖𐌕𐌍𐌀𐌔𐌀,larθi cupslnei tutnasa,,,,1.000,clean,4945e838b434,1
CIE 2055,𐌈𐌀𐌍𐌀:𐌂𐌖𐌅𐌉𐌍𐌄𐌉:𐌂𐌀𐌋𐌖...,θana:cuvinei:calu...,𐌈𐌀𐌍𐌀:𐌂𐌖𐌅𐌉𐌍𐌄𐌉:𐌂𐌀𐌋𐌖...,θana cuvinei calu...,,,,1.000,clean,e6c5cdf28ad9,1
14707,--upuce,--upuce,--𐌖𐌐𐌖𐌂𐌄,,,,,0.000,clean,15dd0a6b99f0,1
CIE 2056,𐌋𐌀𐌓𐌈𐌉:𐌂𐌖𐌐𐌐𐌍𐌄𐌉:𐌖𐌉𐌈𐌉𐌀𐌔,larθi:cuppnei:uiθias,𐌋𐌀𐌓𐌈𐌉:𐌂𐌖𐌐𐌐𐌍𐌄𐌉:𐌖𐌉𐌈𐌉𐌀𐌔,larθi cuppnei uiθias,,,,1.000,clean,297d169d3a2a,1
CIE 2057,MIA:AIQNA:HANI:A,MIA:AIQNA:HANI:A,,MIA AIQNA HANI A,,,,1.000,clean,21aff7fac023,1
CIE 2058,AR:CORSDLI:VIIAS,AR:CORSDLI:VIIAS,,AR CORSDLI VIIAS,,,,1.000,clean,eb642368f507,1
CIE 2059,LARTHICORSTLI,LARTHICORSTLI,,LARTHICORSTLI,,,,1.000,clean,3bfc788117e2,1
CIE 206,larθ:aneini|larθalisa|raufe,larθ:aneini|larθalisa|raufe,𐌋𐌀𐌓𐌈:𐌀𐌍𐌄𐌉𐌍𐌉|𐌋𐌀𐌓𐌈𐌀𐌋𐌉𐌔𐌀|𐌓𐌀𐌖𐌚𐌄,larθ aneini larθalisa raufe,,,,1.000,clean,d9b17a1ed62a,1
CIE 2060,AVV:A:AINVA:A,AVV:A:AINVA:A,,AVV A AINVA A,,,,1.000,clean,d73ff42834a3,1
CIE 2061,ASAEAV:IANISV:ANAO,ASAEAV:IANISV:ANAO,,ASAEAV IANISV ANAO,,,,1.000,clean,5033129329b3,1
CIE 2062,EHISV:ASOPII,EHISV:ASOPII,,EHISV ASOPII,,,,1.000,clean,9da7a61a8043,1
CIE 2063,ASOPII:IAIOI:IAISV,ASOPII:IAIOI:IAISV,,ASOPII IAIOI IAISV,,,,1.000,clean,f95263151bcc,1
CIE 2064,ISA:OIIA,ISA:OIIA,,ISA OIIA,,,,1.000,clean,35026c5a06e9,1
CIE 2067,IAII:ITVAV:IAI:IISV:IIT,IAII:ITVAV:IAI:IISV:IIT,,IAII ITVAV IAI IISV IIT,,,,1.000,clean,94593091f32f,1
CIE 2256,OVAZOA,OVAśOA,,OVAśOA,,,,1.000,clean,d35a82bc5cdd,1
CIE 2068,AOIMTVAJAHM ALANA. ..lia cutnal: lautniθa,AOIMTVAJAHM ALANA. ..lia cutnal: lautniθa,,,,,,0.000,needs_review,817979f35156,1
CIE 2069,ODAJ VA:AHIθ VA:VAO MAIθ. larθi ezna: arθial: vulθias,ODAJ VA:AHIθ VA:VAO MAIθ. larθi ezna: arθial: vulθias,,,,,,0.000,needs_review,5b27eb10923b,1
CIE 2070,ENVθ:OA. θa: ezunei,ENVθ:OA. θa: ezunei,,ENVθ OA. θa ezunei,,,,1.000,clean,85601e955f9c,1
CIE 2071,ITAθA) IENθEAθIRAO. θania eznei carati,ITAθA) IENθEAθIRAO. θania eznei carati,,IENθEAθIRAO. θania eznei carati,,,,0.800,clean,0b7aeeb745f6,1
CIE 2072,θAθIθI θIθAθIθθO θAJ. larθi ezunei scevias,θAθIθI θIθAθIθθO θAJ. larθi ezunei scevias,,,,,,0.000,needs_review,07b80b493ca5,1
ETP 351,ramθa puxx[---],ramθa puxx[---],𐌓𐌀𐌌𐌈𐌀 𐌐𐌖𐌗𐌗[---],ramθa,,225.0,200.0,0.500,clean,7cdadddd2228,1
CIE 2073,VETANθA:θOθAJ. larθi: einatei,VETANθA:θOθAJ. larθi: einatei,,,,,,0.000,needs_review,a5e7ae435867,1
CIE 2074,VAθJθE:OMθA. M. arnθi: eple: aulθ,VAθJθE:OMθA. M. arnθi: eple: aulθ,,,,,,0.000,needs_review,869b9baae716,1
CIE 2075,LθARNS. OGLINIAI. L. Varius | Oglinia.f,LθARNS. OGLINIAI. L. Varius | Oglinia.f,,LθARNS. OGLINIAI. L. Varius Oglinia.f,,,,1.000,clean,2899dace2e46,1
CIE 2076,VARIA Q. L. HIL,VARIA Q. L. HIL,,VARIA Q. L. HIL,,,,1.000,clean,ca20ea07132f,1
CIE 2077,ZAKSAF:IH TVAS:OJ,lartni : varnas,𐌋𐌀𐌓𐌕𐌍𐌉 : 𐌅𐌀𐌓𐌍𐌀𐌔,lartni varnas,,,,1.000,clean,51a241f3a703,1
CIE 2078,AZAHXJVT:JATAHISI:HISA:OJ,lP : varnei : vrinatial : | : pulfnasa,𐌋𐌐 : 𐌅𐌀𐌓𐌍𐌄𐌉 : 𐌅𐌓𐌉𐌍𐌀𐌕𐌉𐌀𐌋 : | : 𐌐𐌖𐌋𐌚𐌍𐌀𐌔𐌀,lP varnei vrinatial pulfnasa,,,,1.000,clean,85c179db1144,1
CIE 2079,IAHSAZAS,havapaip,𐌇𐌀𐌅𐌀𐌐𐌀𐌉𐌐,havapaip,,,,1.000,clean,3f6e56111817,2
CIE 208,arnt aneini|prumaθnal,arnt aneini|prumaθnal,𐌀𐌓𐌍𐌕 𐌀𐌍𐌄𐌉𐌍𐌉|𐌐𐌓𐌖𐌌𐌀𐌈𐌍𐌀𐌋,arnt aneini prumaθnal,,,,1.000,clean,1ee9970b0272,1
CIE 2080,IAHSAZAS,havapaip,𐌇𐌀𐌅𐌀𐌐𐌀𐌉𐌐,havapaip,,,,1.000,clean,3f6e56111817,2
CIE 2081,L SNASS AI,...veane ci... | ...ia,...𐌅𐌄𐌀𐌍𐌄 𐌂𐌉... | ...𐌉𐌀,...veane ci... ...ia,,,,1.000,clean,ae2de6897c78,1
CIE 2082,SIHAIS:AIMAS AZVIOSJ,lania : veiania | lediusa,𐌋𐌀𐌍𐌉𐌀 : 𐌅𐌄𐌉𐌀𐌍𐌉𐌀 | 𐌋𐌄𐌃𐌉𐌖𐌔𐌀,lania veiania lediusa,,,,1.000,clean,8bc434359cfc,1
CIE 2088,hasti : veza | lr : te : pu : lau : a,hasti : veza | lr : te : pu : lau : a,𐌇𐌀𐌔𐌕𐌉 : 𐌅𐌄𐌆𐌀 | 𐌋𐌓 : 𐌕𐌄 : 𐌐𐌖 : 𐌋𐌀𐌖 : 𐌀,hasti veza lr te pu lau a,,,,1.000,clean,f332b9688d3d,1
CIE 2089,L·VEISINNIVS·L·F·P·TITIA·GNATVS,L·VEISINNIVS·L·F·P·TITIA·GNATVS,,L VEISINNIVS L F P TITIA GNATVS,,,,1.000,clean,429cacbf2dfb,1
CIE 2090,ar : velaθri : vruiśna,ar : velaθri : vruiśna,𐌀𐌓 : 𐌅𐌄𐌋𐌀𐌈𐌓𐌉 : 𐌅𐌓𐌖𐌉𐌑𐌍𐌀,ar velaθri vruiśna,,,,1.000,clean,632a71dfa963,1
CIE 2092,larθ velcialu | larθal vipinal,larθ velcialu | larθal vipinal,𐌋𐌀𐌓𐌈 𐌅𐌄𐌋𐌂𐌉𐌀𐌋𐌖 | 𐌋𐌀𐌓𐌈𐌀𐌋 𐌅𐌉𐌐𐌉𐌍𐌀𐌋,larθ velcialu larθal vipinal,,,,1.000,clean,c83a7cf9c2eb,1
CIE 2257,PRIMA HASTIA,PRIMA HASTIA,,PRIMA HASTIA,,,,1.000,clean,e9f42482ec91,1
CIE 2093,lθ·velcialu·vipinal·lupu,lθ·velcialu·vipinal·lupu,𐌋𐌈·𐌅𐌄𐌋𐌂𐌉𐌀𐌋𐌖·𐌅𐌉𐌐𐌉𐌍𐌀𐌋·𐌋𐌖𐌐𐌖,lθ velcialu vipinal lupu,,,,1.000,clean,f53e1f7bff84,1
CIE 2094,ai·velχe·sapnal,ai·velχe·sapnal,𐌀𐌉·𐌅𐌄𐌋𐌙𐌄·𐌔𐌀𐌐𐌍𐌀𐌋,ai velχe sapnal,,,,1.000,clean,2a9b6cabedcb,1
ETP 308,la cae,la cae,𐌋𐌀 𐌂𐌀𐌄,la cae,,,,1.000,clean,0984ce42c6f2,1
CIE 2095,tama : velceś | laθuθni,tama : velceś | laθuθni,𐌕𐌀𐌌𐌀 : 𐌅𐌄𐌋𐌂𐌄𐌑 | 𐌋𐌀𐌈𐌖𐌈𐌍𐌉,tama velceś laθuθni,,,,1.000,clean,fa95293c1f0e,1
CIE 2096,𐌅𐌀𐌉:𐌗𐌉𐌐𐌉𐌊𐌀 𐌑𐌖𐌋𐌉𐌀𐌊,tiqile | lau | velχes | puliac,𐌕𐌉𐌒𐌉𐌋𐌄 | 𐌋𐌀𐌖 | 𐌅𐌄𐌋𐌙𐌄𐌔 | 𐌐𐌖𐌋𐌉𐌀𐌂,tiqile lau velχes puliac,,,,1.000,clean,c81ad3b6abb2,1
CIE 2097,𐌋𐌀𐌓𐌆𐌀:𐌋𐌀𐌖𐌕𐌍𐌉:𐌅𐌄𐌋𐌗𐌄𐌔 ///////// 𐌐𐌖𐌌𐌐𐌖𐌔:𐌊𐌋𐌀𐌍,[l]arza [:] [l]autni [:] [velχes] ///////// [pum]pus : clan,[𐌋]𐌀𐌓𐌆𐌀 [:] [𐌋]𐌀𐌖𐌕𐌍𐌉 [:] [𐌅𐌄𐌋𐌙𐌄𐌔] ///////// [𐌐𐌖𐌌]𐌐𐌖𐌔 : 𐌂𐌋𐌀𐌍,///////// clan,,,,0.200,clean,28fac7ae6bd7,1
CIE 2098,𐌅𐌋·𐌐𐌖𐌌𐌐𐌖·𐌅𐌄𐌋𐌗,vl·pumpu·velχ,𐌅𐌋·𐌐𐌖𐌌𐌐𐌖·𐌅𐌄𐌋𐌙,vl pumpu velχ,,,,1.000,clean,09660a11bdfc,1
CIE 2099,𐌅𐌄𐌋:𐌐𐌖𐌌𐌐𐌖:𐌅𐌄𐌋𐌗𐌉𐌀𐌔:,vel : pumpu : velχias :,𐌅𐌄𐌋 : 𐌐𐌖𐌌𐌐𐌖 : 𐌅𐌄𐌋𐌙𐌉𐌀𐌔 :,vel pumpu velχias,,,,1.000,clean,1dc03e5e9930,1
CIE 21,MJI9A·INV8L2A·AHƆIƆ,MJI9A·INV8L2A·AHcIc,,,,,,0.000,ocr_failed,3a6f56eb43af,1
CIE 2103,𐌉𐌀𐌍𐌉𐌀·𐌅𐌄𐌋𐌗𐌀𐌉·𐌔𐌅[𐌄]𐌉𐌍𐌀𐌋·𐌖𐌍𐌀𐌕𐌀𐌔𐌀,iania : velχai : śv[e]inal : unataśa,𐌉𐌀𐌍𐌉𐌀 : 𐌅𐌄𐌋𐌙𐌀𐌉 : 𐌑𐌅[𐌄]𐌉𐌍𐌀𐌋 : 𐌖𐌍𐌀𐌕𐌀𐌑𐌀,iania velχai unataśa,,,,0.750,clean,71da8f3f79b2,1
CIE 2258,HASTI·P·L,HASTI·P·L,,HASTI P L,,,,1.000,clean,32e02ee7d0cd,1
CIE 2104,𐌅𐌄𐌋:𐌅𐌄𐌋𐌗[𐌀]:𐌊𐌀𐌉𐌍𐌀𐌋:,vel : velχ[a] : cainal :,𐌅𐌄𐌋 : 𐌅𐌄𐌋𐌙[𐌀] : 𐌂𐌀𐌉𐌍𐌀𐌋 :,vel cainal,,,,0.667,clean,7ace0923523a,1
CIE 2105,A23/132:130J11,velxrei : sepiesa,𐌅𐌄𐌋𐌗𐌓𐌄𐌉 : 𐌔𐌄𐌐𐌉𐌄𐌔𐌀,velxrei sepiesa,,,,1.000,clean,06fde8c23a81,1
CIE 2106,MAI9VLVI:AMMJ39:OA CVIDI,ad-velxna-luxrias C. Vedi,,C. Vedi,,,,0.667,clean,cb35c9eae33d,1
CIE 2107,ARVILXSNA,Ar-Velxsna,,,,,,0.000,clean,f63a50ecbc46,1
CIE 2295,𐌅𐌀𐌅𐌕𐌖𐌓𐌉𐌍𐌉𐌏𐌉𐌍,vel herine petrual,𐌅𐌄𐌋 𐌇𐌄𐌓𐌉𐌍𐌄 𐌐𐌄𐌕𐌓𐌖𐌀𐌋,vel herine petrual,,,,1.000,clean,b1549a7fd874,2
CIE 2108,LARCIIVILXNA LARGEVE,Larce-Velxna Large-Velxna,,,,,,0.000,clean,2dcd3187fde2,1
CIE 2109,LA:VILXSNA:LA,La: Velxsna: La,,La Velxsna La,,,,1.000,clean,7a590fb614ca,1
CIE 2110,A9QV:V:110J31:AIHAO,fania : velednei : ucursia,𐌚𐌀𐌍𐌉𐌀 : 𐌅𐌄𐌋𐌄𐌃𐌍𐌄𐌉 : 𐌖𐌂𐌖𐌓𐌔𐌉𐌀,fania velednei ucursia,,,,1.000,clean,f00dac687c97,1
CIE 2111,A23191:M111A:1A:10J39,velxnei : latinis : pricesta,𐌅𐌄𐌋𐌗𐌍𐌄𐌉 : 𐌋𐌀𐌕𐌉𐌍𐌉𐌔 : 𐌐𐌓𐌉𐌂𐌄𐌔𐌕𐌀,velxnei latinis pricesta,,,,1.000,clean,e60a9f52f21a,1
CIE 2112,YN11A8:9V0J39:0N9A M,arniθ : velθur : fapiniθs,𐌀𐌓𐌍𐌉𐌈 : 𐌅𐌄𐌋𐌈𐌖𐌓 : 𐌚𐌀𐌐𐌉𐌍𐌉𐌈𐌔,arniθ velθur fapiniθs,,,,1.000,clean,945b76a45c7f,1
CIE 2114,N0J39:1717 M9,vipi : velθurs,𐌅𐌉𐌐𐌉 : 𐌅𐌄𐌋𐌈𐌖𐌓𐌔,vipi velθurs,,,,1.000,clean,0752d0c1a825,1
CIE 2115,A0V0390JAV,larθ veθrura,𐌋𐌀𐌓𐌈 𐌅𐌄𐌈𐌓𐌖𐌓𐌀,larθ veθrura,,,,1.000,clean,fde63ea254c7,1
CIE 2116,0J39:0J JANθA:VAV,lθ : velθuru : aclnal,𐌋𐌈 : 𐌅𐌄𐌋𐌈𐌖𐌓𐌖 : 𐌀𐌂𐌋𐌍𐌀𐌋,lθ velθuru aclnal,,,,1.000,clean,e3708111ec4c,1
CIE 2117,V0J3910JAI iV9,larθi-velθurui,𐌋𐌀𐌓𐌈𐌉-𐌅𐌄𐌋𐌈𐌖𐌓𐌖𐌉,,,,,0.000,clean,c20a5107a09b,1
CIE 2118,velicu,velicu,𐌅𐌄𐌋𐌉𐌂𐌖,velicu,,,,1.000,clean,fc11d4ae1259,2
CIE 2120,lautna:velia|peθria,lautna:velia|peθria,𐌋𐌀𐌖𐌕𐌍𐌀:𐌅𐌄𐌋𐌉𐌀|𐌐𐌄𐌈𐌓𐌉𐌀,lautna velia peθria,,,,1.000,clean,de49e4b12d81,1
CIE 2121,larθi:velimna,larθi:velimna,𐌋𐌀𐌓𐌈𐌉:𐌅𐌄𐌋𐌉𐌌𐌍𐌀,larθi velimna,,,,1.000,clean,bc74abc228c6,1
CIE 2122,larθi:vel[i]nei:cve(r)θesa,larθi:vel[i]nei:cve(r)θesa,𐌋𐌀𐌓𐌈𐌉:𐌅𐌄𐌋[𐌉]𐌍𐌄𐌉:𐌂𐌅𐌄(𐌓)𐌈𐌄𐌔𐌀,larθi,,,,0.333,clean,7a39a5a6b56e,1
CIE 2123,au:velsicu:zuxu|θusntia,au:velsicu:zuxu|θusntia,𐌀𐌖:𐌅𐌄𐌋𐌔𐌉𐌂𐌖:𐌆𐌖𐌗𐌖|𐌈𐌖𐌔𐌍𐌕𐌉𐌀,au velsicu zuxu θusntia,,,,1.000,clean,151c2096032a,1
CIE 2124,fasti:vescnei,fasti:vescnei,𐌚𐌀𐌔𐌕𐌉:𐌅𐌄𐌔𐌂𐌍𐌄𐌉,fasti vescnei,,,,1.000,clean,0aac186ab13b,1
CIE 2125,arnθ:velsi:tutnaθ,arnθ:velsi:tutnaθ,𐌀𐌓𐌍𐌈:𐌅𐌄𐌋𐌔𐌉:𐌕𐌖𐌕𐌍𐌀𐌈,arnθ velsi tutnaθ,,,,1.000,clean,efee53341dbd,2
CIE 2126,arnθ:velsi:tutnaθ,arnθ:velsi:tutnaθ,𐌀𐌓𐌍𐌈:𐌅𐌄𐌋𐌔𐌉:𐌕𐌖𐌕𐌍𐌀𐌈,arnθ velsi tutnaθ,,,,1.000,clean,efee53341dbd,2
CIE 2127,AHVT: 1211:OH9A,AHVT: 1211:OH9A,,,,,,0.000,ocr_failed,ce39fb6f5779,1
CIE 2128,{21JAMOH7:MVJ9A:12J A 7.J 17 A,{21JAMOH7:MVJ9A:12J A 7.J 17 A,,,,,,0.000,ocr_failed,97ef5befdbe4,1
CIE 2129,9A J D:JAM2AJ7YJ:A2 3 2D 2:12 12 337 A,9A J D:JAM2AJ7YJ:A2 3 2D 2:12 12 337 A,,,,,,0.000,ocr_failed,604cede4ea4d,1
CIE 2130,A23D.......BV 37,A23D.......BV 37,,,,,,0.000,ocr_failed,f963025dfa24,1
CIE 2131,3219.JAO9AJ3333337.J33,3219.JAO9AJ3333337.J33,,,,,,0.000,ocr_failed,c1c1ad30bbdb,1
CIE 2132,9A D3JVA:3D21A:1D JAH,9A D3JVA:3D21A:1D JAH,,,,,,0.000,ocr_failed,6a05750874dd,1
CIE 2145,ΘAMΘIANΘINA:ΘAMΘI:ΘAΘAΘ,ΘAMΘIANΘINA:ΘAMΘI:ΘAΘAΘ,,ΘAMΘIANΘINA ΘAMΘI ΘAΘAΘ,,,,1.000,clean,aa831b022774,1
CIE 2133,A2VA VM921A.A1U1,A2VA VM921A.A1U1,,,,,,0.000,ocr_failed,aa6b25f536fa,1
CIE 2134,2A12217 V1VVM.O+,2A12217 V1VVM.O+,,,,,,0.000,ocr_failed,14393c56e717,1
CIE 2135,A23D21V,A23D21V,,,,,,0.000,ocr_failed,90a5e086b0c9,1
CIE 2136,IAIOMHƧ·IAO9AI·IƧIA·IƧA,IAIOMHs·IAO9AI·IsIA·IsA,,,,,,0.000,ocr_failed,639763f51a3b,1
CIE 2139,IƧIƧAƧAƧ,IsIsAsAs,𐌉𐌔𐌉𐌔𐌀𐌔𐌀𐌔,IsIsAsAs,,,,1.000,clean,045e96fcc951,1
CIE 2140,IAH9V7:VVA:IƧIƧA:O9AI,IAH9V7:VVA:IsIsA:O9AI,,,,,,0.000,ocr_failed,15bd589a3c18,1
CIE 2141,IƧIƧA·IƧIƧA·IƧIƧA,IsIsA·IsIsA·IsIsA,𐌉𐌔𐌉𐌔𐌀·𐌉𐌔𐌉𐌔𐌀·𐌉𐌔𐌉𐌔𐌀,IsIsA IsIsA IsIsA,,,,1.000,clean,87f918692777,1
CIE 2142,VIƧAƧMIƧVƧAƧAƧ,VIsAsMIsVsAsAs,𐌅𐌉𐌔𐌀𐌔𐌌𐌉𐌔𐌅𐌔𐌀𐌔𐌀𐌔,VIsAsMIsVsAsAs,,,,1.000,clean,7ed703b91b63,1
CIE 2143,VOLVSI·C·L·L·PHILEROƧIS·III·VIR,VOLVSI·C·L·L·PHILEROsIS·III·VIR,,VOLVSI C L L PHILEROsIS III VIR,,,,1.000,clean,2512e017dfc4,1
CIE 2144,ARANΘINΘINA:AIMAO,ARANΘINΘINA:AIMAO,,ARANΘINΘINA AIMAO,,,,1.000,clean,e428b1901083,1
CIE 2146,ΘVΘAM:IΘI:ΘA,ΘVΘAM:IΘI:ΘA,,ΘVΘAM IΘI ΘA,,,,1.000,clean,3050bba2a5d7,1
CIE 2147,AΘVΘAM:IΘI:ΘA:IΘAΘ,AΘVΘAM:IΘI:ΘA:IΘAΘ,,AΘVΘAM IΘI ΘA IΘAΘ,,,,1.000,clean,1a6600b41a8d,1
CIE 2148,ΘIΘA:IΘI:ΘA,ΘIΘA:IΘI:ΘA,𐌈𐌉𐌈𐌀:𐌉𐌈𐌉:𐌈𐌀,ΘIΘA IΘI ΘA,,,,1.000,clean,93bd707b845d,1
CIE 2149,...ΘΘAΘ ...IΘA ...AΘI:ΘA,...ΘΘAΘ ...IΘA ...AΘI:ΘA,...𐌈𐌈𐌀𐌈 ...𐌉𐌈𐌀 ...𐌀𐌈𐌉:𐌈𐌀,...ΘΘAΘ ...IΘA ...AΘI ΘA,,,,1.000,clean,92abaf8944e1,1
CIE 2166,IMIVALIANIIVIAV,IMIVALIANIIVIAV,,IMIVALIANIIVIAV,,,,1.000,clean,4cba542986ae,1
CIE 2259,ARNAΘ : HELE : HERINIAL,arnθ : hele : herinial,𐌀𐌓𐌍𐌈 : 𐌇𐌄𐌋𐌄 : 𐌇𐌄𐌓𐌉𐌍𐌉𐌀𐌋,arnθ hele herinial,,,,1.000,clean,a6784e96120e,1
CIE 215,"RAMTHA ME Pass. Ronc., RAMTHA M.E Pass. Paral., RAMTHMA Lanzi.","RAMTHA ME Pass. Ronc., RAMTHA M.E Pass. Paral., RAMTHMA Lanzi.",,"RAMTHA ME Pass. Ronc., RAMTHA M.E Pass. Paral., RAMTHMA Lanzi.",,,,1.000,clean,8815c63c28ff,1
CIE 2150,AΘIΘA:IΘI:ΘA,AΘIΘA:IΘI:ΘA,𐌀𐌈𐌉𐌈𐌀:𐌉𐌈𐌉:𐌈𐌀,AΘIΘA IΘI ΘA,,,,1.000,clean,7e6b432fd420,1
CIE 2151,VALERIA L.L OSPITA S.E,VALERIA L.L OSPITA S.E,,VALERIA L.L OSPITA S.E,,,,1.000,clean,30927bd7de9f,1
CIE 2152,AΘVΘA:IΘI:ΘA,AΘVΘA:IΘI:ΘA,𐌀𐌈𐌅𐌈𐌀:𐌉𐌈𐌉:𐌈𐌀,AΘVΘA IΘI ΘA,,,,1.000,clean,ffc712a4aa2a,2
CIE 2153,AΘVΘA:IΘI:ΘA,AΘVΘA:IΘI:ΘA,𐌀𐌈𐌅𐌈𐌀:𐌉𐌈𐌉:𐌈𐌀,AΘVΘA IΘI ΘA,,,,1.000,clean,ffc712a4aa2a,2
CIE 2154,[.]VAI:EIH:VJE:I vl: velu·nei: lau···l,[.]VAI:EIH:VJE:I,,,,,,0.000,needs_review,a1e3ef64264f,1
CIE 2160,IARЭIЭ|VENATЭ larθiθ|venatnǝ,IAReIe|VENATe,,IAReIe VENATe,,,,1.000,clean,3106bcd63ba7,1
CIE 2179,YAT:OA | AV:IN | JADQ | aθ:vetni:laθral,YAT:OA | AV:IN | JADQ | aθ:vetni:laθral,,,,,,0.000,needs_review,087bf43673be,1
CIE 2161,VENIDIVS·Q·F·ARN·KALENVS F·T·AED· ..Venidius·Q·f·Arn·Kalenus f·t·aed·,VENIDIVS·Q·F·ARN·KALENVS F·T·AED·,,VENIDIVS Q F ARN KALENVS F T AED,,,,1.000,clean,a8828bcdb526,1
CIE 2164,:2A:AINA9A:IANAAO,:2A:AINA9A:IANAAO,,,,,,0.000,ocr_failed,8c38d2b4da41,1
CIE 2165,AIA937.IO9A[I],AIA937.IO9A[I],,,,,,0.000,ocr_failed,3e7fc872fdfa,1
CIE 2167,OAIATITIAI,OAIATITIAI,,OAIATITIAI,,,,1.000,clean,bb3a9e9eb3f0,1
CIE 2168,:MVIA:I:O9AI,:MVIA:I:O9AI,,,,,,0.000,ocr_failed,36619acdd758,1
CIE 2169,IAO9A:AIAAI,IAO9A:AIAAI,,,,,,0.000,ocr_failed,f69fe3c2a32f,1
CIE 2170,VAO9A9A.AIA37.2V,VAO9A9A.AIA37.2V,,,,,,0.000,ocr_failed,67ec9a757be5,1
CIE 2171,IAIA9A398:HIA:OI,IAIA9A398:HIA:OI,,,,,,0.000,ocr_failed,dd6e7133c3dc,1
CIE 2172,C.VETTIVS SATVRNNVS H.S.E,C.VETTIVS SATVRNNVS H.S.E,,C.VETTIVS SATVRNNVS H.S.E,,,,1.000,clean,bb646144fa2f,1
CIE 2177,VETTIA.C.F | Vettia C f,VETTIA.C.F | Vettia C f,,VETTIA.C.F Vettia C f,,,,1.000,clean,f3bd20fbb8bf,1
CIE 2178,AITR:AHAO | AZANAT | Fana:vetia|tomasa,AITR:AHAO | AZANAT | Fana:vetia|tomasa,,AITR AHAO AZANAT Fana vetia tomasa,,,,1.000,clean,03556d0bd1c7,1
CIE 218,JANVA ENTEO VA,JANVA ENTEO VA,,,,,,0.000,needs_review,ab49fa037688,1
CIE 2180,EIH37 | A23I0 | vetinei|helesa,EIH37 | A23I0 | vetinei|helesa,,,,,,0.000,ocr_failed,779a8ccd7cbe,1
CIE 2181,:IEMITEEI | .....:vetinei:,:IEMITEEI | .....:vetinei:,,IEMITEEI ..... vetinei,,,,1.000,clean,a6fab0c1f3a4,1
CIE 2182,TANA | VIITNII | VIBINAL | Tana|Vetnei|Vibinal,TANA | VIITNII | VIBINAL | Tana|Vetnei|Vibinal,,TANA VIITNII VIBINAL Tana Vetnei Vibinal,,,,1.000,clean,5864cce5e6e9,1
ETP 309,leθx[---],leθx[---],𐌋𐌄𐌈𐌗[---],,,,,0.000,clean,5a53a6e0be76,1
14713,charun,χarun,𐌙𐌀𐌓𐌖𐌍,χarun,,,,1.000,clean,017ce8d378e4,2
CIE 2183,a.v.ci.as,a.v.ci.as,𐌀.𐌅.𐌂𐌉.𐌀𐌔,a.v.ci.as,,,,1.000,clean,3f86bb5625eb,1
CIE 2184,ma.i.s.q.a.m.v.t.e.i.a.ya,ma.i.s.q.a.m.v.t.e.i.a.ya,,ma.i.s.q.a.m.v.t.e.i.a.ya,,,,1.000,clean,6885e6baaff1,1
CIE 2185,a.m.v.t.e.i.a.s.h.q.a,a.m.v.t.e.i.a.s.h.q.a,𐌀.𐌌.𐌅.𐌕.𐌄.𐌉.𐌀.𐌔.𐌇.𐌒.𐌀,a.m.v.t.e.i.a.s.h.q.a,,,,1.000,clean,0fd7c4ffef2e,1
CIE 2186,v.t.e.i.a.s.n.v.a,v.t.e.i.a.s.n.v.a,𐌅.𐌕.𐌄.𐌉.𐌀.𐌔.𐌍.𐌅.𐌀,v.t.e.i.a.s.n.v.a,,,,1.000,clean,c666255b1ba2,1
CIE 2187,i.a.h.v.a.v.h.i.a,i.a.h.v.a.v.h.i.a,𐌉.𐌀.𐌇.𐌅.𐌀.𐌅.𐌇.𐌉.𐌀,i.a.h.v.a.v.h.i.a,,,,1.000,clean,05ff46ea0b5b,1
CIE 2188,a.s.i.n.b.a.i.v.t.e.i.a.a.h.n.a,a.s.i.n.b.a.i.v.t.e.i.a.a.h.n.a,𐌀.𐌔.𐌉.𐌍.𐌁.𐌀.𐌉.𐌅.𐌕.𐌄.𐌉.𐌀.𐌀.𐌇.𐌍.𐌀,a.s.i.n.b.a.i.v.t.e.i.a.a.h.n.a,,,,1.000,clean,b3c3f7f7d009,1
CIE 2189,s.v.t.e.i.a.i.d.i.v.t.e.i.a.a.h.a.s.a,s.v.t.e.i.a.i.d.i.v.t.e.i.a.a.h.a.s.a,𐌔.𐌅.𐌕.𐌄.𐌉.𐌀.𐌉.𐌃.𐌉.𐌅.𐌕.𐌄.𐌉.𐌀.𐌀.𐌇.𐌀.𐌔.𐌀,s.v.t.e.i.a.i.d.i.v.t.e.i.a.a.h.a.s.a,,,,1.000,clean,f94f625ed084,1
CIE 219,JANVA:CVLNETV:ANLNAL,JANVA:CVLNETV:ANLNAL,,,,,,0.000,needs_review,10e7ab489941,1
CIE 2226,···[vipi]nei:venunia:vl:,···[vipi]nei:venunia:vl:,···[𐌅𐌉𐌐𐌉]𐌍𐌄𐌉:𐌅𐌄𐌍𐌖𐌍𐌉𐌀:𐌅𐌋:,venunia vl,,,,0.667,clean,f11dfb77f1bd,1
CIE 2190,a.s.i.s.v.e.i.s.i.s.a,a.s.i.s.v.e.i.s.i.s.a,𐌀.𐌔.𐌉.𐌔.𐌅.𐌄.𐌉.𐌔.𐌉.𐌔.𐌀,a.s.i.s.v.e.i.s.i.s.a,,,,1.000,clean,0dcef1d44d2b,1
14714,chunchu,χunχu,𐌙𐌖𐌍𐌙𐌖,χunχu,the-god-charon,,,1.000,clean,8f939a043438,1
CIE 2192,𐌀𐌓𐌍𐌉𐌀𐌍𐌀 𐌋𐌀𐌏𐌍𐌐𐌀𐌍𐌀𐌋 𐌀𐌍𐌀𐌉𐌍𐌀𐌋,arni veltsni arnal anainal,𐌀𐌓𐌍𐌉 𐌅𐌄𐌋𐌕𐌔𐌍𐌉 𐌀𐌓𐌍𐌀𐌋 𐌀𐌍𐌀𐌉𐌍𐌀𐌋,arni veltsni arnal anainal,,,,1.000,clean,f65d3c49015a,1
CIE 2193,𐌀𐌍𐌀𐌗 𐌅𐌄𐌋𐌕𐌔𐌍𐌄𐌉 𐌀𐌓𐌉𐌔𐌀𐌋,anax veltsnei arisal,𐌀𐌍𐌀𐌗 𐌅𐌄𐌋𐌕𐌔𐌍𐌄𐌉 𐌀𐌓𐌉𐌔𐌀𐌋,anax veltsnei arisal,,,,1.000,clean,58e26bcba97d,1
CIE 2337,[ЭOVO],θuθe,𐌈𐌖𐌈𐌄,θuθe,,,,1.000,clean,3b63ac806d94,1
CIE 2194,𐌅𐌋𐌅𐌄....𐌋𐌀....𐌀𐌋,vlve....la....al,𐌅𐌋𐌅𐌄....𐌋𐌀....𐌀𐌋,vlve....la....al,,,,1.000,clean,78af9b937c33,1
CIE 2195,𐌀𐌓𐌅𐌉𐌆𐌄𐌐𐌀𐌍𐌆𐌀𐌀𐌍𐌆𐌀𐌓𐌉𐌀𐌋,ar vize panza ancarial,𐌀𐌓 𐌅𐌉𐌆𐌄 𐌐𐌀𐌍𐌆𐌀 𐌀𐌍𐌂𐌀𐌓𐌉𐌀𐌋,ar vize panza ancarial,,,,1.000,clean,62a897fb8212,1
CIE 2196,𐌀𐌕𐌀𐌋𐌄 𐌅𐌉𐌋𐌉𐌀𐌔 𐌋𐌀𐌖𐌕𐌍𐌉,atale vilias lautni,𐌀𐌕𐌀𐌋𐌄 𐌅𐌉𐌋𐌉𐌀𐌔 𐌋𐌀𐌖𐌕𐌍𐌉,atale vilias lautni,,,,1.000,clean,01348cef6ad2,1
CIE 2197,𐌀𐌖𐌋𐌄 𐌅𐌉𐌐𐌉 𐌐𐌖𐌐𐌀𐌍𐌀𐌔𐌉𐌔,aule vipi pupanaśis,𐌀𐌖𐌋𐌄 𐌅𐌉𐌐𐌉 𐌐𐌖𐌐𐌀𐌍𐌀𐌑𐌉𐌔,aule vipi pupanaśis,,,,1.000,clean,d07a9d684c38,1
CIE 2198,𐌀𐌔 𐌅𐌉𐌐𐌉 𐌐𐌖𐌌,as vipi pum,𐌀𐌔 𐌅𐌉𐌐𐌉 𐌐𐌖𐌌,as vipi pum,,,,1.000,clean,39c0259b1c39,1
CIE 2199,𐌐𐌀𐌍𐌉𐌀 𐌅𐌉𐌐𐌉𐌍𐌀 𐌀𐌓𐌍𐌀𐌋 𐌐𐌖 𐌐𐌖𐌌𐌐,pania vipina arnal pu pump,𐌐𐌀𐌍𐌉𐌀 𐌅𐌉𐌐𐌉𐌍𐌀 𐌀𐌓𐌍𐌀𐌋 𐌐𐌖 𐌐𐌖𐌌𐌐,pania vipina arnal pu pump,,,,1.000,clean,8e1812f451ad,1
CIE 22,L·CAECINA·L·F·TLABONI·VIX·ANN S·XXX,L·CAECINA·L·F·TLABONI·VIX·ANN S·XXX,,L CAECINA L F TLABONI VIX ANN S XXX,,,,1.000,clean,35ae723cd057,1
14715,charu,χaru,𐌙𐌀𐌓𐌖,χaru,,,,1.000,clean,5158555771f7,3
14721,smi,smi,𐌔𐌌𐌉,smi,,,,1.000,clean,5f011d4ea218,1
CIE 2200,a) 𐌀𐌓𐌉𐌓𐌉𐌅𐌀𐌋 b) 𐌀𐌓𐌉𐌅𐌉𐌅𐌖𐌉𐌔𐌉𐌍𐌀𐌋,a) ar vipi vuisinal b) ar vipi vuisinal,𐌀) 𐌀𐌓 𐌅𐌉𐌐𐌉 𐌅𐌖𐌉𐌔𐌉𐌍𐌀𐌋 𐌁) 𐌀𐌓 𐌅𐌉𐌐𐌉 𐌅𐌖𐌉𐌔𐌉𐌍𐌀𐌋,ar vipi vuisinal ar vipi vuisinal,,,,0.750,clean,781ac10f0870,1
CIE 2201,AMEIÐIЯ:A ar:vipi|...cena,AMEIIr:A ar:vipi|...cena,,AMEIIr A ar vipi ...cena,,,,1.000,clean,97508a303a2b,1
CIE 2202,AЯEÐIVJ·IITIЯ·9A ar:vipi·luscesca,ArEIVJ·IITIr·9A ar:vipi·luscesca,,,,,,0.000,ocr_failed,a2ba263a4811,1
CIE 2203,AЯ·VI ar·vi,Ar·VI ar·vi,𐌀𐌓·𐌅𐌉 𐌀𐌓·𐌅𐌉,Ar VI ar vi,,,,1.000,clean,0eac09392186,1
CIE 2204,9A:IITIЯ:AЯ vel:vipi:ar,9A:IITIr:Ar vel:vipi:ar,,,,,,0.000,ocr_failed,02630da9e369,1
CIE 2205,A9OЯE:I:ITIЯJЭЯ vel vipi:seÐra:,A9OrE:I:ITIrJer vel vipi:sera:,,,,,,0.000,ocr_failed,c68c30f8c08f,1
CIE 2206,ЯIЯIИAЯI:AЯ vel vipi:eÐ:perisa,rIrInArI:Ar vel vipi:e:perisa,𐌓𐌉𐌓𐌉𐌍𐌀𐌓𐌉:𐌀𐌓 𐌅𐌄𐌋 𐌅𐌉𐌐𐌉:𐌄:𐌐𐌄𐌓𐌉𐌔𐌀,rIrInArI Ar vel vipi e perisa,,,,1.000,clean,a1a7723ffe6a,1
CIE 2207,L·VIBI·L·F·CAINAL L·Vibi·L·f·Cainal,L·VIBI·L·F·CAINAL L·Vibi·L·f·Cainal,,L VIBI L F CAINAL L Vibi L f Cainal,,,,1.000,clean,b49182d751ba,1
CIE 2208,MIИI7O9AV larÐ vipiS,MInI7O9AV lar vipiS,,,,,,0.000,ocr_failed,20bbf4aff7c6,1
14753,salanerii,salanerii,𐌔𐌀𐌋𐌀𐌍𐌄𐌓𐌉𐌉,salanerii,,,,1.000,clean,869a04687eee,1
14754,aevlti,aevlti,𐌀𐌄𐌅𐌋𐌕𐌉,aevlti,,,,1.000,clean,821cc4c50753,1
14764,pruslnas,pruslnas,𐌐𐌓𐌖𐌔𐌋𐌍𐌀𐌔,pruslnas,mr-pruslna,,,1.000,clean,912751638ddd,2
CIE 221,JANVA:LARTHI:VELNEI:ALNIAL,JANVA:LARTHI:VELNEI:ALNIAL,,,,,,0.000,needs_review,e2fc5713feff,1
CIE 2215,AIMVΘAΘA:I:ΘI:I:I:A:O Θana:vipinei:ranazunia:|creiicesa,AIMVΘAΘA:I:ΘI:I:I:A:O Θana:vipinei:ranazunia:|creiicesa,,AIMVΘAΘA I ΘI I I A O Θana vipinei ranazunia creiicesa,,,,1.000,clean,05ca2045cb1f,1
CIE 2228,Θa·vipinei|leixunia|h[er]ines,Θa·vipinei|leixunia|h[er]ines,𐌈𐌀·𐌅𐌉𐌐𐌉𐌍𐌄𐌉|𐌋𐌄𐌉𐌗𐌖𐌍𐌉𐌀|𐌇[𐌄𐌓]𐌉𐌍𐌄𐌔,Θa vipinei leixunia,,,,0.750,clean,f03c79bb3490,1
CIE 2216,A:Z:A:H:T:V:V:I:ΘI:I:I:A:I:H:A:O Θrania:vipinei:tutnasa:,A:Z:A:H:T:V:V:I:ΘI:I:I:A:I:H:A:O Θrania:vipinei:tutnasa:,𐌀:𐌆:𐌀:𐌇:𐌕:𐌅:𐌅:𐌉:𐌈𐌉:𐌉:𐌉:𐌀:𐌉:𐌇:𐌀:𐌏 𐌈𐌓𐌀𐌍𐌉𐌀:𐌅𐌉𐌐𐌉𐌍𐌄𐌉:𐌕𐌖𐌕𐌍𐌀𐌔𐌀:,A Z A H T V V I ΘI I I A I H A O Θrania vipinei tutnasa,,,,1.000,clean,1727da289cfd,1
CIE 2217,I:I:V:A:I:ΘI:I:I:A M:H vipinei:velxΘes,I:I:V:A:I:ΘI:I:I:A M:H vipinei:velxΘes,𐌉:𐌉:𐌅:𐌀:𐌉:𐌈𐌉:𐌉:𐌉:𐌀 𐌌:𐌇 𐌅𐌉𐌐𐌉𐌍𐌄𐌉:𐌅𐌄𐌋𐌗𐌈𐌄𐌔,I I V A I ΘI I I A M H vipinei velxΘes,,,,1.000,clean,42bea983b7b2,1
CIE 2218,I:V:I:Z:A:I:M:I:Z:Z:I:I:ΘI:I:A:I:O:A:I larΘia:vipinei:seiania:velus,I:V:I:Z:A:I:M:I:Z:Z:I:I:ΘI:I:A:I:O:A:I larΘia:vipinei:seiania:velus,𐌉:𐌅:𐌉:𐌆:𐌀:𐌉:𐌌:𐌉:𐌆:𐌆:𐌉:𐌉:𐌈𐌉:𐌉:𐌀:𐌉:𐌏:𐌀:𐌉 𐌋𐌀𐌓𐌈𐌉𐌀:𐌅𐌉𐌐𐌉𐌍𐌄𐌉:𐌔𐌄𐌉𐌀𐌍𐌉𐌀:𐌅𐌄𐌋𐌖𐌔,I V I Z A I M I Z Z I I ΘI I A I O A I larΘia vipinei seiania velus,,,,1.000,clean,14d4123116a0,1
CIE 2260,AƧA:IΘA:I:YRA:A:AHAO,AsA:IΘA:I:YRA:A:AHAO,,AsA IΘA I YRA A AHAO,,,,1.000,clean,0721a4ad2911,1
17062,sceth,sceθ,𐌔𐌂𐌄𐌈,sceθ,,,,1.000,clean,7e480648b4d6,1
1086,arnt,arnt,𐌀𐌓𐌍𐌕,arnt,,,,1.000,clean,da3d04fe81a1,3
7864,runas,runas,𐌓𐌖𐌍𐌀𐌔,runas,,,,1.000,clean,a840405ec063,1
1799,tni,tni,𐌕𐌍𐌉,tni,,,,1.000,clean,b08f256307ea,1
6486,sr,sr,𐌔𐌓,sr,,,,1.000,clean,cc8844298c08,1
CIE 2219,VAR:VIBINIIII Lar Vibinei CRASNISA Crasnisa LA VINIIII La Vipine CARI Cari,VAR:VIBINIIII Lar Vibinei CRASNISA Crasnisa LA VINIIII La Vipine CARI Cari,,VAR VIBINIIII Lar Vibinei CRASNISA Crasnisa LA VINIIII La Vipine CARI Cari,,,,1.000,clean,448e06d670d6,1
CIE 2264,AƧA N+V+R:I:I ƎO,AsA N+V+R:I:I eO,,,,,,0.000,ocr_failed,a34df6c1a054,1
CIE 2265,AƧAΘ IANƎMƎA: AHAO,AsAΘ IANeMeA: AHAO,,AsAΘ IANeMeA AHAO,,,,1.000,clean,9551fbc6b8da,1
CIE 2266,AƧIMMYƧ:I:AƎ:AIMAO,AsIMMYs:I:Ae:AIMAO,,AsIMMYs I Ae AIMAO,,,,1.000,clean,f8b505ee1ff2,1
CIE 2267,AƧAƧV:IANIA:IƎA:IOA,AsAsV:IANIA:IeA:IOA,,AsAsV IANIA IeA IOA,,,,1.000,clean,0fa7c5850864,1
CIE 2268,𐌒𐌖𐌕𐌉:𐌉𐌄𐌏 𐌀𐌓𐌉𐌀,QVTI:IEO ARIA,,QVTI IEO ARIA,,,,1.000,clean,c716c55a3714,1
CIE 2269,THANA HELI ATAR CLAN,THANA HELI ATAR CLAN,,THANA HELI ATAR CLAN,,,,1.000,clean,15fe7364cc48,1
CIE 2270,𐌉𐌆𐌀𐌀𐌍𐌉𐌏𐌖 𐌉𐌀𐌖𐌕𐌉𐌓,IZAANIOV IAYTIR,,IZAANIOV IAYTIR,,,,1.000,clean,1b98b3d6c9b2,1
CIE 2271,𐌉𐌀𐌍𐌀: 𐌇𐌄𐌋𐌖𐌔𐌍𐌄𐌉: 𐌖𐌀𐌓𐌍𐌀𐌔𐌀,IANA: HELUSNEI: VARNASA,,IANA HELUSNEI VARNASA,,,,1.000,clean,9cb6b13343de,1
CIE 2273,𐌉𐌀𐌍:𐌇𐌄𐌉𐌓𐌉𐌍𐌀:𐌓𐌄𐌌𐌆𐌍𐌀𐌋,IAN:HEIRINA:REMZNAL,,IAN HEIRINA REMZNAL,,,,1.000,clean,ce6cd642f744,1
CIE 2274,𐌋𐌀𐌓𐌈:𐌇𐌄𐌓𐌉𐌍𐌄:𐌋𐌀𐌓𐌈𐌀𐌋,LARθ:HERINE:LARθAL,,LARθ HERINE LARθAL,,,,1.000,clean,d418a1e62fe3,1
CIE 2277,𐌐𐌀𐌈𐌉𐌖𐌌𐌉𐌖𐌉𐌀𐌒𐌀,PAθIVMIVIAQA,,PAθIVMIVIAQA,,,,1.000,clean,441b5039845e,1
CIE 2278,L. PETINATE VELOS,L. PETINATE VELOS,,L. PETINATE VELOS,,,,1.000,clean,a89092fed2e1,1
CIE 2279,𐌋𐌀:𐌐𐌄𐌕𐌉𐌍𐌀𐌕𐌄[:]𐌅𐌄𐌋𐌖𐌔:𐌔𐌄𐌕𐌓𐌍𐌀𐌋,la:pe[ti]nate[:]velus:setrnal,𐌋𐌀:𐌐𐌄[𐌕𐌉]𐌍𐌀𐌕𐌄[:]𐌅𐌄𐌋𐌖𐌔:𐌔𐌄𐌕𐌓𐌍𐌀𐌋,la setrnal,,,,0.500,clean,6f42ce57829b,1
CIE 228,VAИIIA9ЭИЭƆ:A,VAnIIA9enec:A,,,,,,0.000,ocr_failed,2f06091a0e7f,1
CIE 2280,𐌀𐌈:𐌇𐌀𐌓𐌐𐌉𐌕𐌄[:]𐌆𐌄𐌌𐌍𐌀𐌋,aθ:harpite[:]zemnal,𐌀𐌈:𐌇𐌀𐌓𐌐𐌉𐌕𐌄[:]𐌆𐌄𐌌𐌍𐌀𐌋,aθ,,,,0.333,clean,94558c118942,1
CIE 229,AV:HCEH:JA:I VAHITAV:LVE:I,la cvenle | velxatinal,𐌋𐌀 𐌂𐌅𐌄𐌍𐌋𐌄 | 𐌅𐌄𐌋𐌗𐌀𐌕𐌉𐌍𐌀𐌋,la cvenle velxatinal,,,,1.000,clean,11b21c34d52f,1
CIE 2294,𐌅𐌀𐌅𐌕𐌖𐌓𐌉𐌍𐌉𐌏𐌉𐌍,vel herine petrual,𐌅𐌄𐌋 𐌇𐌄𐌓𐌉𐌍𐌄 𐌐𐌄𐌕𐌓𐌖𐌀𐌋,vel herine petrual,,,,1.000,clean,b1549a7fd874,2
CIE 2335,ЭJVAIAЧGЭVЭVЧA,aule:θucerna:culθs,𐌀𐌖𐌋𐌄:𐌈𐌖𐌂𐌄𐌓𐌍𐌀:𐌂𐌖𐌋𐌈𐌔,aule θucerna culθs,,,,1.000,clean,78498c07ea84,1
CIE 2296,𐌅𐌀𐌅𐌕𐌖𐌓𐌉𐌍𐌉𐌍𐌀,vavturinina,𐌅𐌀𐌅𐌕𐌖𐌓𐌉𐌍𐌉𐌍𐌀,vavturinina,,,,1.000,clean,4514a4ebed47,1
CIE 2297,𐌉𐌅𐌖𐌓𐌉:𐌀𐌏𐌓𐌉𐌍𐌉𐌔𐌀,fa : petrui | ferinisa,𐌚𐌀 : 𐌐𐌄𐌕𐌓𐌖𐌉 | 𐌚𐌄𐌓𐌉𐌍𐌉𐌔𐌀,fa petrui ferinisa,,,,1.000,clean,066528707f7e,1
CIE 2298,𐌋𐌀𐌓𐌈𐌇𐌄𐌓𐌉𐌍𐌄𐌖𐌗𐌖𐌋𐌀𐌓𐌕𐌉𐌀𐌋𐌂𐌀𐌉𐌍𐌀𐌋,larθ herine uxulartial cainal,𐌋𐌀𐌓𐌈 𐌇𐌄𐌓𐌉𐌍𐌄 𐌖𐌗𐌖𐌋𐌀𐌓𐌕𐌉𐌀𐌋 𐌂𐌀𐌉𐌍𐌀𐌋,larθ herine uxulartial cainal,,,,1.000,clean,d6c0b89717f5,1
CIE 2299,𐌀𐌉𐌀 𐌓𐌉𐌍𐌉𐌔 𐌀,[ha]stia : herin[....]apa[....],[𐌇𐌀]𐌔𐌕𐌉𐌀 : 𐌇𐌄𐌓𐌉𐌍[....]𐌀𐌐𐌀[....],,,,,0.000,clean,08b1a4e742f0,1
CIE 230,𐌀𐌐𐌇 𐌌𐌄𐌈𐌋𐌍𐌄:𐌀𐌍𐌀𐌏,aph methlne:anao,𐌀𐌐𐌇 𐌌𐌄𐌕𐌇𐌋𐌍𐌄:𐌀𐌍𐌀𐌏,aph methlne anao,,,,1.000,clean,a4571d02b5e0,1
CIE 2300,𐌋𐌀𐌍𐌉𐌍𐌀𐌉𐌍𐌉𐌓𐌉𐌍𐌉𐌏𐌓𐌀𐌉,larθ herini aninal,𐌋𐌀𐌓𐌈 𐌇𐌄𐌓𐌉𐌍𐌉 𐌀𐌍𐌉𐌍𐌀𐌋,larθ herini aninal,,,,1.000,clean,270e980cad03,1
CIE 2301,𐌅𐌕:𐌎𐌀𐌏,Ja:he:pu,,,,,,0.000,needs_review,9fe5d7466d46,1
CIE 2302,𐌂.𐌇𐌄𐌓𐌄𐌍𐌍𐌉𐌖𐌔𐌒.𐌅,C. Herenn[i]us | Q.f,,C. Q.f,,,,0.667,clean,2cc1f7a510a3,1
CIE 2303,𐌋𐌀𐌓𐌕𐌉𐌀𐌇𐌄𐌓𐌄𐌍𐌍𐌉𐌀𐌄𐌔𐌕𐌋𐌀𐌂𐌉𐌀𐌋,LARTIA HERENNIae STLACIAL,,LARTIA HERENNIae STLACIAL,,,,1.000,clean,f4c8a8654793,1
CIE 2304,𐌀𐌗:𐌇𐌄𐌓𐌌𐌄:𐌔𐌄𐌉𐌗𐌓𐌍𐌀𐌋,aθ:herme:seiθrnal,𐌀𐌈:𐌇𐌄𐌓𐌌𐌄:𐌔𐌄𐌉𐌈𐌓𐌍𐌀𐌋,aθ herme seiθrnal,,,,1.000,clean,09f53fe77377,1
CIE 2306,a. 𐌀𐌂𐌄𐌗𐌀𐌗𐌄𐌉𐌗𐌓𐌍𐌀𐌏𐌀𐌗 b. 𐌇𐌀𐌔𐌕𐌉𐌀𐌔𐌄𐌉𐌗𐌓𐌍𐌄𐌉𐌇𐌄𐌓𐌌𐌄𐌔𐌀,ha[stia se]iθrnei her[mes]a,𐌇𐌀[𐌔𐌕𐌉𐌀 𐌔𐌄]𐌉𐌈𐌓𐌍𐌄𐌉 𐌇𐌄𐌓[𐌌𐌄𐌔]𐌀,,,,,0.000,clean,254211c9be43,1
CIE 2307,𐌀𐌆𐌉𐌌𐌗𐌄𐌉𐌗𐌓𐌍𐌄𐌉𐌗𐌓𐌍𐌀𐌏,Jana:hermnei:vetnisa,,,,,,0.000,needs_review,1cc83df0a026,1
CIE 2308,𐌇𐌄𐌓𐌌𐌍𐌄𐌉:,hermnei:,𐌇𐌄𐌓𐌌𐌍𐌄𐌉:,hermnei,,,,1.000,clean,96643bfe626c,1
CIE 2309,AINIAO AINIVIANI,AINIAO AINIVIANI,,AINIAO AINIVIANI,,,,1.000,clean,f719a6d5bec4,1
CIE 2310,AINIAQAIISIRIMAO,AINIAQAIISIRIMAO,,AINIAQAIISIRIMAO,,,,1.000,clean,bec8d143a6c4,1
CIE 2311,VZISV JAHAVN,VZISV JAHAVN,,,,,,0.000,needs_review,70e8ef8d65c8,1
CIE 2312,AZVZIQIEH931HO,AZVZIQIEH931HO,,,,,,0.000,ocr_failed,deb7c4dae62f,1
CIE 2313,AHDUYIYA JAF,AHDUYIYA JAF,,,,,,0.000,needs_review,8190361e4f0f,1
CIE 2314,DX·Q·RIA AZIZYYA,DX·Q·RIA AZIZYYA,,DX Q RIA AZIZYYA,,,,1.000,clean,1da5c5d2fff9,1
CIE 2336,ЭJVOЭJVA VЭJAЧG AЯ,aule:θucerna:velusa,𐌀𐌖𐌋𐌄:𐌈𐌖𐌂𐌄𐌓𐌍𐌀:𐌅𐌄𐌋𐌖𐌔𐌀,aule θucerna velusa,,,,1.000,clean,1e158cbccb89,1
CIE 2334,ЯAЯθI:θJAIЧЭI:ЭZЧAI,larθi:θlainei:ezna[l],𐌋𐌀𐌓𐌈𐌉:𐌈𐌋𐌀𐌉𐌍𐌄𐌉:𐌄𐌆𐌍𐌀[𐌋],larθi θlainei,,,,0.667,clean,fe49a83a2b63,1
CIE 2317,a) QAWANEL b) IHJV8,a) QAWANEL b) IHJV8,,,,,,0.000,ocr_failed,9426418e0ec7,1
CIE 2319,larↃ:Ↄactra:pruint:,larc:cactra:pruint:,𐌋𐌀𐌓𐌂:𐌂𐌀𐌂𐌕𐌓𐌀:𐌐𐌓𐌖𐌉𐌍𐌕:,larc cactra pruint,,,,1.000,clean,d8e9f6feb00f,1
CIE 2320,a. AINVA:OIAqATↃAO:IↃ b. :ↃAIJVA:OIAqATↃAO:IↃ,a. AINVA:OIAqATcAO:Ic b. :cAIJVA:OIAqATcAO:Ic,,,,,,0.000,needs_review,e8fd500785a0,1
CIE 2321,JA:MAI:NVA:IↃqATↃAO:AINↃAO,JA:MAI:NVA:IcqATcAO:AINcAO,,,,,,0.000,needs_review,245d8777787c,1
CIE 2322,AↃAO TVAↃ AOIH ↃINIↃ,AcAO TVAc AOIH cINIc,,AcAO TVAc AOIH cINIc,,,,1.000,clean,d7eac8c87918,1
CIE 2329,AЯAИ1ЯA2:VЯAJA0:0ЯA,aθi:θelazu:carpnatiial,𐌀𐌈𐌉:𐌈𐌄𐌋𐌀𐌆𐌖:𐌂𐌀𐌓𐌐𐌍𐌀𐌕𐌉𐌉𐌀𐌋,aθi θelazu carpnatiial,,,,1.000,clean,0376cfff5bd9,1
CIE 2330,IЯYJЭЯ:YЯV:JЭ0:0ЯAJ,iθi:θelazu:velus,𐌉𐌈𐌉:𐌈𐌄𐌋𐌀𐌆𐌖:𐌅𐌄𐌋𐌖𐌔,iθi θelazu velus,,,,1.000,clean,8bb0ba5d43d4,1
CIE 2331,AЯIJAЧTЭ:ЭIЧTЭ0:0ЯAJ,larθ:θeprine:vetnalisa,𐌋𐌀𐌓𐌈:𐌈𐌄𐌐𐌓𐌉𐌍𐌄:𐌅𐌄𐌕𐌍𐌀𐌋𐌉𐌔𐌀,larθ θeprine vetnalisa,,,,1.000,clean,6143ad43058a,1
CIE 2332,ЯAЧA:ЭЭЯIЧЭI:JAЯCЭЯA,θana:θeprinei:larcesa,𐌈𐌀𐌍𐌀:𐌈𐌄𐌐𐌓𐌉𐌍𐌄𐌉:𐌋𐌀𐌓𐌂𐌄𐌔𐌀,θana θeprinei larcesa,,,,1.000,clean,4586e59eb30c,1
CIE 2338,VITHMQA RVITIVO,VITHMQA RVITIVO,,VITHMQA RVITIVO,,,,1.000,clean,827f9b512681,1
CIE 2339,VINITAIRANM QV:OJ,VINITAIRANM QV:OJ,,,,,,0.000,needs_review,588707d2cb7d,1
CIE 2340,MAOV 8VO:IHTVA :379V,MAOV 8VO:IHTVA :379V,,,,,,0.000,ocr_failed,f62d738c237b,1
CIE 2341,OIBVOZA3IE,OIBVOZA3IE,,,,,,0.000,ocr_failed,6f469596c8b1,1
CIE 2342,AZIJAIHAJ,AZIJAIHAJ,,,,,,0.000,needs_review,bddb5979317c,1
CIE 2343,JAITELAJQA,JAITELAJQA,,,,,,0.000,needs_review,cb03a3ca9cde,1
CIE 2344,JAHTL2J2JQAJ.AJ,JAHTL2J2JQAJ.AJ,,,,,,0.000,ocr_failed,c478dad0039f,1
CIE 2345,JAOH9A:AMDOJ,JAOH9A:AMDOJ,,,,,,0.000,ocr_failed,183c00c9f850,1
CIE 2420,𐌑𐌀𐌍𐌉𐌈𐌖𐌀𐌕𐌍𐌄𐌉:𐌕𐌖𐌑𐌀,maniθvatnei:tumusa,𐌌𐌀𐌍𐌉𐌈𐌅𐌀𐌕𐌍𐌄𐌉:𐌕𐌖𐌌𐌖𐌔𐌀,maniθvatnei tumusa,,,,1.000,clean,0da1cab82d2a,1
CIE 2346,IOↄI:AↄↄↄↄI:Oↄ aↄ:larena:laↄi,IOcI:AccccI:Oc ac:larena:laci,,IOcI AccccI Oc ac larena laci,,,,1.000,clean,f2071ac16eca,1
CIE 2465,𐌇𐌀𐌔𐌕𐌉𐌀𐌌𐌄𐌉𐌍𐌄𐌉𐌂𐌄𐌔𐌖𐌔𐌀,hastia:meinei:cesusa,𐌇𐌀𐌔𐌕𐌉𐌀:𐌌𐌄𐌉𐌍𐌄𐌉:𐌂𐌄𐌔𐌖𐌔𐌀,hastia meinei cesusa,,,,1.000,clean,706e81a751d8,1
CIE 2347,AIAↄAↄↄↄↄAↄAↄ,AIAcAccccAcAc,𐌀𐌉𐌀𐌂𐌀𐌂𐌂𐌂𐌂𐌀𐌂𐌀𐌂,AIAcAccccAcAc,,,,1.000,clean,351e8210b5ce,1
CIE 2348,IAↄↄↄVↄ:Oↄ:AↄↄↄↄI:Oↄ aↄ:larena:lↄ:tutnal,IAcccVc:Oc:AccccI:Oc ac:larena:lc:tutnal,𐌉𐌀𐌂𐌂𐌂𐌅𐌂:𐌏𐌂:𐌀𐌂𐌂𐌂𐌂𐌉:𐌏𐌂 𐌀𐌂:𐌋𐌀𐌓𐌄𐌍𐌀:𐌋𐌂:𐌕𐌖𐌕𐌍𐌀𐌋,IAcccVc Oc AccccI Oc ac larena lc tutnal,,,,1.000,clean,bbab6b029a35,1
CIE 2349,IAↄↄↄVↄ:AↄↄↄↄI:Oↄ aↄ:larena:lↄ:tutnal,IAcccVc:AccccI:Oc ac:larena:lc:tutnal,𐌉𐌀𐌂𐌂𐌂𐌅𐌂:𐌀𐌂𐌂𐌂𐌂𐌉:𐌏𐌂 𐌀𐌂:𐌋𐌀𐌓𐌄𐌍𐌀:𐌋𐌂:𐌕𐌖𐌕𐌍𐌀𐌋,IAcccVc AccccI Oc ac larena lc tutnal,,,,1.000,clean,ba614b4670c6,1
CIE 2350,:IↄↄↄVↄ:Oↄ:AↄↄↄↄI:ↄI vↄ:larena:lↄ:tutnal:,:IcccVc:Oc:AccccI:cI vc:larena:lc:tutnal:,:𐌉𐌂𐌂𐌂𐌅𐌂:𐌏𐌂:𐌀𐌂𐌂𐌂𐌂𐌉:𐌂𐌉 𐌅𐌂:𐌋𐌀𐌓𐌄𐌍𐌀:𐌋𐌂:𐌕𐌖𐌕𐌍𐌀𐌋:,IcccVc Oc AccccI cI vc larena lc tutnal,,,,1.000,clean,64c9042e4c1c,1
CIE 2351,AↄIↄAↄↄVↄ:IↄↄↄↄI:Aↄ ha:ↄarcnei:tutnalisa,AcIcAccVc:IccccI:Ac ha:carcnei:tutnalisa,𐌀𐌂𐌉𐌂𐌀𐌂𐌂𐌅𐌂:𐌉𐌂𐌂𐌂𐌂𐌉:𐌀𐌂 𐌇𐌀:𐌂𐌀𐌓𐌂𐌍𐌄𐌉:𐌕𐌖𐌕𐌍𐌀𐌋𐌉𐌔𐌀,AcIcAccVc IccccI Ac ha carcnei tutnalisa,,,,1.000,clean,267983c72501,1
CIE 2352,AↄAↄↄↄↄI:ↄV:Vↄ:Aↄ ↄa:tu:ↄus:ↄarcnaↄa,AcAccccI:cV:Vc:Ac ca:tu:cus:carcnaca,𐌀𐌂𐌀𐌂𐌂𐌂𐌂𐌉:𐌂𐌅:𐌅𐌂:𐌀𐌂 𐌂𐌀:𐌕𐌖:𐌂𐌖𐌔:𐌂𐌀𐌓𐌂𐌍𐌀𐌂𐌀,AcAccccI cV Vc Ac ca tu cus carcnaca,,,,1.000,clean,176706009fb6,1
CIE 2353,AↄIↄAↄAↄ ↄa ↄarisa,AcIcAcAc ca carisa,𐌀𐌂𐌉𐌂𐌀𐌂𐌀𐌂 𐌂𐌀 𐌂𐌀𐌓𐌉𐌔𐌀,AcIcAcAc ca carisa,,,,1.000,clean,37c3e241a3d8,1
CIE 2354,JAQO:IAJ:OQAJ JAQO:IAJ,JAQO:IAJ:OQAJ JAQO:IAJ,,,,,,0.000,needs_review,9f83cb48f5c9,1
CIE 2355,VITAQ:2OIT,VITAQ:2OIT,,,,,,0.000,ocr_failed,251180be085c,1
CIE 2356,L:TIOAJ AMV8A 12,L:TIOAJ AMV8A 12,,,,,,0.000,ocr_failed,c6ac10ce5990,1
CIE 2357,JAHMAVO:IHITAJ:2J,JAHMAVO:IHITAJ:2J,,,,,,0.000,ocr_failed,ab93fa51c079,1
CIE 2358,AZAH:O3I:IHITAJ:AMAO,AZAH:O3I:IHITAJ:AMAO,,,,,,0.000,ocr_failed,c516356def30,1
CIE 2359,2ANAQ:MYIHITAV A,2ANAQ:MYIHITAV A,,,,,,0.000,ocr_failed,53a99582b0db,1
CIE 236,Λ8M:OΛΛ ATAT,Λ8M:OΛΛ ATAT,,,,,,0.000,ocr_failed,50c31b264aaa,1
CIE 2361,LAIHIT:V2 3Y N:OA,LAIHIT:V2 3Y N:OA,,,,,,0.000,ocr_failed,f83407f3a6ac,1
CIE 2362,JAIHIT:VM3D:J7,JAIHIT:VM3D:J7,,,,,,0.000,ocr_failed,8a8fcfbe4494,1
CIE 2363,IAH+H9A:V2,IAH+H9A:V2,,,,,,0.000,ocr_failed,45aac1c70ddf,1
CIE 2364,AIHMIT+V:V2E9:IHIAJ:E1,AIHMIT+V:V2E9:IHIAJ:E1,,,,,,0.000,ocr_failed,f9b0d7fd0fdf,1
CIE 2365,A2AH+V+AIHV2E9:IHIAJ:AIQ9AJ OEH:JAIHHHJV,A2AH+V+AIHV2E9:IHIAJ:AIQ9AJ OEH:JAIHHHJV,,,,,,0.000,ocr_failed,538793dcee6c,1
CIE 2375,IA:M:ATAN:ANAVA:IA,IA:M:ATAN:ANAVA:IA,,IA M ATAN ANAVA IA,,,,1.000,clean,2fe6c9cea675,1
CIE 2366,A2V2E9:IHITV:AHAO,A2V2E9:IHITV:AHAO,,,,,,0.000,ocr_failed,09d36d266814,1
CIE 2367,I:A2V2E9:IHITAJ:J37,I:A2V2E9:IHITAJ:J37,,,,,,0.000,ocr_failed,4bfe4d4bce30,1
CIE 2368,HIAJ:IAHH9E1:A2V2E9:JE1,HIAJ:IAHH9E1:A2V2E9:JE1,,,,,,0.000,ocr_failed,85f1df6f7aac,1
CIE 2369,IAQ9AJ:IAIHITAJ:IHIAJ:IHITAJ:Q9AJ :HIAJ:239I32,IAQ9AJ:IAIHITAJ:IHIAJ:IHITAJ:Q9AJ :HIAJ:239I32,,,,,,0.000,ocr_failed,d10c46be22a1,1
CIE 237,IMAII8:ΛA,IMAII8:ΛA,,,,,,0.000,ocr_failed,50041bda9079,1
CIE 2370,IAH2MVO9 IHIAJ AHAO,IAH2MVO9 IHIAJ AHAO,,,,,,0.000,ocr_failed,1c9fbbb3651a,1
CIE 2371,IAH IAH:A9:A2E9:2I:A9A,IAH IAH:A9:A2E9:2I:A9A,,,,,,0.000,ocr_failed,e62101cf4405,1
CIE 2372,IAOON:2VNV1:INIAI:3JVA,IAOON:2VNV1:INIAI:3JVA,,,,,,0.000,ocr_failed,75c93a41f967,1
CIE 2373,A2V+JV1:INITAJ:O9AN,A2V+JV1:INITAJ:O9AN,,,,,,0.000,ocr_failed,ccfb52fb7965,1
CIE 2374,a) V93M:3NACVAI:9A b) IAOORA,a) V93M:3NACVAI:9A b) IAOORA,,,,,,0.000,ocr_failed,1fff9151a497,1
ETP 310,lai,lai,𐌋𐌀𐌉,lai,,520.0,520.0,1.000,clean,44e99ddf7147,2
CIE 2441,𐌠𐌌𐌀𐌓𐌂𐌄𐌍𐌄𐌉 : 𐌐𐌄𐌕𐌍𐌀𐌋 : 𐌔𐌄𐌂,marcenei : pe𐌸nal : sec,,,,,,0.000,needs_review,a20a8bb797f8,1
CIE 2376,A2L:VAV:A:J:AN:V:A9M,A2L:VAV:A:J:AN:V:A9M,,,,,,0.000,ocr_failed,c351866eba4a,1
CIE 2377,[3NACVAV:OA],[3NACVAV:OA],,,,,,0.000,ocr_failed,5d542fff9066,1
CIE 2385,ƎMLVAИ lauxme,eMLVAn lauxme,𐌄𐌌𐌋𐌅𐌀𐌍 𐌋𐌀𐌖𐌗𐌌𐌄,eMLVAn lauxme,,,,1.000,clean,69e042751262,1
CIE 2386,IAVΘƎIΛZIƎMVLVAJ:IƎI vel:lauxumes:velsa:petrual,IAVΘeIΛZIeMVLVAJ:IeI vel:lauxumes:velsa:petrual,,,,,,0.000,needs_review,d3c0b01fefa5,1
CIE 2387,Fania:laphuxumsnei,Fania:laphuxumsnei,,Fania laphuxumsnei,,,,1.000,clean,083c048744d8,1
CIE 2388,lauxmsnei,lauxmsnei,𐌋𐌀𐌖𐌗𐌌𐌔𐌍𐌄𐌉,lauxmsnei,,,,1.000,clean,cf989c3f384f,1
CIE 2389,larθia|laursti|cupsnasa,larθia|laursti|cupsnasa,𐌋𐌀𐌓𐌈𐌉𐌀|𐌋𐌀𐌖𐌓𐌔𐌕𐌉|𐌂𐌖𐌐𐌔𐌍𐌀𐌔𐌀,larθia laursti cupsnasa,,,,1.000,clean,3655aa170356,1
CIE 2390,larsti:pucsinisa,larsti:pucsinisa,𐌋𐌀𐌓𐌔𐌕𐌉:𐌐𐌖𐌂𐌔𐌉𐌍𐌉𐌔𐌀,larsti pucsinisa,,,,1.000,clean,0daa893664da,1
CIE 2391,au:pucsini:larstial,au:pucsini:larstial,𐌀𐌖:𐌐𐌖𐌂𐌔𐌉𐌍𐌉:𐌋𐌀𐌓𐌔𐌕𐌉𐌀𐌋,au pucsini larstial,,,,1.000,clean,9e9fc3464ca6,1
CIE 2392,velicu|laristial|lautn|θa,velicu|laristial|lautn|θa,𐌅𐌄𐌋𐌉𐌂𐌖|𐌋𐌀𐌓𐌉𐌔𐌕𐌉𐌀𐌋|𐌋𐌀𐌖𐌕𐌍|𐌈𐌀,velicu laristial lautn θa,,,,1.000,clean,621a51d01bed,1
CIE 2393,arnθ:lecsutini:larθalisa,arnθ:lecsutini:larθalisa,𐌀𐌓𐌍𐌈:𐌋𐌄𐌂𐌔𐌖𐌕𐌉𐌍𐌉:𐌋𐌀𐌓𐌈𐌀𐌋𐌉𐌔𐌀,arnθ lecsutini larθalisa,,,,1.000,clean,d7fbb24810ce,1
CIE 2394,lθ:lecs:ca,lθ:lecs:ca,𐌋𐌈:𐌋𐌄𐌂𐌔:𐌂𐌀,lθ lecs ca,,,,1.000,clean,7956ebe9f224,1
CIE 2395,𐌅𐌀𐌉𐌐𐌀𐌉𐌀𐌔:𐌌𐌉𐌍𐌅𐌉𐌔:𐌅𐌉𐌔𐌉𐌍𐌀𐌉,𐌅𐌀𐌉𐌐𐌀𐌉𐌀𐌔:𐌌𐌉𐌍𐌅𐌉𐌔:𐌅𐌉𐌔𐌉𐌍𐌀𐌉,𐌅𐌀𐌉𐌐𐌀𐌉𐌀𐌔:𐌌𐌉𐌍𐌅𐌉𐌔:𐌅𐌉𐌔𐌉𐌍𐌀𐌉,𐌅𐌀𐌉𐌐𐌀𐌉𐌀𐌔 𐌌𐌉𐌍𐌅𐌉𐌔 𐌅𐌉𐌔𐌉𐌍𐌀𐌉,,,,1.000,clean,aece4dabb84e,1
CIE 2396,𐌋𐌄𐌂𐌔𐌕𐌉𐌍𐌉 𐌅𐌄𐌋𐌉𐌀𐌕𐌄𐌅𐌄𐌉,𐌋𐌄𐌂𐌔𐌕𐌉𐌍𐌉 𐌅𐌄𐌋𐌉𐌀𐌕𐌄𐌅𐌄𐌉,𐌋𐌄𐌂𐌔𐌕𐌉𐌍𐌉 𐌅𐌄𐌋𐌉𐌀𐌕𐌄𐌅𐌄𐌉,𐌋𐌄𐌂𐌔𐌕𐌉𐌍𐌉 𐌅𐌄𐌋𐌉𐌀𐌕𐌄𐌅𐌄𐌉,,,,1.000,clean,79b708e0ea81,1
CIE 2397,𐌔𐌀𐌕𐌉𐌍𐌀𐌉𐌀:𐌌𐌀𐌉𐌀:𐌅𐌄𐌋𐌉𐌔𐌉𐌍𐌀𐌉:𐌅𐌄𐌋𐌉𐌀𐌕𐌄𐌅𐌄𐌉:𐌀𐌔,𐌔𐌀𐌕𐌉𐌍𐌀𐌉𐌀:𐌌𐌀𐌉𐌀:𐌅𐌄𐌋𐌉𐌔𐌉𐌍𐌀𐌉:𐌅𐌄𐌋𐌉𐌀𐌕𐌄𐌅𐌄𐌉:𐌀𐌔,𐌔𐌀𐌕𐌉𐌍𐌀𐌉𐌀:𐌌𐌀𐌉𐌀:𐌅𐌄𐌋𐌉𐌔𐌉𐌍𐌀𐌉:𐌅𐌄𐌋𐌉𐌀𐌕𐌄𐌅𐌄𐌉:𐌀𐌔,𐌔𐌀𐌕𐌉𐌍𐌀𐌉𐌀 𐌌𐌀𐌉𐌀 𐌅𐌄𐌋𐌉𐌔𐌉𐌍𐌀𐌉 𐌅𐌄𐌋𐌉𐌀𐌕𐌄𐌅𐌄𐌉 𐌀𐌔,,,,1.000,clean,cac0c64f7c65,1
CIE 2398,𐌀𐌉𐌖𐌌𐌓𐌉𐌀,𐌀𐌉𐌖𐌌𐌓𐌉𐌀,𐌀𐌉𐌖𐌌𐌓𐌉𐌀,𐌀𐌉𐌖𐌌𐌓𐌉𐌀,,,,1.000,clean,5fb1ee391d7a,1
CIE 2399,𐌀𐌔𐌖𐌐𐌀𐌉𐌀𐌔:𐌋𐌄𐌂𐌔𐌕𐌉𐌍𐌄𐌉:𐌔𐌀𐌂𐌖𐌔𐌀,𐌀𐌔𐌖𐌐𐌀𐌉𐌀𐌔:𐌋𐌄𐌂𐌔𐌕𐌉𐌍𐌄𐌉:𐌔𐌀𐌂𐌖𐌔𐌀,𐌀𐌔𐌖𐌐𐌀𐌉𐌀𐌔:𐌋𐌄𐌂𐌔𐌕𐌉𐌍𐌄𐌉:𐌔𐌀𐌂𐌖𐌔𐌀,𐌀𐌔𐌖𐌐𐌀𐌉𐌀𐌔 𐌋𐌄𐌂𐌔𐌕𐌉𐌍𐌄𐌉 𐌔𐌀𐌂𐌖𐌔𐌀,,,,1.000,clean,e793d909731e,1
CIE 2400,𐌅𐌄𐌋𐌉𐌅𐌉:𐌔𐌀𐌖𐌔:𐌐𐌖𐌉𐌀𐌂,𐌅𐌄𐌋𐌉𐌅𐌉:𐌔𐌀𐌖𐌔:𐌐𐌖𐌉𐌀𐌂,𐌅𐌄𐌋𐌉𐌅𐌉:𐌔𐌀𐌖𐌔:𐌐𐌖𐌉𐌀𐌂,𐌅𐌄𐌋𐌉𐌅𐌉 𐌔𐌀𐌖𐌔 𐌐𐌖𐌉𐌀𐌂,,,,1.000,clean,0ef03f349b82,1
CIE 2401,𐌕𐌉𐌕𐌄:𐌂𐌋𐌀𐌍𐌕𐌄:𐌀𐌅:𐌋𐌄𐌂𐌔𐌕𐌉𐌍𐌀𐌋,𐌕𐌉𐌕𐌄:𐌂𐌋𐌀𐌍𐌕𐌄:𐌀𐌅:𐌋𐌄𐌂𐌔𐌕𐌉𐌍𐌀𐌋,𐌕𐌉𐌕𐌄:𐌂𐌋𐌀𐌍𐌕𐌄:𐌀𐌅:𐌋𐌄𐌂𐌔𐌕𐌉𐌍𐌀𐌋,𐌕𐌉𐌕𐌄 𐌂𐌋𐌀𐌍𐌕𐌄 𐌀𐌅 𐌋𐌄𐌂𐌔𐌕𐌉𐌍𐌀𐌋,,,,1.000,clean,b5294348170c,1
CIE 2402,𐌋𐌄𐌅𐌀𐌍𐌄𐌉:𐌅𐌄𐌋𐌄𐌔𐌀,𐌋𐌄𐌅𐌀𐌍𐌄𐌉:𐌅𐌄𐌋𐌄𐌔𐌀,𐌋𐌄𐌅𐌀𐌍𐌄𐌉:𐌅𐌄𐌋𐌄𐌔𐌀,𐌋𐌄𐌅𐌀𐌍𐌄𐌉 𐌅𐌄𐌋𐌄𐌔𐌀,,,,1.000,clean,a27e7afc268c,1
CIE 2403,𐌄𐌂𐌍:𐌕𐌖𐌓𐌂𐌄:𐌋𐌀𐌓𐌉:𐌋𐌄𐌐𐌀𐌍𐌄𐌉:𐌀𐌋𐌐𐌍𐌖:𐌔𐌄𐌋𐌅𐌀𐌍𐌔𐌉:𐌂𐌀𐌍𐌆𐌀𐌕𐌄,𐌄𐌂𐌍:𐌕𐌖𐌓𐌂𐌄:𐌋𐌀𐌓𐌉:𐌋𐌄𐌐𐌀𐌍𐌄𐌉:𐌀𐌋𐌐𐌍𐌖:𐌔𐌄𐌋𐌅𐌀𐌍𐌔𐌉:𐌂𐌀𐌍𐌆𐌀𐌕𐌄,𐌄𐌂𐌍:𐌕𐌖𐌓𐌂𐌄:𐌋𐌀𐌓𐌉:𐌋𐌄𐌐𐌀𐌍𐌄𐌉:𐌀𐌋𐌐𐌍𐌖:𐌔𐌄𐌋𐌅𐌀𐌍𐌔𐌉:𐌂𐌀𐌍𐌆𐌀𐌕𐌄,𐌄𐌂𐌍 𐌕𐌖𐌓𐌂𐌄 𐌋𐌀𐌓𐌉 𐌋𐌄𐌐𐌀𐌍𐌄𐌉 𐌀𐌋𐌐𐌍𐌖 𐌔𐌄𐌋𐌅𐌀𐌍𐌔𐌉 𐌂𐌀𐌍𐌆𐌀𐌕𐌄,,,,1.000,clean,50662c9dc3ff,1
CIE 2404,aule|leθe,aule|leθe,𐌀𐌖𐌋𐌄|𐌋𐌄𐌈𐌄,aule leθe,,,,1.000,clean,b16abeef59a7,1
CIE 2405,vel:leθe:laθlis,vel:leθe:laθlis,𐌅𐌄𐌋:𐌋𐌄𐌈𐌄:𐌋𐌀𐌈𐌋𐌉𐌔,vel leθe laθlis,,,,1.000,clean,e5f7d889219a,1
CIE 2406,larza|leθe|cecuniaś,larza|leθe|cecuniaś,𐌋𐌀𐌓𐌆𐌀|𐌋𐌄𐌈𐌄|𐌂𐌄𐌂𐌖𐌍𐌉𐌀𐌑,larza leθe cecuniaś,,,,1.000,clean,186ff96c82e5,1
CIE 2407,θana|leθi|pumpusa,θana|leθi|pumpusa,𐌈𐌀𐌍𐌀|𐌋𐌄𐌈𐌉|𐌐𐌖𐌌𐌐𐌖𐌔𐌀,θana leθi pumpusa,,,,1.000,clean,a739aa26dd59,1
CIE 2408,larθi|leθi|veaneś,larθi|leθi|veaneś,𐌋𐌀𐌓𐌈𐌉|𐌋𐌄𐌈𐌉|𐌅𐌄𐌀𐌍𐌄𐌑,larθi leθi veaneś,,,,1.000,clean,9c065d02d39a,1
CIE 2409,fasti|leθ,fasti|leθ,𐌚𐌀𐌔𐌕𐌉|𐌋𐌄𐌈,fasti leθ,,,,1.000,clean,179074ea11b4,1
CIE 2410,leθria|venzleś,leθria|venzleś,𐌋𐌄𐌈𐌓𐌉𐌀|𐌅𐌄𐌍𐌆𐌋𐌄𐌑,leθria venzleś,,,,1.000,clean,a24ed710a0ef,1
CIE 2411,leθria|maθi,leθria|maθi,𐌋𐌄𐌈𐌓𐌉𐌀|𐌌𐌀𐌈𐌉,leθria maθi,,,,1.000,clean,4f27b0748445,1
CIE 2412,leθria|mun[θ]naś,leθria|mun[θ]naś,𐌋𐌄𐌈𐌓𐌉𐌀|𐌌𐌖𐌍[𐌈]𐌍𐌀𐌑,leθria,,,,0.500,clean,a3a18707769e,1
CIE 2416,𐌈𐌀:𐌈𐌉:𐌀𐌍:𐌈𐌉:𐌀:𐌏,θa:θi:an:θi:a:o,𐌈𐌀:𐌈𐌉:𐌀𐌍:𐌈𐌉:𐌀:𐌏,θa θi an θi a o,,,,1.000,clean,edd29173781a,1
CIE 2417,𐌀𐌓·𐌕𐌄𐌓𐌍𐌉·𐌋𐌔·𐌀𐌈,ar·terni·ls·aθ,𐌀𐌓·𐌕𐌄𐌓𐌍𐌉·𐌋𐌔·𐌀𐌈,ar terni ls aθ,,,,1.000,clean,529b6ae6fe11,1
CIE 2418,𐌀𐌆𐌖𐌈𐌀𐌍𐌀:𐌈𐌖:𐌀𐌍𐌄𐌉:𐌀:𐌔𐌄𐌐𐌖𐌔𐌀,θana:θu:anei:a:sepusa:,𐌈𐌀𐌍𐌀:𐌈𐌖:𐌀𐌍𐌄𐌉:𐌀:𐌔𐌄𐌐𐌖𐌔𐌀:,θana θu anei a sepusa,,,,1.000,clean,c41e2d42141f,1
CIE 2419,𐌂·𐌑𐌀𐌂𐌉𐌖𐌔 𐌂·𐌅·𐌑𐌀𐌓𐌂𐌍,C·MACIVS C·F·MARCN,,C MACIVS C F MARCN,,,,1.000,clean,72b8ebf9998e,1
CIE 2422,𐌈𐌀[𐌍𐌉𐌀]𐌅𐌄𐌋𐌆[𐌍]𐌄𐌉 𐌑𐌀𐌍𐌈𐌖𐌀𐌕𐌄𐌔𐌀,θa[nia]|felz[n]ei manθvatesa,𐌈𐌀[𐌍𐌉𐌀]|𐌚𐌄𐌋𐌆[𐌍]𐌄𐌉 𐌌𐌀𐌍𐌈𐌅𐌀𐌕𐌄𐌔𐌀,manθvatesa,,,,0.333,clean,c4209505d039,1
CIE 2423,𐌇𐌀𐌔𐌕𐌉𐌑𐌀𐌍𐌉𐌀𐌔𐌀𐌋𐌉𐌍𐌈𐌀𐌋,hasti|mania|salinθal,𐌇𐌀𐌔𐌕𐌉|𐌌𐌀𐌍𐌉𐌀|𐌔𐌀𐌋𐌉𐌍𐌈𐌀𐌋,hasti mania salinθal,,,,1.000,clean,1dd930c79fa9,1
CIE 2424,ANINAM ZAHAM A,ANINAM ZAHAM A,,ANINAM ZAHAM A,,,,1.000,clean,640901d49b2e,1
CIE 2425,ANINAM,ANINAM,,ANINAM,,,,1.000,clean,dd4a35671744,1
CIE 2426,ANIS:IAOЯOИ:IЯL:MЯN,ANIS:IAOrOn:IrL:MrN,,ANIS IAOrOn IrL MrN,,,,1.000,clean,adf726de3537,2
CIE 2427,ANIS:IAOЯOИ:IЯL:MЯN,ANIS:IAOrOn:IrL:MrN,,ANIS IAOrOn IrL MrN,,,,1.000,clean,adf726de3537,2
CIE 2428,ЯDЯAM,rDrAM,𐌓𐌃𐌓𐌀𐌌,rDrAM,,,,1.000,clean,045b4b67e4b5,1
CIE 2429,INЯDAM:ЯJVA ALIЯOИЯA.,INrDAM:rJVA ALIrOnrA.,,,,,,0.000,needs_review,4171b8eaa39f,1
CIE 2439,HMAID:I9MVARN9V9,HMAID:I9MVARN9V9,,,,,,0.000,ocr_failed,a9eda3e8235e,1
CIE 2430,AN MЯЯCNI AV,AN MrrCNI AV,,AN MrrCNI AV,,,,1.000,clean,5966dae3c2a2,1
CIE 2455,𐌅𐌄𐌋𐌔𐌖:𐌐𐌄𐌕𐌓𐌖𐌀𐌋,velsu:petrual,𐌅𐌄𐌋𐌔𐌖:𐌐𐌄𐌕𐌓𐌖𐌀𐌋,velsu petrual,,,,1.000,clean,76a83dc3a7c4,1
CIE 2431,JANЯMЯB:IMЯA M:ЯJVA,JANrMrB:IMrA M:rJVA,,,,,,0.000,needs_review,242cf3a4e840,1
CIE 2432,MIH9AM:IVIAO,MIH9AM:IVIAO,,,,,,0.000,ocr_failed,20149c750691,1
CIE 2433,V1:YV1IA9:I:M/,V1:YV1IA9:I:M/,,,,,,0.000,ocr_failed,210055a34f20,1
CIE 2434,A2IHD:9AM:12H9V1,A2IHD:9AM:12H9V1,,,,,,0.000,ocr_failed,40fa7ea3d202,1
CIE 2435,IVV139H:IV1,IVV139H:IV1,,,,,,0.000,ocr_failed,1601783563fc,1
CIE 2436,[IAH9V1:AHD9AN...],[IAH9V1:AHD9AN...],,,,,,0.000,ocr_failed,6eb0dd97b74b,1
CIE 2437,MAI9TVAJ1:IHD9AM:VA,MAI9TVAJ1:IHD9AM:VA,,,,,,0.000,ocr_failed,09a197ca60c3,1
CIE 2438,A9A:IAH9AM:I9N/V.MA9C NAMAZIJAM,A9A:IAH9AM:I9N/V.MA9C NAMAZIJAM,,,,,,0.000,ocr_failed,f13410a0b846,1
CIE 2440,𐌠𐌌𐌀𐌓𐌂𐌄𐌍𐌄𐌉 𐌠𐌂𐌋𐌀𐌍𐌕𐌉𐌍𐌄𐌉 𐌠𐌀𐌖𐌐𐌄𐌕𐌍𐌀𐌋 𐌠𐌔𐌄𐌂,marcenei | clantinei | au·petnal | sec,𐌌𐌀𐌓𐌂𐌄𐌍𐌄𐌉 | 𐌂𐌋𐌀𐌍𐌕𐌉𐌍𐌄𐌉 | 𐌀𐌖·𐌐𐌄𐌕𐌍𐌀𐌋 | 𐌔𐌄𐌂,marcenei clantinei au petnal sec,,,,1.000,clean,3c0af12ba299,1
CIE 2442,𐌋𐌄𐌉𐌋𐌉𐌔𐌂𐌀𐌌𐌀𐌓𐌂𐌄𐌉,leiliscamarc𐌄i,𐌋𐌄𐌉𐌋𐌉𐌔𐌂𐌀𐌌𐌀𐌓𐌂𐌄𐌉,leiliscamarc𐌄i,,,,1.000,clean,e779e71cfedd,1
CIE 2443,𐌉𐌀𐌍𐌉𐌔𐌉𐌕𐌖𐌍𐌀:𐌉𐌔𐌉𐌌𐌀𐌉𐌖𐌔,ianisituna:isimaus,𐌉𐌀𐌍𐌉𐌔𐌉𐌕𐌖𐌍𐌀:𐌉𐌔𐌉𐌌𐌀𐌖𐌔,ianisituna isimaus,,,,1.000,clean,8a33b3323693,1
CIE 2444,𐌀𐌌𐌉𐌕𐌌𐌀𐌉𐌖𐌔:𐌉𐌀𐌉𐌖𐌔,amitmaus:iaius,𐌀𐌌𐌉𐌕𐌌𐌀𐌖𐌔:𐌉𐌀𐌉𐌖𐌔,amitmaus iaius,,,,1.000,clean,545cb272a9c0,1
CIE 2445,𐌀𐌉𐌖𐌉𐌍𐌀𐌉𐌖𐌔𐌉𐌌𐌀𐌓𐌂𐌄𐌍𐌄𐌉,marcenei : crapilunia | trepusa,𐌌𐌀𐌓𐌂𐌄𐌍𐌄𐌉 : 𐌂𐌓𐌀𐌐𐌉𐌋𐌖𐌍𐌉𐌀 | 𐌕𐌓𐌄𐌐𐌖𐌔𐌀,marcenei crapilunia trepusa,,,,1.000,clean,271f4ac9766e,1
CIE 2446,𐌀𐌖𐌋𐌄:𐌌𐌀𐌓𐌂𐌍𐌉:𐌀𐌖𐌋𐌄𐌔:𐌇𐌄𐌓𐌌𐌄𐌔:𐌕𐌋𐌄𐌔𐌍𐌀𐌋,aule : marcni : aules : hermes : tlesnal,𐌀𐌖𐌋𐌄 : 𐌌𐌀𐌓𐌂𐌍𐌉 : 𐌀𐌖𐌋𐌄𐌔 : 𐌇𐌄𐌓𐌌𐌄𐌔 : 𐌕𐌋𐌄𐌔𐌍𐌀𐌋,aule marcni aules hermes tlesnal,,,,1.000,clean,969ec8d9dda4,1
CIE 2447,𐌀𐌔𐌉𐌌𐌉𐌍𐌀𐌉𐌖𐌔 𐌀𐌍𐌉𐌖𐌉:𐌉𐌀𐌍𐌄𐌔𐌉𐌕𐌀𐌉𐌍𐌀𐌉𐌖𐌔,a. asiminaus b. anivi:ianesitainaus,𐌀. 𐌀𐌔𐌉𐌌𐌉𐌍𐌀𐌖𐌔 𐌁. 𐌀𐌍𐌉𐌅𐌉:𐌉𐌀𐌍𐌄𐌔𐌉𐌕𐌀𐌉𐌍𐌀𐌖𐌔,a. asiminaus b. anivi ianesitainaus,,,,1.000,clean,8d5fdbdf6043,1
CIE 2448,𐌉𐌀𐌍𐌉𐌀𐌕𐌀:𐌉𐌄:𐌉𐌇𐌀𐌉𐌀𐌌:𐌀𐌉𐌖𐌔,ar : macani : he : atainal,𐌀𐌓 : 𐌌𐌀𐌂𐌀𐌍𐌉 : 𐌇𐌄 : 𐌀𐌕𐌀𐌉𐌍𐌀𐌋,ar macani he atainal,,,,1.000,clean,a6b9aaaaea56,1
CIE 2449,𐌔𐌉𐌇𐌀𐌌:𐌀𐌌𐌉𐌕𐌄𐌓𐌌𐌄𐌇,herme:marcni:pe,𐌇𐌄𐌓𐌌𐌄:𐌌𐌀𐌓𐌂𐌍𐌉:𐌐𐌄,herme marcni pe,,,,1.000,clean,324fc773cb4b,1
CIE 2452,𐌐𐌀𐌍𐌀:𐌌𐌀𐌓𐌉𐌀𐌂𐌄𐌅𐌂𐌉𐌀𐌔,pana:maria | cevcias,𐌐𐌀𐌍𐌀:𐌌𐌀𐌓𐌉𐌀 | 𐌂𐌄𐌅𐌂𐌉𐌀𐌔,pana maria cevcias,,,,1.000,clean,6eef29d27a18,1
CIE 2454,𐌋𐌀𐌓𐌈𐌉:𐌌𐌀𐌓𐌉𐌂𐌀𐌍𐌄:𐌀𐌃𐌅𐌄𐌋𐌔𐌖𐌍𐌉𐌀𐌔,larθi:maricane:ad | velsunias,𐌋𐌀𐌓𐌈𐌉:𐌌𐌀𐌓𐌉𐌂𐌀𐌍𐌄:𐌀𐌃 | 𐌅𐌄𐌋𐌔𐌖𐌍𐌉𐌀𐌔,larθi maricane ad velsunias,,,,1.000,clean,d33072e427b5,1
CIE 2456,𐌋𐌀𐌓𐌈𐌉.𐌌𐌀𐌓𐌉𐌂𐌀𐌍𐌄.𐌅𐌉𐌀𐌂𐌉𐌀𐌋,larθi.maricane.viacial,𐌋𐌀𐌓𐌈𐌉.𐌌𐌀𐌓𐌉𐌂𐌀𐌍𐌄.𐌅𐌉𐌀𐌂𐌉𐌀𐌋,larθi.maricane.viacial,,,,1.000,clean,3d221733521f,1
CIE 2457,𐌐𐌀𐌍𐌀.𐌌𐌀𐌓𐌉𐌂𐌀𐌍𐌉𐌕𐌀𐌕𐌉𐌀𐌋𐌐𐌖𐌌𐌐𐌖𐌋𐌔𐌀,pana.marica | ni | tatial | pumpulsa,𐌐𐌀𐌍𐌀.𐌌𐌀𐌓𐌉𐌂𐌀 | 𐌍𐌉 | 𐌕𐌀𐌕𐌉𐌀𐌋 | 𐌐𐌖𐌌𐌐𐌖𐌋𐌔𐌀,pana.marica ni tatial pumpulsa,,,,1.000,clean,ac486ef2bf2a,1
CIE 2458,𐌀𐌖𐌋𐌄𐌌𐌀𐌓𐌖𐌂𐌄𐌀𐌓𐌍𐌕𐌀𐌋,aule maruce arndal,𐌀𐌖𐌋𐌄 𐌌𐌀𐌓𐌖𐌂𐌄 𐌀𐌓𐌍𐌃𐌀𐌋,aule maruce arndal,,,,1.000,clean,18ae1ec15bfb,1
CIE 2459,𐌌𐌀𐌔𐌕𐌓𐌔𐌖𐌐𐌋𐌖𐌋𐌀𐌖𐌀𐌓,m a str su[plu] lau ar,𐌌 𐌀 𐌔𐌕𐌓 𐌔𐌖[𐌐𐌋𐌖] 𐌋𐌀𐌖 𐌀𐌓,m a str lau ar,,,,0.833,clean,fed32f8364b7,1
CIE 246,𐌄𐌍𐌉𐌈𐌄𐌍𐌉𐌈 : 𐌄𐌍𐌉𐌈𐌄𐌍𐌉𐌈,velia : tetinei,𐌅𐌄𐌋𐌉𐌀 : 𐌕𐌄𐌕𐌉𐌍𐌄𐌉,velia tetinei,,,,1.000,clean,a14b1425b372,1
CIE 2460,𐌘𐌀𐌍𐌀𐌌𐌀𐌕𐌀𐌖𐌔𐌍𐌄𐌉𐌀𐌋𐌖𐌋𐌄𐌔,fana: matausnei: al[ul]es,𐌚𐌀𐌍𐌀: 𐌌𐌀𐌕𐌀𐌖𐌔𐌍𐌄𐌉: 𐌀𐌋[𐌖𐌋]𐌄𐌔,fana matausnei,,,,0.667,clean,bef86e4d6afe,1
CIE 2461,𐌅𐌄𐌋𐌌𐌄𐌉𐌄,vel:meie,𐌅𐌄𐌋:𐌌𐌄𐌉𐌄,vel meie,,,,1.000,clean,9cb1c2cedd7b,1
CIE 2462,𐌅𐌋𐌌𐌄𐌉𐌍𐌀𐌋𐌔𐌐𐌉𐌖𐌕𐌀𐌀𐌋,vl:meina:ls:piutaal,𐌅𐌋:𐌌𐌄𐌉𐌍𐌀:𐌋𐌔:𐌐𐌉𐌖𐌕𐌀𐌀𐌋,vl meina ls piutaal,,,,1.000,clean,a53034bb6b78,1
CIE 2463,𐌅𐌋𐌌𐌄𐌉𐌍𐌀𐌅𐌋𐌕𐌉𐌕𐌉𐌀𐌋,vl:meina:vl:titial,𐌅𐌋:𐌌𐌄𐌉𐌍𐌀:𐌅𐌋:𐌕𐌉𐌕𐌉𐌀𐌋,vl meina vl titial,,,,1.000,clean,7d738b8e50cb,1
CIE 2464,𐌌𐌄𐌉𐌍𐌄𐌉𐌂𐌄𐌔𐌖𐌔𐌀,meinei:cesusa,𐌌𐌄𐌉𐌍𐌄𐌉:𐌂𐌄𐌔𐌖𐌔𐌀,meinei cesusa,,,,1.000,clean,781d353be3c9,1
CIE 2466,larθi: meti,larθi: meti,𐌋𐌀𐌓𐌈𐌉: 𐌌𐌄𐌕𐌉,larθi meti,,,,1.000,clean,83794119a06a,1
CIE 2467,metur,metur,𐌌𐌄𐌕𐌖𐌓,metur,,,,1.000,clean,ef5ed8fcd1ad,2
CIE 2472,lθ: minia | xeritnal,lθ: minia | xeritnal,𐌋𐌈: 𐌌𐌉𐌍𐌉𐌀 | 𐌗𐌄𐌓𐌉𐌕𐌍𐌀𐌋,lθ minia xeritnal,,,,1.000,clean,984092ddb3f9,1
CIE 2473,aθ: murina : cainal,aθ: murina : cainal,𐌀𐌈: 𐌌𐌖𐌓𐌉𐌍𐌀 : 𐌂𐌀𐌉𐌍𐌀𐌋,aθ murina cainal,,,,1.000,clean,67a55f2520d5,1
CIE 2474,larθi : murina : arniθal,larθi : murina : arniθal,𐌋𐌀𐌓𐌈𐌉 : 𐌌𐌖𐌓𐌉𐌍𐌀 : 𐌀𐌓𐌍𐌉𐌈𐌀𐌋,larθi murina arniθal,,,,1.000,clean,cfe2922f4312,1
CIE 2475,VAMIA,VAMIA,,VAMIA,,,,1.000,clean,867fc182e025,1
CIE 2476,[IИIЯVM:OЯA⅃],LARTHIM:MURINI,,LARTHIM MURINI,,,,1.000,clean,121f5553e101,1
CIE 2477,IƎИIЯVM:IΘЯA⅃,LARTHI:MURINEI,,LARTHI MURINEI,,,,1.000,clean,72eb16608182,1
CIE 2478,AƧIИTИЯA:IƎИIЯVM:IΘЯA⅃,LARTHI:MURINEI:ARNTNISA,,LARTHI MURINEI ARNTNISA,,,,1.000,clean,fd082ec2ae50,2
CIE 2479,AƧIИTИЯA:IƎИIЯVM:IΘЯA⅃,LARTHI:MURINEI:ARNTNISA,,LARTHI MURINEI ARNTNISA,,,,1.000,clean,fd082ec2ae50,2
CIE 2480,IЯƎTΘИTVA⅃⅃AIΘЯA⅃ AИƎ⅃ƆƧVM ΘTИЯA,ARNTTH MUSCLENA LARTHIAL LAUTNTHETERI,,ARNTTH MUSCLENA LARTHIAL LAUTNTHETERI,,,,1.000,clean,a2f4cb6cd169,2
ETP 311,truχiles,truχiles,𐌕𐌓𐌖𐌙𐌉𐌋𐌄𐌔,truχiles,,300.0,300.0,1.000,clean,4d690f27ae0f,2
CIE 2481,IЯ[I]TƎTΘИTVA⅃⅃AIΘЯA⅃ [A]ИƎ⅃ƆƧVM ΘTИЯA,ARNTTH MUSCLEN[A] LARTHIAL LAUTNTHETE[RI],,ARNTTH LARTHIAL,,,,0.500,clean,a2f4cb6cd169,2
CIE 2482,ИTA⅃:Ǝ⅃ITVM:⅃V,VL:MUTILE:LATN,,VL MUTILE LATN,,,,1.000,clean,03e67f641163,1
CIE 2483,[⅃]P:Ǝ[IT]VM:⅃V,VL:MU[TI]E:P[L],,VL,,,,0.333,clean,4ed0d30b299b,1
CIE 2484,A3IXM.A+I+,śana[lautnita·mutiesa·,𐌑𐌀𐌍𐌀[𐌋𐌀𐌖𐌕𐌍𐌉𐌕𐌀·𐌌𐌖𐌕𐌉𐌄𐌔𐌀·,mutiesa,,,,0.500,clean,977107487f09,1
CIE 2485,2VJA.V+VMIJA JAH+A),vl·mutu·vlus|cainal,𐌅𐌋·𐌌𐌖𐌕𐌖·𐌅𐌋𐌖𐌔|𐌂𐌀𐌉𐌍𐌀𐌋,vl mutu vlus cainal,,,,1.000,clean,d7c31ae59363,1
CIE 2487,D.VM.A1,ve·mu·c,𐌅𐌄·𐌌𐌖·𐌂,ve mu c,,,,1.000,clean,559e1d5054e5,1
CIE 2488,A3YVMVJA,vel mutre,𐌅𐌄𐌋 𐌌𐌖𐌕𐌓𐌄,vel mutre,,,,1.000,clean,cac02ac57271,1
CIE 2489,A2A1JVAI.9V,nicipur·nautisat·l,𐌍𐌉𐌂𐌉𐌐𐌖𐌓·𐌍𐌀𐌖𐌕𐌉𐌔𐌀𐌕·𐌋,nicipur nautisat l,,,,1.000,clean,3e04f6eca678,1
CIE 2490,JVVMAN:OHDA,arnθ·namu ltl,𐌀𐌓𐌍𐌈·𐌍𐌀𐌌𐌖 𐌋𐌕𐌋,arnθ namu ltl,,,,1.000,clean,cf231feaa3d8,1
CIE 2491,[A19AH.AHAO],θana·naria,𐌈𐌀𐌍𐌀·𐌍𐌀𐌓𐌉𐌀,θana naria,,,,1.000,clean,51f966aa4f6a,1
CIE 2492,MA+AD:A19AH:A1O9AJ JAX+D,larθia·naria·caiaś|axual,𐌋𐌀𐌓𐌈𐌉𐌀·𐌍𐌀𐌓𐌉𐌀·𐌂𐌀𐌉𐌀𐌑|𐌀𐌗𐌖𐌀𐌋,larθia naria caiaś axual,,,,1.000,clean,c349a7722ec8,1
CIE 2493,AIA,nevia,𐌍𐌄𐌅𐌉𐌀,nevia,,,,1.000,clean,f850c9189234,2
CIE 2494,IHQ#VHVA API19AJ,au-nurzni|caprinal,𐌀𐌖-𐌍𐌖𐌓𐌆𐌍𐌉|𐌂𐌀𐌐𐌓𐌉𐌍𐌀𐌋,caprinal,,,,0.500,clean,174acbd21fad,1
CIE 2495,V H1119:1H9#V1T:VA,au-nurzni|caprinas,𐌀𐌖-𐌍𐌖𐌓𐌆𐌍𐌉|𐌂𐌀𐌐𐌓𐌉𐌍𐌀𐌔,caprinas,,,,0.500,clean,44fcac80a5ef,1
CIE 2496,IHQ#VHVA 2R199R2,au-nuirni|eprial,𐌀𐌖-𐌍𐌖𐌉𐌓𐌍𐌉|𐌄𐌐𐌓𐌉𐌀𐌋,eprial,,,,0.500,clean,fc190a081007,1
CIE 2497,JAN9A4:ISHZVH:AIHAO,frania|nurznei|pernal,𐌚𐌓𐌀𐌍𐌉𐌀|𐌍𐌖𐌓𐌆𐌍𐌄𐌉|𐌐𐌄𐌓𐌍𐌀𐌋,frania nurznei pernal,,,,1.000,clean,e5afc3b6c741,1
CIE 2498,IAHIVAIT/R8,fastia|nuinei,𐌚𐌀𐌔𐌕𐌉𐌀|𐌍𐌖𐌉𐌍𐌄𐌉,fastia nuinei,,,,1.000,clean,9cbf5724569b,1
CIE 2499,...:IVN:JIAIHAO,Janxvil:nui...,,,,,,0.000,needs_review,7417ac5063c0,1
CIE 2500,....:IVNAO,fa|nui....,𐌚𐌀|𐌍𐌖𐌉....,fa nui....,,,,1.000,clean,319c8331ab6c,1
CIE 2501,AVN:2:009A1J:1AJ,larθ|numsi|larθal|sceua,𐌋𐌀𐌓𐌈|𐌍𐌖𐌌𐌔𐌉|𐌋𐌀𐌓𐌈𐌀𐌋|𐌔𐌂𐌄𐌖𐌀,larθ numsi larθal sceua,,,,1.000,clean,ab508a5d672f,1
CIE 2502,AZIHAV:IA:IZIVN:ANJA,velia:numisi:av-utanisa,𐌅𐌄𐌋𐌉𐌀:𐌍𐌖𐌌𐌉𐌔𐌉:𐌀𐌅-𐌖𐌕𐌀𐌍𐌉𐌔𐌀,velia numisi,,,,0.667,clean,f7dcecb6c05c,1
CIE 2509,OGA1:AIVA AI:MAIA aula:pari|anas:la,OGA1:AIVA AI:MAIA aula:pari|anas:la,,,,,,0.000,ocr_failed,3ba49489756c,1
CIE 2518,PAZISNA:O:ZIIAIAN,PAZISNA:O:ZIIAIAN,,PAZISNA O ZIIAIAN,,,,1.000,clean,bf0eb43724e7,1
CIE 2532,JANVA98:39ID2:F,pedna scire: fraunal,𐌐𐌄𐌃𐌍𐌀 𐌔𐌂𐌉𐌓𐌄: 𐌚𐌓𐌀𐌖𐌍𐌀𐌋,pedna scire fraunal,,,,1.000,clean,dd0a91456a04,1
CIE 2510,VAHAJ2I+A1:9 A ar:patislane au,VAHAJ2I+A1:9 A ar:patislane au,,,,,,0.000,ocr_failed,3d7810ac6553,1
CIE 2511,IAYDHED:EMAI2I+A1:VA au:patislane:cencual,IAYDHED:EMAI2I+A1:VA au:patislane:cencual,,,,,,0.000,ocr_failed,7495f0755eed,1
CIE 2512,IAVTEA:EMAI2I+A1:OA a[i:patislane:vetual,IAVTEA:EMAI2I+A1:OA a[i:patislane:vetual,,,,,,0.000,ocr_failed,17a2db3ff6d8,1
CIE 2513,URAIIMAN:ANA,URAIIMAN:ANA,,URAIIMAN ANA,,,,1.000,clean,ec5df166121b,1
CIE 2514,IANQVI:ENAUIZITAI:EIVA,IANQVI:ENAUIZITAI:EIVA,,IANQVI ENAUIZITAI EIVA,,,,1.000,clean,52a295030031,1
CIE 2515,AZIIMAIZITAI:ENQVI:AHAO,AZIIMAIZITAI:ENQVI:AHAO,,AZIIMAIZITAI ENQVI AHAO,,,,1.000,clean,95dd89cb2551,1
CIE 2516,IANISIA:EHAUIZIAIA,IANISIA:EHAUIZIAIA,,IANISIA EHAUIZIAIA,,,,1.000,clean,6e90572f2e80,1
CIE 2517,ANISNA:ENAIZIIAI:OA,ANISNA:ENAIZIIAI:OA,,ANISNA ENAIZIIAI OA,,,,1.000,clean,7127fbba7cc5,1
CIE 2519,NTVAI:AN AIDEI,NTVAI:AN AIDEI,,NTVAI AN AIDEI,,,,1.000,clean,32507adda186,1
CIE 2520,MAIIEII:INTVAI:OIAI,MAIIEII:INTVAI:OIAI,,MAIIEII INTVAI OIAI,,,,1.000,clean,761b616276a2,1
CIE 2521,IANMMQH:ANΘIMQ.ΘI id:peiðna:fremnal,IANMMQH:ANΘIMQ.ΘI id:peina:fremnal,,IANMMQH ANΘIMQ.ΘI id peina fremnal,,,,1.000,clean,5161ad01bf6b,1
CIE 2522,A.ANΘIΘNΘA arnð peðna.a,A.ANΘIΘNΘA arn pena.a,,A.ANΘIΘNΘA arn pena.a,,,,1.000,clean,1d085d23caf1,1
CIE 2523,[....MΘI ΘNΘA] arnð peðs,[....MΘI ΘNΘA] arn pes,[....𐌌𐌈𐌉 𐌈𐌍𐌈𐌀] 𐌀𐌓𐌍 𐌐𐌄𐌔,arn pes,,,,0.500,clean,00ac23a3015a,1
CIE 2527,TAHOSI AINAO MIHJIA9 XEMJAIHVAJA,Tania pednei raplnis plautial sec,,Tania pednei raplnis plautial sec,,,,1.000,clean,4a7f829bba2a,1
CIE 2528,2AMOH31:BHO31 JAHIAJ,peinei pednas cainal,𐌐𐌄𐌉𐌍𐌄𐌉 𐌐𐌄𐌃𐌍𐌀𐌔 𐌂𐌀𐌉𐌍𐌀𐌋,peinei pednas cainal,,,,1.000,clean,6a02ac4c3be7,1
CIE 2529,:JAIA93O: :391J2:AHO33:OJ,lit: pedna: scire: herial:,𐌋𐌉𐌕: 𐌐𐌄𐌃𐌍𐌀: 𐌔𐌂𐌉𐌓𐌄: 𐌇𐌄𐌓𐌉𐌀𐌋:,lit pedna scire herial,,,,1.000,clean,d49c6e2243e5,1
CIE 2530,AITIT:OA:39TD2:AHO3:1,pedna: scire: ad: titial,𐌐𐌄𐌃𐌍𐌀: 𐌔𐌂𐌉𐌓𐌄: 𐌀𐌃: 𐌕𐌉𐌕𐌉𐌀𐌋,pedna scire ad titial,,,,1.000,clean,f1af8df51f75,1
CIE 2531,JAITIK:AHO31:OJ,lit: peidna: titial,𐌋𐌉𐌕: 𐌐𐌄𐌉𐌃𐌍𐌀: 𐌕𐌉𐌕𐌉𐌀𐌋,lit peidna titial,,,,1.000,clean,012dc5bd8ea9,1
CIE 2533,AI9ID2:AHO31:AHAO :3EM:JAVOH3D,frana: peidne: sciria: cencual: sec:,𐌚𐌓𐌀𐌍𐌀: 𐌐𐌄𐌉𐌃𐌍𐌄: 𐌔𐌂𐌉𐌓𐌉𐌀: 𐌂𐌄𐌍𐌂𐌖𐌀𐌋: 𐌔𐌄𐌂:,frana peidne sciria cencual sec,,,,1.000,clean,12087e4661a6,1
CIE 2534,MAJD:JAHDA18:38YA9.Y1AJA:MAHO37.A13O39,reDeia: veDnas: alapu: raufe: fracnal: clan,𐌓𐌄𐌃𐌄𐌉𐌀: 𐌅𐌄𐌃𐌍𐌀𐌔: 𐌀𐌋𐌀𐌐𐌖: 𐌓𐌀𐌖𐌚𐌄: 𐌚𐌓𐌀𐌂𐌍𐌀𐌋: 𐌂𐌋𐌀𐌍,reDeia veDnas alapu raufe fracnal clan,,,,1.000,clean,ee4f6beb75ab,1
CIE 2535,AИƎƧI:ƧVΛ,AnesI:sVΛ,,,,,,0.000,needs_review,bfd0181a88eb,1
CIE 2536,AMƎƧƧOƧM:AH MƎƧOƧ,AMessOsM:AH MesOs,,AMessOsM AH MesOs,,,,1.000,clean,ba258493f994,1
CIE 2537,IƎMƧƧI:AИ,IeMssI:An,𐌉𐌄𐌌𐌔𐌔𐌉:𐌀𐌍,IeMssI An,,,,1.000,clean,e4f76dce6ac4,2
CIE 2538,IƎMƧƧI:AИ,IeMssI:An,𐌉𐌄𐌌𐌔𐌔𐌉:𐌀𐌍,IeMssI An,,,,1.000,clean,e4f76dce6ac4,2
CIE 2539,C.BAEBIVS L.F ARRESPEX,C.BAEBIVS L.F ARRESPEX,,C.BAEBIVS L.F ARRESPEX,,,,1.000,clean,5aadf40cf5cb,1
CIE 2540,C.BABIVS C.F ARHS,C.BABIVS C.F ARHS,,C.BABIVS C.F ARHS,,,,1.000,clean,8fd925ea0bcc,1
CIE 2541,ƧƎMƧVƎ:AИ:A:HƧI:OƧH I,seMsVe:An:A:HsI:OsH I,𐌔𐌄𐌌𐌔𐌅𐌄:𐌀𐌍:𐌀:𐌇𐌔𐌉:𐌏𐌔𐌇 𐌉,seMsVe An A HsI OsH I,,,,1.000,clean,d457d2b15e58,1
CIE 2542,:IƎMƧI:IЯAΘ,:IeMsI:IrAΘ,:𐌉𐌄𐌌𐌔𐌉:𐌉𐌓𐌀𐌈,IeMsI IrAΘ,,,,1.000,clean,82e03f748360,1
CIE 2543,PERERИA:AЯTH,PERERnA:ArTH,,PERERnA ArTH,,,,1.000,clean,32d847244ee4,1
CIE 2549,𐌅𐌉𐌋·𐌐𐌄𐌕𐌉𐌍𐌀𐌕𐌄·𐌇𐌖𐌓𐌀𐌋𐌔𐌀,VIL·PETINATE·HURALSA,,VIL PETINATE HURALSA,,,,1.000,clean,8cb6de71dbfc,1
CIE 2550,𐌐𐌖𐌐𐌋𐌉 𐌐𐌄𐌕𐌉𐌍𐌀𐌕𐌄 𐌋𐌀𐌖𐌕𐌍𐌉,PUPLI·PETINATE·LAUTNI,,PUPLI PETINATE LAUTNI,,,,1.000,clean,514eaaac84c2,1
CIE 2551,[𐌉𐌍𐌅𐌀𐌗]·𐌌𐌄𐌗𐌀𐌍𐌍𐌉𐌄·𐌍𐌉𐌍𐌉,[INVAX]·MEXANNIE·NINI,,MEXANNIE NINI,,,,0.667,clean,fb2a814535f1,1
CIE 2552,ARVƧIA:RAV:VM:ATAMII:I:AIIAO,ARVsIA:RAV:VM:ATAMII:I:AIIAO,,ARVsIA RAV VM ATAMII I AIIAO,,,,1.000,clean,a345e219ae2f,1
CIE 2553,LAVA:TƧIA:O:F,LAVA:TsIA:O:F,,LAVA TsIA O F,,,,1.000,clean,a1187ab6e3c9,1
CIE 2554,FAHMA:VƧTƧI:O:F,FAHMA:VsTsI:O:F,,FAHMA VsTsI O F,,,,1.000,clean,ae008b640b36,1
CIE 2555,IƧMƧA:ƧIƧ:VƧTƧI:ƧII,IsMsA:sIs:VsTsI:sII,𐌉𐌔𐌌𐌔𐌀:𐌔𐌉𐌔:𐌅𐌔𐌕𐌔𐌉:𐌔𐌉𐌉,IsMsA sIs VsTsI sII,,,,1.000,clean,2a8c0d86fd31,1
CIE 2556,VƧƧA:TƧI:TƧA:F,VssA:TsI:TsA:F,𐌅𐌔𐌔𐌀:𐌕𐌔𐌉:𐌕𐌔𐌀:𐌚,VssA TsI TsA F,,,,1.000,clean,b6497a5d8ce2,1
CIE 2557,FAHI:TƧIƧ:VƧTƧI:TƧF,FAHI:TsIs:VsTsI:TsF,,FAHI TsIs VsTsI TsF,,,,1.000,clean,d344c35acfec,1
CIE 2558,IƧVƧTƧI:FƧIƧA:F AMIIA:MVƧF,IsVsTsI:FsIsA:F AMIIA:MVsF,,IsVsTsI FsIsA F AMIIA MVsF,,,,1.000,clean,62ea891e3fe5,1
CIE 2571,VQTHI:VA INOV:IM au:petruni:uclnial:,VQTHI:VA INOV:IM au:petruni:uclnial:,,VQTHI VA INOV IM au petruni uclnial,,,,1.000,clean,30b57165851a,1
CIE 2572,"JHMVDA-----A:VA au:a.......vucunal JAIHJDV:ER:IHVHJI:VA au:petruni:[s]e:ucln[i]al,","JHMVDA-----A:VA au:a.......vucunal JAIHJDV:ER:IHVHJI:VA au:petruni:[s]e:ucln[i]al,",,,,,,0.000,needs_review,44e206d98cf5,1
CIE 2573,JANINAM-VA-INVHET-OA ab:petruni-au:maninal.,JANINAM-VA-INVHET-OA ab:petruni-au:maninal.,,,,,,0.000,needs_review,3337ad89e2e6,1
CIE 2574,NAQAHINDVR 9TOQJ:IVO AR fui:lart:petruni:larθalisa:,NAQAHINDVR 9TOQJ:IVO AR fui:lart:petruni:larθalisa:,,,,,,0.000,ocr_failed,27047b98d8f9,1
CIE 2575,PETRONIA.C.L. PRISCILLA. Petronia C.L. Priscilla.,PETRONIA.C.L. PRISCILLA. Petronia C.L. Priscilla.,,PETRONIA.C.L. PRISCILLA. Petronia C.L. Priscilla.,,,,1.000,clean,ac6a8fd95499,1
CIE 2592,APRASNAR RAVMATRII,APRASNAR RAVMATRII aprasnar|raumatrś,,APRASNAR RAVMATRII aprasnar raumatrś,,,,1.000,clean,52d8c4763e88,1
CIE 2594,𐌅𐌄𐌋:𐌐𐌓𐌄𐌔𐌍𐌕𐌄,vel:presnte,𐌅𐌄𐌋:𐌐𐌓𐌄𐌔𐌍𐌕𐌄,vel presnte,,,,1.000,clean,3e57b76619d9,1
CIE 2595,𐌅𐌋:𐌐𐌓𐌄𐌔𐌍𐌕𐌄,vl:presnte,𐌅𐌋:𐌐𐌓𐌄𐌔𐌍𐌕𐌄,vl presnte,,,,1.000,clean,1fe53d820f4a,1
CIE 2596,𐌀𐌖𐌋𐌄:𐌐𐌓𐌄𐌔𐌍𐌕𐌄,aule:pre[snte],𐌀𐌖𐌋𐌄:𐌐𐌓𐌄[𐌔𐌍𐌕𐌄],aule,,,,0.500,clean,15199898dfc9,1
CIE 2597,:AIMIΘAI:AΘMΣqq:qA,:AIMIΘAI:AΘMΣqq:qA,,AIMIΘAI AΘMΣqq qA,,,,1.000,clean,512a4b5d7d5b,2
CIE 2598,:AIMIΘAI:AΘMΣqq:qA,:AIMIΘAI:AΘMΣqq:qA,,AIMIΘAI AΘMΣqq qA,,,,1.000,clean,512a4b5d7d5b,2
CIE 2599,:AIMI / ΣΘI:IOΘAИ,:AIMI / ΣΘI:IOΘAn,,AIMI / ΣΘI IOΘAn,,,,1.000,clean,9353671306ac,1
CIE 2600,:M A IMYMYF:AΘM ΣA9I:OΘAИ,:M A IMYMYF:AΘM ΣA9I:OΘAn,,,,,,0.000,ocr_failed,da24bbd3c681,1
CIE 2601,PRAFS-N .T.SENTIAPHI,PRAFS-N .T.SENTIAPHI,,.T.SENTIAPHI,,,,0.500,clean,7ac28562236c,1
CIE 2602,:AΣIΣAΣVΣV:I:IΘΣA9AИΘ,:AΣIΣAΣVΣV:I:IΘΣA9AnΘ,,,,,,0.000,ocr_failed,b8c10e542938,1
CIE 2603,IΘMΣE9I:AИAΘ,IΘMΣE9I:AnAΘ,,,,,,0.000,ocr_failed,0e54717a84b5,1
CIE 2605,:VAOAJ:YΣ9I:OΘAИ,:VAOAJ:YΣ9I:OΘAn,,,,,,0.000,ocr_failed,5817a5080900,1
CIE 2606,ΣI9I9I9ΘΣA,ΣI9I9I9ΘΣA,,,,,,0.000,ocr_failed,9435df6953b1,1
CIE 2607,𐌋𐌀𐌓𐌈:𐌐𐌓𐌖𐌔𐌉𐌖,larθ:prusiu,𐌋𐌀𐌓𐌈:𐌐𐌓𐌖𐌔𐌉𐌖,larθ prusiu,,,,1.000,clean,b1e7961b94cf,1
ETP 312,vl • utani • aninal • vl •,vl • utani • aninal • vl •,𐌅𐌋 • 𐌖𐌕𐌀𐌍𐌉 • 𐌀𐌍𐌉𐌍𐌀𐌋 • 𐌅𐌋 •,vl utani aninal vl,,150.0,150.0,1.000,clean,eb4f1de4c3f3,1
ETP 352,raθs • turmsal velus luvχmsal θusti • θui meθlmθ mu[n]sθ[e]c [ • ] ims • epl macuni • hercles alpan tece IIC ei • utta θesca ac • penθa • [-(-)] • hu lave • zilci•  laθ ale • nulaθes •,raθs • turmsal velus luvχmsal θusti • θui meθlmθ mu[n]sθ[e]c [ • ] ims • epl macuni • hercles alpan tece iic ei • utta θesca ac • penθa • [-(-)] • hu lave • zilci• laθ ale • nulaθes •,𐌓𐌀𐌈𐌔 • 𐌕𐌖𐌓𐌌𐌔𐌀𐌋 𐌅𐌄𐌋𐌖𐌔 𐌋𐌖𐌅𐌙𐌌𐌔𐌀𐌋 𐌈𐌖𐌔𐌕𐌉 • 𐌈𐌖𐌉 𐌌𐌄𐌈𐌋𐌌𐌈 𐌌𐌖[𐌍]𐌔𐌈[𐌄]𐌂 [ • ] 𐌉𐌌𐌔 • 𐌄𐌐𐌋 𐌌𐌀𐌂𐌖𐌍𐌉 • 𐌇𐌄𐌓𐌂𐌋𐌄𐌔 𐌀𐌋𐌐𐌀𐌍 𐌕𐌄𐌂𐌄 𐌉𐌉𐌂 𐌄𐌉 • 𐌖𐌕𐌕𐌀 𐌈𐌄𐌔𐌂𐌀 𐌀𐌂 • 𐌐𐌄𐌍𐌈𐌀 • [-(-)] • 𐌇𐌖 𐌋𐌀𐌅𐌄 • 𐌆𐌉𐌋𐌂𐌉• 𐌋𐌀𐌈 𐌀𐌋𐌄 • 𐌍𐌖𐌋𐌀𐌈𐌄𐌔 •,raθs turmsal velus luvχmsal θusti θui meθlmθ ims epl macuni hercles alpan tece iic ei utta θesca ac penθa hu lave zilci laθ ale nulaθes,"To Rath (and) Turms. The thusti of Vel, (son) of Luvkhmes, here in the city and in the munsla-... as a thank-offering (?) in the macun of Herakles. IIC. One shall not...(?) Hulave pentha in the governorship of La(r)th Nulathe.",350.0,350.0,0.862,clean,2ae32bf1e398,1
ETP 353,mi[ni velθ]ur paiθinaie[s mu]lu[vani]ce,mi[ni velθ]ur paiθinaie[s mu]lu[vani]ce,𐌌𐌉[𐌍𐌉 𐌅𐌄𐌋𐌈]𐌖𐌓 𐌐𐌀𐌉𐌈𐌉𐌍𐌀𐌉𐌄[𐌔 𐌌𐌖]𐌋𐌖[𐌅𐌀𐌍𐌉]𐌂𐌄,,Velthur Paithinaies gave me (as a gift).,650.0,625.0,0.000,clean,853e26651989,1
ETP 354,[mini mulu]van[ice---],[mini mulu]van[ice---],[𐌌𐌉𐌍𐌉 𐌌𐌖𐌋𐌖]𐌅𐌀𐌍[𐌉𐌂𐌄---],,,600.0,600.0,0.000,clean,6aa0f413cf20,1
ETP 355,cae is[na] LII,cae is[na] lii,𐌂𐌀𐌄 𐌉𐌔[𐌍𐌀] 𐌋𐌉𐌉,cae lii,,,,0.667,clean,507710b0a3d1,1
ETP 356,u.na. uras pep.unas.,u.na. uras pep.unas.,𐌖.𐌍𐌀. 𐌖𐌓𐌀𐌔 𐌐𐌄𐌐.𐌖𐌍𐌀𐌔.,u.na. uras pep.unas.,,600.0,600.0,1.000,clean,5f2a1d278c1c,1
ETP 361,lθ : anie : lθ : celtalval :,lθ anie lθ celtalval,𐌋𐌈 𐌀𐌍𐌉𐌄 𐌋𐌈 𐌂𐌄𐌋𐌕𐌀𐌋𐌅𐌀𐌋,lθ anie lθ celtalval,,150.0,100.0,1.000,clean,f9f0dce6ef86,1
ETP 362,[---]as vheisalna[---],[---]as vheisalna[---],[---]𐌀𐌔 𐌅𐌇𐌄𐌉𐌔𐌀𐌋𐌍𐌀[---],,I (belong to) Velelia Feysalnai,600.0,600.0,0.000,clean,4c4fce6a080d,1
ETP 74,e{.}t • pêtruis σcê [vacat] vês êliunts • vinac • restmc • cen [vacat] u • tênθur sar • cuσuθuras • lariσaliσvla • peσc • σpante • tênθur • sa • sran • sarc • clθil • têrσna • θui • σpanθi • ml esiêθic • rasna ΣIII&gt; [vacat] inni • peσ • pêtrus • pavac • traulac • tiur • tênθurc • tênθa • zacinat • priniserac • zal // cs • êsis • vêrê cuσuθursum • peσ • pêtrusta • σceva[s] // nuθantur • lart • petr uni • arnt • pini • lart • vipi • luσce • lariσ • σalini • vêtnal • lart • vêlara • larθaliσa • lart • vêlara auleσa • vel • pumpu • pruciu • aule • cêlatina • σê tmnal • arnza • fêlσni • vêlθinal • vêl • luiσna lusce • vêl • uσlna • nufreσa • laru • σlanzu • larz a lartle vêl aves arnt • pêtru • raufe // êprus • ame • velχe • cuσu lariσal • cleniarc • lariσcuσu • lariσaliσa larizac • clan • lariσal • pêtru • σcêvas • arntlei • pêtrus • puia [vacat]cên • zic • ziχuχe • σparzêstis • sazleis • inθuχti • cuσuθuras • σuθiu • ame • tal • σuθivenas • ratm • θuχt . cesu • tltel • têi • σians • σparzête • θui • σalt • zic • fratuce • cuσuθurus • lariσaliσvla • pêtrusc • σcêvas • peσs • tarχianes // cnl • nuθe • malec • lart • cucrina • lauσiσa • zilaθ • meχl • rasnal • l[a]riσ • cêlatina lauσa [cl]anc • arnt • luσcni • [a]rnθal • clanc • larza • lart • turnma • σalina[l---a]pnal • cleniarc • velχe [---papal]serc • vêlχe • cuσu • aule[σa---]aninalc • lariσ • fuln[i---]rc • lart • pêtce • uσlnal [ •---]inaθur • têcσinal • vel[---]us • lariσc • cuσu • uσlna[l---] // aule σalini [vacat] cuσual [vacat]zilci • larθal • c [vacat] uσus • titlnal lariσalc • σalinis auleσla • celtinêitiσs • tarσminass • σparza • in • θuχt cesuratm • σuθiu • σuθiuσvê • velχes • cuσus auleσla • velθurus • titlnis • velθuruσla . larθalc • cêlatinas apnal • lariσalc cê latinas • titlnal,e{.}t • petruis σce [vacat] ves eliunts • vinac • restmc • cen [vacat] u • tenθur sar • cuσuθuras • lariσaliσvla • peσc • σpante • tenθur • sa • sran • sarc • clθil • terσna • θui • σpanθi • ml esieθic • rasna σiii&gt; [vacat] inni • peσ • petrus • pavac • traulac • tiur • tenθurc • tenθa • zacinat • priniserac • zal // cs • esis • vere cuσuθursum • peσ • petrusta • σceva[s] // nuθantur • lart • petr uni • arnt • pini • lart • vipi • luσce • lariσ • σalini • vetnal • lart • velara • larθaliσa • lart • velara auleσa • vel • pumpu • pruciu • aule • celatina • σe tmnal • arnza • felσni • velθinal • vel • luiσna lusce • vel • uσlna • nufreσa • laru • σlanzu • larz a lartle vel aves arnt • petru • raufe // eprus • ame • velχe • cuσu lariσal • cleniarc • lariσcuσu • lariσaliσa larizac • clan • lariσal • petru • σcevas • arntlei • petrus • puia [vacat]cen • zic • ziχuχe • σparzestis • sazleis • inθuχti • cuσuθuras • σuθiu • ame • tal • σuθivenas • ratm • θuχt . cesu • tltel • tei • σians • σparzete • θui • σalt • zic • fratuce • cuσuθurus • lariσaliσvla • petrusc • σcevas • peσs • tarχianes // cnl • nuθe • malec • lart • cucrina • lauσiσa • zilaθ • meχl • rasnal • l[a]riσ • celatina lauσa [cl]anc • arnt • luσcni • [a]rnθal • clanc • larza • lart • turnma • σalina[l---a]pnal • cleniarc • velχe [---papal]serc • velχe • cuσu • aule[σa---]aninalc • lariσ • fuln[i---]rc • lart • petce • uσlnal [ •---]inaθur • tecσinal • vel[---]us • lariσc • cuσu • uσlna[l---] // aule σalini [vacat] cuσual [vacat]zilci • larθal • c [vacat] uσus • titlnal lariσalc • σalinis auleσla • celtineitiσs • tarσminass • σparza • in • θuχt cesuratm • σuθiu • σuθiuσve • velχes • cuσus auleσla • velθurus • titlnis • velθuruσla . larθalc • celatinas apnal • lariσalc ce latinas • titlnal,,,Lart Celatina listens to (?) and watches over this legal proceeding (?).,300.0,200.0,0.000,needs_review,2f80cf1480ea,1
ETP 75,[---]n[ . . . . ]a[ . . . ]a[ . ]ce[ . . . . . ] [---] tence [:] zi[l]cti [---] [---]rac [:] ravlaθ : acn[anas---] [---],[---]n[ . . . . ]a[ . . . ]a[ . ]ce[ . . . . . ] [---] tence [ ] zi[l]cti [---] [---]rac [ ] ravlaθ acn[anas---] [---],[---]𐌍[ . . . . ]𐌀[ . . . ]𐌀[ . ]𐌂𐌄[ . . . . . ] [---] 𐌕𐌄𐌍𐌂𐌄 [ ] 𐌆𐌉[𐌋]𐌂𐌕𐌉 [---] [---]𐌓𐌀𐌂 [ ] 𐌓𐌀𐌅𐌋𐌀𐌈 𐌀𐌂𐌍[𐌀𐌍𐌀𐌔---] [---],. . . . . . . . . . . . . tence ravlaθ,,350.0,300.0,0.500,clean,59d1a41509a6,1
ETP 76,[ . . . . . . . . : ] a[r]n[θ : ] mulaθ [ : ] arnθal : cla[n] [ . . . . . . ]c : a[ti]a[l : ] zilc[ti :] θelmizas [ : ] s[p]ural : fasci [ . . . . . . . . : ] mulauc [ : ] ten[ce : ] avil : θu [ : c]ealc [---],[ . . . . . . . . ] a[r]n[θ ] mulaθ [ ] arnθal cla[n] [ . . . . . . ]c a[ti]a[l ] zilc[ti ] θelmizas [ ] s[p]ural fasci [ . . . . . . . . ] mulauc [ ] ten[ce ] avil θu [ c]ealc [---],[ . . . . . . . . ] 𐌀[𐌓]𐌍[𐌈 ] 𐌌𐌖𐌋𐌀𐌈 [ ] 𐌀𐌓𐌍𐌈𐌀𐌋 𐌂𐌋𐌀[𐌍] [ . . . . . . ]𐌂 𐌀[𐌕𐌉]𐌀[𐌋 ] 𐌆𐌉𐌋𐌂[𐌕𐌉 ] 𐌈𐌄𐌋𐌌𐌉𐌆𐌀𐌔 [ ] 𐌔[𐌐]𐌖𐌓𐌀𐌋 𐌚𐌀𐌔𐌂𐌉 [ . . . . . . . . ] 𐌌𐌖𐌋𐌀𐌖𐌂 [ ] 𐌕𐌄𐌍[𐌂𐌄 ] 𐌀𐌅𐌉𐌋 𐌈𐌖 [ 𐌂]𐌄𐌀𐌋𐌂 [---],. . . . . . . . mulaθ arnθal . . . . . . θelmizas fasci . . . . . . . . mulauc avil θu,,350.0,300.0,0.537,clean,868b43a483eb,1
ETP 80,pleniiunas,pleniiunas,𐌐𐌋𐌄𐌍𐌉𐌉𐌖𐌍𐌀𐌔,pleniiunas,,,,1.000,clean,c4c66616b692,1
ETP 82,zipunun prucnalu θalna,zipunun prucnalu θalna,𐌆𐌉𐌐𐌖𐌍𐌖𐌍 𐌐𐌓𐌖𐌂𐌍𐌀𐌋𐌖 𐌈𐌀𐌋𐌍𐌀,zipunun prucnalu θalna,,350.0,300.0,1.000,clean,c42a762458dc,1
ETP 83,mi arnθial tetnies σuθiθi velclθi,mi arnθial tetnies σuθiθi velclθi,𐌌𐌉 𐌀𐌓𐌍𐌈𐌉𐌀𐌋 𐌕𐌄𐌕𐌍𐌉𐌄𐌔 𐌑𐌖𐌈𐌉𐌈𐌉 𐌅𐌄𐌋𐌂𐌋𐌈𐌉,mi arnθial tetnies σuθiθi velclθi,I (am the wine pitcher) of Arnth Tetnies in the tomb in Velca.,450.0,400.0,1.000,clean,c929576b8598,1
ETP 84,vel : flere [ :---] [---] veluske : [---],vel flere [ ---] [---] veluske [---],𐌅𐌄𐌋 𐌚𐌋𐌄𐌓𐌄 [ ---] [---] 𐌅𐌄𐌋𐌖𐌔𐌊𐌄 [---],vel flere veluske,,350.0,300.0,0.429,clean,9a6399eaed31,1
ETP 85,truχiles,truχiles,𐌕𐌓𐌖𐌙𐌉𐌋𐌄𐌔,truχiles,,350.0,300.0,1.000,clean,4d690f27ae0f,2
ETP 86,mi venelus σ{:}hekuntenas,mi venelus σ{ }hekuntenas,𐌌𐌉 𐌅𐌄𐌍𐌄𐌋𐌖𐌔 𐌑{ }𐌇𐌄𐌊𐌖𐌍𐌕𐌄𐌍𐌀𐌔,mi venelus,,500.0,500.0,0.500,clean,04c2cda348fb,1
ETP 87,m[i a]runθia hevxle,m[i a]runθia hevxle,𐌌[𐌉 𐌀]𐌓𐌖𐌍𐌈𐌉𐌀 𐌇𐌄𐌅𐌗𐌋𐌄,hevxle,,500.0,500.0,0.333,clean,6c0350fd4276,1
Fs 8.3,tular • σpur al • hil • pura pum • vipśl vχ • papr,tular • σpur al • hil • pura pum • vipśl vχ • papr,𐌕𐌖𐌋𐌀𐌓 • 𐌑𐌐𐌖𐌓 𐌀𐌋 • 𐌇𐌉𐌋 • 𐌐𐌖𐌓𐌀 𐌐𐌖𐌌 • 𐌅𐌉𐌐𐌑𐌋 𐌅𐌙 • 𐌐𐌀𐌐𐌓,tular σpur al hil pura pum vipśl vχ papr,Boundary stone (?) of the community. Hil (and) purapum of Vipsha. Velkhe Paprsina.,,,1.000,clean,c1e0c98a6b39,1
LL 4,raxθ • tura • heχσθ | vinum,raxθ • tura • heχσθ vinum,𐌓𐌀𐌗𐌈 • 𐌕𐌖𐌓𐌀 • 𐌇𐌄𐌙𐌑𐌈 𐌅𐌉𐌍𐌖𐌌,raxθ tura heχσθ vinum,He (the officiant) shall put (it) on the rakh (after) pouring (?) the wine.,,,1.000,clean,bbbe591addfa,1
LL 6,luθti • raχ • ture • acil,luθti • raχ • ture • acil,𐌋𐌖𐌈𐌕𐌉 • 𐌓𐌀𐌙 • 𐌕𐌖𐌓𐌄 • 𐌀𐌂𐌉𐌋,luθti raχ ture acil,"On the 2θth (day) for (the divinity) Lusha the victim, the one from the left (?), must be immolated.",,,1.000,clean,9115ff3e5b6a,1
LL 8,mulaχ • huślna • vinum | laiveism • acilθ • ame,mulaχ • huślna • vinum laiveism • acilθ • ame,𐌌𐌖𐌋𐌀𐌙 • 𐌇𐌖𐌑𐌋𐌍𐌀 • 𐌅𐌉𐌍𐌖𐌌 𐌋𐌀𐌉𐌅𐌄𐌉𐌔𐌌 • 𐌀𐌂𐌉𐌋𐌈 • 𐌀𐌌𐌄,mulaχ huślna vinum laiveism acilθ ame,"say : θ spirit of Neptune, for you (?), θ good (god), the living victim, an unblemished one (?), is placed (?) on the θarte of the θac-",,,1.000,clean,bb4c41a124a1,1
LL 9,σacnicleri • cilθl • σpureri | meθlumeric • enaσ • raχθ • tur • heχσθ | vinum,σacnicleri • cilθl • σpureri meθlumeric • enaσ • raχθ • tur • heχσθ vinum,𐌑𐌀𐌂𐌍𐌉𐌂𐌋𐌄𐌓𐌉 • 𐌂𐌉𐌋𐌈𐌋 • 𐌑𐌐𐌖𐌓𐌄𐌓𐌉 𐌌𐌄𐌈𐌋𐌖𐌌𐌄𐌓𐌉𐌂 • 𐌄𐌍𐌀𐌑 • 𐌓𐌀𐌙𐌈 • 𐌕𐌖𐌓 • 𐌇𐌄𐌙𐌑𐌈 𐌅𐌉𐌍𐌖𐌌,σacnicleri cilθl σpureri meθlumeric enaσ raχθ tur heχσθ vinum,"On behalf of the sanctuary (?) of the citadel (?), on behalf of the community, and on behalf o f the city of Ena (?) place (it) on the rakh (and) pour (?) the wine.",,,1.000,clean,1e8330fa0b8e,1
OA 3.9,cae siprisnies {i} tur ce hercles clen ce χa munis en cae lur χve : truta : ala : alp nina luθs inpa lxχn/a,cae siprisnies {i} tur ce hercles clen ce χa munis en cae lur χve truta ala alp nina luθs inpa lxχn/a,𐌂𐌀𐌄 𐌔𐌉𐌐𐌓𐌉𐌔𐌍𐌉𐌄𐌔 {𐌉} 𐌕𐌖𐌓 𐌂𐌄 𐌇𐌄𐌓𐌂𐌋𐌄𐌔 𐌂𐌋𐌄𐌍 𐌂𐌄 𐌙𐌀 𐌌𐌖𐌍𐌉𐌔 𐌄𐌍 𐌂𐌀𐌄 𐌋𐌖𐌓 𐌙𐌅𐌄 𐌕𐌓𐌖𐌕𐌀 𐌀𐌋𐌀 𐌀𐌋𐌐 𐌍𐌉𐌍𐌀 𐌋𐌖𐌈𐌔 𐌉𐌍𐌐𐌀 𐌋𐌗𐌙𐌍/𐌀,cae siprisnies tur ce hercles clen ce χa munis en cae lur χve truta ala alp nina luθs inpa lxχn/a,"Cae Siprisnies dedicated (this statue) to Herakles on behalf of his son as a munis (?). Cae shall not in/with/by means of the lurkhva(pi.) disturb (?) (it), donate (it), (or) alpnina (it) to the sacred area (?) inpa likhna.",350.0,300.0,0.952,clean,3e52dc5d0f4d,1
Pa 4.1,ki • aiser • tinia • ti[---] • sil<v>anz,ki • aiser • tinia • ti[---] • sil<v>anz,𐌊𐌉 • 𐌀𐌉𐌔𐌄𐌓 • 𐌕𐌉𐌍𐌉𐌀 • 𐌕𐌉[---] • 𐌔𐌉𐌋<𐌅>𐌀𐌍𐌆,ki aiser tinia,"three gods : Tinia, Ti[?], Silvans",500.0,500.0,0.600,clean,6491f85f8f72,1
Po 4.4,śθ • velσu • lθ • c • lθ . ve[lσu] [•] inpa • θapicun θapintaσ • aθ • velσu / lθ c / lθ • velσu lθ • c • lś • velσu / lθ c / 1θ • σuplu aθ • σuplu • lś • haśmuni au śθ • clueśte • aθ • clueśte • vl • plunσ θancvil • velσui • ceσ • zeriσ • imσ • śe mutin • aprenśaiś • inpa • θapicun • θapintaiσ . ceuσn . inpa • θapicun • iluu • θapicun • ceσ • zeriσ titi • śetria • lautnita,śθ • velσu • lθ • c • lθ . ve[lσu] [•] inpa • θapicun θapintaσ • aθ • velσu / lθ c / lθ • velσu lθ • c • lś • velσu / lθ c / 1θ • σuplu aθ • σuplu • lś • haśmuni au śθ • clueśte • aθ • clueśte • vl • plunσ θancvil • velσui • ceσ • zeriσ • imσ • śe mutin • aprenśaiś • inpa • θapicun • θapintaiσ . ceuσn . inpa • θapicun • iluu • θapicun • ceσ • zeriσ titi • śetria • lautnita,,,"Shethre Velsu, son of Larth; Larth Velsu; inpa θapicun θapintaσ; Arnth Velsu, son of Larth; Larth Velsu, son of Larth; Larish Velsu, son of Larth; Larth Suplu; Arnth Suplu; Larish Hashmuni, (son) of Aule; Shetre Clueshte; Arnth Clueshte; Vel Pluns; Thancvil Velsui; from this zeri... from this zeri. Shetria Titi, freedwoman.'",200.0,100.0,0.000,ocr_failed,4848b304f663,1
Ta 1.108,palazui • θana avils • L • enza • huσ'ur acnanas • manim arce,palazui • θana avils • l • enza • huσ'ur acnanas • manim arce,𐌐𐌀𐌋𐌀𐌆𐌖𐌉 • 𐌈𐌀𐌍𐌀 𐌀𐌅𐌉𐌋𐌔 • 𐌋 • 𐌄𐌍𐌆𐌀 • 𐌇𐌖𐌑'𐌖𐌓 𐌀𐌂𐌍𐌀𐌍𐌀𐌔 • 𐌌𐌀𐌍𐌉𐌌 𐌀𐌓𐌂𐌄,palazui θana avils l enza huσ'ur acnanas manim arce,Thana Palazui (died) at fifty years of age (after) having produced enza children. She made (this) funerary monument (?).,200.0,100.0,1.000,clean,dad47367f8ee,1
Ta 1.15,partunus • vel • velθurus • | σ'atlnalc • ramθas • clan • avils | XXIIX lupu,partunus • vel • velθurus • σ'atlnalc • ramθas • clan • avils xxiix lupu,𐌐𐌀𐌓𐌕𐌖𐌍𐌖𐌔 • 𐌅𐌄𐌋 • 𐌅𐌄𐌋𐌈𐌖𐌓𐌖𐌔 • 𐌑'𐌀𐌕𐌋𐌍𐌀𐌋𐌂 • 𐌓𐌀𐌌𐌈𐌀𐌔 • 𐌂𐌋𐌀𐌍 • 𐌀𐌅𐌉𐌋𐌔 𐌗𐌗𐌉𐌉𐌗 𐌋𐌖𐌐𐌖,partunus vel velθurus σ'atlnalc ramθas clan avils xxiix lupu,"Vel Partunus, son of Velthur, and Ramtha Shatlnai, dead at twenty-eight years (of age)",,,1.000,clean,31ad6e2730ad,1
Ta 1.168,semni • r[a]mθa • spitus • la[rθal] puia • amce • lupu • avils • xXII huσ'ur • ci • acnanas,semni • r[a]mθa • spitus • la[rθal] puia • amce • lupu • avils • xxii huσ'ur • ci • acnanas,𐌔𐌄𐌌𐌍𐌉 • 𐌓[𐌀]𐌌𐌈𐌀 • 𐌔𐌐𐌉𐌕𐌖𐌔 • 𐌋𐌀[𐌓𐌈𐌀𐌋] 𐌐𐌖𐌉𐌀 • 𐌀𐌌𐌂𐌄 • 𐌋𐌖𐌐𐌖 • 𐌀𐌅𐌉𐌋𐌔 • 𐌗𐌗𐌉𐌉 𐌇𐌖𐌑'𐌖𐌓 • 𐌂𐌉 • 𐌀𐌂𐌍𐌀𐌍𐌀𐌔,semni spitus puia amce lupu avils xxii huσ'ur ci acnanas,"Ramtha Semni was wife of Larth Spitus, dead at ? years (after) having given birth to three children.",300.0,100.0,0.833,clean,35a5dc757948,1
Ta 1.18,pulenas • velθur • larisal • acnatrualc • avils LXXV,pulenas • velθur • larisal • acnatrualc • avils lxxv,𐌐𐌖𐌋𐌄𐌍𐌀𐌔 • 𐌅𐌄𐌋𐌈𐌖𐌓 • 𐌋𐌀𐌓𐌉𐌔𐌀𐌋 • 𐌀𐌂𐌍𐌀𐌕𐌓𐌖𐌀𐌋𐌂 • 𐌀𐌅𐌉𐌋𐌔 𐌋𐌗𐌗𐌅,pulenas velθur larisal acnatrualc avils lxxv,"Velthur Pulenas, (son) of Laris and Acnatrui, (dead) at seventy-five years (of age)",,,1.000,clean,31376e353b2b,1
Ta 1.183,larθ : arnθal : plecus : clan : ramθasc : apatrual : eslz :  | zilaχnθas : avils : θunem : muvalχls : lupu :,larθ arnθal plecus clan ramθasc apatrual eslz zilaχnθas avils θunem muvalχls lupu,𐌋𐌀𐌓𐌈 𐌀𐌓𐌍𐌈𐌀𐌋 𐌐𐌋𐌄𐌂𐌖𐌔 𐌂𐌋𐌀𐌍 𐌓𐌀𐌌𐌈𐌀𐌔𐌂 𐌀𐌐𐌀𐌕𐌓𐌖𐌀𐌋 𐌄𐌔𐌋𐌆 𐌆𐌉𐌋𐌀𐌙𐌍𐌈𐌀𐌔 𐌀𐌅𐌉𐌋𐌔 𐌈𐌖𐌍𐌄𐌌 𐌌𐌖𐌅𐌀𐌋𐌙𐌋𐌔 𐌋𐌖𐌐𐌖,larθ arnθal plecus clan ramθasc apatrual eslz zilaχnθas avils θunem muvalχls lupu,"Larth, son of Arnth Plecus and Ramtha Apatrui, having held the governorship twice died at fifty-one years.",,,1.000,clean,aec6c2c139bb,1
Ta 1.191,velθur larθal • clan | pumpual clan • larθial | avils • cealχls • lupu,velθur larθal • clan pumpual clan • larθial avils • cealχls • lupu,𐌅𐌄𐌋𐌈𐌖𐌓 𐌋𐌀𐌓𐌈𐌀𐌋 • 𐌂𐌋𐌀𐌍 𐌐𐌖𐌌𐌐𐌖𐌀𐌋 𐌂𐌋𐌀𐌍 • 𐌋𐌀𐌓𐌈𐌉𐌀𐌋 𐌀𐌅𐌉𐌋𐌔 • 𐌂𐌄𐌀𐌋𐌙𐌋𐌔 • 𐌋𐌖𐌐𐌖,velθur larθal clan pumpual clan larθial avils cealχls lupu,"Velthur, son of Larth and son of Larthi Pumpui, (was) dead at thirty years of age.",,,1.000,clean,df21952df6e6,1
Ta 1.82,arnθ • apunas • velus • {maa-} | maχ cezpalχ • avil | svalce,arnθ • apunas • velus • {maa-} maχ cezpalχ • avil svalce,𐌀𐌓𐌍𐌈 • 𐌀𐌐𐌖𐌍𐌀𐌔 • 𐌅𐌄𐌋𐌖𐌔 • {𐌌𐌀𐌀-} 𐌌𐌀𐌙 𐌂𐌄𐌆𐌐𐌀𐌋𐌙 • 𐌀𐌅𐌉𐌋 𐌔𐌅𐌀𐌋𐌂𐌄,arnθ apunas velus maχ cezpalχ avil svalce,"Arnth Apunas, (son) of Vel, lived for thirty-five years.",,,0.875,clean,1b8d6237c815,1
Ta 1.9,velθur : partunus : larisaliσ'a : clan : ramθas : cuclnial : zilχ : ceχaneri : tenθas : avil svalθas : LXXXII,velθur partunus larisaliσ'a clan ramθas cuclnial zilχ ceχaneri tenθas avil svalθas lxxxii,𐌅𐌄𐌋𐌈𐌖𐌓 𐌐𐌀𐌓𐌕𐌖𐌍𐌖𐌔 𐌋𐌀𐌓𐌉𐌔𐌀𐌋𐌉𐌑'𐌀 𐌂𐌋𐌀𐌍 𐌓𐌀𐌌𐌈𐌀𐌔 𐌂𐌖𐌂𐌋𐌍𐌉𐌀𐌋 𐌆𐌉𐌋𐌙 𐌂𐌄𐌙𐌀𐌍𐌄𐌓𐌉 𐌕𐌄𐌍𐌈𐌀𐌔 𐌀𐌅𐌉𐌋 𐌔𐌅𐌀𐌋𐌈𐌀𐌔 𐌋𐌗𐌗𐌗𐌉𐌉,velθur partunus larisaliσ'a clan ramθas cuclnial zilχ ceχaneri tenθas avil svalθas lxxxii,"Velthur Partunus, the son of Laris and of Ramtha Cuclni, having held the presidency on behalf of the Cekhana, having lived for eighty-two years, (died).",350.0,325.0,1.000,clean,9c17e54074d3,1
Ta 3.6,cn • turce • murila • hercnas :  | θuflθas • cver :,cn • turce • murila • hercnas θuflθas • cver,𐌂𐌍 • 𐌕𐌖𐌓𐌂𐌄 • 𐌌𐌖𐌓𐌉𐌋𐌀 • 𐌇𐌄𐌓𐌂𐌍𐌀𐌔 𐌈𐌖𐌚𐌋𐌈𐌀𐌔 • 𐌂𐌅𐌄𐌓,cn turce murila hercnas θuflθas cver,"Murila, (slave) of Hercnas, dedicated this (statue) to Thufltha as a votive offering (?).",,,1.000,clean,dca7d9a2b7cf,1
Ta 5.5,zilci : vel[u]s[i] : hul | χniesi larθ : vel | χas : vel[θur]us : aprθn[al] | c : cl[a]n : sacniσ'a : θui | [ecl]θ : σ'uθiθ : acazrce,zilci vel[u]s[i] hul χniesi larθ vel χas vel[θur]us aprθn[al] c cl[a]n sacniσ'a θui [ecl]θ σ'uθiθ acazrce,𐌆𐌉𐌋𐌂𐌉 𐌅𐌄𐌋[𐌖]𐌔[𐌉] 𐌇𐌖𐌋 𐌙𐌍𐌉𐌄𐌔𐌉 𐌋𐌀𐌓𐌈 𐌅𐌄𐌋 𐌙𐌀𐌔 𐌅𐌄𐌋[𐌈𐌖𐌓]𐌖𐌔 𐌀𐌐𐌓𐌈𐌍[𐌀𐌋] 𐌂 𐌂𐌋[𐌀]𐌍 𐌔𐌀𐌂𐌍𐌉𐌑'𐌀 𐌈𐌖𐌉 [𐌄𐌂𐌋]𐌈 𐌑'𐌖𐌈𐌉𐌈 𐌀𐌂𐌀𐌆𐌓𐌂𐌄,zilci hul χniesi larθ vel χas c sacniσ'a θui σ'uθiθ acazrce,"In the governorship of Vel Hulkhnies, Larth Velkhas, the son of Velthur and of Aprthnei, the sacni, acazrce here in this tomb.",,,0.688,clean,c5497f8e9cf4,1
Vc 1.87,eca : σ'uθic : velus : ezpus | clensi : cerine,eca σ'uθic velus ezpus clensi cerine,𐌄𐌂𐌀 𐌑'𐌖𐌈𐌉𐌂 𐌅𐌄𐌋𐌖𐌔 𐌄𐌆𐌐𐌖𐌔 𐌂𐌋𐌄𐌍𐌔𐌉 𐌂𐌄𐌓𐌉𐌍𐌄,eca σ'uθic velus ezpus clensi cerine,This funerary (monument) (belongs) (to) Vel Etspu. It is constructed by his son.,,,1.000,clean,5c33c643a915,1
Ve 3.30,mi mla[χ] mlakaš,mi mla[χ] mlakaš,𐌌𐌉 𐌌𐌋𐌀[𐌙] 𐌌𐌋𐌀𐌊𐌀𐌔,mi mlakaš,Thanirsiie Fuluves dedicated me.,600.0,500.0,0.667,clean,0266c1e391c7,1
Vs 1.45,aveles vhulχenas rutelna,aveles vhulχenas rutelna,𐌀𐌅𐌄𐌋𐌄𐌔 𐌅𐌇𐌖𐌋𐌙𐌄𐌍𐌀𐌔 𐌓𐌖𐌕𐌄𐌋𐌍𐌀,aveles vhulχenas rutelna,"(The tomb) of Avele Fulkhenas, (son) of Rutelnai",,,1.000,clean,bf08f665ff07,1
Vs 1.55,mi aranθia flavienas,mi aranθia flavienas,𐌌𐌉 𐌀𐌓𐌀𐌍𐌈𐌉𐌀 𐌚𐌋𐌀𐌅𐌉𐌄𐌍𐌀𐌔,mi aranθia flavienas,I (am the tomb) of Aranth Flavienas,,,1.000,clean,22532d3f5366,1
Vs 1.85,mi velelias hirminaia,mi velelias hirminaia,𐌌𐌉 𐌅𐌄𐌋𐌄𐌋𐌉𐌀𐌔 𐌇𐌉𐌓𐌌𐌉𐌍𐌀𐌉𐌀,mi velelias hirminaia,I (am the tomb) of Velelia Hirminai.,,,1.000,clean,9e40214bde6b,1
Ta 7.3,θanaχvil,θanaχvil,𐌈𐌀𐌍𐌀𐌙𐌅𐌉𐌋,θanaχvil,Thanakhvil,525.0,525.0,1.000,clean,b5f9e4808c24,1
14765,--rnthpr------uslna,--rnθpr------uslna,--𐌓𐌍𐌈𐌐𐌓------𐌖𐌔𐌋𐌍𐌀,,,,,0.000,clean,3e130fa898ca,1
Cr 2.20,mi karkanas θahvna,mi karkanas θahvna,𐌌𐌉 𐌊𐌀𐌓𐌊𐌀𐌍𐌀𐌔 𐌈𐌀𐌇𐌅𐌍𐌀,mi karkanas θahvna,I (am) the container of Karkana,675.0,650.0,1.000,clean,373f6311c27c,1
Cr 2.2,mi spanti larices,mi spanti larices,𐌌𐌉 𐌔𐌐𐌀𐌍𐌕𐌉 𐌋𐌀𐌓𐌉𐌂𐌄𐌔,mi spanti larices,I (am) the plate of Larice,,,1.000,clean,1b562ade3cfb,1
Cr 2.18,mi qutum karkanas,mi qutum karkanas,𐌌𐌉 𐌒𐌖𐌕𐌖𐌌 𐌊𐌀𐌓𐌊𐌀𐌍𐌀𐌔,mi qutum karkanas,I (am) the wine pitcher of Karkana.,,,1.000,clean,c6898c7f4401,1
CIE 2220,I:ΘI:I:I:A:I:ΘI:I:A -vipinei,I:ΘI:I:I:A:I:ΘI:I:A -vipinei,𐌉:𐌈𐌉:𐌉:𐌉:𐌀:𐌉:𐌈𐌉:𐌉:𐌀 -𐌅𐌉𐌐𐌉𐌍𐌄𐌉,I ΘI I I A I ΘI I A,,,,0.900,clean,1600980e0db4,1
Pe 3.3,auleσ'i : meteliσ : ve : veśial : clenσi | cen : flereσ : tece : śanσl : tenine | tuθineσ : χiśulicσ,auleσ'i meteliσ ve veśial clenσi cen flereσ tece śanσl tenine tuθineσ χiśulicσ,𐌀𐌖𐌋𐌄𐌑'𐌉 𐌌𐌄𐌕𐌄𐌋𐌉𐌑 𐌅𐌄 𐌅𐌄𐌑𐌉𐌀𐌋 𐌂𐌋𐌄𐌍𐌑𐌉 𐌂𐌄𐌍 𐌚𐌋𐌄𐌓𐌄𐌑 𐌕𐌄𐌂𐌄 𐌑𐌀𐌍𐌑𐌋 𐌕𐌄𐌍𐌉𐌍𐌄 𐌕𐌖𐌈𐌉𐌍𐌄𐌑 𐌙𐌉𐌑𐌖𐌋𐌉𐌂𐌑,auleσ'i meteliσ ve veśial clenσi cen flereσ tece śanσl tenine tuθineσ χiśulicσ,"This (statue) is erected (?) for the divinity Tece Sans by the city ward (?) Khishuli (?) in honor of Aule (Meteli), son of Vel Meteli and Veshi",,,1.000,clean,676486662670,1
Vs 4.8,selvans | sanχuneta | cvera,selvans sanχuneta cvera,𐌔𐌄𐌋𐌅𐌀𐌍𐌔 𐌔𐌀𐌍𐌙𐌖𐌍𐌄𐌕𐌀 𐌂𐌅𐌄𐌓𐌀,selvans sanχuneta cvera,"Selvans, the one of Sankhu, a votive offering (?)",,,1.000,clean,8577e687a9a6,1
CIE 2614,𐌊.𐌐𐌖𐌋𐌅𐌄𐌍𐌍𐌉𐌅𐌔.𐌊.𐌅𐌐𐌉𐌔𐌄𐌍𐌕𐌉𐌀𐌍𐌀𐌕𐌖𐌔,C.Pulfennius:C.f|Pisentia|natus,,C.Pulfennius C.f Pisentia natus,,,,1.000,clean,74b8ed5f21a0,1
Cl 1.373,śeianti • hanunia • tleσnaśa,śeianti • hanunia • tleσnaśa,𐌑𐌄𐌉𐌀𐌍𐌕𐌉 • 𐌇𐌀𐌍𐌖𐌍𐌉𐌀 • 𐌕𐌋𐌄𐌑𐌍𐌀𐌑𐌀,śeianti hanunia tleσnaśa,"Sheianti Hanunia, the (wife) of Tlesna",,,1.000,clean,eac433cd2bc1,1
