artifact_id,museum_no,designation,publications_key,publications_type,publications_exact_ref,publications_comment,provenience,period,dates,collections,genres,materials,artifact_type,height,thickness,width,weight,elevation,excavation_no,findspot_square,findspot_comments,stratigraphic_level,surface_preservation,condition_description,artifact_preservation,languages,written_in,archive,composite_no,composites,seal_no,seals,accession_no,cdli_comments,artifact_comments,provenience_comments,is_provenience_uncertain,period_comments,is_period_uncertain,artifact_type_comments,is_artifact_type_uncertain,seal_information,is_school_text,alternative_years,external_resources,external_resources_key,genres_comment,genres_uncertain,languages_uncertain,materials_aspect,materials_color,materials_uncertain,retired,has_fragments,is_artifact_fake,redirect_artifact_id,retired_comments
8001,"Sb 15075","MDP 06, 201",Scheil1905MDP6,primary,201,,"Susa (mod. Shush)","Proto-Elamite (ca. 3100-2900 BC)",,"Louvre Museum, Paris, France",Administrative,clay,tablet,75.0,27.0,61.0,,,,,,,Good,,complete,undetermined,,,,,,,,,,,0,,0,,0,,0,,ARMEP,X008001," ",0,0,,,0,0,0,0,,
8002,"Sb 15076","MDP 06, 202",Scheil1905MDP6,primary,202,,"Susa (mod. Shush)","Proto-Elamite (ca. 3100-2900 BC)",,"Louvre Museum, Paris, France",Administrative,clay,tablet,67.0,14.0,44.0,,,,,,,Good,,75%,undetermined,,,,,,,,,,,0,,0,,0,,0,,,," ",0,0,,,0,0,0,0,,
8003,"Sb 15077","MDP 06, 203",Scheil1905MDP6,primary,203,,"Susa (mod. Shush)","Proto-Elamite (ca. 3100-2900 BC)",,"Louvre Museum, Paris, France",Administrative,clay,tablet,68.0,16.0,51.0,,,,,,,Excellent,,complete,undetermined,,,,,,,,,,,0,,0,,0,,0,,,," ",0,0,,,0,0,0,0,,
8004,"Sb 15078","MDP 06, 204",Scheil1905MDP6,primary,204,,"Susa (mod. Shush)","Proto-Elamite (ca. 3100-2900 BC)",,"Louvre Museum, Paris, France",Administrative,clay,tablet,,,,,,,,,,,,,undetermined,,,,,,,,,,,0,,0,,0,,0,,,," ",0,0,,,0,0,0,0,,
8005,"Sb 15079","MDP 06, 205",Scheil1905MDP6,primary,205,,"Susa (mod. Shush)","Proto-Elamite (ca. 3100-2900 BC)",,"Louvre Museum, Paris, France",Administrative,clay,tablet,53.0,16.0,34.0,,,,,,,Excellent,,complete,undetermined,,,,,,,,,,,0,,0,,0,,0,,,," ",0,0,,,0,0,0,0,,
8006,"Sb 06395","MDP 06, 206",Scheil1905MDP6,primary,206,,"Susa (mod. Shush)","Proto-Elamite (ca. 3100-2900 BC)",,"Louvre Museum, Paris, France",Administrative,clay,tablet,,,,,,,,,,,,,undetermined,,,,,,,,,,,0,,0,,0,,0,,,," ",0,0,,,0,0,0,0,,
8007,"Sb 06405","MDP 06, 207",Scheil1905MDP6,primary,207,,"Susa (mod. Shush)","Proto-Elamite (ca. 3100-2900 BC)",,"Louvre Museum, Paris, France",Administrative,clay,tablet,63.0,18.0,45.0,,,,,,,Good,,50%,undetermined,,,,,,,,,,,0,,0,,0,,0,,,," ",0,0,,,0,0,0,0,,
8008,"Sb 15080","MDP 06, 208",Scheil1905MDP6,primary,208,,"Susa (mod. Shush)","Proto-Elamite (ca. 3100-2900 BC)",,"Louvre Museum, Paris, France",Administrative,clay,tablet,67.0,23.0,45.0,,,,,,,Fair,,fragment,undetermined,,,,,,,,,,,0,,0,,0,,0,,,," ",0,0,,,0,0,0,0,,
8009,"Sb 15458","MDP 06, 209",Scheil1905MDP6,primary,209,,"Susa (mod. Shush)","Proto-Elamite (ca. 3100-2900 BC)",,"Louvre Museum, Paris, France",Administrative,clay,tablet,45.0,16.0,36.0,,,,,,,Excellent,,complete,undetermined,,,,,,,,,,,0,,0,,0,,0,,,," ",0,0,,,0,0,0,0,,
8010,"Sb 15081","MDP 06, 210",Scheil1905MDP6,primary,210,,"Susa (mod. Shush)","Proto-Elamite (ca. 3100-2900 BC)",,"Louvre Museum, Paris, France",Administrative,clay,tablet,59.0,16.0,50.0,,,,,,,Good,,complete,undetermined,,,,,,,,,,,0,,0,,0,,0,,,," ",0,0,,,0,0,0,0,,
8011,"Sb 15082","MDP 06, 211",Scheil1905MDP6,primary,211,,"Susa (mod. Shush)","Proto-Elamite (ca. 3100-2900 BC)",,"Louvre Museum, Paris, France",Administrative,clay,tablet,58.0,15.0,44.0,,,,,,,Fair,,complete,undetermined,,,,,,,,,,,0,,0,,0,,0,,,," ",0,0,,,0,0,0,0,,
8012,"Sb 15083","MDP 06, 212",Scheil1905MDP6,primary,212,,"Susa (mod. Shush)","Proto-Elamite (ca. 3100-2900 BC)",,"Louvre Museum, Paris, France",Administrative,clay,tablet,65.0,19.0,54.0,,,,,,,Excellent,,complete,undetermined,,,,,,S999999,,,,,0,,0,,0,,0,,,," ",0,0,,,0,0,0,0,,
8013,"Sb 15166","MDP 06, 213",Scheil1905MDP6,primary,213,,"Susa (mod. Shush)","Proto-Elamite (ca. 3100-2900 BC)",,"Louvre Museum, Paris, France",Administrative,clay,tablet,,,,,,,,,,,,,undetermined,,,,,,S999999,,,,,0,,0,,0,"sealed; lions",0,,,," ",0,0,,,0,0,0,0,,
8014,"Sb 02749","MDP 06, 214",Scheil1905MDP6,primary,214,,"Susa (mod. Shush)","Proto-Elamite (ca. 3100-2900 BC)",,"Louvre Museum, Paris, France",Administrative,clay,tablet,,,,,,,,,,,,,undetermined,,,,,,,,,,,0,,0,,0,,0,,,," ",0,0,,,0,0,0,0,,
8015,"Sb 15084","MDP 06, 215",Scheil1905MDP6,primary,215,,"Susa (mod. Shush)","Proto-Elamite (ca. 3100-2900 BC)",,"Louvre Museum, Paris, France",Administrative,clay,tablet,89.0,15.0,75.0,,,,,,,Good,,complete,undetermined,,,,,,,,,,,0,,0,,0,,0,,,," ",0,0,,,0,0,0,0,,
8016,"Sb 02751","MDP 06, 217",Scheil1905MDP6,primary,217,,"Susa (mod. Shush)","Proto-Elamite (ca. 3100-2900 BC)",,"Louvre Museum, Paris, France",Administrative,clay,tablet,75.0,19.0,62.0,,,,,,,Excellent,,complete,undetermined,,,,,,,,,,,0,,0,,0,,0,,,," ",0,0,,,0,0,0,0,,
8017,"Sb 15085","MDP 06, 218",Scheil1905MDP6,primary,218,,"Susa (mod. Shush)","Proto-Elamite (ca. 3100-2900 BC)",,"Louvre Museum, Paris, France",Administrative,clay,tablet,58.0,16.0,41.0,,,,,,,Good,,75%,undetermined,,,,,,S999999,,,,,0,,0,,0,"sealed; fish",0,,,," ",0,0,,,0,0,0,0,,
8018,"Sb 15086","MDP 06, 219",Scheil1905MDP6,primary,219,,"Susa (mod. Shush)","Proto-Elamite (ca. 3100-2900 BC)",,"Louvre Museum, Paris, France",Administrative,clay,tablet,62.0,16.0,49.0,,,,,,,Excellent,,complete,undetermined,,,,,,,,,,,0,,0,,0,,0,,,," ",0,0,,,0,0,0,0,,
8019,"Sb 15087","MDP 06, 220",Scheil1905MDP6,primary,220,,"Susa (mod. Shush)","Proto-Elamite (ca. 3100-2900 BC)",,"Louvre Museum, Paris, France",Administrative,clay,tablet,69.0,14.0,47.0,,,,,,,Good,,complete,undetermined,,,,,,,,,,,0,,0,,0,,0,,,," ",0,0,,,0,0,0,0,,
8020,"Sb 06392","MDP 06, 221",Scheil1905MDP6,primary,221,,"Susa (mod. Shush)","Proto-Elamite (ca. 3100-2900 BC)",,"Louvre Museum, Paris, France",Administrative,clay,tablet,82.0,20.0,69.0,,,,,,,Good,,75%,undetermined,,,,,,S999999,,,,,0,,0,,0,"sealed; standing lions",0,,,," ",0,0,,,0,0,0,0,,
8021,"Sb 15462","MDP 06, 222",Scheil1905MDP6,primary,222,,"Susa (mod. Shush)","Proto-Elamite (ca. 3100-2900 BC)",,"Louvre Museum, Paris, France",Administrative,clay,tablet,63.0,18.0,65.0,,,,,,,Excellent,,25%,undetermined,,,,,,,,,,,0,,0,,0,,0,,,," ",0,0,,,0,0,0,0,,
8022,"Sb 04832","MDP 06, 223",Scheil1905MDP6,primary,223,,"Susa (mod. Shush)","Proto-Elamite (ca. 3100-2900 BC)",,"Louvre Museum, Paris, France",Administrative,clay,tablet,,,,,,,,,,,,,undetermined,,,,,,,,,,,0,,0,,0,"= PES 329 ? (CT)",0,,,," ",0,0,,,0,0,0,0,,
8023,"Sb 15088","MDP 06, 224",Scheil1905MDP6,primary,224,,"Susa (mod. Shush)","Proto-Elamite (ca. 3100-2900 BC)",,"Louvre Museum, Paris, France",Administrative,clay,tablet,59.0,15.0,46.0,,,,,,,Good,,75%,undetermined,,,,,,,,,,,0,,0,,0,,0,,,," ",0,0,,,0,0,0,0,,
8024,"Sb 15089","MDP 06, 225",Scheil1905MDP6,primary,225,,"Susa (mod. Shush)","Proto-Elamite (ca. 3100-2900 BC)",,"Louvre Museum, Paris, France",Administrative,clay,tablet,50.0,19.0,44.0,,,,,,,Good,,75%,undetermined,,,,,,,,,,,0,,0,,0,,0,,,," ",0,0,,,0,0,0,0,,
8025,"Sb 15090","MDP 06, 226",Scheil1905MDP6,primary,226,,"Susa (mod. Shush)","Proto-Elamite (ca. 3100-2900 BC)",,"Louvre Museum, Paris, France",Administrative,clay,tablet,47.0,14.0,33.0,,,,,,,Good,,complete,undetermined,,,,,,,,,,,0,,0,,0,,0,,,," ",0,0,,,0,0,0,0,,
8026,"Sb 15460","MDP 06, 227",Scheil1905MDP6,primary,227,,"Susa (mod. Shush)","Proto-Elamite (ca. 3100-2900 BC)",,"Louvre Museum, Paris, France",Administrative,clay,tablet,,,,,,,,,,,,,undetermined,,,,,,,,,,,0,,0,,0,,0,,,," ",0,0,,,0,0,0,0,,
8027,"Sb 15461","MDP 06, 228",Scheil1905MDP6,primary,228,,"Susa (mod. Shush)","Proto-Elamite (ca. 3100-2900 BC)",,"Louvre Museum, Paris, France",Administrative,clay,tablet,55.0,16.0,41.0,,,,,,,Good,,75%,undetermined,,,,,,,,,,,0,,0,,0,,0,,,," ",0,0,,,0,0,0,0,,
8028,"Sb 06378","MDP 06, 229",Scheil1905MDP6,primary,229,,"Susa (mod. Shush)","Proto-Elamite (ca. 3100-2900 BC)",,"Louvre Museum, Paris, France",Administrative,clay,tablet,61.0,16.0,47.0,,,,,,,Fair,,complete,undetermined,,,,,,,,,,,0,,0,,0,,0,,,," ",0,0,,,0,0,0,0,,
8029,unknown,"MDP 06, 231",Scheil1905MDP6,primary,231,,"Susa (mod. Shush)","Proto-Elamite (ca. 3100-2900 BC)",,,Administrative,clay,tablet,,,,,,,,,,,,,undetermined,,,,,,S999999,,,,,0,,0,,0,"sealed; lion in boat",0,,,," ",0,0,,,0,0,0,0,,
8030,"Sb 15091","MDP 06, 232",Scheil1905MDP6,primary,232,,"Susa (mod. Shush)","Proto-Elamite (ca. 3100-2900 BC)",,"Louvre Museum, Paris, France",Administrative,clay,tablet,58.0,13.0,41.0,,,,,,,Good,,75%,undetermined,,,,,,,,,,,0,,0,,0,,0,,,," ",0,0,,,0,0,0,0,,
8031,"Sb 15092","MDP 06, 233",Scheil1905MDP6,primary,233,,"Susa (mod. Shush)","Proto-Elamite (ca. 3100-2900 BC)",,"Louvre Museum, Paris, France",Administrative,clay,tablet,34.0,17.0,15.0,,,,,,,Good,,fragment,undetermined,,,,,,S999999,,,,,0,,0,,0,"= PES 198",0,,,," ",0,0,,,0,0,0,0,,
8032,"Sb 06398","MDP 06, 235",Scheil1905MDP6,primary,235,,"Susa (mod. Shush)","Proto-Elamite (ca. 3100-2900 BC)",,"Louvre Museum, Paris, France",Administrative,clay,tablet,75.0,27.0,50.0,,,,,,,Excellent,,complete,undetermined,,,,,,,,,,,0,,0,,0,,0,,,," ",0,0,,,0,0,0,0,,
8033,"Sb 06380","MDP 06, 236",Scheil1905MDP6,primary,236,,"Susa (mod. Shush)","Proto-Elamite (ca. 3100-2900 BC)",,"Louvre Museum, Paris, France",Administrative,clay,tablet,,,,,,,,,,,,,undetermined,,,,,,,,,,,0,,0,,0,,0,,,," ",0,0,,,0,0,0,0,,
8034,"Sb 15093","MDP 06, 237",Scheil1905MDP6,primary,237,,"Susa (mod. Shush)","Proto-Elamite (ca. 3100-2900 BC)",,"Louvre Museum, Paris, France",Administrative,clay,tablet,64.0,17.0,52.0,,,,,,,Excellent,,75%,undetermined,,,,,,S999999,,,,,0,,0,,0,,0,,,," ",0,0,,,0,0,0,0,,
8035,"Sb 15094","MDP 06, 238",Scheil1905MDP6,primary,238,,"Susa (mod. Shush)","Proto-Elamite (ca. 3100-2900 BC)",,"Louvre Museum, Paris, France",Administrative,clay,tablet,87.0,18.0,66.0,,,,,,,Good,,75%,undetermined,,,,,,,,,,,0,,0,,0,,0,,,," ",0,0,,,0,0,0,0,,
8036,"Sb 15459","MDP 06, 239",Scheil1905MDP6,primary,239,,"Susa (mod. Shush)","Proto-Elamite (ca. 3100-2900 BC)",,"Louvre Museum, Paris, France",Administrative,clay,tablet,,,,,,,,,,,,,undetermined,,,,,,,,,,,0,,0,,0,,0,,,," ",0,0,,,0,0,0,0,,
8037,"Sb 06397","MDP 06, 240",Scheil1905MDP6,primary,240,,"Susa (mod. Shush)","Proto-Elamite (ca. 3100-2900 BC)",,"Louvre Museum, Paris, France",Administrative,clay,tablet,62.0,16.0,47.0,,,,,,,Good,,75%,undetermined,,,,,,,,,,,0,,0,,0,,0,,,," ",0,0,,,0,0,0,0,,
8038,"Sb 15463","MDP 06, 241",Scheil1905MDP6,primary,241,,"Susa (mod. Shush)","Proto-Elamite (ca. 3100-2900 BC)",,"Louvre Museum, Paris, France",Administrative,clay,tablet,,,,,,,,,,,,,undetermined,,,,,,,,,,,0,,0,,0,,0,,,," ",0,0,,,0,0,0,0,,
8039,"Sb 15095","MDP 06, 242",Scheil1905MDP6,primary,242,,"Susa (mod. Shush)","Proto-Elamite (ca. 3100-2900 BC)",,"Louvre Museum, Paris, France",Administrative,clay,tablet,62.0,16.0,44.0,,,,,,,Good,,75%,undetermined,,,,,,,,,,,0,,0,,0,,0,,,," ",0,0,,,0,0,0,0,,
8040,"Sb 15096","MDP 06, 243",Scheil1905MDP6,primary,243,,"Susa (mod. Shush)","Proto-Elamite (ca. 3100-2900 BC)",,"Louvre Museum, Paris, France",Administrative,clay,tablet,57.0,19.0,49.0,,,,,,,Good,,fragment,undetermined,,,,,,,,,,,0,,0,,0,,0,,,," ",0,0,,,0,0,0,0,,
8041,"Sb 15097","MDP 06, 244",Scheil1905MDP6,primary,244,,"Susa (mod. Shush)","Proto-Elamite (ca. 3100-2900 BC)",,"Louvre Museum, Paris, France",Administrative,clay,tablet,125.0,20.0,90.0,,,,,,,Fair,,50%,undetermined,,,,,,,,,,,0,,0,,0,,0,,,," ",0,0,,,0,0,0,0,,
8042,"Sb 06389","MDP 06, 245",Scheil1905MDP6,primary,245,,"Susa (mod. Shush)","Proto-Elamite (ca. 3100-2900 BC)",,"Louvre Museum, Paris, France",Administrative,clay,tablet,73.0,17.0,75.0,,,,,,,Good,,fragment,undetermined,,,,,,,,,,,0,,0,,0,,0,,,," ",0,0,,,0,0,0,0,,
8043,"Sb 15098 + Sb 15116 + Sb 15141 + Sb 15168","MDP 06, 246 + 269+ 302 + 332",Scheil1905MDP6,primary,"246 + 269+ 302 + 332",,"Susa (mod. Shush)","Proto-Elamite (ca. 3100-2900 BC)",,"Louvre Museum, Paris, France",Administrative,clay,tablet,85.0,26.0,73.0,,,,,,,Good,,fragment,undetermined,,,,,,,,,,,0,,0,,0,,0,,,," ",0,0,,,0,0,0,0,,
8044,"Sb 15099","MDP 06, 247",Scheil1905MDP6,primary,247,,"Susa (mod. Shush)","Proto-Elamite (ca. 3100-2900 BC)",,"Louvre Museum, Paris, France",Administrative,clay,tablet,73.0,16.0,48.0,,,,,,,Good,,75%,undetermined,,,,,,,,,,,0,,0,,0,,0,,,," ",0,0,,,0,0,0,0,,
8046,"Sb 15100","MDP 06, 251",Scheil1905MDP6,primary,251,,"Susa (mod. Shush)","Proto-Elamite (ca. 3100-2900 BC)",,"Louvre Museum, Paris, France",Administrative,clay,tablet,66.0,14.0,41.0,,,,,,,Fair,,complete,undetermined,,,,,,,,,,,0,,0,,0,,0,,,," ",0,0,,,0,0,0,0,,
8047,"Sb 15101","MDP 06, 252",Scheil1905MDP6,primary,252,,"Susa (mod. Shush)","Proto-Elamite (ca. 3100-2900 BC)",,"Louvre Museum, Paris, France",Administrative,clay,tablet,65.0,15.0,42.0,,,,,,,Fair,,75%,undetermined,,,,,,,,,,,0,,0,,0,,0,,,," ",0,0,,,0,0,0,0,,
8048,"Sb 15102","MDP 06, 253",Scheil1905MDP6,primary,253,,"Susa (mod. Shush)","Proto-Elamite (ca. 3100-2900 BC)",,"Louvre Museum, Paris, France",Administrative,clay,tablet,59.0,16.0,34.0,,,,,,,Good,,complete,undetermined,,,,,,,,,,,0,,0,,0,,0,,,," ",0,0,,,0,0,0,0,,
8049,"Sb 15103","MDP 06, 254",Scheil1905MDP6,primary,254,,"Susa (mod. Shush)","Proto-Elamite (ca. 3100-2900 BC)",,"Louvre Museum, Paris, France",Administrative,clay,tablet,58.0,14.0,54.0,,,,,,,Good,,fragment,undetermined,,,,,,,,,,,0,,0,,0,,0,,,," ",0,0,,,0,0,0,0,,
8050,"Sb 15104","MDP 06, 255","Scheil1905MDP6; sec2661","primary; history","255; ","; ","Susa (mod. Shush)","Proto-Elamite (ca. 3100-2900 BC)",,"Louvre Museum, Paris, France",Administrative,clay,tablet,43.0,13.0,40.0,,,,,,,Good,,fragment,undetermined,,,,,,,,,,,0,,0,,0,,0,,,," ",0,0,,,0,0,0,0,,
8051,"Sb 15105","MDP 06, 256",Scheil1905MDP6,primary,256,,"Susa (mod. Shush)","Proto-Elamite (ca. 3100-2900 BC)",,"Louvre Museum, Paris, France",Administrative,clay,tablet,45.0,21.0,52.0,,,,,,,Good,,fragment,undetermined,,,,,,,,,,,0,,0,,0,,0,,,," ",0,0,,,0,0,0,0,,
8052,"Sb 15106","MDP 06, 257",Scheil1905MDP6,primary,257,,"Susa (mod. Shush)","Proto-Elamite (ca. 3100-2900 BC)",,"Louvre Museum, Paris, France",Administrative,clay,tablet,67.0,17.0,44.0,,,,,,,Poor,,75%,undetermined,,,,,,,,,,,0,,0,,0,,0,,,," ",0,0,,,0,0,0,0,,
8053,"Sb 15107","MDP 06, 258",Scheil1905MDP6,primary,258,,"Susa (mod. Shush)","Proto-Elamite (ca. 3100-2900 BC)",,"Louvre Museum, Paris, France",Administrative,clay,tablet,77.0,17.0,54.0,,,,,,,Fair,,75%,undetermined,,,,,,,,,,,0,,0,,0,,0,,,," ",0,0,,,0,0,0,0,,
8054,"Sb 15108","MDP 06, 260",Scheil1905MDP6,primary,260,,"Susa (mod. Shush)","Proto-Elamite (ca. 3100-2900 BC)",,"Louvre Museum, Paris, France",Administrative,clay,tablet,47.0,13.0,35.0,,,,,,,Good,,fragment,undetermined,,,,,,,,,,,0,,0,,0,,0,,,," ",0,0,,,0,0,0,0,,
8055,"Sb 15109","MDP 06, 262",Scheil1905MDP6,primary,262,,"Susa (mod. Shush)","Proto-Elamite (ca. 3100-2900 BC)",,"Louvre Museum, Paris, France",Administrative,clay,tablet,66.0,17.0,48.0,,,,,,,Good,,complete,undetermined,,,,,,,,,,,0,,0,,0,,0,,,," ",0,0,,,0,0,0,0,,
8056,"Sb 15110","MDP 06, 263",Scheil1905MDP6,primary,263,,"Susa (mod. Shush)","Proto-Elamite (ca. 3100-2900 BC)",,"Louvre Museum, Paris, France",Administrative,clay,tablet,62.0,16.0,46.0,,,,,,,Good,,complete,undetermined,,,,,,,,,,,0,,0,,0,,0,,,," ",0,0,,,0,0,0,0,,
8057,"Sb 15111","MDP 06, 264",Scheil1905MDP6,primary,264,,"Susa (mod. Shush)","Proto-Elamite (ca. 3100-2900 BC)",,"Louvre Museum, Paris, France",Administrative,clay,tablet,63.0,20.0,60.0,,,,,,,Good,,fragment,undetermined,,,,,,,,,,,0,,0,,0,,0,,,," ",0,0,,,0,0,0,0,,
8058,"Sb 15112","MDP 06, 265",Scheil1905MDP6,primary,265,,"Susa (mod. Shush)","Proto-Elamite (ca. 3100-2900 BC)",,"Louvre Museum, Paris, France",Administrative,clay,tablet,59.0,15.0,46.0,,,,,,,Good,,75%,undetermined,,,,,,,,,,,0,,0,,0,,0,,,," ",0,0,,,0,0,0,0,,
8059,"Sb 15113","MDP 06, 266",Scheil1905MDP6,primary,266,,"Susa (mod. Shush)","Proto-Elamite (ca. 3100-2900 BC)",,"Louvre Museum, Paris, France",Administrative,clay,tablet,40.0,17.0,56.0,,,,,,,Good,,fragment,undetermined,,,,,,,,,,,0,,0,,0,,0,,,," ",0,0,,,0,0,0,0,,
8060,"Sb 15114","MDP 06, 267",Scheil1905MDP6,primary,267,,"Susa (mod. Shush)","Proto-Elamite (ca. 3100-2900 BC)",,"Louvre Museum, Paris, France",Administrative,clay,tablet,60.0,21.0,64.0,,,,,,,Good,,25%,undetermined,,,,,,,,,,,0,,0,,0,,0,,,," ",0,0,,,0,0,0,0,,
8061,"Sb 15115","MDP 06, 268",Scheil1905MDP6,primary,268,,"Susa (mod. Shush)","Proto-Elamite (ca. 3100-2900 BC)",,"Louvre Museum, Paris, France",Administrative,clay,tablet,71.0,18.0,51.0,,,,,,,Good,,fragment,undetermined,,,,,,,,,,,0,,0,,0,,0,,,," ",0,0,,,0,0,0,0,,
8063,"Sb 15117","MDP 06, 270",Scheil1905MDP6,primary,270,,"Susa (mod. Shush)","Proto-Elamite (ca. 3100-2900 BC)",,"Louvre Museum, Paris, France",Administrative,clay,tablet,36.0,19.0,69.0,,,,,,,Fair,,fragment,undetermined,,,,,,,,,,,0,,0,,0,,0,,,," ",0,0,,,0,0,0,0,,
8064,"Sb 15118","MDP 06, 271",Scheil1905MDP6,primary,271,,"Susa (mod. Shush)","Proto-Elamite (ca. 3100-2900 BC)",,"Louvre Museum, Paris, France",Administrative,clay,tablet,51.0,17.0,43.0,,,,,,,Good,,50%,undetermined,,,,,,,,,,,0,,0,,0,,0,,,," ",0,0,,,0,0,0,0,,
8065,"Sb 15119","MDP 06, 272",Scheil1905MDP6,primary,272,,"Susa (mod. Shush)","Proto-Elamite (ca. 3100-2900 BC)",,"Louvre Museum, Paris, France",Administrative,clay,tablet,79.0,19.0,63.0,,,,,,,Good,,50%,undetermined,,,,,,,,,,,0,,0,,0,,0,,,," ",0,0,,,0,0,0,0,,
8066,"Sb 15120","MDP 06, 273",Scheil1905MDP6,primary,273,,"Susa (mod. Shush)","Proto-Elamite (ca. 3100-2900 BC)",,"Louvre Museum, Paris, France",Administrative,clay,tablet,54.0,20.0,74.0,,,,,,,Good,,25%,undetermined,,,,,,,,,,,0,,0,,0,,0,,,," ",0,0,,,0,0,0,0,,
8067,unknown,"MDP 06, 274",Scheil1905MDP6,primary,274,,"Susa (mod. Shush)","Proto-Elamite (ca. 3100-2900 BC)",,,Administrative,clay,tablet,,,,,,,,,,,,,undetermined,,,,,,,,,,,0,,0,,0,,0,,,," ",0,0,,,0,0,0,0,,
8068,"Sb 15121","MDP 06, 275",Scheil1905MDP6,primary,275,,"Susa (mod. Shush)","Proto-Elamite (ca. 3100-2900 BC)",,"Louvre Museum, Paris, France",Administrative,clay,tablet,58.0,18.0,48.0,,,,,,,Fair,,fragment,undetermined,,,,,,,,,,,0,,0,,0,,0,,,," ",0,0,,,0,0,0,0,,
8069,"Sb 15122","MDP 06, 276",Scheil1905MDP6,primary,276,,"Susa (mod. Shush)","Proto-Elamite (ca. 3100-2900 BC)",,"Louvre Museum, Paris, France",Administrative,clay,tablet,62.0,15.0,51.0,,,,,,,Good,,75%,undetermined,,,,,,,,,,,0,,0,,0,,0,,,," ",0,0,,,0,0,0,0,,
8070,"Sb 15123","MDP 06, 277",Scheil1905MDP6,primary,277,,"Susa (mod. Shush)","Proto-Elamite (ca. 3100-2900 BC)",,"Louvre Museum, Paris, France",Administrative,clay,tablet,35.0,16.0,46.0,,,,,,,Good,,fragment,undetermined,,,,,,,,,,,0,,0,,0,,0,,,," ",0,0,,,0,0,0,0,,
8071,"Sb 15124","MDP 06, 278",Scheil1905MDP6,primary,278,,"Susa (mod. Shush)","Proto-Elamite (ca. 3100-2900 BC)",,"Louvre Museum, Paris, France",Administrative,clay,tablet,28.0,16.0,33.0,,,,,,,Good,,fragment,undetermined,,,,,,,,,,,0,,0,,0,,0,,,," ",0,0,,,0,0,0,0,,
8072,"Sb 15125","MDP 06, 279",Scheil1905MDP6,primary,279,,"Susa (mod. Shush)","Proto-Elamite (ca. 3100-2900 BC)",,"Louvre Museum, Paris, France",Administrative,clay,tablet,51.0,14.0,45.0,,,,,,,Fair,,50%,undetermined,,,,,,,,,,,0,,0,,0,,0,,,," ",0,0,,,0,0,0,0,,
8073,"Sb 15126","MDP 06, 280",Scheil1905MDP6,primary,280,,"Susa (mod. Shush)","Proto-Elamite (ca. 3100-2900 BC)",,"Louvre Museum, Paris, France",Administrative,clay,tablet,49.0,15.0,90.0,,,,,,,Fair,,fragment,undetermined,,,,,,,,,,,0,,0,,0,,0,,,," ",0,0,,,0,0,0,0,,
8074,"Sb 15127","MDP 06, 281",Scheil1905MDP6,primary,281,,"Susa (mod. Shush)","Proto-Elamite (ca. 3100-2900 BC)",,"Louvre Museum, Paris, France",Administrative,clay,tablet,30.0,17.0,42.0,,,,,,,Good,,fragment,undetermined,,,,,,,,,,,0,,0,,0,,0,,,," ",0,0,,,0,0,0,0,,
8075,"Sb 15128","MDP 06, 282",Scheil1905MDP6,primary,282,,"Susa (mod. Shush)","Proto-Elamite (ca. 3100-2900 BC)",,"Louvre Museum, Paris, France",Administrative,clay,tablet,57.0,16.0,42.0,,,,,,,Good,,75%,undetermined,,,,,,,,,,,0,,0,,0,,0,,,," ",0,0,,,0,0,0,0,,
8076,"Sb 06407","MDP 06, 283",Scheil1905MDP6,primary,283,,"Susa (mod. Shush)","Proto-Elamite (ca. 3100-2900 BC)",,"Louvre Museum, Paris, France",Administrative,clay,tablet,54.0,15.0,42.0,,,,,,,Good,,50%,undetermined,,,,,,,,,,,0,,0,,0,,0,,,," ",0,0,,,0,0,0,0,,
8077,"Sb 15129","MDP 06, 285",Scheil1905MDP6,primary,285,,"Susa (mod. Shush)","Proto-Elamite (ca. 3100-2900 BC)",,"Louvre Museum, Paris, France",Administrative,clay,tablet,51.0,21.0,78.0,,,,,,,Fair,,fragment,undetermined,,,,,,,,,,,0,,0,,0,,0,,,," ",0,0,,,0,0,0,0,,
8078,"Sb 15130","MDP 06, 286",Scheil1905MDP6,primary,286,,"Susa (mod. Shush)","Proto-Elamite (ca. 3100-2900 BC)",,"Louvre Museum, Paris, France",Administrative,clay,tablet,84.0,19.0,69.0,,,,,,,Good,,complete,undetermined,,,,,,,,,,,0,,0,,0,,0,,,," ",0,0,,,0,0,0,0,,
8079,"Sb 15131","MDP 06, 287",Scheil1905MDP6,primary,287,,"Susa (mod. Shush)","Proto-Elamite (ca. 3100-2900 BC)",,"Louvre Museum, Paris, France",Administrative,clay,tablet,58.0,15.0,46.0,,,,,,,Fair,,complete,undetermined,,,,,,,,,,,0,,0,,0,,0,,,," ",0,0,,,0,0,0,0,,
8080,"Sb 06359","MDP 06, 288",Scheil1905MDP6,primary,288,,"Susa (mod. Shush)","Proto-Elamite (ca. 3100-2900 BC)",,"Louvre Museum, Paris, France",Administrative,clay,tablet,57.0,16.0,41.0,,,,,,,Good,,75%,undetermined,,,,,,S999999,,,,,0,,0,,0,,0,,,," ",0,0,,,0,0,0,0,,
8081,"Sb 15132","MDP 06, 289",Scheil1905MDP6,primary,289,,"Susa (mod. Shush)","Proto-Elamite (ca. 3100-2900 BC)",,"Louvre Museum, Paris, France",Administrative,clay,tablet,65.0,19.0,52.0,,,,,,,Good,,fragment,undetermined,,,,,,,,,,,0,,0,,0,,0,,,," ",0,0,,,0,0,0,0,,
8082,"Sb 15133","MDP 06, 290",Scheil1905MDP6,primary,290,,"Susa (mod. Shush)","Proto-Elamite (ca. 3100-2900 BC)",,"Louvre Museum, Paris, France",Administrative,clay,tablet,78.0,17.0,54.0,,,,,,,,,,undetermined,,,,,,,,,,,0,,0,,0,,0,,,," ",0,0,,,0,0,0,0,,
8083,"Sb 15134","MDP 06, 291",Scheil1905MDP6,primary,291,,"Susa (mod. Shush)","Proto-Elamite (ca. 3100-2900 BC)",,"Louvre Museum, Paris, France",Administrative,clay,tablet,44.0,16.0,42.0,,,,,,,Good,,fragment,undetermined,,,,,,,,,,,0,,0,,0,,0,,,," ",0,0,,,0,0,0,0,,
8084,"Sb 15135","MDP 06, 292",Scheil1905MDP6,primary,292,,"Susa (mod. Shush)","Proto-Elamite (ca. 3100-2900 BC)",,"Louvre Museum, Paris, France",Administrative,clay,tablet,81.0,16.0,64.0,,,,,,,Fair,,75%,undetermined,,,,,,,,,,,0,,0,,0,,0,,,," ",0,0,,,0,0,0,0,,
8085,"Sb 15136","MDP 06, 293",Scheil1905MDP6,primary,293,,"Susa (mod. Shush)","Proto-Elamite (ca. 3100-2900 BC)",,"Louvre Museum, Paris, France",Administrative,clay,tablet,112.0,25.0,82.0,,,,,,,Good,,complete,undetermined,,,,,,,,,,,0,,0,,0,,0,,,," ",0,0,,,0,0,0,0,,
8086,"Sb 15137","MDP 06, 294",Scheil1905MDP6,primary,294,,"Susa (mod. Shush)","Proto-Elamite (ca. 3100-2900 BC)",,"Louvre Museum, Paris, France",Administrative,clay,tablet,60.0,16.0,43.0,,,,,,,Good,,complete,undetermined,,,,,,,,,,,0,,0,,0,,0,,,," ",0,0,,,0,0,0,0,,
8087,"Sb 15138","MDP 06, 297",Scheil1905MDP6,primary,297,,"Susa (mod. Shush)","Proto-Elamite (ca. 3100-2900 BC)",,"Louvre Museum, Paris, France",Administrative,clay,tablet,36.0,22.0,70.0,,,,,,,Fair,,fragment,undetermined,,,,,,,,,,,0,,0,,0,,0,,,," ",0,0,,,0,0,0,0,,
8088,"Sb 15139","MDP 06, 299",Scheil1905MDP6,primary,299,,"Susa (mod. Shush)","Proto-Elamite (ca. 3100-2900 BC)",,"Louvre Museum, Paris, France",Administrative,clay,tablet,54.0,16.0,51.0,,,,,,,Good,,fragment,undetermined,,,,,,,,,,,0,,0,,0,,0,,,," ",0,0,,,0,0,0,0,,
8089,"Sb 15140","MDP 06, 300",Scheil1905MDP6,primary,300,,"Susa (mod. Shush)","Proto-Elamite (ca. 3100-2900 BC)",,"Louvre Museum, Paris, France",Administrative,clay,tablet,44.0,16.0,32.0,,,,,,,Fair,,fragment,undetermined,,,,,,,,,,,0,,0,,0,,0,,,," ",0,0,,,0,0,0,0,,
8090,"Sb 15405","MDP 06, 301",Scheil1905MDP6,primary,301,,"Susa (mod. Shush)","Proto-Elamite (ca. 3100-2900 BC)",,"Louvre Museum, Paris, France",Administrative,clay,tablet,33.0,15.0,30.0,,,,,,,Fair,,fragment,undetermined,,,,,,,,,,,0,,0,,0,,0,,,," ",0,0,,,0,0,0,0,,
8092,"Sb 15142","MDP 06, 303",Scheil1905MDP6,primary,303,,"Susa (mod. Shush)","Proto-Elamite (ca. 3100-2900 BC)",,"Louvre Museum, Paris, France",Administrative,clay,tablet,50.0,15.0,38.0,,,,,,,Fair,,50%,undetermined,,,,,,,,,,,0,,0,,0,,0,,,," ",0,0,,,0,0,0,0,,
8093,"Sb 15143","MDP 06, 304",Scheil1905MDP6,primary,304,,"Susa (mod. Shush)","Proto-Elamite (ca. 3100-2900 BC)",,"Louvre Museum, Paris, France",Administrative,clay,tablet,44.0,17.0,67.0,,,,,,,Fair,,fragment,undetermined,,,,,,,,,,,0,,0,,0,,0,,,," ",0,0,,,0,0,0,0,,
8094,"Sb 15144","MDP 06, 305",Scheil1905MDP6,primary,305,,"Susa (mod. Shush)","Proto-Elamite (ca. 3100-2900 BC)",,"Louvre Museum, Paris, France",Administrative,clay,tablet,25.0,18.0,45.0,,,,,,,Good,,fragment,undetermined,,,,,,,,,,,0,,0,,0,,0,,,," ",0,0,,,0,0,0,0,,
8095,"Sb 15145","MDP 06, 306",Scheil1905MDP6,primary,306,,"Susa (mod. Shush)","Proto-Elamite (ca. 3100-2900 BC)",,"Louvre Museum, Paris, France",Administrative,clay,tablet,44.0,17.0,38.0,,,,,,,Fair,,fragment,undetermined,,,,,,,,,,,0,,0,,0,,0,,,," ",0,0,,,0,0,0,0,,
8096,"Sb 15146","MDP 06, 307",Scheil1905MDP6,primary,307,,"Susa (mod. Shush)","Proto-Elamite (ca. 3100-2900 BC)",,"Louvre Museum, Paris, France",Administrative,clay,tablet,29.0,18.0,19.0,,,,,,,Fair,,fragment,undetermined,,,,,,,,,,,0,,0,,0,,0,,,," ",0,0,,,0,0,0,0,,
8097,"Sb 15147","MDP 06, 308",Scheil1905MDP6,primary,308,,"Susa (mod. Shush)","Proto-Elamite (ca. 3100-2900 BC)",,"Louvre Museum, Paris, France",Administrative,clay,tablet,21.0,13.0,36.0,,,,,,,Good,,fragment,undetermined,,,,,,,,,,,0,,0,,0,,0,,,," ",0,0,,,0,0,0,0,,
8098,"Sb 06386","MDP 06, 309",Scheil1905MDP6,primary,309,,"Susa (mod. Shush)","Proto-Elamite (ca. 3100-2900 BC)",,"Louvre Museum, Paris, France",Administrative,clay,tablet,39.0,20.0,51.0,,,,,,,Good,,fragment,undetermined,,,,,,,,,,,0,,0,,0,,0,,,," ",0,0,,,0,0,0,0,,
8099,"Sb 15148","MDP 06, 310",Scheil1905MDP6,primary,310,,"Susa (mod. Shush)","Proto-Elamite (ca. 3100-2900 BC)",,"Louvre Museum, Paris, France",Administrative,clay,tablet,62.0,16.0,51.0,,,,,,,Good,,75%,undetermined,,,,,,,,,,,0,,0,,0,,0,,,," ",0,0,,,0,0,0,0,,
8100,"Sb 15149","MDP 06, 311",Scheil1905MDP6,primary,311,,"Susa (mod. Shush)","Proto-Elamite (ca. 3100-2900 BC)",,"Louvre Museum, Paris, France",Administrative,clay,tablet,58.0,19.0,56.0,,,,,,,Poor,,fragment,undetermined,,,,,,,,,,,0,,0,,0,,0,,,," ",0,0,,,0,0,0,0,,
8101,"Sb 15150","MDP 06, 312",Scheil1905MDP6,primary,312,,"Susa (mod. Shush)","Proto-Elamite (ca. 3100-2900 BC)",,"Louvre Museum, Paris, France",Administrative,clay,tablet,,,,,,,,,,,,,undetermined,,,,,,,,,,,0,,0,,0,,0,,,," ",0,0,,,0,0,0,0,,
8102,"Sb 15151","MDP 06, 313",Scheil1905MDP6,primary,313,,"Susa (mod. Shush)","Proto-Elamite (ca. 3100-2900 BC)",,"Louvre Museum, Paris, France",Administrative,clay,tablet,68.0,15.0,44.0,,,,,,,Fair,,fragment,undetermined,,,,,,,,,,,0,,0,,0,,0,,,," ",0,0,,,0,0,0,0,,
8103,"Sb 06324","MDP 06, 314",Scheil1905MDP6,primary,314,,"Susa (mod. Shush)","Proto-Elamite (ca. 3100-2900 BC)",,"Louvre Museum, Paris, France",Administrative,clay,tablet,,,,,,,,,,Fair,,complete,undetermined,,,,,,,,,,,0,,0,,0,,0,,,," ",0,0,,,0,0,0,0,,
8104,"Sb 15152","MDP 06, 315",Scheil1905MDP6,primary,315,,"Susa (mod. Shush)","Proto-Elamite (ca. 3100-2900 BC)",,"Louvre Museum, Paris, France",Administrative,clay,tablet,71.0,22.0,50.0,,,,,,,Fair,,fragment,undetermined,,,,,,,,,,,0,,0,,0,,0,,,," ",0,0,,,0,0,0,0,,
8105,"Sb 15153 + Sb 15159 + Sb 15161 + Sb 15255 + Sb 15247","MDP 06, 316 + 322 + 324 + MDP 26S, 335 + Sb 15247","Scheil1905MDP6; Scheil1935MDP26","primary; history","316 + 322 + 324 + Sb 15247; Supplément 335","; joins","Susa (mod. Shush)","Proto-Elamite (ca. 3100-2900 BC)",,"Louvre Museum, Paris, France",Administrative,clay,tablet,43.0,37.0,73.0,,,,,,,Good,,fragment,undetermined,,,,,,,,,,,0,,0,,0,,0,,,," ",0,0,,,0,0,0,0,,
8106,"Sb 15154","MDP 06, 317",Scheil1905MDP6,primary,317,,"Susa (mod. Shush)","Proto-Elamite (ca. 3100-2900 BC)",,"Louvre Museum, Paris, France",Administrative,clay,tablet,78.0,19.0,63.0,,,,,,,Fair,,75%,undetermined,,,,,,,,,,,0,,0,,0,,0,,,," ",0,0,,,0,0,0,0,,
8107,"Sb 15155","MDP 06, 318",Scheil1905MDP6,primary,318,,"Susa (mod. Shush)","Proto-Elamite (ca. 3100-2900 BC)",,"Louvre Museum, Paris, France",Administrative,clay,tablet,64.0,17.0,53.0,,,,,,,Fair,,75%,undetermined,,,,,,,,,,,0,,0,,0,,0,,,," ",0,0,,,0,0,0,0,,
8108,"Sb 15156","MDP 06, 319",Scheil1905MDP6,primary,319,,"Susa (mod. Shush)","Proto-Elamite (ca. 3100-2900 BC)",,"Louvre Museum, Paris, France",Administrative,clay,tablet,81.0,20.0,107.0,,,,,,,Poor,,50%,undetermined,,,,,,,,,,,0,,0,,0,,0,,,," ",0,0,,,0,0,0,0,,
8109,"Sb 15158","MDP 06, 320",Scheil1905MDP6,primary,320,,"Susa (mod. Shush)","Proto-Elamite (ca. 3100-2900 BC)",,"Louvre Museum, Paris, France",Administrative,clay,tablet,48.0,22.0,63.0,,,,,,,Fair,,fragment,undetermined,,,,,,,,,,,0,,0,,0,,0,,,," ",0,0,,,0,0,0,0,,
8110,unknown,"MDP 06, 321",Scheil1905MDP6,primary,321,,"Susa (mod. Shush)","Proto-Elamite (ca. 3100-2900 BC)",,,Administrative,clay,tablet,,,,,,,,,,,,,undetermined,,,,,,,,,,,0,,0,,0,,0,,,," ",0,0,,,0,0,0,0,,
8112,"Sb 15160","MDP 06, 323",Scheil1905MDP6,primary,323,,"Susa (mod. Shush)","Proto-Elamite (ca. 3100-2900 BC)",,"Louvre Museum, Paris, France",Administrative,clay,tablet,73.0,16.0,70.0,,,,,,,Poor,,75%,undetermined,,,,,,,,,,,0,,0,,0,,0,,,," ",0,0,,,0,0,0,0,,
8113,"Sb 15161","MDP 06, 324",Scheil1905MDP6,primary,324,,"Susa (mod. Shush)","Proto-Elamite (ca. 3100-2900 BC)",,"Louvre Museum, Paris, France",Administrative,clay,tablet,66.0,29.0,133.0,,,,,,,Fair,,fragment,undetermined,,,,,,,,,,,0,,0,,0,,0,,,," ",0,0,,,0,0,0,0,,
8114,"Sb 15162","MDP 06, 325",Scheil1905MDP6,primary,325,,"Susa (mod. Shush)","Proto-Elamite (ca. 3100-2900 BC)",,"Louvre Museum, Paris, France",Administrative,clay,tablet,57.0,17.0,36.0,,,,,,,Fair,,fragment,undetermined,,,,,,,,,,,0,,0,,0,,0,,,," ",0,0,,,0,0,0,0,,
8115,"Sb 15163","MDP 06, 326",Scheil1905MDP6,primary,326,,"Susa (mod. Shush)","Proto-Elamite (ca. 3100-2900 BC)",,"Louvre Museum, Paris, France",Administrative,clay,tablet,98.0,19.0,73.0,,,,,,,Poor,,fragment,undetermined,,,,,,,,,,,0,,0,,0,,0,,,," ",0,0,,,0,0,0,0,,
8116,"Sb 15164","MDP 06, 327",Scheil1905MDP6,primary,327,,"Susa (mod. Shush)","Proto-Elamite (ca. 3100-2900 BC)",,"Louvre Museum, Paris, France",Administrative,clay,tablet,26.0,16.0,33.0,,,,,,,Good,,fragment,undetermined,,,,,,,,,,,0,,0,,0,,0,,,," ",0,0,,,0,0,0,0,,
8117,"Sb 15165+ ?","MDP 06, 328",Scheil1905MDP6,primary,328,,"Susa (mod. Shush)","Proto-Elamite (ca. 3100-2900 BC)",,"Louvre Museum, Paris, France",Administrative,clay,tablet,23.0,16.0,21.0,,,,,,,Good,,fragment,undetermined,,,,,,,,,,,0,,0,,0,,0,,,," ",0,0,,,0,0,0,0,,
8118,"Sb 15157","MDP 06, 329",Scheil1905MDP6,primary,329,,"Susa (mod. Shush)","Proto-Elamite (ca. 3100-2900 BC)",,"Louvre Museum, Paris, France",Administrative,clay,tablet,22.0,13.0,36.0,,,,,,,Poor,,fragment,undetermined,,,,,,,,,,,0,,0,,0,,0,,,," ",0,0,,,0,0,0,0,,
8119,unknown,"MDP 06, 330",Scheil1905MDP6,primary,330,,"Susa (mod. Shush)","Proto-Elamite (ca. 3100-2900 BC)",,,Administrative,clay,tablet,,,,,,,,,,,,,undetermined,,,,,,,,,,,0,,0,,0,,0,,,," ",0,0,,,0,0,0,0,,
8120,"Sb 15167","MDP 06, 331",Scheil1905MDP6,primary,331,,"Susa (mod. Shush)","Proto-Elamite (ca. 3100-2900 BC)",,"Louvre Museum, Paris, France",Administrative,clay,tablet,16.0,12.0,30.0,,,,,,,Good,,fragment,undetermined,,,,,,,,,,,0,,0,,0,,0,,,," ",0,0,,,0,0,0,0,,
8122,"Sb 15169","MDP 06, 334",Scheil1905MDP6,primary,334,,"Susa (mod. Shush)","Proto-Elamite (ca. 3100-2900 BC)",,"Louvre Museum, Paris, France",Administrative,clay,tablet,89.0,,114.0,,,,,,,Poor,,50%,undetermined,,,,,,,,,,,0,,0,,0,,0,,,," ",0,0,,,0,0,0,0,,
8123,"Sb 15170","MDP 06, 337",Scheil1905MDP6,primary,337,,"Susa (mod. Shush)","Proto-Elamite (ca. 3100-2900 BC)",,"Louvre Museum, Paris, France",Administrative,clay,tablet,39.0,25.0,37.0,,,,,,,Good,,fragment,undetermined,,,,,,,,,,,0,,0,,0,,0,,,," ",0,0,,,0,0,0,0,,
8124,"Sb 15171","MDP 06, 342",Scheil1905MDP6,primary,342,,"Susa (mod. Shush)","Proto-Elamite (ca. 3100-2900 BC)",,"Louvre Museum, Paris, France",Administrative,clay,tablet,36.0,19.0,56.0,,,,,,,Fair,,fragment,undetermined,,,,,,,,,,,0,,0,,0,,0,,,," ",0,0,,,0,0,0,0,,
8125,"Sb 15172","MDP 06, 343",Scheil1905MDP6,primary,343,,"Susa (mod. Shush)","Proto-Elamite (ca. 3100-2900 BC)",,"Louvre Museum, Paris, France",Administrative,clay,tablet,49.0,17.0,81.0,,,,,,,Good,,fragment,undetermined,,,,,,,,,,,0,,0,,0,,0,,,," ",0,0,,,0,0,0,0,,
8126,"Sb 06374","MDP 06, 344",Scheil1905MDP6,primary,344,,"Susa (mod. Shush)","Proto-Elamite (ca. 3100-2900 BC)",,"Louvre Museum, Paris, France",Administrative,clay,tablet,82.0,16.0,58.0,,,,,,,Poor,,75%,undetermined,,,,,,,,,,,0,,0,,0,,0,,,," ",0,0,,,0,0,0,0,,
8127,"Sb 15173","MDP 06, 345",Scheil1905MDP6,primary,345,,"Susa (mod. Shush)","Proto-Elamite (ca. 3100-2900 BC)",,"Louvre Museum, Paris, France",Administrative,clay,tablet,30.0,17.0,26.0,,,,,,,Good,,fragment,undetermined,,,,,,,,,,,0,,0,,0,,0,,,," ",0,0,,,0,0,0,0,,
8128,"Sb 15174","MDP 06, 346",Scheil1905MDP6,primary,346,,"Susa (mod. Shush)","Proto-Elamite (ca. 3100-2900 BC)",,"Louvre Museum, Paris, France",Administrative,clay,tablet,39.0,15.0,24.0,,,,,,,Poor,,fragment,undetermined,,,,,,,,,,,0,,0,,0,,0,,,," ",0,0,,,0,0,0,0,,
8129,"Sb 15175","MDP 06, 347",Scheil1905MDP6,primary,347,,"Susa (mod. Shush)","Proto-Elamite (ca. 3100-2900 BC)",,"Louvre Museum, Paris, France",Administrative,clay,tablet,31.0,16.0,27.0,,,,,,,Good,,fragment,undetermined,,,,,,,,,,,0,,0,,0,,0,,,," ",0,0,,,0,0,0,0,,
8130,"Sb 15176","MDP 06, 348",Scheil1905MDP6,primary,348,,"Susa (mod. Shush)","Proto-Elamite (ca. 3100-2900 BC)",,"Louvre Museum, Paris, France",Administrative,clay,tablet,35.0,15.0,25.0,,,,,,,Fair,,fragment,undetermined,,,,,,,,,,,0,,0,,0,,0,,,," ",0,0,,,0,0,0,0,,
8131,"Sb 15177","MDP 06, 349",Scheil1905MDP6,primary,349,,"Susa (mod. Shush)","Proto-Elamite (ca. 3100-2900 BC)",,"Louvre Museum, Paris, France",Administrative,clay,tablet,36.0,14.0,30.0,,,,,,,Fair,,fragment,undetermined,,,,,,,,,,,0,,0,,0,,0,,,," ",0,0,,,0,0,0,0,,
8132,"Sb 15178","MDP 06, 350",Scheil1905MDP6,primary,350,,"Susa (mod. Shush)","Proto-Elamite (ca. 3100-2900 BC)",,"Louvre Museum, Paris, France",Administrative,clay,tablet,64.0,13.0,46.0,,,,,,,Good,,complete,undetermined,,,,,,,,,,,0,,0,,0,,0,,,," ",0,0,,,0,0,0,0,,
8133,"Sb 06403","MDP 06, 351",Scheil1905MDP6,primary,351,,"Susa (mod. Shush)","Proto-Elamite (ca. 3100-2900 BC)",,"Louvre Museum, Paris, France",Administrative,clay,tablet,56.0,15.0,40.0,,,,,,,Excellent,,complete,undetermined,,,,,,,,,,,0,,0,,0,,0,,,," ",0,0,,,0,0,0,0,,
8134,"Sb 15179","MDP 06, 352",Scheil1905MDP6,primary,352,,"Susa (mod. Shush)","Proto-Elamite (ca. 3100-2900 BC)",,"Louvre Museum, Paris, France",Administrative,clay,tablet,67.0,14.0,44.0,,,,,,,Good,,complete,undetermined,,,,,,,,,,,0,,0,,0,,0,,,," ",0,0,,,0,0,0,0,,
8135,"Sb 03046","MDP 06, 353",Scheil1905MDP6,primary,353,,"Susa (mod. Shush)","Proto-Elamite (ca. 3100-2900 BC)",,"Louvre Museum, Paris, France",Administrative,clay,tablet,77.0,16.0,58.0,,,,,,,Excellent,,complete,undetermined,,,,,,,,,,,0,,0,,0,,0,,,," ",0,0,,,0,0,0,0,,
8136,"Sb 15180","MDP 06, 354",Scheil1905MDP6,primary,354,,"Susa (mod. Shush)","Proto-Elamite (ca. 3100-2900 BC)",,"Louvre Museum, Paris, France",Administrative,clay,tablet,75.0,19.0,59.0,,,,,,,Fair,,complete,undetermined,,,,,,,,,,,0,,0,,0,,0,,,," ",0,0,,,0,0,0,0,,
8137,"Sb 15181","MDP 06, 355",Scheil1905MDP6,primary,355,,"Susa (mod. Shush)","Proto-Elamite (ca. 3100-2900 BC)",,"Louvre Museum, Paris, France",Administrative,clay,tablet,72.0,12.0,50.0,,,,,,,Good,,complete,undetermined,,,,,,,,,,,0,,0,,0,,0,,,," ",0,0,,,0,0,0,0,,
8138,"Sb 15182","MDP 06, 356",Scheil1905MDP6,primary,356,,"Susa (mod. Shush)","Proto-Elamite (ca. 3100-2900 BC)",,"Louvre Museum, Paris, France",Administrative,clay,tablet,73.0,16.0,47.0,,,,,,,Good,,75%,undetermined,,,,,,,,,,,0,,0,,0,,0,,,," ",0,0,,,0,0,0,0,,
8139,"Sb 15183","MDP 06, 357",Scheil1905MDP6,primary,357,,"Susa (mod. Shush)","Proto-Elamite (ca. 3100-2900 BC)",,"Louvre Museum, Paris, France",Administrative,clay,tablet,72.0,17.0,50.0,,,,,,,Fair,,complete,undetermined,,,,,,,,,,,0,,0,,0,,0,,,," ",0,0,,,0,0,0,0,,
8140,"Sb 15184","MDP 06, 358",Scheil1905MDP6,primary,358,,"Susa (mod. Shush)","Proto-Elamite (ca. 3100-2900 BC)",,"Louvre Museum, Paris, France",Administrative,clay,tablet,72.0,14.0,52.0,,,,,,,Excellent,,complete,undetermined,,,,,,,,,,,0,,0,,0,,0,,,," ",0,0,,,0,0,0,0,,
8141,"Sb 15185","MDP 06, 359",Scheil1905MDP6,primary,359,,"Susa (mod. Shush)","Proto-Elamite (ca. 3100-2900 BC)",,"Louvre Museum, Paris, France",Administrative,clay,tablet,68.0,16.0,44.0,,,,,,,Good,,complete,undetermined,,,,,,,,,,,0,,0,,0,,0,,,," ",0,0,,,0,0,0,0,,
8142,"Sb 06393","MDP 06, 360",Scheil1905MDP6,primary,360,,"Susa (mod. Shush)","Proto-Elamite (ca. 3100-2900 BC)",,"Louvre Museum, Paris, France",Administrative,clay,tablet,70.0,19.0,59.0,,,,,,,Excellent,,complete,undetermined,,,,,,,,,,,0,,0,,0,,0,,,," ",0,0,,,0,0,0,0,,
8143,"Sb 15186","MDP 06, 361",Scheil1905MDP6,primary,361,,"Susa (mod. Shush)","Proto-Elamite (ca. 3100-2900 BC)",,"Louvre Museum, Paris, France",Administrative,clay,tablet,62.0,16.0,57.0,,,,,,,Good,,complete,undetermined,,,,,,,,,,,0,,0,,0,,0,,,," ",0,0,,,0,0,0,0,,
8144,"Sb 15187","MDP 06, 362",Scheil1905MDP6,primary,362,,"Susa (mod. Shush)","Proto-Elamite (ca. 3100-2900 BC)",,"Louvre Museum, Paris, France",Administrative,clay,tablet,57.0,21.0,88.0,,,,,,,Good,,fragment,undetermined,,,,,,,,,,,0,,0,,0,,0,,,," ",0,0,,,0,0,0,0,,
8145,"Sb 06396","MDP 06, 363",Scheil1905MDP6,primary,363,,"Susa (mod. Shush)","Proto-Elamite (ca. 3100-2900 BC)",,"Louvre Museum, Paris, France",Administrative,clay,tablet,65.0,16.0,50.0,,,,,,,Good,,75%,undetermined,,,,,,,,,,,0,,0,,0,,0,,,," ",0,0,,,0,0,0,0,,
8146,"Sb 15188","MDP 06, 364",Scheil1905MDP6,primary,364,,"Susa (mod. Shush)","Proto-Elamite (ca. 3100-2900 BC)",,"Louvre Museum, Paris, France",Administrative,clay,tablet,66.0,23.0,53.0,,,,,,,Good,,75%,undetermined,,,,,,,,,,,0,,0,,0,,0,,,," ",0,0,,,0,0,0,0,,
8147,"Sb 15189","MDP 06, 365",Scheil1905MDP6,primary,365,,"Susa (mod. Shush)","Proto-Elamite (ca. 3100-2900 BC)",,"Louvre Museum, Paris, France",Administrative,clay,tablet,63.0,16.0,46.0,,,,,,,Good,,complete,undetermined,,,,,,,,,,,0,,0,,0,,0,,,," ",0,0,,,0,0,0,0,,
8148,"Sb 15190 + Sb 15334","MDP 06, 366 + MDP 26S, 5025","Scheil1905MDP6; Scheil1935MDP26","primary; history","366; Supplément 5025","; join","Susa (mod. Shush)","Proto-Elamite (ca. 3100-2900 BC)",,"Louvre Museum, Paris, France",Administrative,clay,tablet,83.0,18.0,62.0,,,,,,,Good,,75%,undetermined,,,,,,,,,,,0,,0,,0,,0,,,," ",0,0,,,0,0,0,0,,
8149,"Sb 15191","MDP 06, 367",Scheil1905MDP6,primary,367,,"Susa (mod. Shush)","Proto-Elamite (ca. 3100-2900 BC)",,"Louvre Museum, Paris, France",Administrative,clay,tablet,56.0,16.0,50.0,,,,,,,Good,,75%,undetermined,,,,,,,,,,,0,,0,,0,,0,,,," ",0,0,,,0,0,0,0,,
8150,"Sb 15192","MDP 06, 368",Scheil1905MDP6,primary,368,,"Susa (mod. Shush)","Proto-Elamite (ca. 3100-2900 BC)",,"Louvre Museum, Paris, France",Administrative,clay,tablet,51.0,14.0,31.0,,,,,,,Fair,,complete,undetermined,,,,,,,,,,,0,,0,,0,,0,,,," ",0,0,,,0,0,0,0,,
8151,"Sb 15193","MDP 06, 369",Scheil1905MDP6,primary,369,,"Susa (mod. Shush)","Proto-Elamite (ca. 3100-2900 BC)",,"Louvre Museum, Paris, France",Administrative,clay,tablet,68.0,14.0,39.0,,,,,,,Fair,,75%,undetermined,,,,,,,,,,,0,,0,,0,,0,,,," ",0,0,,,0,0,0,0,,
8152,"Sb 15194","MDP 06, 370",Scheil1905MDP6,primary,370,,"Susa (mod. Shush)","Proto-Elamite (ca. 3100-2900 BC)",,"Louvre Museum, Paris, France",Administrative,clay,tablet,92.0,27.0,62.0,,,,,,,Good,,fragment,undetermined,,,,,,,,,,,0,,0,,0,,0,,,," ",0,0,,,0,0,0,0,,
8153,"Sb 15195","MDP 06, 372",Scheil1905MDP6,primary,372,,"Susa (mod. Shush)","Proto-Elamite (ca. 3100-2900 BC)",,"Louvre Museum, Paris, France",Administrative,clay,tablet,49.0,14.0,47.0,,,,,,,Fair,,fragment,undetermined,,,,,,,,,,,0,,0,,0,,0,,,," ",0,0,,,0,0,0,0,,
8154,"Sb 15196","MDP 06, 373",Scheil1905MDP6,primary,373,,"Susa (mod. Shush)","Proto-Elamite (ca. 3100-2900 BC)",,"Louvre Museum, Paris, France",Administrative,clay,tablet,55.0,15.0,60.0,,,,,,,Excellent,,50%,undetermined,,,,,,,,,,,0,,0,,0,,0,,,," ",0,0,,,0,0,0,0,,
8155,"Sb 15197","MDP 06, 374",Scheil1905MDP6,primary,374,,"Susa (mod. Shush)","Proto-Elamite (ca. 3100-2900 BC)",,"Louvre Museum, Paris, France",Administrative,clay,tablet,40.0,12.0,36.0,,,,,,,Fair,,fragment,undetermined,,,,,,,,,,,0,,0,,0,,0,,,," ",0,0,,,0,0,0,0,,
8156,"Sb 15198","MDP 06, 375",Scheil1905MDP6,primary,375,,"Susa (mod. Shush)","Proto-Elamite (ca. 3100-2900 BC)",,"Louvre Museum, Paris, France",Administrative,clay,tablet,69.0,16.0,50.0,,,,,,,Good,,complete,undetermined,,,,,,,,,,,0,,0,,0,,0,,,," ",0,0,,,0,0,0,0,,
8157,"Sb 15199","MDP 06, 376",Scheil1905MDP6,primary,376,,"Susa (mod. Shush)","Proto-Elamite (ca. 3100-2900 BC)",,"Louvre Museum, Paris, France",Administrative,clay,tablet,61.0,15.0,56.0,,,,,,,Good,,complete,undetermined,,,,,,,,,,,0,,0,,0,,0,,,," ",0,0,,,0,0,0,0,,
8158,"Sb 15200","MDP 06, 377",Scheil1905MDP6,primary,377,,"Susa (mod. Shush)","Proto-Elamite (ca. 3100-2900 BC)",,"Louvre Museum, Paris, France",Administrative,clay,tablet,,,,,,,,,,,,,undetermined,,,,,,,,,,,0,,0,,0,,0,,,," ",0,0,,,0,0,0,0,,
8159,"Sb 15201","MDP 06, 378",Scheil1905MDP6,primary,378,,"Susa (mod. Shush)","Proto-Elamite (ca. 3100-2900 BC)",,"Louvre Museum, Paris, France",Administrative,clay,tablet,60.0,19.0,44.0,,,,,,,Poor,,complete,undetermined,,,,,,,,,,,0,,0,,0,,0,,,," ",0,0,,,0,0,0,0,,
8160,"Sb 15202","MDP 06, 379",Scheil1905MDP6,primary,379,,"Susa (mod. Shush)","Proto-Elamite (ca. 3100-2900 BC)",,"Louvre Museum, Paris, France",Administrative,clay,tablet,56.0,14.0,36.0,,,,,,,Good,,complete,undetermined,,,,,,,,,,,0,,0,,0,,0,,,," ",0,0,,,0,0,0,0,,
8161,"Sb 15203","MDP 06, 380",Scheil1905MDP6,primary,380,,"Susa (mod. Shush)","Proto-Elamite (ca. 3100-2900 BC)",,"Louvre Museum, Paris, France",Administrative,clay,tablet,59.0,17.0,58.0,,,,,,,Fair,,50%,undetermined,,,,,,,,,,,0,,0,,0,,0,,,," ",0,0,,,0,0,0,0,,
8162,"Sb 15204","MDP 06, 381",Scheil1905MDP6,primary,381,,"Susa (mod. Shush)","Proto-Elamite (ca. 3100-2900 BC)",,"Louvre Museum, Paris, France",Administrative,clay,tablet,45.0,15.0,40.0,,,,,,,Good,,50%,undetermined,,,,,,,,,,,0,,0,,0,,0,,,," ",0,0,,,0,0,0,0,,
8163,"Sb 15205","MDP 06, 382",Scheil1905MDP6,primary,382,,"Susa (mod. Shush)","Proto-Elamite (ca. 3100-2900 BC)",,"Louvre Museum, Paris, France",Administrative,clay,tablet,55.0,18.0,51.0,,,,,,,Good,,fragment,undetermined,,,,,,,,,,,0,,0,,0,,0,,,," ",0,0,,,0,0,0,0,,
8164,"Sb 15206","MDP 06, 383",Scheil1905MDP6,primary,383,,"Susa (mod. Shush)","Proto-Elamite (ca. 3100-2900 BC)",,"Louvre Museum, Paris, France",Administrative,clay,tablet,61.0,15.0,41.0,,,,,,,Fair,,complete,undetermined,,,,,,,,,,,0,,0,,0,,0,,,," ",0,0,,,0,0,0,0,,
8165,"Sb 15207","MDP 06, 385",Scheil1905MDP6,primary,385,,"Susa (mod. Shush)","Proto-Elamite (ca. 3100-2900 BC)",,"Louvre Museum, Paris, France",Administrative,clay,tablet,53.0,14.0,37.0,,,,,,,Fair,,75%,undetermined,,,,,,,,,,,0,,0,,0,,0,,,," ",0,0,,,0,0,0,0,,
8166,"Sb 15208","MDP 06, 386",Scheil1905MDP6,primary,386,,"Susa (mod. Shush)","Proto-Elamite (ca. 3100-2900 BC)",,"Louvre Museum, Paris, France",Administrative,clay,tablet,85.0,15.0,66.0,,,,,,,Good,,75%,undetermined,,,,,,,,,,,0,,0,,0,,0,,,," ",0,0,,,0,0,0,0,,
8167,"Sb 15209","MDP 06, 387",Scheil1905MDP6,primary,387,,"Susa (mod. Shush)","Proto-Elamite (ca. 3100-2900 BC)",,"Louvre Museum, Paris, France",Administrative,clay,tablet,63.0,16.0,46.0,,,,,,,,,,undetermined,,,,,,,,,,,0,,0,,0,,0,,,," ",0,0,,,0,0,0,0,,
8168,"Sb 15210","MDP 06, 388",Scheil1905MDP6,primary,388,,"Susa (mod. Shush)","Proto-Elamite (ca. 3100-2900 BC)",,"Louvre Museum, Paris, France",Administrative,clay,tablet,64.0,15.0,46.0,,,,,,,Good,,complete,undetermined,,,,,,,,,,,0,,0,,0,,0,,,," ",0,0,,,0,0,0,0,,
8169,"Sb 15211","MDP 06, 389",Scheil1905MDP6,primary,389,,"Susa (mod. Shush)","Proto-Elamite (ca. 3100-2900 BC)",,"Louvre Museum, Paris, France",Administrative,clay,tablet,63.0,18.0,50.0,,,,,,,Good,,complete,undetermined,,,,,,,,,,,0,,0,,0,,0,,,," ",0,0,,,0,0,0,0,,
8170,"Sb 15212","MDP 06, 390",Scheil1905MDP6,primary,390,,"Susa (mod. Shush)","Proto-Elamite (ca. 3100-2900 BC)",,"Louvre Museum, Paris, France",Administrative,clay,tablet,96.0,19.0,78.0,,,,,,,Fair,,75%,undetermined,,,,,,,,,,,0,,0,,0,,0,,,," ",0,0,,,0,0,0,0,,
8171,"Sb 15213","MDP 06, 391",Scheil1905MDP6,primary,391,,"Susa (mod. Shush)","Proto-Elamite (ca. 3100-2900 BC)",,"Louvre Museum, Paris, France",Administrative,clay,tablet,82.0,17.0,58.0,,,,,,,Fair,,75%,undetermined,,,,,,,,,,,0,,0,,0,,0,,,," ",0,0,,,0,0,0,0,,
8172,"Sb 15214","MDP 06, 392",Scheil1905MDP6,primary,392,,"Susa (mod. Shush)","Proto-Elamite (ca. 3100-2900 BC)",,"Louvre Museum, Paris, France",Administrative,clay,tablet,56.0,15.0,46.0,,,,,,,Good,,75%,undetermined,,,,,,,,,,,0,,0,,0,,0,,,," ",0,0,,,0,0,0,0,,
8173,"Sb 15215","MDP 06, 393",Scheil1905MDP6,primary,393,,"Susa (mod. Shush)","Proto-Elamite (ca. 3100-2900 BC)",,"Louvre Museum, Paris, France",Administrative,clay,tablet,58.0,15.0,47.0,,,,,,,Fair,,75%,undetermined,,,,,,,,,,,0,,0,,0,,0,,,," ",0,0,,,0,0,0,0,,
8174,"Sb 15216","MDP 06, 394",Scheil1905MDP6,primary,394,,"Susa (mod. Shush)","Proto-Elamite (ca. 3100-2900 BC)",,"Louvre Museum, Paris, France",Administrative,clay,tablet,60.0,16.0,34.0,,,,,,,Poor,,75%,undetermined,,,,,,,,,,,0,,0,,0,,0,,,," ",0,0,,,0,0,0,0,,
8175,"Sb 15217","MDP 06, 395",Scheil1905MDP6,primary,395,,"Susa (mod. Shush)","Proto-Elamite (ca. 3100-2900 BC)",,"Louvre Museum, Paris, France",Administrative,clay,tablet,56.0,16.0,46.0,,,,,,,Good,,75%,undetermined,,,,,,,,,,,0,,0,,0,,0,,,," ",0,0,,,0,0,0,0,,
8176,"Sb 15218","MDP 06, 396",Scheil1905MDP6,primary,396,,"Susa (mod. Shush)","Proto-Elamite (ca. 3100-2900 BC)",,"Louvre Museum, Paris, France",Administrative,clay,tablet,43.0,17.0,43.0,,,,,,,Good,,50%,undetermined,,,,,,,,,,,0,,0,,0,,0,,,," ",0,0,,,0,0,0,0,,
8177,"Sb 15219","MDP 06, 397",Scheil1905MDP6,primary,397,,"Susa (mod. Shush)","Proto-Elamite (ca. 3100-2900 BC)",,"Louvre Museum, Paris, France",Administrative,clay,tablet,55.0,14.0,41.0,,,,,,,Fair,,complete,undetermined,,,,,,,,,,,0,,0,,0,,0,,,," ",0,0,,,0,0,0,0,,
8178,"Sb 15220","MDP 06, 398",Scheil1905MDP6,primary,398,,"Susa (mod. Shush)","Proto-Elamite (ca. 3100-2900 BC)",,"Louvre Museum, Paris, France",Administrative,clay,tablet,46.0,20.0,53.0,,,,,,,Good,,fragment,undetermined,,,,,,,,,,,0,,0,,0,,0,,,," ",0,0,,,0,0,0,0,,
8179,"Sb 15221","MDP 06, 399",Scheil1905MDP6,primary,399,,"Susa (mod. Shush)","Proto-Elamite (ca. 3100-2900 BC)",,"Louvre Museum, Paris, France",Administrative,clay,tablet,76.0,17.0,56.0,,,,,"Presumably found in Trench 7",,Good,,75%,undetermined,,,,,,,,,,,0,,0,,0,,0,,,," ",0,0,,,0,0,0,0,,
8180,unknown,"MDP 06, 400",Scheil1905MDP6,primary,400,,"Susa (mod. Shush)","Proto-Elamite (ca. 3100-2900 BC)",,,Administrative,clay,tablet,,,,,,,,,,,,,undetermined,,,,,,,,,,,0,,0,,0,,0,,,," ",0,0,,,0,0,0,0,,
8181,"Sb 15224","MDP 06, 4993",Scheil1905MDP6,primary,4993,,"Susa (mod. Shush)","Proto-Elamite (ca. 3100-2900 BC)",,"Louvre Museum, Paris, France",Administrative,clay,tablet,62.0,16.0,44.0,,,,,,,Good,,75%,undetermined,,,,,,,,,,,0,,0,,0,,0,,,," ",0,0,,,0,0,0,0,,
8182,"Sb 15226","MDP 06, 4994",Scheil1905MDP6,primary,4994,,"Susa (mod. Shush)","Proto-Elamite (ca. 3100-2900 BC)",,"Louvre Museum, Paris, France",Administrative,clay,tablet,73.0,16.0,40.0,,,,,,,Good,,complete,undetermined,,,,,,,,,,,0,,0,,0,,0,,,," ",0,0,,,0,0,0,0,,
8183,"Sb 15225","MDP 06, 4995",Scheil1905MDP6,primary,4995,,"Susa (mod. Shush)","Proto-Elamite (ca. 3100-2900 BC)",,"Louvre Museum, Paris, France",Administrative,clay,tablet,69.0,16.0,40.0,,,,,,,Fair,,75%,undetermined,,,,,,,,,,,0,,0,,0,,0,,,," ",0,0,,,0,0,0,0,,
8184,"Sb 15227","MDP 06, 4996",Scheil1905MDP6,primary,4996,,"Susa (mod. Shush)","Proto-Elamite (ca. 3100-2900 BC)",,"Louvre Museum, Paris, France",Administrative,clay,tablet,59.0,13.0,31.0,,,,,,,Excellent,,75%,undetermined,,,,,,,,,,,0,,0,,0,,0,,,," ",0,0,,,0,0,0,0,,
8185,"Sb 15228","MDP 06, 4997","Damerow1989Yahya; Englund1993Bookkeeping; Nissen1991FrüheSchrift; Scheil1905MDP6","history; history; history; primary","fn 153; Bookeeping 077-079; 118-121; 4997","; ; ; ","Susa (mod. Shush)","Proto-Elamite (ca. 3100-2900 BC)",,"Louvre Museum, Paris, France",Administrative,clay,tablet,91.0,17.0,68.0,,,,,,,Excellent,,75%,undetermined,,,,,,,,,,,0,,0,,0,,0,,,," ",0,0,,,0,0,0,0,,
8186,"Sb 15230","MDP 06, 4999",Scheil1905MDP6,primary,4999,,"Susa (mod. Shush)","Proto-Elamite (ca. 3100-2900 BC)",,"Louvre Museum, Paris, France",Administrative,clay,tablet,86.0,16.0,62.0,,,,,,,Fair,,complete,undetermined,,,,,,,,,,,0,,0,,0,,0,,,," ",0,0,,,0,0,0,0,,
8188,"Sb 15232","MDP 06, 5002",Scheil1905MDP6,primary,5002,,"Susa (mod. Shush)","Proto-Elamite (ca. 3100-2900 BC)",,"Louvre Museum, Paris, France",Administrative,clay,tablet,78.0,16.0,52.0,,,,,,,Good,,75%,undetermined,,,,,,,,,,,0,,0,,0,,0,,,," ",0,0,,,0,0,0,0,,
8189,"Sb 15233","MDP 06, 5003",Scheil1905MDP6,primary,5003,,"Susa (mod. Shush)","Proto-Elamite (ca. 3100-2900 BC)",,"Louvre Museum, Paris, France",Administrative,clay,tablet,61.0,18.0,42.0,,,,,,,Fair,,fragment,undetermined,,,,,,,,,,,0,,0,,0,,0,,,," ",0,0,,,0,0,0,0,,
8190,"Sb 15234","MDP 06, 5004",Scheil1905MDP6,primary,5004,,"Susa (mod. Shush)","Proto-Elamite (ca. 3100-2900 BC)",,"Louvre Museum, Paris, France",Administrative,clay,tablet,48.0,15.0,46.0,,,,,,,Fair,,fragment,undetermined,,,,,,,,,,,0,,0,,0,,0,,,," ",0,0,,,0,0,0,0,,
8191,"Sb 15235","MDP 06, 5005",Scheil1905MDP6,primary,5005,,"Susa (mod. Shush)","Proto-Elamite (ca. 3100-2900 BC)",,"Louvre Museum, Paris, France",Administrative,clay,tablet,20.0,15.0,32.0,,,,,,,Good,,fragment,undetermined,,,,,,,,,,,0,,0,,0,,0,,,," ",0,0,,,0,0,0,0,,
8192,"Sb 15236","MDP 06, 5006",Scheil1905MDP6,primary,5006,,"Susa (mod. Shush)","Proto-Elamite (ca. 3100-2900 BC)",,"Louvre Museum, Paris, France",Administrative,clay,tablet,30.0,11.0,22.0,,,,,,,Good,,25%,undetermined,,,,,,,,,,,0,,0,,0,,0,,,," ",0,0,,,0,0,0,0,,
8193,"Sb 15237","MDP 06, 5007",Scheil1905MDP6,primary,5007,,"Susa (mod. Shush)","Proto-Elamite (ca. 3100-2900 BC)",,"Louvre Museum, Paris, France",Administrative,clay,tablet,70.0,15.0,40.0,,,,,,,Fair,,fragment,undetermined,,,,,,,,,,,0,,0,,0,,0,,,," ",0,0,,,0,0,0,0,,
8194,"Sb 15238","MDP 06, 5009",Scheil1905MDP6,primary,5009,,"Susa (mod. Shush)","Proto-Elamite (ca. 3100-2900 BC)",,"Louvre Museum, Paris, France",Administrative,clay,tablet,45.0,18.0,64.0,,,,,,,Good,,fragment,undetermined,,,,,,,,,,,0,,0,,0,,0,,,," ",0,0,,,0,0,0,0,,
8195,"Sb 06379","MDP 06, 5013",Scheil1905MDP6,primary,5013,,"Susa (mod. Shush)","Proto-Elamite (ca. 3100-2900 BC)",,"Louvre Museum, Paris, France",Administrative,clay,tablet,,,,,,,,,,,,,undetermined,,,,,,,,,,,0,,0,,0,"PES0329? (CT)",0,,,," ",0,0,,,0,0,0,0,,
8196,"Sb 15239","MDP 06, 5014",Scheil1905MDP6,primary,5014,,"Susa (mod. Shush)","Proto-Elamite (ca. 3100-2900 BC)",,"Louvre Museum, Paris, France",Administrative,clay,tablet,36.0,26.0,60.0,,,,,,,Good,,25%,undetermined,,,,,,,,,,,0,,0,,0,,0,,,," ",0,0,,,0,0,0,0,,
8197,unknown,"MDP 06, 5015",Scheil1905MDP6,primary,5015,,"Susa (mod. Shush)","Proto-Elamite (ca. 3100-2900 BC)",,,Administrative,clay,tablet,,,,,,,,,,,,,undetermined,,,,,,,,,,,0,,0,,0,,0,,,," ",0,0,,,0,0,0,0,,
8198,"Sb 15240","MDP 06, 5054",Scheil1905MDP6,primary,5054,,"Susa (mod. Shush)","Proto-Elamite (ca. 3100-2900 BC)",,"Louvre Museum, Paris, France",Administrative,clay,tablet,54.0,15.0,41.0,,,,,,,Poor,,complete,undetermined,,,,,,,,,,,0,,0,,0,,0,,,," ",0,0,,,0,0,0,0,,
8199,"Sb 22204","MDP 17, 001",Scheil1923MDP17,primary,1,,"Susa (mod. Shush)","Proto-Elamite (ca. 3100-2900 BC)",,"Louvre Museum, Paris, France",Administrative,clay,tablet,56.0,16.0,45.0,,,,,,,Good,,complete,undetermined,,,,,,,,,,,0,,0,,0,,0,,,," ",0,0,,,0,0,0,0,,
8200,"Sb 06332","MDP 17, 002",Scheil1923MDP17,primary,2,,"Susa (mod. Shush)","Proto-Elamite (ca. 3100-2900 BC)",,"Louvre Museum, Paris, France",Administrative,clay,tablet,54.0,16.0,39.0,,,,,,,Good,,complete,undetermined,,,,,,,,,,"Fouilles J. de Morgan (1907)",0,,0,,0,,0,,,," ",0,0,,,0,0,0,0,,
8201,"Sb 22205","MDP 17, 003",Scheil1923MDP17,primary,3,,"Susa (mod. Shush)","Proto-Elamite (ca. 3100-2900 BC)",,"Louvre Museum, Paris, France",Administrative,clay,tablet,60.0,15.0,48.0,,,,,,,Excellent,,complete,undetermined,,,,,,,,,,,0,,0,,0,,0,,,," ",0,0,,,0,0,0,0,,
8202,"Sb 22206","MDP 17, 004",Scheil1923MDP17,primary,4,,"Susa (mod. Shush)","Proto-Elamite (ca. 3100-2900 BC)",,"Louvre Museum, Paris, France",Administrative,clay,tablet,51.0,14.0,33.0,,,,,,,Good,,75%,undetermined,,,,,,,,,,,0,,0,,0,,0,,,," ",0,0,,,0,0,0,0,,
8203,"Sb 22207","MDP 17, 005",Scheil1923MDP17,primary,5,,"Susa (mod. Shush)","Proto-Elamite (ca. 3100-2900 BC)",,"Louvre Museum, Paris, France",Administrative,clay,tablet,60.0,16.0,46.0,,,,,,,Good,,75%,undetermined,,,,,,,,,,,0,,0,,0,,0,,,," ",0,0,,,0,0,0,0,,
8204,"Sb 22208","MDP 17, 006",Scheil1923MDP17,primary,6,,"Susa (mod. Shush)","Proto-Elamite (ca. 3100-2900 BC)",,"Louvre Museum, Paris, France",Administrative,clay,tablet,42.0,10.0,27.0,,,,,,,Excellent,,complete,undetermined,,,,,,,,,,,0,,0,,0,,0,,,," ",0,0,,,0,0,0,0,,
8205,"Sb 22209","MDP 17, 007",Scheil1923MDP17,primary,7,,"Susa (mod. Shush)","Proto-Elamite (ca. 3100-2900 BC)",,"Louvre Museum, Paris, France",Administrative,clay,tablet,59.0,16.0,44.0,,,,,,,Good,,complete,undetermined,,,,,,,,,,,0,,0,,0,,0,,,," ",0,0,,,0,0,0,0,,
8206,"Sb 22210","MDP 17, 008",Scheil1923MDP17,primary,8,,"Susa (mod. Shush)","Proto-Elamite (ca. 3100-2900 BC)",,"Louvre Museum, Paris, France",Administrative,clay,tablet,53.0,16.0,44.0,,,,,,,Good,,complete,undetermined,,,,,,,,,,,0,,0,,0,,0,,,," ",0,0,,,0,0,0,0,,
8207,"Sb 22211","MDP 17, 009",Scheil1923MDP17,primary,9,,"Susa (mod. Shush)","Proto-Elamite (ca. 3100-2900 BC)",,"Louvre Museum, Paris, France",Administrative,clay,tablet,68.0,16.0,54.0,,,,,,,Fair,,75%,undetermined,,,,,,,,,,,0,,0,,0,,0,,,," ",0,0,,,0,0,0,0,,
8208,"Sb 06399","MDP 17, 010",Scheil1923MDP17,primary,10,,"Susa (mod. Shush)","Proto-Elamite (ca. 3100-2900 BC)",,"Louvre Museum, Paris, France",Administrative,clay,tablet,70.0,17.0,49.0,,,,,,,Good,,75%,undetermined,,,,,,,,,,"Fouilles J. de Morgan (1907)",0,,0,,0,,0,,,," ",0,0,,,0,0,0,0,,
8210,"Sb 22212","MDP 17, 012",Scheil1923MDP17,primary,12,,"Susa (mod. Shush)","Proto-Elamite (ca. 3100-2900 BC)",,"Louvre Museum, Paris, France",Administrative,clay,tablet,64.0,20.0,37.0,,,,,,,Excellent,,complete,undetermined,,,,,,,,,,,0,,0,,0,,0,,,," ",0,0,,,0,0,0,0,,
8211,"Sb 15373 ?","MDP 17, 013",Scheil1923MDP17,primary,13,,"Susa (mod. Shush)","Proto-Elamite (ca. 3100-2900 BC)",,"Louvre Museum, Paris, France",Administrative,clay,tablet,,,,,,,,,,,,,undetermined,,,,,,,,,,,0,,0,,0,,0,,,," ",0,0,,,0,0,0,0,,
8212,"Sb 22213","MDP 17, 014",Scheil1923MDP17,primary,14,,"Susa (mod. Shush)","Proto-Elamite (ca. 3100-2900 BC)",,"Louvre Museum, Paris, France",Administrative,clay,tablet,40.0,16.0,27.0,,,,,,,Fair,,complete,undetermined,,,,,,,,,,,0,,0,,0,,0,,,," ",0,0,,,0,0,0,0,,
8213,"Sb 22214","MDP 17, 015",Scheil1923MDP17,primary,15,,"Susa (mod. Shush)","Proto-Elamite (ca. 3100-2900 BC)",,"Louvre Museum, Paris, France",Administrative,clay,tablet,42.0,13.0,30.0,,,,,,,Excellent,,complete,undetermined,,,,,,,,,,,0,,0,,0,,0,,,," ",0,0,,,0,0,0,0,,
8214,"Sb 04841","MDP 17, 016",Scheil1923MDP17,primary,16,,"Susa (mod. Shush)","Proto-Elamite (ca. 3100-2900 BC)",,"Louvre Museum, Paris, France",Administrative,clay,tablet,,,,,,,,,,,,,undetermined,,,,,,,,,,,0,,0,,0,,0,,,," ",0,0,,,0,0,0,0,,
8215,"Sb 22215","MDP 17, 017",Scheil1923MDP17,primary,17,,"Susa (mod. Shush)","Proto-Elamite (ca. 3100-2900 BC)",,"Louvre Museum, Paris, France",Administrative,clay,tablet,76.0,19.0,50.0,,,,,,,Good,,complete,undetermined,,,,,,,,,,,0,,0,,0,,0,,,," ",0,0,,,0,0,0,0,,
8216,"Sb 22216","MDP 17, 018",Scheil1923MDP17,primary,18,,"Susa (mod. Shush)","Proto-Elamite (ca. 3100-2900 BC)",,"Louvre Museum, Paris, France",Administrative,clay,tablet,82.0,19.0,56.0,,,,,,,Poor,,complete,undetermined,,,,,,,,,,,0,,0,,0,,0,,,," ",0,0,,,0,0,0,0,,
8217,"Sb 22217","MDP 17, 019",Scheil1923MDP17,primary,19,,"Susa (mod. Shush)","Proto-Elamite (ca. 3100-2900 BC)",,"Louvre Museum, Paris, France",Administrative,clay,tablet,52.0,19.0,37.0,,,,,,,Good,,complete,undetermined,,,,,,,,,,,0,,0,,0,,0,,,," ",0,0,,,0,0,0,0,,
8219,"Sb 22219","MDP 17, 021",Scheil1923MDP17,primary,21,,"Susa (mod. Shush)","Proto-Elamite (ca. 3100-2900 BC)",,"Louvre Museum, Paris, France",Administrative,clay,tablet,66.0,22.0,37.0,,,,,,,Good,,complete,undetermined,,,,,,,,,,,0,,0,,0,,0,,,," ",0,0,,,0,0,0,0,,
8220,"Sb 22220","MDP 17, 022",Scheil1923MDP17,primary,22,,"Susa (mod. Shush)","Proto-Elamite (ca. 3100-2900 BC)",,"Louvre Museum, Paris, France",Administrative,clay,tablet,67.0,19.0,37.0,,,,,,,Good,,complete,undetermined,,,,,,,,,,,0,,0,,0,,0,,,," ",0,0,,,0,0,0,0,,
8221,"Sb 22221","MDP 17, 023",Scheil1923MDP17,primary,23,,"Susa (mod. Shush)","Proto-Elamite (ca. 3100-2900 BC)",,"Louvre Museum, Paris, France",Administrative,clay,tablet,60.0,21.0,52.0,,,,,,,Good,,complete,undetermined,,,,,,,,,,,0,,0,,0,,0,,,," ",0,0,,,0,0,0,0,,
8222,"Sb 22222","MDP 17, 024",Scheil1923MDP17,primary,24,,"Susa (mod. Shush)","Proto-Elamite (ca. 3100-2900 BC)",,"Louvre Museum, Paris, France",Administrative,clay,tablet,60.0,18.0,41.0,,,,,,,Fair,,75%,undetermined,,,,,,,,,,,0,,0,,0,,0,,,," ",0,0,,,0,0,0,0,,
8223,"Sb 22223","MDP 17, 025",Scheil1923MDP17,primary,25,,"Susa (mod. Shush)","Proto-Elamite (ca. 3100-2900 BC)",,"Louvre Museum, Paris, France",Administrative,clay,tablet,56.0,15.0,42.0,,,,,,,Good,,complete,undetermined,,,,,,,,,,,0,,0,,0,,0,,,," ",0,0,,,0,0,0,0,,
8224,"Sb 06333","MDP 17, 026",Scheil1923MDP17,primary,26,,"Susa (mod. Shush)","Proto-Elamite (ca. 3100-2900 BC)",,"Louvre Museum, Paris, France",Administrative,clay,tablet,68.0,15.0,43.0,,,,,,,Fair,,complete,undetermined,,,,,,,,,,,0,,0,,0,,0,,,," ",0,0,,,0,0,0,0,,
8225,"Sb 22224","MDP 17, 027",Scheil1923MDP17,primary,27,,"Susa (mod. Shush)","Proto-Elamite (ca. 3100-2900 BC)",,"Louvre Museum, Paris, France",Administrative,clay,tablet,67.0,17.0,57.0,,,,,,,Fair,,complete,undetermined,,,,,,,,,,,0,,0,,0,,0,,,," ",0,0,,,0,0,0,0,,
8227,"Sb 22226","MDP 17, 029",Scheil1923MDP17,primary,29,,"Susa (mod. Shush)","Proto-Elamite (ca. 3100-2900 BC)",,"Louvre Museum, Paris, France",Administrative,clay,tablet,93.0,27.0,57.0,,,,,,,Fair,,75%,undetermined,,,,,,,,,,,0,,0,,0,,0,,,," ",0,0,,,0,0,0,0,,
8228,"Sb 22227","MDP 17, 030",Scheil1923MDP17,primary,30,,"Susa (mod. Shush)","Proto-Elamite (ca. 3100-2900 BC)",,"Louvre Museum, Paris, France",Administrative,clay,tablet,51.0,14.0,35.0,,,,,,,Fair,,complete,undetermined,,,,,,,,,,,0,,0,,0,,0,,,," ",0,0,,,0,0,0,0,,
8229,"Sb 22228","MDP 17, 031",Scheil1923MDP17,primary,31,,"Susa (mod. Shush)","Proto-Elamite (ca. 3100-2900 BC)",,"Louvre Museum, Paris, France",Administrative,clay,tablet,71.0,17.0,49.0,,,,,,,Good,,75%,undetermined,,,,,,,,,,,0,,0,,0,,0,,,," ",0,0,,,0,0,0,0,,
8230,"Sb 22229","MDP 17, 032",Scheil1923MDP17,primary,32,,"Susa (mod. Shush)","Proto-Elamite (ca. 3100-2900 BC)",,"Louvre Museum, Paris, France",Administrative,clay,tablet,63.0,15.0,46.0,,,,,,,Good,,75%,undetermined,,,,,,,,,,,0,,0,,0,,0,,,," ",0,0,,,0,0,0,0,,
8231,"Sb 22230","MDP 17, 033",Scheil1923MDP17,primary,33,,"Susa (mod. Shush)","Proto-Elamite (ca. 3100-2900 BC)",,"Louvre Museum, Paris, France",Administrative,clay,tablet,49.0,14.0,37.0,,,,,,,Poor,,complete,undetermined,,,,,,,,,,,0,,0,,0,,0,,,," ",0,0,,,0,0,0,0,,
8232,"Sb 22231","MDP 17, 034",Scheil1923MDP17,primary,34,,"Susa (mod. Shush)","Proto-Elamite (ca. 3100-2900 BC)",,"Louvre Museum, Paris, France",Administrative,clay,tablet,66.0,25.0,50.0,,,,,,,Excellent,,complete,undetermined,,,,,,,,,,,0,,0,,0,,0,,,," ",0,0,,,0,0,0,0,,
8233,"Sb 15568","MDP 17, 035",Scheil1923MDP17,primary,35,,"Susa (mod. Shush)","Proto-Elamite (ca. 3100-2900 BC)",,"Louvre Museum, Paris, France",Administrative,clay,tablet,,,,,,,,,,,,,undetermined,,,,,,,,,,,0,,0,,0,,0,,,," ",0,0,,,0,0,0,0,,
8234,"Sb 22232","MDP 17, 036",Scheil1923MDP17,primary,36,,"Susa (mod. Shush)","Proto-Elamite (ca. 3100-2900 BC)",,"Louvre Museum, Paris, France",Administrative,clay,tablet,89.0,17.0,58.0,,,,,,,Fair,,75%,undetermined,,,,,,,,,,,0,,0,,0,,0,,,," ",0,0,,,0,0,0,0,,
8235,"Sb 22233","MDP 17, 037",Scheil1923MDP17,primary,37,,"Susa (mod. Shush)","Proto-Elamite (ca. 3100-2900 BC)",,"Louvre Museum, Paris, France",Administrative,clay,tablet,54.0,25.0,32.0,,,,,,,Good,,50%,undetermined,,,,,,,,,,,0,,0,,0,,0,,,," ",0,0,,,0,0,0,0,,
8236,"Sb 06411","MDP 17, 038",Scheil1923MDP17,primary,38,,"Susa (mod. Shush)","Proto-Elamite (ca. 3100-2900 BC)",,"Louvre Museum, Paris, France",Administrative,clay,tablet,55.0,21.0,42.0,,,,,,,Good,,complete,undetermined,,,,,,,,,,,0,,0,,0,,0,,,," ",0,0,,,0,0,0,0,,
8237,"Sb 22234","MDP 17, 039",Scheil1923MDP17,primary,39,,"Susa (mod. Shush)","Proto-Elamite (ca. 3100-2900 BC)",,"Louvre Museum, Paris, France",Administrative,clay,tablet,39.0,17.0,26.0,,,,,,,Excellent,,complete,undetermined,,,,,,,,,,,0,,0,,0,,0,,,," ",0,0,,,0,0,0,0,,
8238,"Sb 22235","MDP 17, 040",Scheil1923MDP17,primary,40,,"Susa (mod. Shush)","Proto-Elamite (ca. 3100-2900 BC)",,"Louvre Museum, Paris, France",Administrative,clay,tablet,84.0,23.0,45.0,,,,,,,Fair,,complete,undetermined,,,,,,,,,,,0,,0,,0,,0,,,," ",0,0,,,0,0,0,0,,
8239,"Sb 22236","MDP 17, 041",Scheil1923MDP17,primary,41,,"Susa (mod. Shush)","Proto-Elamite (ca. 3100-2900 BC)",,"Louvre Museum, Paris, France",Administrative,clay,tablet,88.0,21.0,61.0,,,,,,,Fair,,complete,undetermined,,,,,,,,,,,0,,0,,0,,0,,,," ",0,0,,,0,0,0,0,,
8240,"Sb 22237","MDP 17, 042",Scheil1923MDP17,primary,42,,"Susa (mod. Shush)","Proto-Elamite (ca. 3100-2900 BC)",,"Louvre Museum, Paris, France",Administrative,clay,tablet,70.0,16.0,37.0,,,,,,,Good,,75%,undetermined,,,,,,,,,,,0,,0,,0,,0,,,," ",0,0,,,0,0,0,0,,
8241,"Sb 22238","MDP 17, 043",Scheil1923MDP17,primary,43,,"Susa (mod. Shush)","Proto-Elamite (ca. 3100-2900 BC)",,"Louvre Museum, Paris, France",Administrative,clay,tablet,88.0,26.0,67.0,,,,,,,Good,,75%,undetermined,,,,,,,,,,,0,,0,,0,,0,,,," ",0,0,,,0,0,0,0,,
8242,"Sb 04842","MDP 17, 044",Scheil1923MDP17,primary,44,,"Susa (mod. Shush)","Proto-Elamite (ca. 3100-2900 BC)",,"Louvre Museum, Paris, France",Administrative,clay,tablet,,,,,,,,,,,,,undetermined,,,,,,,,,,"Fouilles J. de Morgan (1907)",0,,0,,0,,0,,,," ",0,0,,,0,0,0,0,,
8243,"Sb 19162","MDP 17, 045",Scheil1923MDP17,primary,45,,"Susa (mod. Shush)","Proto-Elamite (ca. 3100-2900 BC)",,"Louvre Museum, Paris, France",Administrative,clay,tablet,,,,,,,,,,,,,undetermined,,,,,,,,,,,0,,0,,0,,0,,,," ",0,0,,,0,0,0,0,,
8244,"Sb 22239","MDP 17, 046",Scheil1923MDP17,primary,46,,"Susa (mod. Shush)","Proto-Elamite (ca. 3100-2900 BC)",,"Louvre Museum, Paris, France",Administrative,clay,tablet,58.0,22.0,46.0,,,,,,,Good,,complete,undetermined,,,,,,,,,,,0,,0,,0,,0,,,," ",0,0,,,0,0,0,0,,
8245,"Sb 22240","MDP 17, 047",Scheil1923MDP17,primary,47,,"Susa (mod. Shush)","Proto-Elamite (ca. 3100-2900 BC)",,"Louvre Museum, Paris, France",Administrative,clay,tablet,53.0,13.0,37.0,,,,,,,Good,,75%,undetermined,,,,,,,,,,,0,,0,,0,,0,,,," ",0,0,,,0,0,0,0,,
8246,"Sb 22241","MDP 17, 048",Scheil1923MDP17,primary,48,,"Susa (mod. Shush)","Proto-Elamite (ca. 3100-2900 BC)",,"Louvre Museum, Paris, France",Administrative,clay,tablet,82.0,18.0,55.0,,,,,,,Good,,75%,undetermined,,,,,,,,,,,0,,0,,0,,0,,,," ",0,0,,,0,0,0,0,,
8247,"Sb 22242","MDP 17, 049",Scheil1923MDP17,primary,49,,"Susa (mod. Shush)","Proto-Elamite (ca. 3100-2900 BC)",,"Louvre Museum, Paris, France",Administrative,clay,tablet,59.0,19.0,49.0,,,,,,,Fair,,75%,undetermined,,,,,,,,,,,0,,0,,0,,0,,,," ",0,0,,,0,0,0,0,,
8248,"Sb 22243","MDP 17, 050",Scheil1923MDP17,primary,50,,"Susa (mod. Shush)","Proto-Elamite (ca. 3100-2900 BC)",,"Louvre Museum, Paris, France",Administrative,clay,tablet,43.0,16.0,31.0,,,,,,,Excellent,,complete,undetermined,,,,,,,,,,,0,,0,,0,,0,,,," ",0,0,,,0,0,0,0,,
8249,"Sb 22244","MDP 17, 051",Scheil1923MDP17,primary,51,,"Susa (mod. Shush)","Proto-Elamite (ca. 3100-2900 BC)",,"Louvre Museum, Paris, France",Administrative,clay,tablet,62.0,20.0,34.0,,,,,,,Fair,,75%,undetermined,,,,,,,,,,,0,,0,,0,,0,,,," ",0,0,,,0,0,0,0,,
8250,"Sb 22245","MDP 17, 052",Scheil1923MDP17,primary,52,,"Susa (mod. Shush)","Proto-Elamite (ca. 3100-2900 BC)",,"Louvre Museum, Paris, France",Administrative,clay,tablet,50.0,19.0,36.0,,,,,,,Good,,50%,undetermined,,,,,,,,,,,0,,0,,0,,0,,,," ",0,0,,,0,0,0,0,,
8251,"Sb 22246","MDP 17, 053",Scheil1923MDP17,primary,53,,"Susa (mod. Shush)","Proto-Elamite (ca. 3100-2900 BC)",,"Louvre Museum, Paris, France",Administrative,clay,tablet,50.0,15.0,35.0,,,,,,,Poor,,complete,undetermined,,,,,,,,,,,0,,0,,0,,0,,,," ",0,0,,,0,0,0,0,,
8252,"Sb 22247","MDP 17, 054",Scheil1923MDP17,primary,54,,"Susa (mod. Shush)","Proto-Elamite (ca. 3100-2900 BC)",,"Louvre Museum, Paris, France",Administrative,clay,tablet,65.0,14.0,50.0,,,,,,,Fair,,50%,undetermined,,,,,,,,,,,0,,0,,0,,0,,,," ",0,0,,,0,0,0,0,,
8253,"Sb 22248","MDP 17, 055",Scheil1923MDP17,primary,55,,"Susa (mod. Shush)","Proto-Elamite (ca. 3100-2900 BC)",,"Louvre Museum, Paris, France",Administrative,clay,tablet,50.0,22.0,37.0,,,,,,,Poor,,complete,undetermined,,,,,,,,,,,0,,0,,0,,0,,,," ",0,0,,,0,0,0,0,,
8254,"Sb 22249","MDP 17, 056",Scheil1923MDP17,primary,56,,"Susa (mod. Shush)","Proto-Elamite (ca. 3100-2900 BC)",,"Louvre Museum, Paris, France",Administrative,clay,tablet,45.0,13.0,30.0,,,,,,,Good,,75%,undetermined,,,,,,,,,,,0,,0,,0,,0,,,," ",0,0,,,0,0,0,0,,
8255,"Sb 06316","MDP 17, 057",Scheil1923MDP17,primary,57,,"Susa (mod. Shush)","Proto-Elamite (ca. 3100-2900 BC)",,"Louvre Museum, Paris, France",Administrative,clay,tablet,46.0,17.0,31.0,,,,,,,Excellent,,complete,undetermined,,,,,,,,,,,0,,0,,0,,0,,,," ",0,0,,,0,0,0,0,,
8257,"Sb 22251","MDP 17, 059",Scheil1923MDP17,primary,59,,"Susa (mod. Shush)","Proto-Elamite (ca. 3100-2900 BC)",,"Louvre Museum, Paris, France",Administrative,clay,tablet,40.0,17.0,30.0,,,,,,,Good,,75%,undetermined,,,,,,,,,,,0,,0,,0,,0,,,," ",0,0,,,0,0,0,0,,
8258,"Sb 22252","MDP 17, 060",Scheil1923MDP17,primary,60,,"Susa (mod. Shush)","Proto-Elamite (ca. 3100-2900 BC)",,"Louvre Museum, Paris, France",Administrative,clay,tablet,43.0,16.0,32.0,,,,,,,Fair,,complete,undetermined,,,,,,,,,,,0,,0,,0,,0,,,," ",0,0,,,0,0,0,0,,
8259,"Sb 22253","MDP 17, 061",Scheil1923MDP17,primary,61,,"Susa (mod. Shush)","Proto-Elamite (ca. 3100-2900 BC)",,"Louvre Museum, Paris, France",Administrative,clay,tablet,56.0,20.0,36.0,,,,,,,Fair,,complete,undetermined,,,,,,,,,,,0,,0,,0,,0,,,," ",0,0,,,0,0,0,0,,
8260,"Sb 22254","MDP 17, 062",Scheil1923MDP17,primary,62,,"Susa (mod. Shush)","Proto-Elamite (ca. 3100-2900 BC)",,"Louvre Museum, Paris, France",Administrative,clay,tablet,71.0,15.0,35.0,,,,,,,Good,,50%,undetermined,,,,,,,,,,,0,,0,,0,,0,,,," ",0,0,,,0,0,0,0,,
8261,"Sb 22255","MDP 17, 063",Scheil1923MDP17,primary,63,,"Susa (mod. Shush)","Proto-Elamite (ca. 3100-2900 BC)",,"Louvre Museum, Paris, France",Administrative,clay,tablet,42.0,19.0,34.0,,,,,,,Good,,complete,undetermined,,,,,,,,,,,0,,0,,0,,0,,,," ",0,0,,,0,0,0,0,,
8262,"Sb 22256","MDP 17, 064",Scheil1923MDP17,primary,64,,"Susa (mod. Shush)","Proto-Elamite (ca. 3100-2900 BC)",,"Louvre Museum, Paris, France",Administrative,clay,tablet,52.0,14.0,36.0,,,,,,,Fair,,75%,undetermined,,,,,,,,,,,0,,0,,0,,0,,,," ",0,0,,,0,0,0,0,,
8263,"Sb 22257","MDP 17, 065",Scheil1923MDP17,primary,65,,"Susa (mod. Shush)","Proto-Elamite (ca. 3100-2900 BC)",,"Louvre Museum, Paris, France",Administrative,clay,tablet,34.0,9.0,28.0,,,,,,,Good,,complete,undetermined,,,,,,,,,,,0,,0,,0,,0,,,," ",0,0,,,0,0,0,0,,
8264,"Sb 22258","MDP 17, 066",Scheil1923MDP17,primary,66,,"Susa (mod. Shush)","Proto-Elamite (ca. 3100-2900 BC)",,"Louvre Museum, Paris, France",Administrative,clay,tablet,31.0,11.0,27.0,,,,,,,Good,,complete,undetermined,,,,,,,,,,,0,,0,,0,,0,,,," ",0,0,,,0,0,0,0,,
8265,"Sb 22259","MDP 17, 067",Scheil1923MDP17,primary,67,,"Susa (mod. Shush)","Proto-Elamite (ca. 3100-2900 BC)",,"Louvre Museum, Paris, France",Administrative,clay,tablet,62.0,17.0,46.0,,,,,,,Fair,,75%,undetermined,,,,,,,,,,,0,,0,,0,,0,,,," ",0,0,,,0,0,0,0,,
8266,"Sb 22260","MDP 17, 068",Scheil1923MDP17,primary,68,,"Susa (mod. Shush)","Proto-Elamite (ca. 3100-2900 BC)",,"Louvre Museum, Paris, France",Administrative,clay,tablet,40.0,17.0,37.0,,,,,,,Excellent,,50%,undetermined,,,,,,,,,,,0,,0,,0,,0,,,," ",0,0,,,0,0,0,0,,
8267,"Sb 22261","MDP 17, 069",Scheil1923MDP17,primary,69,,"Susa (mod. Shush)","Proto-Elamite (ca. 3100-2900 BC)",,"Louvre Museum, Paris, France",Administrative,clay,tablet,35.0,15.0,25.0,,,,,,,Good,,complete,undetermined,,,,,,,,,,,0,,0,,0,,0,,,," ",0,0,,,0,0,0,0,,
8269,"Sb 22263","MDP 17, 071",Scheil1923MDP17,primary,71,,"Susa (mod. Shush)","Proto-Elamite (ca. 3100-2900 BC)",,"Louvre Museum, Paris, France",Administrative,clay,tablet,49.0,18.0,39.0,,,,,,,Fair,,75%,undetermined,,,,,,,,,,,0,,0,,0,,0,,,," ",0,0,,,0,0,0,0,,
8270,"Sb 22264","MDP 17, 072",Scheil1923MDP17,primary,72,,"Susa (mod. Shush)","Proto-Elamite (ca. 3100-2900 BC)",,"Louvre Museum, Paris, France",Administrative,clay,tablet,45.0,16.0,36.0,,,,,,,Fair,,75%,undetermined,,,,,,,,,,,0,,0,,0,,0,,,," ",0,0,,,0,0,0,0,,
8271,"Sb 22265","MDP 17, 073",Scheil1923MDP17,primary,73,,"Susa (mod. Shush)","Proto-Elamite (ca. 3100-2900 BC)",,"Louvre Museum, Paris, France",Administrative,clay,tablet,96.0,16.0,60.0,,,,,,,Excellent,,75%,undetermined,,,,,,,,,,,0,,0,,0,,0,,,," ",0,0,,,0,0,0,0,,
8272,"Sb 22266","MDP 17, 074",Scheil1923MDP17,primary,74,,"Susa (mod. Shush)","Proto-Elamite (ca. 3100-2900 BC)",,"Louvre Museum, Paris, France",Administrative,clay,tablet,72.0,21.0,36.0,,,,,,,Fair,,50%,undetermined,,,,,,,,,,,0,,0,,0,,0,,,," ",0,0,,,0,0,0,0,,
8273,"Sb 22267","MDP 17, 075",Scheil1923MDP17,primary,75,,"Susa (mod. Shush)","Proto-Elamite (ca. 3100-2900 BC)",,"Louvre Museum, Paris, France",Administrative,clay,tablet,52.0,28.0,52.0,,,,,,,Good,,50%,undetermined,,,,,,,,,,,0,,0,,0,,0,,,," ",0,0,,,0,0,0,0,,
8274,"Sb 22268","MDP 17, 076",Scheil1923MDP17,primary,76,,"Susa (mod. Shush)","Proto-Elamite (ca. 3100-2900 BC)",,"Louvre Museum, Paris, France",Administrative,clay,tablet,63.0,17.0,41.0,,,,,,,Poor,,75%,undetermined,,,,,,,,,,,0,,0,,0,,0,,,," ",0,0,,,0,0,0,0,,
8275,"Sb 22269 + Sb 22380 + Sb 22393","MDP 17, 077 + 212 + 226",Scheil1923MDP17,primary,"77 + 212 + 226",,"Susa (mod. Shush)","Proto-Elamite (ca. 3100-2900 BC)",,"Louvre Museum, Paris, France",Administrative,clay,tablet,88.0,21.0,69.0,,,,,,,Good,,50%,undetermined,,,,,,,,"P008275 leadP008275 lead",,,0,,0,,0,,0,,,," ",0,0,,,0,0,1,0,,
8276,"Sb 22270","MDP 17, 078",Scheil1923MDP17,primary,78,,"Susa (mod. Shush)","Proto-Elamite (ca. 3100-2900 BC)",,"Louvre Museum, Paris, France",Administrative,clay,tablet,42.0,16.0,37.0,,,,,,,Fair,,75%,undetermined,,,,,,,,,,,0,,0,,0,,0,,,," ",0,0,,,0,0,0,0,,
8277,"Sb 22271","MDP 17, 079",Scheil1923MDP17,primary,79,,"Susa (mod. Shush)","Proto-Elamite (ca. 3100-2900 BC)",,"Louvre Museum, Paris, France",Administrative,clay,tablet,110.0,26.0,74.0,,,,,,,Fair,,50%,undetermined,,,,,,,,,,,0,,0,,0,,0,,,," ",0,0,,,0,0,0,0,,
8278,"Sb 22272","MDP 17, 080",Scheil1923MDP17,primary,80,,"Susa (mod. Shush)","Proto-Elamite (ca. 3100-2900 BC)",,"Louvre Museum, Paris, France",Administrative,clay,tablet,47.0,14.0,38.0,,,,,,,Good,,75%,undetermined,,,,,,,,,,,0,,0,,0,,0,,,," ",0,0,,,0,0,0,0,,
8279,"Sb 22273 + Sb 22502","MDP 17, 081 + 347",Scheil1923MDP17,primary,"81 + 347",,"Susa (mod. Shush)","Proto-Elamite (ca. 3100-2900 BC)",,"Louvre Museum, Paris, France",Administrative,clay,tablet,106.0,19.0,67.0,,,,,,,Good,,complete,undetermined,,,,,,,,"P008279 leadP008279 lead",,,0,,0,,0,,0,,,," ",0,0,,,0,0,1,0,,
8281,"Sb 22274","MDP 17, 083",Scheil1923MDP17,primary,83,,"Susa (mod. Shush)","Proto-Elamite (ca. 3100-2900 BC)",,"Louvre Museum, Paris, France",Administrative,clay,tablet,65.0,20.0,51.0,,,,,,,Fair,,75%,undetermined,,,,,,,,,,,0,,0,,0,,0,,,," ",0,0,,,0,0,0,0,,
8282,"Sb 22275","MDP 17, 084",Scheil1923MDP17,primary,84,,"Susa (mod. Shush)","Proto-Elamite (ca. 3100-2900 BC)",,"Louvre Museum, Paris, France",Administrative,clay,tablet,69.0,19.0,38.0,,,,,,,Good,,75%,undetermined,,,,,,,,,,,0,,0,,0,,0,,,," ",0,0,,,0,0,0,0,,
8283,"Sb 22276","MDP 17, 085","Dahl2005SMEA47; Scheil1923MDP17","history; primary","103; 85","; ","Susa (mod. Shush)","Proto-Elamite (ca. 3100-2900 BC)",,"Louvre Museum, Paris, France",Administrative,clay,tablet,154.0,31.0,110.0,,,,,,,Fair,,75%,undetermined,,,,,,,,,,,0,,0,,0,,0,,,," ",0,0,,,0,0,0,0,,
8284,"Sb 22277","MDP 17, 086",Scheil1923MDP17,primary,86,,"Susa (mod. Shush)","Proto-Elamite (ca. 3100-2900 BC)",,"Louvre Museum, Paris, France",Administrative,clay,tablet,88.0,25.0,44.0,,,,,,,Fair,,complete,undetermined,,,,,,,,,,,0,,0,,0,,0,,,," ",0,0,,,0,0,0,0,,
8285,"Sb 22278","MDP 17, 087",Scheil1923MDP17,primary,87,,"Susa (mod. Shush)","Proto-Elamite (ca. 3100-2900 BC)",,"Louvre Museum, Paris, France",Administrative,clay,tablet,56.0,17.0,49.0,,,,,,,Good,,50%,undetermined,,,,,,,,,,,0,,0,,0,,0,,,," ",0,0,,,0,0,0,0,,
8286,"Sb 22279","MDP 17, 088",Scheil1923MDP17,primary,88,,"Susa (mod. Shush)","Proto-Elamite (ca. 3100-2900 BC)",,"Louvre Museum, Paris, France",Administrative,clay,tablet,55.0,19.0,54.0,,,,,,,Good,,50%,undetermined,,,,,,,,,,,0,,0,,0,,0,,,," ",0,0,,,0,0,0,0,,
8287,"Sb 22280","MDP 17, 089",Scheil1923MDP17,primary,89,,"Susa (mod. Shush)","Proto-Elamite (ca. 3100-2900 BC)",,"Louvre Museum, Paris, France",Administrative,clay,tablet,47.0,23.0,33.0,,,,,,,Good,,75%,undetermined,,,,,,,,,,,0,,0,,0,,0,,,," ",0,0,,,0,0,0,0,,
8288,"Sb 22281","MDP 17, 090",Scheil1923MDP17,primary,90,,"Susa (mod. Shush)","Proto-Elamite (ca. 3100-2900 BC)",,"Louvre Museum, Paris, France",Administrative,clay,tablet,77.0,188.0,57.0,,,,,,,Fair,,75%,undetermined,,,,,,,,,,,0,,0,,0,,0,,,," ",0,0,,,0,0,0,0,,
8289,"Sb 22282","MDP 17, 091",Scheil1923MDP17,primary,91,,"Susa (mod. Shush)","Proto-Elamite (ca. 3100-2900 BC)",,"Louvre Museum, Paris, France",Administrative,clay,tablet,53.0,15.0,39.0,,,,,,,Good,,75%,undetermined,,,,,,,,,,,0,,0,,0,,0,,,," ",0,0,,,0,0,0,0,,
8290,"Sb 22283","MDP 17, 092",Scheil1923MDP17,primary,92,,"Susa (mod. Shush)","Proto-Elamite (ca. 3100-2900 BC)",,"Louvre Museum, Paris, France",Administrative,clay,tablet,94.0,18.0,60.0,,,,,,,Good,,75%,undetermined,,,,,,,,,,,0,,0,,0,,0,,,," ",0,0,,,0,0,0,0,,
8291,"Sb 06330","MDP 17, 093",Scheil1923MDP17,primary,93,,"Susa (mod. Shush)","Proto-Elamite (ca. 3100-2900 BC)",,"Louvre Museum, Paris, France",Administrative,clay,tablet,76.0,18.0,50.0,,,,,,,Fair,,75%,undetermined,,,,,,,,,,"Fouilles J. de Morgan (1907)",0,,0,,0,,0,,,," ",0,0,,,0,0,0,0,,
8292,"Sb 22284","MDP 17, 094",Scheil1923MDP17,primary,94,,"Susa (mod. Shush)","Proto-Elamite (ca. 3100-2900 BC)",,"Louvre Museum, Paris, France",Administrative,clay,tablet,92.0,20.0,73.0,,,,,,,Good,,75%,undetermined,,,,,,,,,,,0,,0,,0,,0,,,," ",0,0,,,0,0,0,0,,
8293,"Sb 22285","MDP 17, 095",Scheil1923MDP17,primary,95,,"Susa (mod. Shush)","Proto-Elamite (ca. 3100-2900 BC)",,"Louvre Museum, Paris, France",Administrative,clay,tablet,78.0,17.0,50.0,,,,,,,Good,,75%,undetermined,,,,,,,,,,,0,,0,,0,,0,,,," ",0,0,,,0,0,0,0,,
8294,"Sb 22286 + Sb 22480 + Sb 22534","MDP 17, 096 + 325 + 380","Dahl2005SMEA47; Scheil1923MDP17","history; primary","100; 96 + 325 + 380","; ","Susa (mod. Shush)","Proto-Elamite (ca. 3100-2900 BC)",,"Louvre Museum, Paris, France",Administrative,clay,tablet,141.0,26.0,80.0,,,,,,,Fair,,fragment,undetermined,,,,,,,,"P008294 leadP008294 lead",,,0,,0,,0,,0,,,," ",0,0,,,0,0,1,0,,
8295,"Sb 06353","MDP 17, 097","Dahl2005SMEA47; Scheil1923MDP17","history; primary","104; 97","; ","Susa (mod. Shush)","Proto-Elamite (ca. 3100-2900 BC)",,"Louvre Museum, Paris, France",Administrative,clay,tablet,165.0,32.0,110.0,,,,,,,Good,,75%,undetermined,,,,,,,,,,,0,,0,,0,,0,,,," ",0,0,,,0,0,0,0,,
8296,"Sb 22287","MDP 17, 098",Scheil1923MDP17,primary,98,,"Susa (mod. Shush)","Proto-Elamite (ca. 3100-2900 BC)",,"Louvre Museum, Paris, France",Administrative,clay,tablet,56.0,19.0,5.0,,,,,,,Fair,,fragment,undetermined,,,,,,,,,,,0,,0,,0,,0,,,," ",0,0,,,0,0,0,0,,
8297,"Sb 22288","MDP 17, 099",Scheil1923MDP17,primary,99,,"Susa (mod. Shush)","Proto-Elamite (ca. 3100-2900 BC)",,"Louvre Museum, Paris, France",Administrative,clay,tablet,82.0,16.0,34.0,,,,,,,Fair,,fragment,undetermined,,,,,,,,,,,0,,0,,0,,0,,,," ",0,0,,,0,0,0,0,,
8298,"Sb 22289","MDP 17, 100",Scheil1923MDP17,primary,100,,"Susa (mod. Shush)","Proto-Elamite (ca. 3100-2900 BC)",,"Louvre Museum, Paris, France",Administrative,clay,tablet,36.0,16.0,49.0,,,,,,,Good,,fragment,undetermined,,,,,,,,,,,0,,0,,0,,0,,,," ",0,0,,,0,0,0,0,,
8299,"Sb 22290","MDP 17, 101",Scheil1923MDP17,primary,101,,"Susa (mod. Shush)","Proto-Elamite (ca. 3100-2900 BC)",,"Louvre Museum, Paris, France",Administrative,clay,tablet,47.0,14.0,28.0,,,,,,,Good,,50%,undetermined,,,,,,,,,,,0,,0,,0,,0,,,," ",0,0,,,0,0,0,0,,
8300,"Sb 22291","MDP 17, 102",Scheil1923MDP17,primary,102,,"Susa (mod. Shush)","Proto-Elamite (ca. 3100-2900 BC)",,"Louvre Museum, Paris, France",Administrative,clay,tablet,37.0,16.0,39.0,,,,,,,Good,,50%,undetermined,,,,,,,,,,,0,,0,,0,,0,,,," ",0,0,,,0,0,0,0,,
8301,"Sb 22292","MDP 17, 103",Scheil1923MDP17,primary,103,,"Susa (mod. Shush)","Proto-Elamite (ca. 3100-2900 BC)",,"Louvre Museum, Paris, France",Administrative,clay,tablet,37.0,13.0,37.0,,,,,,,Good,,50%,undetermined,,,,,,,,,,,0,,0,,0,,0,,,," ",0,0,,,0,0,0,0,,
8302,"Sb 22293","MDP 17, 104",Scheil1923MDP17,primary,104,,"Susa (mod. Shush)","Proto-Elamite (ca. 3100-2900 BC)",,"Louvre Museum, Paris, France",Administrative,clay,tablet,35.0,18.0,43.0,,,,,,,Fair,,50%,undetermined,,,,,,,,,,,0,,0,,0,,0,,,," ",0,0,,,0,0,0,0,,
8303,"Sb 06310","MDP 17, 105",Scheil1923MDP17,primary,105,,"Susa (mod. Shush)","Proto-Elamite (ca. 3100-2900 BC)",,"Louvre Museum, Paris, France",Administrative,clay,tablet,,,,,,,,,,,,,undetermined,,,,,,,,,,,0,,0,,0,,0,,,," ",0,0,,,0,0,0,0,,
8305,"Sb 22294","MDP 17, 107",Scheil1923MDP17,primary,107,,"Susa (mod. Shush)","Proto-Elamite (ca. 3100-2900 BC)",,"Louvre Museum, Paris, France",Administrative,clay,tablet,75.0,17.0,68.0,,,,,,,Fair,,fragment,undetermined,,,,,,,,,,,0,,0,,0,,0,,,," ",0,0,,,0,0,0,0,,
8307,unknown,"MDP 17, 109",Scheil1923MDP17,primary,109,,"Susa (mod. Shush)","Proto-Elamite (ca. 3100-2900 BC)",,,Administrative,clay,tablet,,,,,,,,,,,,,undetermined,,,,,,,,,,,0,,0,,0,,0,,,," ",0,0,,,0,0,0,0,,
8308,"Sb 22295","MDP 17, 110",Scheil1923MDP17,primary,110,,"Susa (mod. Shush)","Proto-Elamite (ca. 3100-2900 BC)",,"Louvre Museum, Paris, France",Administrative,clay,tablet,55.0,18.0,56.0,,,,,,,Fair,,50%,undetermined,,,,,,,,,,,0,,0,,0,,0,,,," ",0,0,,,0,0,0,0,,
8309,"Sb 22296","MDP 17, 111",Scheil1923MDP17,primary,111,,"Susa (mod. Shush)","Proto-Elamite (ca. 3100-2900 BC)",,"Louvre Museum, Paris, France",Administrative,clay,tablet,57.0,18.0,32.0,,,,,,,Poor,,complete,undetermined,,,,,,,,,,,0,,0,,0,,0,,,," ",0,0,,,0,0,0,0,,
8310,"Sb 19517","MDP 17, 112","Hawkins2015-1506644; Scheil1923MDP17","primary; primary","; 112","; ","Susa (mod. Shush)","Proto-Elamite (ca. 3100-2900 BC)",,"Louvre Museum, Paris, France",Administrative,clay,tablet,,,,,,,,,,,,,undetermined,,,,,,,,,,,0,,0,,0,,0,,,," ",0,0,,,0,0,0,0,,
8311,"Sb 06315","MDP 17, 113",Scheil1923MDP17,primary,113,,"Susa (mod. Shush)","Proto-Elamite (ca. 3100-2900 BC)",,"Louvre Museum, Paris, France",Administrative,clay,tablet,,,,,,,,,,,,,undetermined,,,,,,,,,,"Fouilles J. de Morgan (1907)",0,,0,,0,,0,,,," ",0,0,,,0,0,0,0,,
8312,"Sb 06391","MDP 17, 114",Scheil1923MDP17,primary,114,,"Susa (mod. Shush)","Proto-Elamite (ca. 3100-2900 BC)",,"Louvre Museum, Paris, France",Administrative,clay,tablet,48.0,18.0,35.0,,,,,,,Fair,,complete,undetermined,,,,,,,,,,,0,,0,,0,,0,,,," ",0,0,,,0,0,0,0,,
8313,"Sb 22297","MDP 17, 115",Scheil1923MDP17,primary,115,,"Susa (mod. Shush)","Proto-Elamite (ca. 3100-2900 BC)",,"Louvre Museum, Paris, France",Administrative,clay,tablet,60.0,20.0,57.0,,,,,,,Fair,,50%,undetermined,,,,,,,,,,,0,,0,,0,,0,,,," ",0,0,,,0,0,0,0,,
8314,"Sb 22298","MDP 17, 116",Scheil1923MDP17,primary,116,,"Susa (mod. Shush)","Proto-Elamite (ca. 3100-2900 BC)",,"Louvre Museum, Paris, France",Administrative,clay,tablet,39.0,17.0,59.0,,,,,,,Excellent,,25%,undetermined,,,,,,,,,,,0,,0,,0,,0,,,," ",0,0,,,0,0,0,0,,
8315,"Sb 22299","MDP 17, 117",Scheil1923MDP17,primary,117,,"Susa (mod. Shush)","Proto-Elamite (ca. 3100-2900 BC)",,"Louvre Museum, Paris, France",Administrative,clay,tablet,62.0,16.0,46.0,,,,,,,Good,,75%,undetermined,,,,,,,,,,,0,,0,,0,,0,,,," ",0,0,,,0,0,0,0,,
8316,"Sb 22300","MDP 17, 118",Scheil1923MDP17,primary,118,,"Susa (mod. Shush)","Proto-Elamite (ca. 3100-2900 BC)",,"Louvre Museum, Paris, France",Administrative,clay,tablet,67.0,19.0,41.0,,,,,,,Good,,complete,undetermined,,,,,,,,,,,0,,0,,0,,0,,,," ",0,0,,,0,0,0,0,,
8317,"Sb 22301","MDP 17, 119",Scheil1923MDP17,primary,119,,"Susa (mod. Shush)","Proto-Elamite (ca. 3100-2900 BC)",,"Louvre Museum, Paris, France",Administrative,clay,tablet,60.0,18.0,81.0,,,,,,,Good,,fragment,undetermined,,,,,,,,,,,0,,0,,0,,0,,,," ",0,0,,,0,0,0,0,,
8318,"Sb 22302","MDP 17, 120",Scheil1923MDP17,primary,120,,"Susa (mod. Shush)","Proto-Elamite (ca. 3100-2900 BC)",,"Louvre Museum, Paris, France",Administrative,clay,tablet,73.0,20.0,77.0,,,,,,,Excellent,,25%,undetermined,,,,,,,,,,,0,,0,,0,,0,,,," ",0,0,,,0,0,0,0,,
8319,"Sb 22303","MDP 17, 121",Scheil1923MDP17,primary,121,,"Susa (mod. Shush)","Proto-Elamite (ca. 3100-2900 BC)",,"Louvre Museum, Paris, France",Administrative,clay,tablet,39.0,17.0,42.0,,,,,,,Fair,,50%,undetermined,,,,,,,,,,,0,,0,,0,,0,,,," ",0,0,,,0,0,0,0,,
8320,unknown,"MDP 17, 122",Scheil1923MDP17,primary,122,,"Susa (mod. Shush)","Proto-Elamite (ca. 3100-2900 BC)",,,Administrative,clay,tablet,,,,,,,,,,,,,undetermined,,,,,,,,,,,0,,0,,0,,0,,,," ",0,0,,,0,0,0,0,,
8321,"Sb 22304","MDP 17, 123",Scheil1923MDP17,primary,123,,"Susa (mod. Shush)","Proto-Elamite (ca. 3100-2900 BC)",,"Louvre Museum, Paris, France",Administrative,clay,tablet,82.0,19.0,56.0,,,,,,,Fair,,75%,undetermined,,,,,,,,,,,0,,0,,0,,0,,,," ",0,0,,,0,0,0,0,,
8322,"Sb 21887","MDP 17, 124",Scheil1923MDP17,primary,124,,"Susa (mod. Shush)","Proto-Elamite (ca. 3100-2900 BC)",,"Louvre Museum, Paris, France",Administrative,clay,tablet,175.0,26.0,118.0,,,,,,,Good,,75%,undetermined,,,,,,,,,,,0,,0,,0,,0,,,," ",0,0,,,0,0,0,0,,
8323,"Sb 22305","MDP 17, 125",Scheil1923MDP17,primary,125,,"Susa (mod. Shush)","Proto-Elamite (ca. 3100-2900 BC)",,"Louvre Museum, Paris, France",Administrative,clay,tablet,67.0,17.0,48.0,,,,,,,Good,,75%,undetermined,,,,,,,,,,,0,,0,,0,,0,,,," ",0,0,,,0,0,0,0,,
8324,"Sb 22306","MDP 17, 126",Scheil1923MDP17,primary,126,,"Susa (mod. Shush)","Proto-Elamite (ca. 3100-2900 BC)",,"Louvre Museum, Paris, France",Administrative,clay,tablet,60.0,16.0,18.0,,,,,,,Good,,fragment,undetermined,,,,,,,,,,,0,,0,,0,,0,,,," ",0,0,,,0,0,0,0,,
8325,"Sb 22307","MDP 17, 127",Scheil1923MDP17,primary,127,,"Susa (mod. Shush)","Proto-Elamite (ca. 3100-2900 BC)",,"Louvre Museum, Paris, France",Administrative,clay,tablet,58.0,14.0,37.0,,,,,,,Good,,75%,undetermined,,,,,,,,,,,0,,0,,0,,0,,,," ",0,0,,,0,0,0,0,,
8326,"Sb 22308","MDP 17, 128",Scheil1923MDP17,primary,128,,"Susa (mod. Shush)","Proto-Elamite (ca. 3100-2900 BC)",,"Louvre Museum, Paris, France",Administrative,clay,tablet,32.0,17.0,39.0,,,,,,,Fair,,50%,undetermined,,,,,,,,,,,0,,0,,0,,0,,,," ",0,0,,,0,0,0,0,,
8327,"Sb 22309","MDP 17, 129",Scheil1923MDP17,primary,129,,"Susa (mod. Shush)","Proto-Elamite (ca. 3100-2900 BC)",,"Louvre Museum, Paris, France",Administrative,clay,tablet,48.0,19.0,50.0,,,,,,,Good,,50%,undetermined,,,,,,,,,,,0,,0,,0,,0,,,," ",0,0,,,0,0,0,0,,
8328,"Sb 22310","MDP 17, 130",Scheil1923MDP17,primary,130,,"Susa (mod. Shush)","Proto-Elamite (ca. 3100-2900 BC)",,"Louvre Museum, Paris, France",Administrative,clay,tablet,40.0,15.0,44.0,,,,,,,Fair,,50%,undetermined,,,,,,,,,,,0,,0,,0,,0,,,," ",0,0,,,0,0,0,0,,
8329,"Sb 22311","MDP 17, 131",Scheil1923MDP17,primary,131,,"Susa (mod. Shush)","Proto-Elamite (ca. 3100-2900 BC)",,"Louvre Museum, Paris, France",Administrative,clay,tablet,44.0,16.0,52.0,,,,,,,Poor,,fragment,undetermined,,,,,,,,,,,0,,0,,0,,0,,,," ",0,0,,,0,0,0,0,,
8330,unknown,"MDP 17, 132",Scheil1923MDP17,primary,132,,"Susa (mod. Shush)","Proto-Elamite (ca. 3100-2900 BC)",,,Administrative,clay,tablet,,,,,,,,,,,,,undetermined,,,,,,,,,,,0,,0,,0,,0,,,," ",0,0,,,0,0,0,0,,
8331,"Sb 22312","MDP 17, 133",Scheil1923MDP17,primary,133,,"Susa (mod. Shush)","Proto-Elamite (ca. 3100-2900 BC)",,"Louvre Museum, Paris, France",Administrative,clay,tablet,50.0,15.0,45.0,,,,,,,Good,,50%,undetermined,,,,,,,,,,,0,,0,,0,,0,,,," ",0,0,,,0,0,0,0,,
8332,"Sb 22313","MDP 17, 134",Scheil1923MDP17,primary,134,,"Susa (mod. Shush)","Proto-Elamite (ca. 3100-2900 BC)",,"Louvre Museum, Paris, France",Administrative,clay,tablet,49.0,16.0,39.0,,,,,,,Good,,75%,undetermined,,,,,,,,,,,0,,0,,0,,0,,,," ",0,0,,,0,0,0,0,,
8333,"Sb 22314","MDP 17, 135",Scheil1923MDP17,primary,135,,"Susa (mod. Shush)","Proto-Elamite (ca. 3100-2900 BC)",,"Louvre Museum, Paris, France",Administrative,clay,tablet,45.0,16.0,34.0,,,,,,,Fair,,75%,undetermined,,,,,,,,,,,0,,0,,0,,0,,,," ",0,0,,,0,0,0,0,,
8334,"Sb 22315","MDP 17, 136",Scheil1923MDP17,primary,136,,"Susa (mod. Shush)","Proto-Elamite (ca. 3100-2900 BC)",,"Louvre Museum, Paris, France",Administrative,clay,tablet,36.0,21.0,41.0,,,,,,,Fair,,50%,undetermined,,,,,,,,,,,0,,0,,0,,0,,,," ",0,0,,,0,0,0,0,,
8335,"Sb 22316","MDP 17, 137",Scheil1923MDP17,primary,137,,"Susa (mod. Shush)","Proto-Elamite (ca. 3100-2900 BC)",,"Louvre Museum, Paris, France",Administrative,clay,tablet,62.0,19.0,35.0,,,,,,,Fair,,75%,undetermined,,,,,,,,,,,0,,0,,0,,0,,,," ",0,0,,,0,0,0,0,,
8337,"Sb 22317","MDP 17, 139",Scheil1923MDP17,primary,139,,"Susa (mod. Shush)","Proto-Elamite (ca. 3100-2900 BC)",,"Louvre Museum, Paris, France",Administrative,clay,tablet,42.0,18.0,31.0,,,,,,,Fair,,fragment,undetermined,,,,,,,,,,,0,,0,,0,,0,,,," ",0,0,,,0,0,0,0,,
8338,"Sb 22318","MDP 17, 140",Scheil1923MDP17,primary,140,,"Susa (mod. Shush)","Proto-Elamite (ca. 3100-2900 BC)",,"Louvre Museum, Paris, France",Administrative,clay,tablet,60.0,17.0,56.0,,,,,,,Excellent,,fragment,undetermined,,,,,,,,,,,0,,0,,0,,0,,,," ",0,0,,,0,0,0,0,,
8339,"Sb 22319","MDP 17, 141",Scheil1923MDP17,primary,141,,"Susa (mod. Shush)","Proto-Elamite (ca. 3100-2900 BC)",,"Louvre Museum, Paris, France",Administrative,clay,tablet,36.0,17.0,33.0,,,,,,,Good,,50%,undetermined,,,,,,,,,,,0,,0,,0,,0,,,," ",0,0,,,0,0,0,0,,
8340,"Sb 22320","MDP 17, 142",Scheil1923MDP17,primary,142,,"Susa (mod. Shush)","Proto-Elamite (ca. 3100-2900 BC)",,"Louvre Museum, Paris, France",Administrative,clay,tablet,65.0,20.0,33.0,,,,,,,Good,,complete,undetermined,,,,,,,,,,,0,,0,,0,,0,,,," ",0,0,,,0,0,0,0,,
8341,"Sb 22321","MDP 17, 143",Scheil1923MDP17,primary,143,,"Susa (mod. Shush)","Proto-Elamite (ca. 3100-2900 BC)",,"Louvre Museum, Paris, France",Administrative,clay,tablet,50.0,23.0,52.0,,,,,,,Good,,fragment,undetermined,,,,,,,,,,,0,,0,,0,,0,,,," ",0,0,,,0,0,0,0,,
8342,"Sb 22322","MDP 17, 144",Scheil1923MDP17,primary,144,,"Susa (mod. Shush)","Proto-Elamite (ca. 3100-2900 BC)",,"Louvre Museum, Paris, France",Administrative,clay,tablet,38.0,20.0,43.0,,,,,,,Fair,,fragment,undetermined,,,,,,,,,,,0,,0,,0,,0,,,," ",0,0,,,0,0,0,0,,
8343,"Sb 22323","MDP 17, 145",Scheil1923MDP17,primary,145,,"Susa (mod. Shush)","Proto-Elamite (ca. 3100-2900 BC)",,"Louvre Museum, Paris, France",Administrative,clay,tablet,56.0,17.0,44.0,,,,,,,Good,,25%,undetermined,,,,,,,,,,,0,,0,,0,,0,,,," ",0,0,,,0,0,0,0,,
8344,"Sb 22324","MDP 17, 146",Scheil1923MDP17,primary,146,,"Susa (mod. Shush)","Proto-Elamite (ca. 3100-2900 BC)",,"Louvre Museum, Paris, France",Administrative,clay,tablet,50.0,18.0,56.0,,,,,,,Good,,25%,undetermined,,,,,,,,,,,0,,0,,0,,0,,,," ",0,0,,,0,0,0,0,,
8345,"Sb 22325","MDP 17, 147",Scheil1923MDP17,primary,147,,"Susa (mod. Shush)","Proto-Elamite (ca. 3100-2900 BC)",,"Louvre Museum, Paris, France",Administrative,clay,tablet,56.0,16.0,45.0,,,,,,,Poor,,fragment,undetermined,,,,,,,,,,,0,,0,,0,,0,,,," ",0,0,,,0,0,0,0,,
8346,"Sb 22326","MDP 17, 148",Scheil1923MDP17,primary,148,,"Susa (mod. Shush)","Proto-Elamite (ca. 3100-2900 BC)",,"Louvre Museum, Paris, France",Administrative,clay,tablet,66.0,16.0,40.0,,,,,,,Good,,complete,undetermined,,,,,,,,,,,0,,0,,0,,0,,,," ",0,0,,,0,0,0,0,,
8347,"Sb 22327","MDP 17, 149",Scheil1923MDP17,primary,149,,"Susa (mod. Shush)","Proto-Elamite (ca. 3100-2900 BC)",,"Louvre Museum, Paris, France",Administrative,clay,tablet,,,,,,,,,,,,,undetermined,,,,,,,,,,,0,,0,,0,,0,,,," ",0,0,,,0,0,0,0,,
8348,"Sb 22328","MDP 17, 150",Scheil1923MDP17,primary,150,,"Susa (mod. Shush)","Proto-Elamite (ca. 3100-2900 BC)",,"Louvre Museum, Paris, France",Administrative,clay,tablet,43.0,17.0,46.0,,,,,,,Good,,fragment,undetermined,,,,,,,,,,,0,,0,,0,,0,,,," ",0,0,,,0,0,0,0,,
8349,"Sb 22329","MDP 17, 151","Dahl2005SMEA47; Scheil1923MDP17","history; primary","118 F; 151","; ","Susa (mod. Shush)","Proto-Elamite (ca. 3100-2900 BC)",,"Louvre Museum, Paris, France",Administrative,clay,tablet,65.0,18.0,52.0,,,,,,,Fair,,75%,undetermined,,,,,,,,,,,0,,0,,0,,0,,,," ",0,0,,,0,0,0,0,,
8350,"Sb 22330","MDP 17, 152",Scheil1923MDP17,primary,152,,"Susa (mod. Shush)","Proto-Elamite (ca. 3100-2900 BC)",,"Louvre Museum, Paris, France",Administrative,clay,tablet,50.0,16.0,54.0,,,,,,,Good,,fragment,undetermined,,,,,,,,,,,0,,0,,0,,0,,,," ",0,0,,,0,0,0,0,,
8351,"Sb 15439","MDP 17, 153",Scheil1923MDP17,primary,153,,"Susa (mod. Shush)","Proto-Elamite (ca. 3100-2900 BC)",,"Louvre Museum, Paris, France",Administrative,clay,tablet,,,,,,,,,,,,,undetermined,,,,,,,,,,,0,,0,,0,,0,,,," ",0,0,,,0,0,0,0,,
8352,"Sb 22331","MDP 17, 154",Scheil1923MDP17,primary,154,,"Susa (mod. Shush)","Proto-Elamite (ca. 3100-2900 BC)",,"Louvre Museum, Paris, France",Administrative,clay,tablet,43.0,22.0,52.0,,,,,,,Good,,50%,undetermined,,,,,,,,,,,0,,0,,0,,0,,,," ",0,0,,,0,0,0,0,,
8353,"Sb 22332","MDP 17, 155",Scheil1923MDP17,primary,155,,"Susa (mod. Shush)","Proto-Elamite (ca. 3100-2900 BC)",,"Louvre Museum, Paris, France",Administrative,clay,tablet,72.0,17.0,45.0,,,,,,,Good,,fragment,undetermined,,,,,,,,,,,0,,0,,0,,0,,,," ",0,0,,,0,0,0,0,,
8354,"Sb 22333","MDP 17, 156",Scheil1923MDP17,primary,156,,"Susa (mod. Shush)","Proto-Elamite (ca. 3100-2900 BC)",,"Louvre Museum, Paris, France",Administrative,clay,tablet,61.0,18.0,59.0,,,,,,,Good,,fragment,undetermined,,,,,,,,,,,0,,0,,0,,0,,,," ",0,0,,,0,0,0,0,,
8355,"Sb 22334","MDP 17, 157",Scheil1923MDP17,primary,157,,"Susa (mod. Shush)","Proto-Elamite (ca. 3100-2900 BC)",,"Louvre Museum, Paris, France",Administrative,clay,tablet,,,,,,,,,,,,,undetermined,,,,,,,,,,,0,,0,,0,,0,,,," ",0,0,,,0,0,0,0,,
8356,"Sb 22335","MDP 17, 158",Scheil1923MDP17,primary,158,,"Susa (mod. Shush)","Proto-Elamite (ca. 3100-2900 BC)",,"Louvre Museum, Paris, France",Administrative,clay,tablet,38.0,13.0,31.0,,,,,,,,,,undetermined,,,,,,,,,,,0,,0,,0,,0,,,," ",0,0,,,0,0,0,0,,
8357,"Sb 22336","MDP 17, 159",Scheil1923MDP17,primary,159,,"Susa (mod. Shush)","Proto-Elamite (ca. 3100-2900 BC)",,"Louvre Museum, Paris, France",Administrative,clay,tablet,28.0,15.0,42.0,,,,,,,Good,,fragment,undetermined,,,,,,,,,,,0,,0,,0,,0,,,," ",0,0,,,0,0,0,0,,
8359,"Sb 22338","MDP 17, 161",Scheil1923MDP17,primary,161,,"Susa (mod. Shush)","Proto-Elamite (ca. 3100-2900 BC)",,"Louvre Museum, Paris, France",Administrative,clay,tablet,52.0,24.0,46.0,,,,,,,,,,undetermined,,,,,,,,,,,0,,0,,0,,0,,,," ",0,0,,,0,0,0,0,,
8360,"Sb 22339","MDP 17, 162",Scheil1923MDP17,primary,162,,"Susa (mod. Shush)","Proto-Elamite (ca. 3100-2900 BC)",,"Louvre Museum, Paris, France",Administrative,clay,tablet,42.0,15.0,46.0,,,,,,,,,,undetermined,,,,,,,,,,,0,,0,,0,,0,,,," ",0,0,,,0,0,0,0,,
8361,"Sb 22340","MDP 17, 163",Scheil1923MDP17,primary,163,,"Susa (mod. Shush)","Proto-Elamite (ca. 3100-2900 BC)",,"Louvre Museum, Paris, France",Administrative,clay,tablet,35.0,14.0,29.0,,,,,,,Good,,fragment,undetermined,,,,,,,,,,,0,,0,,0,,0,,,," ",0,0,,,0,0,0,0,,
8362,"Sb 09506","MDP 17, 164",Scheil1923MDP17,primary,164,,"Susa (mod. Shush)","Proto-Elamite (ca. 3100-2900 BC)",,"Louvre Museum, Paris, France",Administrative,clay,tablet,48.0,19.0,43.0,,,,,,,Fair,,complete,undetermined,,,,,,,,,,,0,,0,,0,,0,,,," ",0,0,,,0,0,0,0,,
8365,"Sb 22341","MDP 17, 167",Scheil1923MDP17,primary,167,,"Susa (mod. Shush)","Proto-Elamite (ca. 3100-2900 BC)",,"Louvre Museum, Paris, France",Administrative,clay,tablet,38.0,16.0,51.0,,,,,,,Excellent,,fragment,undetermined,,,,,,,,,,,0,,0,,0,,0,,,," ",0,0,,,0,0,0,0,,
8366,"Sb 22342","MDP 17, 168",Scheil1923MDP17,primary,168,,"Susa (mod. Shush)","Proto-Elamite (ca. 3100-2900 BC)",,"Louvre Museum, Paris, France",Administrative,clay,tablet,47.0,20.0,47.0,,,,,,,Poor,,fragment,undetermined,,,,,,,,,,,0,,0,,0,,0,,,," ",0,0,,,0,0,0,0,,
8368,"Sb 22343","MDP 17, 170",Scheil1923MDP17,primary,170,,"Susa (mod. Shush)","Proto-Elamite (ca. 3100-2900 BC)",,"Louvre Museum, Paris, France",Administrative,clay,tablet,33.0,15.0,52.0,,,,,,,Good,,fragment,undetermined,,,,,,,,,,,0,,0,,0,,0,,,," ",0,0,,,0,0,0,0,,
8369,"Sb 22344","MDP 17, 171",Scheil1923MDP17,primary,171,,"Susa (mod. Shush)","Proto-Elamite (ca. 3100-2900 BC)",,"Louvre Museum, Paris, France",Administrative,clay,tablet,55.0,16.0,41.0,,,,,,,Good,,complete,undetermined,,,,,,,,,,,0,,0,,0,,0,,,," ",0,0,,,0,0,0,0,,
8370,"Sb 22345","MDP 17, 172",Scheil1923MDP17,primary,172,,"Susa (mod. Shush)","Proto-Elamite (ca. 3100-2900 BC)",,"Louvre Museum, Paris, France",Administrative,clay,tablet,65.0,17.0,40.0,,,,,,,,,,undetermined,,,,,,,,,,,0,,0,,0,,0,,,," ",0,0,,,0,0,0,0,,
8371,"Sb 22346","MDP 17, 173",Scheil1923MDP17,primary,173,,"Susa (mod. Shush)","Proto-Elamite (ca. 3100-2900 BC)",,"Louvre Museum, Paris, France",Administrative,clay,tablet,64.0,18.0,50.0,,,,,,,Fair,,fragment,undetermined,,,,,,,,,,,0,,0,,0,,0,,,," ",0,0,,,0,0,0,0,,
8372,"Sb 22347","MDP 17, 174",Scheil1923MDP17,primary,174,,"Susa (mod. Shush)","Proto-Elamite (ca. 3100-2900 BC)",,"Louvre Museum, Paris, France",Administrative,clay,tablet,33.0,18.0,43.0,,,,,,,Fair,,50%,undetermined,,,,,,,,,,,0,,0,,0,,0,,,," ",0,0,,,0,0,0,0,,
8373,"Sb 06342","MDP 17, 175",Scheil1923MDP17,primary,175,,"Susa (mod. Shush)","Proto-Elamite (ca. 3100-2900 BC)",,"Louvre Museum, Paris, France",Administrative,clay,tablet,50.0,15.0,42.0,,,,,,,Fair,,75%,undetermined,,,,,,,,,,,0,,0,,0,,0,,,," ",0,0,,,0,0,0,0,,
8375,"Sb 22348","MDP 17, 177",Scheil1923MDP17,primary,177,,"Susa (mod. Shush)","Proto-Elamite (ca. 3100-2900 BC)",,"Louvre Museum, Paris, France",Administrative,clay,tablet,36.0,22.0,44.0,,,,,,,,,,undetermined,,,,,,,,,,,0,,0,,0,,0,,,," ",0,0,,,0,0,0,0,,
8376,"Sb 22349","MDP 17, 178",Scheil1923MDP17,primary,178,,"Susa (mod. Shush)","Proto-Elamite (ca. 3100-2900 BC)",,"Louvre Museum, Paris, France",Administrative,clay,tablet,47.0,18.0,38.0,,,,,,,Poor,,complete,undetermined,,,,,,,,,,,0,,0,,0,,0,,,," ",0,0,,,0,0,0,0,,
8377,"Sb 22350","MDP 17, 179",Scheil1923MDP17,primary,179,,"Susa (mod. Shush)","Proto-Elamite (ca. 3100-2900 BC)",,"Louvre Museum, Paris, France",Administrative,clay,tablet,43.0,19.0,35.0,,,,,,,Fair,,75%,undetermined,,,,,,,,,,,0,,0,,0,,0,,,," ",0,0,,,0,0,0,0,,
8378,"Sb 22351","MDP 17, 180",Scheil1923MDP17,primary,180,,"Susa (mod. Shush)","Proto-Elamite (ca. 3100-2900 BC)",,"Louvre Museum, Paris, France",Administrative,clay,tablet,34.0,17.0,57.0,,,,,,,Good,,fragment,undetermined,,,,,,,,,,,0,,0,,0,,0,,,," ",0,0,,,0,0,0,0,,
8379,"Sb 22352","MDP 17, 181",Scheil1923MDP17,primary,181,,"Susa (mod. Shush)","Proto-Elamite (ca. 3100-2900 BC)",,"Louvre Museum, Paris, France",Administrative,clay,tablet,57.0,17.0,38.0,,,,,,,Fair,,complete,undetermined,,,,,,,,,,,0,,0,,0,,0,,,," ",0,0,,,0,0,0,0,,
8380,"Sb 22353","MDP 17, 182","Dahl2005SMEA47; Scheil1923MDP17","history; primary","109 E; 182","; ","Susa (mod. Shush)","Proto-Elamite (ca. 3100-2900 BC)",,"Louvre Museum, Paris, France",Administrative,clay,tablet,39.0,13.0,37.0,,,,,,,Good,,50%,undetermined,,,,,,,,,,,0,,0,,0,,0,,,," ",0,0,,,0,0,0,0,,
8381,"Sb 22354","MDP 17, 183",Scheil1923MDP17,primary,183,,"Susa (mod. Shush)","Proto-Elamite (ca. 3100-2900 BC)",,"Louvre Museum, Paris, France",Administrative,clay,tablet,37.0,22.0,40.0,,,,,,,Fair,,fragment,undetermined,,,,,,,,,,,0,,0,,0,,0,,,," ",0,0,,,0,0,0,0,,
8382,"Sb 22355","MDP 17, 184",Scheil1923MDP17,primary,184,,"Susa (mod. Shush)","Proto-Elamite (ca. 3100-2900 BC)",,"Louvre Museum, Paris, France",Administrative,clay,tablet,59.0,21.0,40.0,,,,,,,Fair,,75%,undetermined,,,,,,,,,,,0,,0,,0,,0,,,," ",0,0,,,0,0,0,0,,
8383,"Sb 22356","MDP 17, 185",Scheil1923MDP17,primary,185,,"Susa (mod. Shush)","Proto-Elamite (ca. 3100-2900 BC)",,"Louvre Museum, Paris, France",Administrative,clay,tablet,63.0,21.0,61.0,,,,,,,Fair,,50%,undetermined,,,,,,,,,,,0,,0,,0,,0,,,," ",0,0,,,0,0,0,0,,
8384,"Sb 22357","MDP 17, 186",Scheil1923MDP17,primary,186,,"Susa (mod. Shush)","Proto-Elamite (ca. 3100-2900 BC)",,"Louvre Museum, Paris, France",Administrative,clay,tablet,67.0,24.0,38.0,,,,,,,,,,undetermined,,,,,,,,,,,0,,0,,0,,0,,,," ",0,0,,,0,0,0,0,,
8385,"Sb 22358","MDP 17, 187",Scheil1923MDP17,primary,187,,"Susa (mod. Shush)","Proto-Elamite (ca. 3100-2900 BC)",,"Louvre Museum, Paris, France",Administrative,clay,tablet,39.0,17.0,48.0,,,,,,,Good,,25%,undetermined,,,,,,,,,,,0,,0,,0,,0,,,," ",0,0,,,0,0,0,0,,
8386,"Sb 22359","MDP 17, 188",Scheil1923MDP17,primary,188,,"Susa (mod. Shush)","Proto-Elamite (ca. 3100-2900 BC)",,"Louvre Museum, Paris, France",Administrative,clay,tablet,28.0,17.0,40.0,,,,,,,Good,,25%,undetermined,,,,,,,,,,,0,,0,,0,,0,,,," ",0,0,,,0,0,0,0,,
8387,"Sb 22360 + Sb 22491","MDP 17, 189 + 336",Scheil1923MDP17,primary,"189 + 336",,"Susa (mod. Shush)","Proto-Elamite (ca. 3100-2900 BC)",,"Louvre Museum, Paris, France",Administrative,clay,tablet,50.0,16.0,53.0,,,,,,,Good,,fragment,undetermined,,,,,,,,"P008387 leadP008387 lead",,,0,,0,,0,,0,,,," ",0,0,,,0,0,1,0,,
8388,"Sb 22361","MDP 17, 190",Scheil1923MDP17,primary,190,,"Susa (mod. Shush)","Proto-Elamite (ca. 3100-2900 BC)",,"Louvre Museum, Paris, France",Administrative,clay,tablet,49.0,16.0,27.0,,,,,,,,,,undetermined,,,,,,,,,,,0,,0,,0,,0,,,," ",0,0,,,0,0,0,0,,
8389,"Sb 06355","MDP 17, 191","Dahl2005SMEA47; Scheil1923MDP17","history; primary","108 D; 191","; ","Susa (mod. Shush)","Proto-Elamite (ca. 3100-2900 BC)",,"Louvre Museum, Paris, France",Administrative,clay,tablet,64.0,17.0,41.0,,,,,,,Good,,75%,undetermined,,,,,,,,,,,0,,0,,0,,0,,,," ",0,0,,,0,0,0,0,,
8390,"Sb 22362","MDP 17, 192",Scheil1923MDP17,primary,192,,"Susa (mod. Shush)","Proto-Elamite (ca. 3100-2900 BC)",,"Louvre Museum, Paris, France",Administrative,clay,tablet,37.0,15.0,52.0,,,,,,,Fair,,25%,undetermined,,,,,,,,,,,0,,0,,0,,0,,,," ",0,0,,,0,0,0,0,,
8391,"Sb 22363","MDP 17, 193",Scheil1923MDP17,primary,193,,"Susa (mod. Shush)","Proto-Elamite (ca. 3100-2900 BC)",,"Louvre Museum, Paris, France",Administrative,clay,tablet,56.0,14.0,43.0,,,,,,,Excellent,,fragment,undetermined,,,,,,,,,,,0,,0,,0,,0,,,," ",0,0,,,0,0,0,0,,
8392,"Sb 22364","MDP 17, 194",Scheil1923MDP17,primary,194,,"Susa (mod. Shush)","Proto-Elamite (ca. 3100-2900 BC)",,"Louvre Museum, Paris, France",Administrative,clay,tablet,34.0,18.0,55.0,,,,,,,Good,,fragment,undetermined,,,,,,,,,,,0,,0,,0,,0,,,," ",0,0,,,0,0,0,0,,
8393,"Sb 22365","MDP 17, 195",Scheil1923MDP17,primary,195,,"Susa (mod. Shush)","Proto-Elamite (ca. 3100-2900 BC)",,"Louvre Museum, Paris, France",Administrative,clay,tablet,45.0,15.0,38.0,,,,,,,Fair,,fragment,undetermined,,,,,,,,,,,0,,0,,0,,0,,,," ",0,0,,,0,0,0,0,,
8394,"Sb 22366","MDP 17, 196",Scheil1923MDP17,primary,196,,"Susa (mod. Shush)","Proto-Elamite (ca. 3100-2900 BC)",,"Louvre Museum, Paris, France",Administrative,clay,tablet,31.0,16.0,32.0,,,,,,,Good,,fragment,undetermined,,,,,,,,,,,0,,0,,0,,0,,,," ",0,0,,,0,0,0,0,,
8395,"Sb 22367","MDP 17, 197",Scheil1923MDP17,primary,197,,"Susa (mod. Shush)","Proto-Elamite (ca. 3100-2900 BC)",,"Louvre Museum, Paris, France",Administrative,clay,tablet,42.0,20.0,32.0,,,,,,,Poor,,fragment,undetermined,,,,,,,,,,,0,,0,,0,,0,,,," ",0,0,,,0,0,0,0,,
8396,"Sb 22368","MDP 17, 198",Scheil1923MDP17,primary,198,,"Susa (mod. Shush)","Proto-Elamite (ca. 3100-2900 BC)",,"Louvre Museum, Paris, France",Administrative,clay,tablet,50.0,20.0,39.0,,,,,,,Fair,,75%,undetermined,,,,,,,,,,,0,,0,,0,,0,,,," ",0,0,,,0,0,0,0,,
8397,"Sb 22369","MDP 17, 199",Scheil1923MDP17,primary,199,,"Susa (mod. Shush)","Proto-Elamite (ca. 3100-2900 BC)",,"Louvre Museum, Paris, France",Administrative,clay,tablet,44.0,15.0,38.0,,,,,,,Good,,complete,undetermined,,,,,,,,,,,0,,0,,0,,0,,,," ",0,0,,,0,0,0,0,,
8398,"Sb 22370","MDP 17, 200",Scheil1923MDP17,primary,200,,"Susa (mod. Shush)","Proto-Elamite (ca. 3100-2900 BC)",,"Louvre Museum, Paris, France",Administrative,clay,tablet,34.0,20.0,28.0,,,,,,,Fair,,fragment,undetermined,,,,,,,,,,,0,,0,,0,,0,,,," ",0,0,,,0,0,0,0,,
8399,"Sb 06344","MDP 17, 201",Scheil1923MDP17,primary,201,,"Susa (mod. Shush)","Proto-Elamite (ca. 3100-2900 BC)",,"Louvre Museum, Paris, France",Administrative,clay,tablet,51.0,20.0,36.0,,,,,,,Poor,,fragment,undetermined,,,,,,,,,,"Fouilles J. de Morgan (1907)",0,,0,,0,,0,,,," ",0,0,,,0,0,0,0,,
8401,"Sb 22372","MDP 17, 203",Scheil1923MDP17,primary,203,,"Susa (mod. Shush)","Proto-Elamite (ca. 3100-2900 BC)",,"Louvre Museum, Paris, France",Administrative,clay,tablet,32.0,15.0,41.0,,,,,,,Good,,25%,undetermined,,,,,,,,,,,0,,0,,0,,0,,,," ",0,0,,,0,0,0,0,,
8402,"Sb 22373","MDP 17, 204",Scheil1923MDP17,primary,204,,"Susa (mod. Shush)","Proto-Elamite (ca. 3100-2900 BC)",,"Louvre Museum, Paris, France",Administrative,clay,tablet,43.0,16.0,32.0,,,,,,,Fair,,fragment,undetermined,,,,,,,,,,,0,,0,,0,,0,,,," ",0,0,,,0,0,0,0,,
8403,"Sb 22374 + Sb 22381","MDP 17, 205 + 213",Scheil1923MDP17,primary,"205 + 213",,"Susa (mod. Shush)","Proto-Elamite (ca. 3100-2900 BC)",,"Louvre Museum, Paris, France",Administrative,clay,tablet,56.0,20.0,43.0,,,,,,,Fair,,fragment,undetermined,,,,,,,,,,,0,,0,,0,,0,,,," ",0,0,,,0,0,0,0,,
8404,"Sb 22375","MDP 17, 206",Scheil1923MDP17,primary,206,,"Susa (mod. Shush)","Proto-Elamite (ca. 3100-2900 BC)",,"Louvre Museum, Paris, France",Administrative,clay,tablet,49.0,18.0,36.0,,,,,,,Fair,,75%,undetermined,,,,,,,,,,,0,,0,,0,,0,,,," ",0,0,,,0,0,0,0,,
8405,"Sb 22376","MDP 17, 207",Scheil1923MDP17,primary,207,,"Susa (mod. Shush)","Proto-Elamite (ca. 3100-2900 BC)",,"Louvre Museum, Paris, France",Administrative,clay,tablet,39.0,17.0,45.0,,,,,,,Excellent,,fragment,undetermined,,,,,,,,,,,0,,0,,0,,0,,,," ",0,0,,,0,0,0,0,,
8406,"Sb 22377","MDP 17, 208",Scheil1923MDP17,primary,208,,"Susa (mod. Shush)","Proto-Elamite (ca. 3100-2900 BC)",,"Louvre Museum, Paris, France",Administrative,clay,tablet,38.0,16.0,34.0,,,,,,,Fair,,75%,undetermined,,,,,,,,,,,0,,0,,0,,0,,,," ",0,0,,,0,0,0,0,,
8407,"Sb 06370","MDP 17, 209",Scheil1923MDP17,primary,209,,"Susa (mod. Shush)","Proto-Elamite (ca. 3100-2900 BC)",,"Louvre Museum, Paris, France",Administrative,clay,tablet,33.0,19.0,38.0,,,,,,,Fair,,fragment,undetermined,,,,,,,,,,,0,,0,,0,,0,,,," ",0,0,,,0,0,0,0,,
8408,"Sb 22378","MDP 17, 210",Scheil1923MDP17,primary,210,,"Susa (mod. Shush)","Proto-Elamite (ca. 3100-2900 BC)",,"Louvre Museum, Paris, France",Administrative,clay,tablet,41.0,21.0,63.0,,,,,,,Fair,,fragment,undetermined,,,,,,,,,,,0,,0,,0,,0,,,," ",0,0,,,0,0,0,0,,
8409,"Sb 22379","MDP 17, 211",Scheil1923MDP17,primary,211,,"Susa (mod. Shush)","Proto-Elamite (ca. 3100-2900 BC)",,"Louvre Museum, Paris, France",Administrative,clay,tablet,,,,,,,,,,,,,undetermined,,,,,,,,,,,0,,0,,0,,0,,,," ",0,0,,,0,0,0,0,,
8411,"Sb 22381","MDP 17, 213",Scheil1923MDP17,primary,213,,"Susa (mod. Shush)","Proto-Elamite (ca. 3100-2900 BC)",,"Louvre Museum, Paris, France",Administrative,clay,tablet,,,,,,,,,,,,,undetermined,,,,,,,,,,,0,,0,,0,,0,,,," ",0,0,,,0,0,0,0,,
8412,"Sb 06358","MDP 17, 214",Scheil1923MDP17,primary,214,,"Susa (mod. Shush)","Proto-Elamite (ca. 3100-2900 BC)",,"Louvre Museum, Paris, France",Administrative,clay,tablet,37.0,17.0,37.0,,,,,,,Good,,fragment,undetermined,,,,,,,,,,"Fouilles J. de Morgan (1907)",0,,0,,0,,0,,,," ",0,0,,,0,0,0,0,,
8413,"Sb 22382","MDP 17, 215",Scheil1923MDP17,primary,215,,"Susa (mod. Shush)","Proto-Elamite (ca. 3100-2900 BC)",,"Louvre Museum, Paris, France",Administrative,clay,tablet,39.0,14.0,32.0,,,,,,,Fair,,75%,undetermined,,,,,,,,,,,0,,0,,0,,0,,,," ",0,0,,,0,0,0,0,,
8414,"Sb 22383","MDP 17, 216",Scheil1923MDP17,primary,216,,"Susa (mod. Shush)","Proto-Elamite (ca. 3100-2900 BC)",,"Louvre Museum, Paris, France",Administrative,clay,tablet,32.0,16.0,23.0,,,,,,,Fair,,fragment,undetermined,,,,,,,,,,,0,,0,,0,,0,,,," ",0,0,,,0,0,0,0,,
8415,"Sb 22384","MDP 17, 217",Scheil1923MDP17,primary,217,,"Susa (mod. Shush)","Proto-Elamite (ca. 3100-2900 BC)",,"Louvre Museum, Paris, France",Administrative,clay,tablet,43.0,16.0,47.0,,,,,,,Poor,,50%,undetermined,,,,,,,,,,,0,,0,,0,,0,,,," ",0,0,,,0,0,0,0,,
8416,"Sb 22385","MDP 17, 218",Scheil1923MDP17,primary,218,,"Susa (mod. Shush)","Proto-Elamite (ca. 3100-2900 BC)",,"Louvre Museum, Paris, France",Administrative,clay,tablet,52.0,19.0,51.0,,,,,,,Good,,fragment,undetermined,,,,,,,,,,,0,,0,,0,,0,,,," ",0,0,,,0,0,0,0,,
8417,"Sb 22386","MDP 17, 219",Scheil1923MDP17,primary,219,,"Susa (mod. Shush)","Proto-Elamite (ca. 3100-2900 BC)",,"Louvre Museum, Paris, France",Administrative,clay,tablet,57.0,16.0,42.0,,,,,,,Good,,75%,undetermined,,,,,,,,,,,0,,0,,0,,0,,,," ",0,0,,,0,0,0,0,,
8418,"Sb 22387","MDP 17, 220",Scheil1923MDP17,primary,220,,"Susa (mod. Shush)","Proto-Elamite (ca. 3100-2900 BC)",,"Louvre Museum, Paris, France",Administrative,clay,tablet,31.0,16.0,36.0,,,,,,,Fair,,50%,undetermined,,,,,,,,,,,0,,0,,0,,0,,,," ",0,0,,,0,0,0,0,,
8419,"Sb 22388","MDP 17, 221",Scheil1923MDP17,primary,221,,"Susa (mod. Shush)","Proto-Elamite (ca. 3100-2900 BC)",,"Louvre Museum, Paris, France",Administrative,clay,tablet,41.0,16.0,51.0,,,,,,,Good,,fragment,undetermined,,,,,,,,,,,0,,0,,0,,0,,,," ",0,0,,,0,0,0,0,,
8420,"Sb 22389","MDP 17, 222",Scheil1923MDP17,primary,222,,"Susa (mod. Shush)","Proto-Elamite (ca. 3100-2900 BC)",,"Louvre Museum, Paris, France",Administrative,clay,tablet,67.0,19.0,42.0,,,,,,,Poor,,75%,undetermined,,,,,,,,,,,0,,0,,0,,0,,,," ",0,0,,,0,0,0,0,,
8421,"Sb 22390","MDP 17, 223",Scheil1923MDP17,primary,223,,"Susa (mod. Shush)","Proto-Elamite (ca. 3100-2900 BC)",,"Louvre Museum, Paris, France",Administrative,clay,tablet,33.0,19.0,32.0,,,,,,,Good,,fragment,undetermined,,,,,,,,,,,0,,0,,0,,0,,,," ",0,0,,,0,0,0,0,,
8422,"Sb 22391","MDP 17, 224",Scheil1923MDP17,primary,224,,"Susa (mod. Shush)","Proto-Elamite (ca. 3100-2900 BC)",,"Louvre Museum, Paris, France",Administrative,clay,tablet,44.0,16.0,31.0,,,,,,,Good,,75%,undetermined,,,,,,,,,,,0,,0,,0,,0,,,," ",0,0,,,0,0,0,0,,
8423,"Sb 22392","MDP 17, 225",Scheil1923MDP17,primary,225,,"Susa (mod. Shush)","Proto-Elamite (ca. 3100-2900 BC)",,"Louvre Museum, Paris, France",Administrative,clay,tablet,39.0,16.0,45.0,,,,,,,Good,,50%,undetermined,,,,,,,,,,,0,,0,,0,,0,,,," ",0,0,,,0,0,0,0,,
8425,"Sb 22394","MDP 17, 227",Scheil1923MDP17,primary,227,,"Susa (mod. Shush)","Proto-Elamite (ca. 3100-2900 BC)",,"Louvre Museum, Paris, France",Administrative,clay,tablet,53.0,17.0,33.0,,,,,,,Good,,fragment,undetermined,,,,,,,,,,,0,,0,,0,,0,,,," ",0,0,,,0,0,0,0,,
8426,"Sb 22395","MDP 17, 228",Scheil1923MDP17,primary,228,,"Susa (mod. Shush)","Proto-Elamite (ca. 3100-2900 BC)",,"Louvre Museum, Paris, France",Administrative,clay,tablet,47.0,13.0,33.0,,,,,,,Fair,,complete,undetermined,,,,,,,,,,,0,,0,,0,,0,,,," ",0,0,,,0,0,0,0,,
8427,"Sb 06394","MDP 17, 229",Scheil1923MDP17,primary,229,,"Susa (mod. Shush)","Proto-Elamite (ca. 3100-2900 BC)",,"Louvre Museum, Paris, France",Administrative,clay,tablet,45.0,19.0,45.0,,,,,,,Fair,,75%,undetermined,,,,,,,,,,,0,,0,,0,,0,,,," ",0,0,,,0,0,0,0,,
8428,"Sb 22396","MDP 17, 230",Scheil1923MDP17,primary,230,,"Susa (mod. Shush)","Proto-Elamite (ca. 3100-2900 BC)",,"Louvre Museum, Paris, France",Administrative,clay,tablet,46.0,14.0,48.0,,,,,,,Good,,fragment,undetermined,,,,,,,,,,,0,,0,,0,,0,,,," ",0,0,,,0,0,0,0,,
8429,"Sb 22397","MDP 17, 231",Scheil1923MDP17,primary,231,,"Susa (mod. Shush)","Proto-Elamite (ca. 3100-2900 BC)",,"Louvre Museum, Paris, France",Administrative,clay,tablet,59.0,23.0,42.0,,,,,,,Fair,,fragment,undetermined,,,,,,,,,,,0,,0,,0,,0,,,," ",0,0,,,0,0,0,0,,
8430,"Sb 22398","MDP 17, 232",Scheil1923MDP17,primary,232,,"Susa (mod. Shush)","Proto-Elamite (ca. 3100-2900 BC)",,"Louvre Museum, Paris, France",Administrative,clay,tablet,62.0,17.0,55.0,,,,,,,Poor,,fragment,undetermined,,,,,,,,,,,0,,0,,0,,0,,,," ",0,0,,,0,0,0,0,,
8431,"Sb 22399","MDP 17, 233",Scheil1923MDP17,primary,233,,"Susa (mod. Shush)","Proto-Elamite (ca. 3100-2900 BC)",,"Louvre Museum, Paris, France",Administrative,clay,tablet,46.0,18.0,59.0,,,,,,,Fair,,fragment,undetermined,,,,,,,,,,,0,,0,,0,,0,,,," ",0,0,,,0,0,0,0,,
8432,"Sb 22400","MDP 17, 234",Scheil1923MDP17,primary,234,,"Susa (mod. Shush)","Proto-Elamite (ca. 3100-2900 BC)",,"Louvre Museum, Paris, France",Administrative,clay,tablet,59.0,28.0,73.0,,,,,,,Good,,fragment,undetermined,,,,,,,,,,,0,,0,,0,,0,,,," ",0,0,,,0,0,0,0,,
8433,"Sb 22401","MDP 17, 235",Scheil1923MDP17,primary,235,,"Susa (mod. Shush)","Proto-Elamite (ca. 3100-2900 BC)",,"Louvre Museum, Paris, France",Administrative,clay,tablet,39.0,21.0,40.0,,,,,,,Fair,,50%,undetermined,,,,,,,,,,,0,,0,,0,,0,,,," ",0,0,,,0,0,0,0,,
8434,"Sb 22402","MDP 17, 236",Scheil1923MDP17,primary,236,,"Susa (mod. Shush)","Proto-Elamite (ca. 3100-2900 BC)",,"Louvre Museum, Paris, France",Administrative,clay,tablet,39.0,15.0,29.0,,,,,,,Poor,,50%,undetermined,,,,,,,,,,,0,,0,,0,,0,,,," ",0,0,,,0,0,0,0,,
8435,"Sb 22403","MDP 17, 237",Scheil1923MDP17,primary,237,,"Susa (mod. Shush)","Proto-Elamite (ca. 3100-2900 BC)",,"Louvre Museum, Paris, France",Administrative,clay,tablet,38.0,16.0,26.0,,,,,,,Good,,fragment,undetermined,,,,,,,,,,,0,,0,,0,,0,,,," ",0,0,,,0,0,0,0,,
8436,"Sb 22404","MDP 17, 238",Scheil1923MDP17,primary,238,,"Susa (mod. Shush)","Proto-Elamite (ca. 3100-2900 BC)",,"Louvre Museum, Paris, France",Administrative,clay,tablet,49.0,15.0,45.0,,,,,,,Good,,50%,undetermined,,,,,,,,,,,0,,0,,0,,0,,,," ",0,0,,,0,0,0,0,,
8437,"Sb 06373","MDP 17, 239",Scheil1923MDP17,primary,239,,"Susa (mod. Shush)","Proto-Elamite (ca. 3100-2900 BC)",,"Louvre Museum, Paris, France",Administrative,clay,tablet,85.0,25.0,65.0,,,,,,,Poor,,fragment,undetermined,,,,,,,,,,,0,,0,,0,,0,,,," ",0,0,,,0,0,0,0,,
8438,"Sb 22405","MDP 17, 240",Scheil1923MDP17,primary,240,,"Susa (mod. Shush)","Proto-Elamite (ca. 3100-2900 BC)",,"Louvre Museum, Paris, France",Administrative,clay,tablet,70.0,17.0,59.0,,,,,,,Fair,,75%,undetermined,,,,,,,,,,,0,,0,,0,,0,,,," ",0,0,,,0,0,0,0,,
8439,"Sb 22406","MDP 17, 241",Scheil1923MDP17,primary,241,,"Susa (mod. Shush)","Proto-Elamite (ca. 3100-2900 BC)",,"Louvre Museum, Paris, France",Administrative,clay,tablet,116.0,43.0,75.0,,,,,,,Fair,,50%,undetermined,,,,,,,,,,,0,,0,,0,,0,,,," ",0,0,,,0,0,0,0,,
8440,"Sb 06354","MDP 17, 242",Scheil1923MDP17,primary,242,,"Susa (mod. Shush)","Proto-Elamite (ca. 3100-2900 BC)",,"Louvre Museum, Paris, France",Administrative,clay,tablet,59.0,16.0,59.0,,,,,,,Excellent,,50%,undetermined,,,,,,,,,,,0,,0,,0,,0,,,," ",0,0,,,0,0,0,0,,
8441,"Sb 22407","MDP 17, 243",Scheil1923MDP17,primary,243,,"Susa (mod. Shush)","Proto-Elamite (ca. 3100-2900 BC)",,"Louvre Museum, Paris, France",Administrative,clay,tablet,72.0,17.0,50.0,,,,,,,Fair,,75%,undetermined,,,,,,,,,,,0,,0,,0,,0,,,," ",0,0,,,0,0,0,0,,
8442,"Sb 06336","MDP 17, 244",Scheil1923MDP17,primary,244,,"Susa (mod. Shush)","Proto-Elamite (ca. 3100-2900 BC)",,"Louvre Museum, Paris, France",Administrative,clay,tablet,46.0,15.0,39.0,,,,,,,Fair,,complete,undetermined,,,,,,,,,,"Fouilles J. de Morgan (1907)",0,,0,,0,,0,,,," ",0,0,,,0,0,0,0,,
8443,"Sb 22408","MDP 17, 245",Scheil1923MDP17,primary,245,,"Susa (mod. Shush)","Proto-Elamite (ca. 3100-2900 BC)",,"Louvre Museum, Paris, France",Administrative,clay,tablet,44.0,20.0,40.0,,,,,,,Good,,fragment,undetermined,,,,,,,,,,,0,,0,,0,,0,,,," ",0,0,,,0,0,0,0,,
8444,"Sb 22409","MDP 17, 246",Scheil1923MDP17,primary,246,,"Susa (mod. Shush)","Proto-Elamite (ca. 3100-2900 BC)",,"Louvre Museum, Paris, France",Administrative,clay,tablet,64.0,21.0,48.0,,,,,,,Poor,,50%,undetermined,,,,,,,,,,,0,,0,,0,,0,,,," ",0,0,,,0,0,0,0,,
8445,"Sb 22410","MDP 17, 247",Scheil1923MDP17,primary,247,,"Susa (mod. Shush)","Proto-Elamite (ca. 3100-2900 BC)",,"Louvre Museum, Paris, France",Administrative,clay,tablet,46.0,22.0,44.0,,,,,,,Poor,,fragment,undetermined,,,,,,,,,,,0,,0,,0,,0,,,," ",0,0,,,0,0,0,0,,
8446,"Sb 22411","MDP 17, 248",Scheil1923MDP17,primary,248,,"Susa (mod. Shush)","Proto-Elamite (ca. 3100-2900 BC)",,"Louvre Museum, Paris, France",Administrative,clay,tablet,90.0,17.0,74.0,,,,,,,Poor,,75%,undetermined,,,,,,,,,,,0,,0,,0,,0,,,," ",0,0,,,0,0,0,0,,
8447,"Sb 22412","MDP 17, 249",Scheil1923MDP17,primary,249,,"Susa (mod. Shush)","Proto-Elamite (ca. 3100-2900 BC)",,"Louvre Museum, Paris, France",Administrative,clay,tablet,62.0,15.0,43.0,,,,,,,Fair,,fragment,undetermined,,,,,,,,,,,0,,0,,0,,0,,,," ",0,0,,,0,0,0,0,,
8448,"Sb 22413 + Sb 22414","MDP 17, 250 + 251",Scheil1923MDP17,primary,"250 + 251",,"Susa (mod. Shush)","Proto-Elamite (ca. 3100-2900 BC)",,"Louvre Museum, Paris, France",Administrative,clay,tablet,42.0,16.0,45.0,,,,,,,Good,,50%,undetermined,,,,,,,,,,,0,,0,,0,,0,,,," ",0,0,,,0,0,0,0,,
8450,"Sb 22415","MDP 17, 252",Scheil1923MDP17,primary,252,,"Susa (mod. Shush)","Proto-Elamite (ca. 3100-2900 BC)",,"Louvre Museum, Paris, France",Administrative,clay,tablet,34.0,17.0,41.0,,,,,,,Good,,50%,undetermined,,,,,,,,,,,0,,0,,0,,0,,,," ",0,0,,,0,0,0,0,,
8451,"Sb 22416","MDP 17, 253",Scheil1923MDP17,primary,253,,"Susa (mod. Shush)","Proto-Elamite (ca. 3100-2900 BC)",,"Louvre Museum, Paris, France",Administrative,clay,tablet,64.0,32.0,43.0,,,,,,,Fair,,fragment,undetermined,,,,,,,,,,,0,,0,,0,,0,,,," ",0,0,,,0,0,0,0,,
8452,"Sb 22417","MDP 17, 254",Scheil1923MDP17,primary,254,,"Susa (mod. Shush)","Proto-Elamite (ca. 3100-2900 BC)",,"Louvre Museum, Paris, France",Administrative,clay,tablet,44.0,20.0,31.0,,,,,,,Fair,,complete,undetermined,,,,,,,,,,,0,,0,,0,,0,,,," ",0,0,,,0,0,0,0,,
8453,"Sb 22418","MDP 17, 255",Scheil1923MDP17,primary,255,,"Susa (mod. Shush)","Proto-Elamite (ca. 3100-2900 BC)",,"Louvre Museum, Paris, France",Administrative,clay,tablet,41.0,18.0,39.0,,,,,,,Excellent,,fragment,undetermined,,,,,,,,,,,0,,0,,0,,0,,,," ",0,0,,,0,0,0,0,,
8454,"Sb 22419","MDP 17, 256",Scheil1923MDP17,primary,256,,"Susa (mod. Shush)","Proto-Elamite (ca. 3100-2900 BC)",,"Louvre Museum, Paris, France",Administrative,clay,tablet,49.0,18.0,43.0,,,,,,,Fair,,fragment,undetermined,,,,,,,,,,,0,,0,,0,,0,,,," ",0,0,,,0,0,0,0,,
8455,"Sb 22420","MDP 17, 257",Scheil1923MDP17,primary,257,,"Susa (mod. Shush)","Proto-Elamite (ca. 3100-2900 BC)",,"Louvre Museum, Paris, France",Administrative,clay,tablet,37.0,14.0,37.0,,,,,,,Excellent,,fragment,undetermined,,,,,,,,,,,0,,0,,0,,0,,,," ",0,0,,,0,0,0,0,,
8456,"Sb 22421","MDP 17, 258",Scheil1923MDP17,primary,258,,"Susa (mod. Shush)","Proto-Elamite (ca. 3100-2900 BC)",,"Louvre Museum, Paris, France",Administrative,clay,tablet,68.0,16.0,23.0,,,,,,,Excellent,,fragment,undetermined,,,,,,,,,,,0,,0,,0,,0,,,," ",0,0,,,0,0,0,0,,
8457,"Sb 22422","MDP 17, 259",Scheil1923MDP17,primary,259,,"Susa (mod. Shush)","Proto-Elamite (ca. 3100-2900 BC)",,"Louvre Museum, Paris, France",Administrative,clay,tablet,39.0,15.0,33.0,,,,,,,Good,,fragment,undetermined,,,,,,,,,,,0,,0,,0,,0,,,," ",0,0,,,0,0,0,0,,
8458,"Sb 22423","MDP 17, 260",Scheil1923MDP17,primary,260,,"Susa (mod. Shush)","Proto-Elamite (ca. 3100-2900 BC)",,"Louvre Museum, Paris, France",Administrative,clay,tablet,47.0,18.0,35.0,,,,,,,Good,,fragment,undetermined,,,,,,,,,,,0,,0,,0,,0,,,," ",0,0,,,0,0,0,0,,
8460,"Sb 22424","MDP 17, 262",Scheil1923MDP17,primary,262,,"Susa (mod. Shush)","Proto-Elamite (ca. 3100-2900 BC)",,"Louvre Museum, Paris, France",Administrative,clay,tablet,42.0,16.0,35.0,,,,,,,Excellent,,75%,undetermined,,,,,,,,,,,0,,0,,0,,0,,,," ",0,0,,,0,0,0,0,,
8461,"Sb 22425","MDP 17, 263",Scheil1923MDP17,primary,263,,"Susa (mod. Shush)","Proto-Elamite (ca. 3100-2900 BC)",,"Louvre Museum, Paris, France",Administrative,clay,tablet,44.0,14.0,35.0,,,,,,,Fair,,75%,undetermined,,,,,,,,,,,0,,0,,0,,0,,,," ",0,0,,,0,0,0,0,,
8463,"Sb 22427","MDP 17, 265",Scheil1923MDP17,primary,265,,"Susa (mod. Shush)","Proto-Elamite (ca. 3100-2900 BC)",,"Louvre Museum, Paris, France",Administrative,clay,tablet,25.0,15.0,41.0,,,,,,,Good,,25%,undetermined,,,,,,,,,,,0,,0,,0,,0,,,," ",0,0,,,0,0,0,0,,
8464,"Sb 22428","MDP 17, 266",Scheil1923MDP17,primary,266,,"Susa (mod. Shush)","Proto-Elamite (ca. 3100-2900 BC)",,"Louvre Museum, Paris, France",Administrative,clay,tablet,41.0,17.0,38.0,,,,,,,Good,,fragment,undetermined,,,,,,,,,,,0,,0,,0,,0,,,," ",0,0,,,0,0,0,0,,
8465,"Sb 22429","MDP 17, 267",Scheil1923MDP17,primary,267,,"Susa (mod. Shush)","Proto-Elamite (ca. 3100-2900 BC)",,"Louvre Museum, Paris, France",Administrative,clay,tablet,26.0,17.0,40.0,,,,,,,Good,,25%,undetermined,,,,,,,,,,,0,,0,,0,,0,,,," ",0,0,,,0,0,0,0,,
8466,"Sb 22430","MDP 17, 268",Scheil1923MDP17,primary,268,,"Susa (mod. Shush)","Proto-Elamite (ca. 3100-2900 BC)",,"Louvre Museum, Paris, France",Administrative,clay,tablet,43.0,14.0,29.0,,,,,,,Excellent,,complete,undetermined,,,,,,,,,,,0,,0,,0,,0,,,," ",0,0,,,0,0,0,0,,
8467,"Sb 22439 ?","MDP 17, 269",Scheil1923MDP17,primary,269,,"Susa (mod. Shush)","Proto-Elamite (ca. 3100-2900 BC)",,"Louvre Museum, Paris, France",Administrative,clay,tablet,42.0,14.0,32.0,,,,,,,Good,,75%,undetermined,,,,,,,,,,,0,,0,,0,,0,,,," ",0,0,,,0,0,0,0,,
8468,"Sb 22432","MDP 17, 270",Scheil1923MDP17,primary,270,,"Susa (mod. Shush)","Proto-Elamite (ca. 3100-2900 BC)",,"Louvre Museum, Paris, France",Administrative,clay,tablet,51.0,19.0,42.0,,,,,,,Fair,,50%,undetermined,,,,,,,,,,,0,,0,,0,,0,,,," ",0,0,,,0,0,0,0,,
8469,"Sb 22433","MDP 17, 271",Scheil1923MDP17,primary,271,,"Susa (mod. Shush)","Proto-Elamite (ca. 3100-2900 BC)",,"Louvre Museum, Paris, France",Administrative,clay,tablet,48.0,17.0,41.0,,,,,,,Excellent,,fragment,undetermined,,,,,,,,,,,0,,0,,0,,0,,,," ",0,0,,,0,0,0,0,,
8470,"Sb 22434","MDP 17, 272",Scheil1923MDP17,primary,272,,"Susa (mod. Shush)","Proto-Elamite (ca. 3100-2900 BC)",,"Louvre Museum, Paris, France",Administrative,clay,tablet,53.0,16.0,41.0,,,,,,,Poor,,50%,undetermined,,,,,,,,,,,0,,0,,0,,0,,,," ",0,0,,,0,0,0,0,,
8471,"Sb 22435 ?","MDP 17, 273 + 280 + 291",Scheil1923MDP17,primary,"273 + 280 + 291",,"Susa (mod. Shush)","Proto-Elamite (ca. 3100-2900 BC)",,"Louvre Museum, Paris, France",Administrative,clay,tablet,98.0,37.0,115.0,,,,,,,Good,,fragment,undetermined,,,,,,,,"P008471 leadP008471 lead",,,0,,0,,0,,0,,,," ",0,0,,,0,0,1,0,,
8472,"Sb 22436","MDP 17, 274",Scheil1923MDP17,primary,274,,"Susa (mod. Shush)","Proto-Elamite (ca. 3100-2900 BC)",,"Louvre Museum, Paris, France",Administrative,clay,tablet,61.0,24.0,25.0,,,,,,,Good,,fragment,undetermined,,,,,,,,,,,0,,0,,0,,0,,,," ",0,0,,,0,0,0,0,,
8473,"Sb 22437","MDP 17, 275",Scheil1923MDP17,primary,275,,"Susa (mod. Shush)","Proto-Elamite (ca. 3100-2900 BC)",,"Louvre Museum, Paris, France",Administrative,clay,tablet,93.0,45.0,66.0,,,,,,,Poor,,fragment,undetermined,,,,,,,,,,,0,,0,,0,,0,,,," ",0,0,,,0,0,0,0,,
8474,"Sb 22438","MDP 17, 276",Scheil1923MDP17,primary,276,,"Susa (mod. Shush)","Proto-Elamite (ca. 3100-2900 BC)",,"Louvre Museum, Paris, France",Administrative,clay,tablet,136.0,19.0,59.0,,,,,,,Good,,fragment,undetermined,,,,,,,,,,,0,,0,,0,,0,,,," ",0,0,,,0,0,0,0,,
8475,"Sb 22439bis ?","MDP 17, 277",Scheil1923MDP17,primary,277,,"Susa (mod. Shush)","Proto-Elamite (ca. 3100-2900 BC)",,"Louvre Museum, Paris, France",Administrative,clay,tablet,142.0,21.0,85.0,,,,,,,Good,,fragment,undetermined,,,,,,,,,,,0,,0,,0,,0,,,," ",0,0,,,0,0,0,0,,
8476,"Sb 22440","MDP 17, 278",Scheil1923MDP17,primary,278,,"Susa (mod. Shush)","Proto-Elamite (ca. 3100-2900 BC)",,"Louvre Museum, Paris, France",Administrative,clay,tablet,121.0,22.0,91.0,,,,,,,Poor,,50%,undetermined,,,,,,,,,,,0,,0,,0,,0,,,," ",0,0,,,0,0,0,0,,
8477,"Sb 22441","MDP 17, 279",Scheil1923MDP17,primary,279,,"Susa (mod. Shush)","Proto-Elamite (ca. 3100-2900 BC)",,"Louvre Museum, Paris, France",Administrative,clay,tablet,86.0,19.0,68.0,,,,,,,Poor,,75%,undetermined,,,,,,,,,,,0,,0,,0,,0,,,," ",0,0,,,0,0,0,0,,
8479,"Sb 22442","MDP 17, 281",Scheil1923MDP17,primary,281,,"Susa (mod. Shush)","Proto-Elamite (ca. 3100-2900 BC)",,"Louvre Museum, Paris, France",Administrative,clay,tablet,81.0,20.0,58.0,,,,,,,Poor,,75%,undetermined,,,,,,,,,,,0,,0,,0,,0,,,," ",0,0,,,0,0,0,0,,
8480,"Sb 22443","MDP 17, 282",Scheil1923MDP17,primary,282,,"Susa (mod. Shush)","Proto-Elamite (ca. 3100-2900 BC)",,"Louvre Museum, Paris, France",Administrative,clay,tablet,74.0,26.0,46.0,,,,,,,Good,,fragment,undetermined,,,,,,,,,,,0,,0,,0,,0,,,," ",0,0,,,0,0,0,0,,
8481,"Sb 06347","MDP 17, 283",Scheil1923MDP17,primary,283,,"Susa (mod. Shush)","Proto-Elamite (ca. 3100-2900 BC)",,"Louvre Museum, Paris, France",Administrative,clay,tablet,123.0,44.0,97.0,,,,,,,Poor,,fragment,undetermined,,,,,,,,,,"Fouilles J. de Morgan (1907)",0,,0,,0,,0,,,," ",0,0,,,0,0,0,0,,
8482,"Sb 22444","MDP 17, 284",Scheil1923MDP17,primary,284,,"Susa (mod. Shush)","Proto-Elamite (ca. 3100-2900 BC)",,"Louvre Museum, Paris, France",Administrative,clay,tablet,79.0,27.0,60.0,,,,,,,Fair,,fragment,undetermined,,,,,,,,,,,0,,0,,0,,0,,,," ",0,0,,,0,0,0,0,,
8483,"Sb 22445","MDP 17, 285",Scheil1923MDP17,primary,285,,"Susa (mod. Shush)","Proto-Elamite (ca. 3100-2900 BC)",,"Louvre Museum, Paris, France",Administrative,clay,tablet,119.0,46.0,60.0,,,,,,,Fair,,fragment,undetermined,,,,,,,,,,,0,,0,,0,,0,,,," ",0,0,,,0,0,0,0,,
8484,"Sb 22446","MDP 17, 286",Scheil1923MDP17,primary,286,,"Susa (mod. Shush)","Proto-Elamite (ca. 3100-2900 BC)",,"Louvre Museum, Paris, France",Administrative,clay,tablet,66.0,15.0,50.0,,,,,,,Fair,,75%,undetermined,,,,,,,,,,,0,,0,,0,,0,,,," ",0,0,,,0,0,0,0,,
8485,"Sb 22447","MDP 17, 287",Scheil1923MDP17,primary,287,,"Susa (mod. Shush)","Proto-Elamite (ca. 3100-2900 BC)",,"Louvre Museum, Paris, France",Administrative,clay,tablet,92.0,16.0,68.0,,,,,,,Good,,fragment,undetermined,,,,,,,,,,,0,,0,,0,,0,,,," ",0,0,,,0,0,0,0,,
8486,"Sb 22448","MDP 17, 288",Scheil1923MDP17,primary,288,,"Susa (mod. Shush)","Proto-Elamite (ca. 3100-2900 BC)",,"Louvre Museum, Paris, France",Administrative,clay,tablet,52.0,15.0,36.0,,,,,,,Good,,75%,undetermined,,,,,,,,,,,0,,0,,0,,0,,,," ",0,0,,,0,0,0,0,,
8487,"Sb 22449","MDP 17, 289",Scheil1923MDP17,primary,289,,"Susa (mod. Shush)","Proto-Elamite (ca. 3100-2900 BC)",,"Louvre Museum, Paris, France",Administrative,clay,tablet,60.0,32.0,63.0,,,,,,,Fair,,50%,undetermined,,,,,,,,,,,0,,0,,0,,0,,,," ",0,0,,,0,0,0,0,,
8490,"Sb 22450","MDP 17, 292",Scheil1923MDP17,primary,292,,"Susa (mod. Shush)","Proto-Elamite (ca. 3100-2900 BC)",,"Louvre Museum, Paris, France",Administrative,clay,tablet,250.0,35.0,200.0,,,,,,,Good,,fragment,undetermined,,,,,,,,,,,0,,0,,0,,0,,,," ",0,0,,,0,0,0,0,,
8491,"Sb 22451","MDP 17, 293",Scheil1923MDP17,primary,293,,"Susa (mod. Shush)","Proto-Elamite (ca. 3100-2900 BC)",,"Louvre Museum, Paris, France",Administrative,clay,tablet,50.0,15.0,41.0,,,,,,,Fair,,75%,undetermined,,,,,,,,,,,0,,0,,0,,0,,,," ",0,0,,,0,0,0,0,,
8492,"Sb 22452","MDP 17, 294",Scheil1923MDP17,primary,294,,"Susa (mod. Shush)","Proto-Elamite (ca. 3100-2900 BC)",,"Louvre Museum, Paris, France",Administrative,clay,tablet,40.0,16.0,47.0,,,,,,,Excellent,,fragment,undetermined,,,,,,,,,,,0,,0,,0,,0,,,," ",0,0,,,0,0,0,0,,
8493,"Sb 22453","MDP 17, 295",Scheil1923MDP17,primary,295,,"Susa (mod. Shush)","Proto-Elamite (ca. 3100-2900 BC)",,"Louvre Museum, Paris, France",Administrative,clay,tablet,39.0,15.0,26.0,,,,,,,Good,,fragment,undetermined,,,,,,,,,,,0,,0,,0,,0,,,," ",0,0,,,0,0,0,0,,
8494,unknown,"MDP 17, 296",Scheil1923MDP17,primary,296,,"Susa (mod. Shush)","Proto-Elamite (ca. 3100-2900 BC)",,,Administrative,clay,tablet,,,,,,,,,,,,,undetermined,,,,,,,,,,,0,,0,,0,,0,,,," ",0,0,,,0,0,0,0,,
8495,"Sb 22454","MDP 17, 297 + 299",Scheil1923MDP17,primary,"297 + 299",,"Susa (mod. Shush)","Proto-Elamite (ca. 3100-2900 BC)",,"Louvre Museum, Paris, France",Administrative,clay,tablet,29.0,15.0,40.0,,,,,,,Good,,fragment,undetermined,,,,,,,,,,,0,,0,,0,,0,,,," ",0,0,,,0,0,0,0,,
8496,"Sb 22455","MDP 17, 298",Scheil1923MDP17,primary,298,,"Susa (mod. Shush)","Proto-Elamite (ca. 3100-2900 BC)",,"Louvre Museum, Paris, France",Administrative,clay,tablet,36.0,15.0,47.0,,,,,,,Good,,fragment,undetermined,,,,,,,,,,,0,,0,,0,,0,,,," ",0,0,,,0,0,0,0,,
8497,"Sb 22456","MDP 17, 299",Scheil1923MDP17,primary,299,,"Susa (mod. Shush)","Proto-Elamite (ca. 3100-2900 BC)",,"Louvre Museum, Paris, France",Administrative,clay,tablet,25.0,16.0,41.0,,,,,,,Good,,fragment,undetermined,,,,,,,,,,,0,,0,,0,,0,,,," ",0,0,,,0,0,0,0,,
8498,"Sb 22457","MDP 17, 300",Scheil1923MDP17,primary,300,,"Susa (mod. Shush)","Proto-Elamite (ca. 3100-2900 BC)",,"Louvre Museum, Paris, France",Administrative,clay,tablet,38.0,17.0,37.0,,,,,,,Fair,,fragment,undetermined,,,,,,,,,,,0,,0,,0,,0,,,," ",0,0,,,0,0,0,0,,
8499,"Sb 22458","MDP 17, 301",Scheil1923MDP17,primary,301,,"Susa (mod. Shush)","Proto-Elamite (ca. 3100-2900 BC)",,"Louvre Museum, Paris, France",Administrative,clay,tablet,55.0,19.0,35.0,,,,,,,Fair,,fragment,undetermined,,,,,,,,,,,0,,0,,0,,0,,,," ",0,0,,,0,0,0,0,,
8500,"Sb 22459","MDP 17, 302",Scheil1923MDP17,primary,302,,"Susa (mod. Shush)","Proto-Elamite (ca. 3100-2900 BC)",,"Louvre Museum, Paris, France",Administrative,clay,tablet,38.0,15.0,32.0,,,,,,,Good,,fragment,undetermined,,,,,,,,,,,0,,0,,0,,0,,,," ",0,0,,,0,0,0,0,,
8501,"Sb 22460","MDP 17, 303",Scheil1923MDP17,primary,303,,"Susa (mod. Shush)","Proto-Elamite (ca. 3100-2900 BC)",,"Louvre Museum, Paris, France",Administrative,clay,tablet,61.0,17.0,38.0,,,,,,,Good,,fragment,undetermined,,,,,,,,,,,0,,0,,0,,0,,,," ",0,0,,,0,0,0,0,,
8502,"Sb 22461","MDP 17, 304",Scheil1923MDP17,primary,304,,"Susa (mod. Shush)","Proto-Elamite (ca. 3100-2900 BC)",,"Louvre Museum, Paris, France",Administrative,clay,tablet,37.0,15.0,30.0,,,,,,,Good,,fragment,undetermined,,,,,,,,,,,0,,0,,0,,0,,,," ",0,0,,,0,0,0,0,,
8503,"Sb 22462","MDP 17, 305",Scheil1923MDP17,primary,305,,"Susa (mod. Shush)","Proto-Elamite (ca. 3100-2900 BC)",,"Louvre Museum, Paris, France",Administrative,clay,tablet,35.0,22.0,42.0,,,,,,,Fair,,fragment,undetermined,,,,,,,,,,,0,,0,,0,,0,,,," ",0,0,,,0,0,0,0,,
8504,"Sb 22463","MDP 17, 306",Scheil1923MDP17,primary,306,,"Susa (mod. Shush)","Proto-Elamite (ca. 3100-2900 BC)",,"Louvre Museum, Paris, France",Administrative,clay,tablet,32.0,15.0,25.0,,,,,,,Good,,fragment,undetermined,,,,,,,,,,,0,,0,,0,,0,,,," ",0,0,,,0,0,0,0,,
8505,"Sb 22464","MDP 17, 307",Scheil1923MDP17,primary,307,,"Susa (mod. Shush)","Proto-Elamite (ca. 3100-2900 BC)",,"Louvre Museum, Paris, France",Administrative,clay,tablet,21.0,15.0,20.0,,,,,,,Good,,fragment,undetermined,,,,,,,,,,,0,,0,,0,,0,,,," ",0,0,,,0,0,0,0,,
8506,"Sb 22465","MDP 17, 308",Scheil1923MDP17,primary,308,,"Susa (mod. Shush)","Proto-Elamite (ca. 3100-2900 BC)",,"Louvre Museum, Paris, France",Administrative,clay,tablet,37.0,15.0,36.0,,,,,,,Excellent,,25%,undetermined,,,,,,,,,,,0,,0,,0,,0,,,," ",0,0,,,0,0,0,0,,
8507,"Sb 22466","MDP 17, 309",Scheil1923MDP17,primary,309,,"Susa (mod. Shush)","Proto-Elamite (ca. 3100-2900 BC)",,"Louvre Museum, Paris, France",Administrative,clay,tablet,45.0,16.0,23.0,,,,,,,Excellent,,fragment,undetermined,,,,,,,,,,,0,,0,,0,,0,,,," ",0,0,,,0,0,0,0,,
8508,"Sb 22467","MDP 17, 310",Scheil1923MDP17,primary,310,,"Susa (mod. Shush)","Proto-Elamite (ca. 3100-2900 BC)",,"Louvre Museum, Paris, France",Administrative,clay,tablet,33.0,18.0,44.0,,,,,,,Good,,fragment,undetermined,,,,,,,,,,,0,,0,,0,,0,,,," ",0,0,,,0,0,0,0,,
8509,"Sb 22468","MDP 17, 311",Scheil1923MDP17,primary,311,,"Susa (mod. Shush)","Proto-Elamite (ca. 3100-2900 BC)",,"Louvre Museum, Paris, France",Administrative,clay,tablet,34.0,14.0,42.0,,,,,,,Fair,,fragment,undetermined,,,,,,,,,,,0,,0,,0,,0,,,," ",0,0,,,0,0,0,0,,
8510,"Sb 22469","MDP 17, 312",Scheil1923MDP17,primary,312,,"Susa (mod. Shush)","Proto-Elamite (ca. 3100-2900 BC)",,"Louvre Museum, Paris, France",Administrative,clay,tablet,30.0,17.0,37.0,,,,,,,Good,,fragment,undetermined,,,,,,,,,,,0,,0,,0,,0,,,," ",0,0,,,0,0,0,0,,
8511,"Sb 22470","MDP 17, 313",Scheil1923MDP17,primary,313,,"Susa (mod. Shush)","Proto-Elamite (ca. 3100-2900 BC)",,"Louvre Museum, Paris, France",Administrative,clay,tablet,35.0,10.0,27.0,,,,,,,Fair,,50%,undetermined,,,,,,,,,,,0,,0,,0,,0,,,," ",0,0,,,0,0,0,0,,
8512,"Sb 22471 + Sb 22530","MDP 17, 314 + 376",Scheil1923MDP17,primary,"314 + 376",,"Susa (mod. Shush)","Proto-Elamite (ca. 3100-2900 BC)",,"Louvre Museum, Paris, France",Administrative,clay,tablet,32.0,14.0,23.0,,,,,,,Good,,fragment,undetermined,,,,,,,,"P008512 leadP008512 lead",,,0,,0,,0,,0,,,," ",0,0,,,0,0,1,0,,
8513,"Sb 22472","MDP 17, 315",Scheil1923MDP17,primary,315,,"Susa (mod. Shush)","Proto-Elamite (ca. 3100-2900 BC)",,"Louvre Museum, Paris, France",Administrative,clay,tablet,32.0,14.0,49.0,,,,,,,Good,,25%,undetermined,,,,,,,,,,,0,,0,,0,,0,,,," ",0,0,,,0,0,0,0,,
8514,"Sb 22473","MDP 17, 316",Scheil1923MDP17,primary,316,,"Susa (mod. Shush)","Proto-Elamite (ca. 3100-2900 BC)",,"Louvre Museum, Paris, France",Administrative,clay,tablet,38.0,13.0,28.0,,,,,,,Fair,,75%,undetermined,,,,,,,,,,,0,,0,,0,,0,,,," ",0,0,,,0,0,0,0,,
8515,"Sb 22474","MDP 17, 317",Scheil1923MDP17,primary,317,,"Susa (mod. Shush)","Proto-Elamite (ca. 3100-2900 BC)",,"Louvre Museum, Paris, France",Administrative,clay,tablet,31.0,14.0,38.0,,,,,,,,,,undetermined,,,,,,,,,,,0,,0,,0,,0,,,," ",0,0,,,0,0,0,0,,
8516,"Sb 22475","MDP 17, 318",Scheil1923MDP17,primary,318,,"Susa (mod. Shush)","Proto-Elamite (ca. 3100-2900 BC)",,"Louvre Museum, Paris, France",Administrative,clay,tablet,51.0,21.0,47.0,,,,,,,Poor,,fragment,undetermined,,,,,,,,,,,0,,0,,0,,0,,,," ",0,0,,,0,0,0,0,,
8517,"Sb 22476","MDP 17, 319",Scheil1923MDP17,primary,319,,"Susa (mod. Shush)","Proto-Elamite (ca. 3100-2900 BC)",,"Louvre Museum, Paris, France",Administrative,clay,tablet,30.0,14.0,38.0,,,,,,,Fair,,25%,undetermined,,,,,,,,,,,0,,0,,0,,0,,,," ",0,0,,,0,0,0,0,,
8518,"Sb 22477","MDP 17, 320",Scheil1923MDP17,primary,320,,"Susa (mod. Shush)","Proto-Elamite (ca. 3100-2900 BC)",,"Louvre Museum, Paris, France",Administrative,clay,tablet,32.0,19.0,45.0,,,,,,,Fair,,fragment,undetermined,,,,,,,,,,,0,,0,,0,,0,,,," ",0,0,,,0,0,0,0,,
8519,unknown,"MDP 17, 321",Scheil1923MDP17,primary,321,,"Susa (mod. Shush)","Proto-Elamite (ca. 3100-2900 BC)",,,Administrative,clay,tablet,,,,,,,,,,,,,undetermined,,,,,,,,,,,0,,0,,0,,0,,,," ",0,0,,,0,0,0,0,,
8520,"Sb 06357","MDP 17, 322",Scheil1923MDP17,primary,322,,"Susa (mod. Shush)","Proto-Elamite (ca. 3100-2900 BC)",,"Louvre Museum, Paris, France",Administrative,clay,tablet,43.0,15.0,24.0,,,,,,,Excellent,,fragment,undetermined,,,,,,,,,,,0,,0,,0,,0,,,," ",0,0,,,0,0,0,0,,
8521,"Sb 22478","MDP 17, 323",Scheil1923MDP17,primary,323,,"Susa (mod. Shush)","Proto-Elamite (ca. 3100-2900 BC)",,"Louvre Museum, Paris, France",Administrative,clay,tablet,35.0,16.0,43.0,,,,,,,Good,,fragment,undetermined,,,,,,,,,,,0,,0,,0,,0,,,," ",0,0,,,0,0,0,0,,
8522,"Sb 22479","MDP 17, 324",Scheil1923MDP17,primary,324,,"Susa (mod. Shush)","Proto-Elamite (ca. 3100-2900 BC)",,"Louvre Museum, Paris, France",Administrative,clay,tablet,29.0,17.0,37.0,,,,,,,Good,,fragment,undetermined,,,,,,,,,,,0,,0,,0,,0,,,," ",0,0,,,0,0,0,0,,
8524,"Sb 22481","MDP 17, 326",Scheil1923MDP17,primary,326,,"Susa (mod. Shush)","Proto-Elamite (ca. 3100-2900 BC)",,"Louvre Museum, Paris, France",Administrative,clay,tablet,38.0,15.0,33.0,,,,,,,Fair,,fragment,undetermined,,,,,,,,,,,0,,0,,0,,0,,,," ",0,0,,,0,0,0,0,,
8525,"Sb 22482","MDP 17, 327",Scheil1923MDP17,primary,327,,"Susa (mod. Shush)","Proto-Elamite (ca. 3100-2900 BC)",,"Louvre Museum, Paris, France",Administrative,clay,tablet,23.0,14.0,33.0,,,,,,,Good,,fragment,undetermined,,,,,,,,,,,0,,0,,0,,0,,,," ",0,0,,,0,0,0,0,,
8526,"Sb 22483","MDP 17, 328",Scheil1923MDP17,primary,328,,"Susa (mod. Shush)","Proto-Elamite (ca. 3100-2900 BC)",,"Louvre Museum, Paris, France",Administrative,clay,tablet,34.0,13.0,38.0,,,,,,,Poor,,50%,undetermined,,,,,,,,,,,0,,0,,0,,0,,,," ",0,0,,,0,0,0,0,,
8527,"Sb 22484","MDP 17, 329",Scheil1923MDP17,primary,329,,"Susa (mod. Shush)","Proto-Elamite (ca. 3100-2900 BC)",,"Louvre Museum, Paris, France",Administrative,clay,tablet,48.0,15.0,19.0,,,,,,,Good,,fragment,undetermined,,,,,,,,,,,0,,0,,0,,0,,,," ",0,0,,,0,0,0,0,,
8528,"Sb 22485","MDP 17, 330",Scheil1923MDP17,primary,330,,"Susa (mod. Shush)","Proto-Elamite (ca. 3100-2900 BC)",,"Louvre Museum, Paris, France",Administrative,clay,tablet,35.0,15.0,31.0,,,,,,,Good,,fragment,undetermined,,,,,,,,,,,0,,0,,0,,0,,,," ",0,0,,,0,0,0,0,,
8529,"Sb 22486","MDP 17, 331",Scheil1923MDP17,primary,331,,"Susa (mod. Shush)","Proto-Elamite (ca. 3100-2900 BC)",,"Louvre Museum, Paris, France",Administrative,clay,tablet,36.0,14.0,35.0,,,,,,,Poor,,50%,undetermined,,,,,,,,,,,0,,0,,0,,0,,,," ",0,0,,,0,0,0,0,,
8530,"Sb 22487","MDP 17, 332",Scheil1923MDP17,primary,332,,"Susa (mod. Shush)","Proto-Elamite (ca. 3100-2900 BC)",,"Louvre Museum, Paris, France",Administrative,clay,tablet,45.0,15.0,43.0,,,,,,,Good,,fragment,undetermined,,,,,,,,,,,0,,0,,0,,0,,,," ",0,0,,,0,0,0,0,,
8531,"Sb 22488","MDP 17, 333",Scheil1923MDP17,primary,333,,"Susa (mod. Shush)","Proto-Elamite (ca. 3100-2900 BC)",,"Louvre Museum, Paris, France",Administrative,clay,tablet,34.0,16.0,37.0,,,,,,,Good,,fragment,undetermined,,,,,,,,,,,0,,0,,0,,0,,,," ",0,0,,,0,0,0,0,,
8532,"Sb 22489","MDP 17, 334",Scheil1923MDP17,primary,334,,"Susa (mod. Shush)","Proto-Elamite (ca. 3100-2900 BC)",,"Louvre Museum, Paris, France",Administrative,clay,tablet,52.0,16.0,30.0,,,,,,,Poor,,fragment,undetermined,,,,,,,,,,,0,,0,,0,,0,,,," ",0,0,,,0,0,0,0,,
8533,"Sb 22490","MDP 17, 335",Scheil1923MDP17,primary,335,,"Susa (mod. Shush)","Proto-Elamite (ca. 3100-2900 BC)",,"Louvre Museum, Paris, France",Administrative,clay,tablet,37.0,16.0,47.0,,,,,,,Poor,,25%,undetermined,,,,,,,,,,,0,,0,,0,,0,,,," ",0,0,,,0,0,0,0,,
8535,"Sb 22492","MDP 17, 337",Scheil1923MDP17,primary,337,,"Susa (mod. Shush)","Proto-Elamite (ca. 3100-2900 BC)",,"Louvre Museum, Paris, France",Administrative,clay,tablet,21.0,14.0,37.0,,,,,,,Good,,fragment,undetermined,,,,,,,,,,,0,,0,,0,,0,,,," ",0,0,,,0,0,0,0,,
8536,"Sb 22493","MDP 17, 338",Scheil1923MDP17,primary,338,,"Susa (mod. Shush)","Proto-Elamite (ca. 3100-2900 BC)",,"Louvre Museum, Paris, France",Administrative,clay,tablet,44.0,25.0,34.0,,,,,,,Fair,,fragment,undetermined,,,,,,,,,,,0,,0,,0,,0,,,," ",0,0,,,0,0,0,0,,
8537,"Sb 22494","MDP 17, 339",Scheil1923MDP17,primary,339,,"Susa (mod. Shush)","Proto-Elamite (ca. 3100-2900 BC)",,"Louvre Museum, Paris, France",Administrative,clay,tablet,39.0,17.0,49.0,,,,,,,,,,undetermined,,,,,,,,,,,0,,0,,0,,0,,,," ",0,0,,,0,0,0,0,,
8538,"Sb 22495","MDP 17, 340",Scheil1923MDP17,primary,340,,"Susa (mod. Shush)","Proto-Elamite (ca. 3100-2900 BC)",,"Louvre Museum, Paris, France",Administrative,clay,tablet,37.0,14.0,36.0,,,,,,,Poor,,fragment,undetermined,,,,,,,,,,,0,,0,,0,,0,,,," ",0,0,,,0,0,0,0,,
8539,"Sb 22496","MDP 17, 341",Scheil1923MDP17,primary,341,,"Susa (mod. Shush)","Proto-Elamite (ca. 3100-2900 BC)",,"Louvre Museum, Paris, France",Administrative,clay,tablet,59.0,19.0,38.0,,,,,,,Good,,fragment,undetermined,,,,,,,,,,,0,,0,,0,,0,,,," ",0,0,,,0,0,0,0,,
8540,"Sb 22497","MDP 17, 342",Scheil1923MDP17,primary,342,,"Susa (mod. Shush)","Proto-Elamite (ca. 3100-2900 BC)",,"Louvre Museum, Paris, France",Administrative,clay,tablet,49.0,17.0,48.0,,,,,,,Good,,25%,undetermined,,,,,,,,,,,0,,0,,0,,0,,,," ",0,0,,,0,0,0,0,,
8541,"Sb 22498","MDP 17, 343",Scheil1923MDP17,primary,343,,"Susa (mod. Shush)","Proto-Elamite (ca. 3100-2900 BC)",,"Louvre Museum, Paris, France",Administrative,clay,tablet,38.0,19.0,37.0,,,,,,,Good,,fragment,undetermined,,,,,,,,,,,0,,0,,0,,0,,,," ",0,0,,,0,0,0,0,,
8542,"Sb 22499","MDP 17, 344",Scheil1923MDP17,primary,344,,"Susa (mod. Shush)","Proto-Elamite (ca. 3100-2900 BC)",,"Louvre Museum, Paris, France",Administrative,clay,tablet,52.0,17.0,30.0,,,,,,,Good,,fragment,undetermined,,,,,,,,,,,0,,0,,0,,0,,,," ",0,0,,,0,0,0,0,,
8543,"Sb 22500","MDP 17, 345",Scheil1923MDP17,primary,345,,"Susa (mod. Shush)","Proto-Elamite (ca. 3100-2900 BC)",,"Louvre Museum, Paris, France",Administrative,clay,tablet,32.0,18.0,41.0,,,,,,,Good,,fragment,undetermined,,,,,,,,,,,0,,0,,0,,0,,,," ",0,0,,,0,0,0,0,,
8544,"Sb 22501","MDP 17, 346",Scheil1923MDP17,primary,346,,"Susa (mod. Shush)","Proto-Elamite (ca. 3100-2900 BC)",,"Louvre Museum, Paris, France",Administrative,clay,tablet,32.0,17.0,33.0,,,,,,,Good,,fragment,undetermined,,,,,,,,,,,0,,0,,0,,0,,,," ",0,0,,,0,0,0,0,,
8546,"Sb 22503","MDP 17, 348",Scheil1923MDP17,primary,348,,"Susa (mod. Shush)","Proto-Elamite (ca. 3100-2900 BC)",,"Louvre Museum, Paris, France",Administrative,clay,tablet,34.0,16.0,21.0,,,,,,,Fair,,fragment,undetermined,,,,,,,,,,,0,,0,,0,,0,,,," ",0,0,,,0,0,0,0,,
8547,"Sb 22504","MDP 17, 349",Scheil1923MDP17,primary,349,,"Susa (mod. Shush)","Proto-Elamite (ca. 3100-2900 BC)",,"Louvre Museum, Paris, France",Administrative,clay,tablet,,,,,,,,,,Fair,,fragment,undetermined,,,,,,,,,,,0,,0,,0,,0,,,," ",0,0,,,0,0,0,0,,
8548,"Sb 22505","MDP 17, 350",Scheil1923MDP17,primary,350,,"Susa (mod. Shush)","Proto-Elamite (ca. 3100-2900 BC)",,"Louvre Museum, Paris, France",Administrative,clay,tablet,34.0,22.0,43.0,,,,,,,Good,,fragment,undetermined,,,,,,,,,,,0,,0,,0,,0,,,," ",0,0,,,0,0,0,0,,
8549,"Sb 22506","MDP 17, 351",Scheil1923MDP17,primary,351,,"Susa (mod. Shush)","Proto-Elamite (ca. 3100-2900 BC)",,"Louvre Museum, Paris, France",Administrative,clay,tablet,34.0,19.0,50.0,,,,,,,Fair,,25%,undetermined,,,,,,,,,,,0,,0,,0,,0,,,," ",0,0,,,0,0,0,0,,
8550,"Sb 22507","MDP 17, 352",Scheil1923MDP17,primary,352,,"Susa (mod. Shush)","Proto-Elamite (ca. 3100-2900 BC)",,"Louvre Museum, Paris, France",Administrative,clay,tablet,33.0,17.0,25.0,,,,,,,Fair,,fragment,undetermined,,,,,,,,,,,0,,0,,0,,0,,,," ",0,0,,,0,0,0,0,,
8551,"Sb 22508","MDP 17, 353",Scheil1923MDP17,primary,353,,"Susa (mod. Shush)","Proto-Elamite (ca. 3100-2900 BC)",,"Louvre Museum, Paris, France",Administrative,clay,tablet,52.0,16.0,38.0,,,,,,,Good,,fragment,undetermined,,,,,,,,,,,0,,0,,0,,0,,,," ",0,0,,,0,0,0,0,,
8552,"Sb 22509","MDP 17, 354",Scheil1923MDP17,primary,354,,"Susa (mod. Shush)","Proto-Elamite (ca. 3100-2900 BC)",,"Louvre Museum, Paris, France",Administrative,clay,tablet,24.0,14.0,28.0,,,,,,,Good,,fragment,undetermined,,,,,,,,,,,0,,0,,0,,0,,,," ",0,0,,,0,0,0,0,,
8554,"Sb 22510","MDP 17, 356",Scheil1923MDP17,primary,356,,"Susa (mod. Shush)","Proto-Elamite (ca. 3100-2900 BC)",,"Louvre Museum, Paris, France",Administrative,clay,tablet,23.0,14.0,24.0,,,,,,,,,,undetermined,,,,,,,,,,,0,,0,,0,,0,,,," ",0,0,,,0,0,0,0,,
8555,"Sb 22511","MDP 17, 357",Scheil1923MDP17,primary,357,,"Susa (mod. Shush)","Proto-Elamite (ca. 3100-2900 BC)",,"Louvre Museum, Paris, France",Administrative,clay,tablet,38.0,17.0,50.0,,,,,,,Fair,,fragment,undetermined,,,,,,,,,,,0,,0,,0,,0,,,," ",0,0,,,0,0,0,0,,
8556,"Sb 22512","MDP 17, 358",Scheil1923MDP17,primary,358,,"Susa (mod. Shush)","Proto-Elamite (ca. 3100-2900 BC)",,"Louvre Museum, Paris, France",Administrative,clay,tablet,22.0,13.0,41.0,,,,,,,Excellent,,fragment,undetermined,,,,,,,,,,,0,,0,,0,,0,,,," ",0,0,,,0,0,0,0,,
8557,"Sb 22513","MDP 17, 359",Scheil1923MDP17,primary,359,,"Susa (mod. Shush)","Proto-Elamite (ca. 3100-2900 BC)",,"Louvre Museum, Paris, France",Administrative,clay,tablet,35.0,14.0,42.0,,,,,,,Good,,fragment,undetermined,,,,,,,,,,,0,,0,,0,,0,,,," ",0,0,,,0,0,0,0,,
8558,"Sb 22514","MDP 17, 360",Scheil1923MDP17,primary,360,,"Susa (mod. Shush)","Proto-Elamite (ca. 3100-2900 BC)",,"Louvre Museum, Paris, France",Administrative,clay,tablet,36.0,16.0,30.0,,,,,,,Fair,,fragment,undetermined,,,,,,,,,,,0,,0,,0,,0,,,," ",0,0,,,0,0,0,0,,
8559,"Sb 22515","MDP 17, 361",Scheil1923MDP17,primary,361,,"Susa (mod. Shush)","Proto-Elamite (ca. 3100-2900 BC)",,"Louvre Museum, Paris, France",Administrative,clay,tablet,59.0,22.0,20.0,,,,,,,Good,,fragment,undetermined,,,,,,,,,,,0,,0,,0,,0,,,," ",0,0,,,0,0,0,0,,
8561,"Sb 22517","MDP 17, 363",Scheil1923MDP17,primary,363,,"Susa (mod. Shush)","Proto-Elamite (ca. 3100-2900 BC)",,"Louvre Museum, Paris, France",Administrative,clay,tablet,35.0,13.0,30.0,,,,,,,Fair,,50%,undetermined,,,,,,,,,,,0,,0,,0,,0,,,," ",0,0,,,0,0,0,0,,
8562,"Sb 22518","MDP 17, 364",Scheil1923MDP17,primary,364,,"Susa (mod. Shush)","Proto-Elamite (ca. 3100-2900 BC)",,"Louvre Museum, Paris, France",Administrative,clay,tablet,40.0,25.0,40.0,,,,,,,Fair,,fragment,undetermined,,,,,,,,,,,0,,0,,0,,0,,,," ",0,0,,,0,0,0,0,,
8563,"Sb 22519","MDP 17, 365",Scheil1923MDP17,primary,365,,"Susa (mod. Shush)","Proto-Elamite (ca. 3100-2900 BC)",,"Louvre Museum, Paris, France",Administrative,clay,tablet,42.0,20.0,37.0,,,,,,,Good,,fragment,undetermined,,,,,,,,,,,0,,0,,0,,0,,,," ",0,0,,,0,0,0,0,,
8564,"Sb 22520","MDP 17, 366",Scheil1923MDP17,primary,366,,"Susa (mod. Shush)","Proto-Elamite (ca. 3100-2900 BC)",,"Louvre Museum, Paris, France",Administrative,clay,tablet,28.0,16.0,34.0,,,,,,,Fair,,25%,undetermined,,,,,,,,,,,0,,0,,0,,0,,,," ",0,0,,,0,0,0,0,,
8565,"Sb 22521","MDP 17, 367",Scheil1923MDP17,primary,367,,"Susa (mod. Shush)","Proto-Elamite (ca. 3100-2900 BC)",,"Louvre Museum, Paris, France",Administrative,clay,tablet,13.0,12.0,32.0,,,,,,,Good,,fragment,undetermined,,,,,,,,,,,0,,0,,0,,0,,,," ",0,0,,,0,0,0,0,,
8566,"Sb 22522","MDP 17, 368",Scheil1923MDP17,primary,368,,"Susa (mod. Shush)","Proto-Elamite (ca. 3100-2900 BC)",,"Louvre Museum, Paris, France",Administrative,clay,tablet,39.0,16.0,43.0,,,,,,,Fair,,fragment,undetermined,,,,,,,,,,,0,,0,,0,,0,,,," ",0,0,,,0,0,0,0,,
8567,"Sb 22523","MDP 17, 369",Scheil1923MDP17,primary,369,,"Susa (mod. Shush)","Proto-Elamite (ca. 3100-2900 BC)",,"Louvre Museum, Paris, France",Administrative,clay,tablet,31.0,18.0,42.0,,,,,,,Good,,fragment,undetermined,,,,,,,,,,,0,,0,,0,,0,,,," ",0,0,,,0,0,0,0,,
8568,"Sb 22524","MDP 17, 370",Scheil1923MDP17,primary,370,,"Susa (mod. Shush)","Proto-Elamite (ca. 3100-2900 BC)",,"Louvre Museum, Paris, France",Administrative,clay,tablet,30.0,16.0,23.0,,,,,,,Good,,fragment,undetermined,,,,,,,,,,,0,,0,,0,,0,,,," ",0,0,,,0,0,0,0,,
8569,"Sb 22525","MDP 17, 371",Scheil1923MDP17,primary,371,,"Susa (mod. Shush)","Proto-Elamite (ca. 3100-2900 BC)",,"Louvre Museum, Paris, France",Administrative,clay,tablet,23.0,12.0,28.0,,,,,,,Good,,fragment,undetermined,,,,,,,,,,,0,,0,,0,,0,,,," ",0,0,,,0,0,0,0,,
8570,"Sb 22526","MDP 17, 372",Scheil1923MDP17,primary,372,,"Susa (mod. Shush)","Proto-Elamite (ca. 3100-2900 BC)",,"Louvre Museum, Paris, France",Administrative,clay,tablet,42.0,24.0,42.0,,,,,,,Good,,fragment,undetermined,,,,,,,,,,,0,,0,,0,,0,,,," ",0,0,,,0,0,0,0,,
8571,"Sb 22527","MDP 17, 373",Scheil1923MDP17,primary,373,,"Susa (mod. Shush)","Proto-Elamite (ca. 3100-2900 BC)",,"Louvre Museum, Paris, France",Administrative,clay,tablet,63.0,22.0,35.0,,,,,,,Fair,,fragment,undetermined,,,,,,,,,,,0,,0,,0,,0,,,," ",0,0,,,0,0,0,0,,
8572,"Sb 22528","MDP 17, 374",Scheil1923MDP17,primary,374,,"Susa (mod. Shush)","Proto-Elamite (ca. 3100-2900 BC)",,"Louvre Museum, Paris, France",Administrative,clay,tablet,26.0,16.0,28.0,,,,,,,Good,,fragment,undetermined,,,,,,,,,,,0,,0,,0,,0,,,," ",0,0,,,0,0,0,0,,
8573,"Sb 22529","MDP 17, 375",Scheil1923MDP17,primary,375,,"Susa (mod. Shush)","Proto-Elamite (ca. 3100-2900 BC)",,"Louvre Museum, Paris, France",Administrative,clay,tablet,26.0,14.0,16.0,,,,,,,Good,,fragment,undetermined,,,,,,,,,,,0,,0,,0,,0,,,," ",0,0,,,0,0,0,0,,
8575,"Sb 22531","MDP 17, 377",Scheil1923MDP17,primary,377,,"Susa (mod. Shush)","Proto-Elamite (ca. 3100-2900 BC)",,"Louvre Museum, Paris, France",Administrative,clay,tablet,32.0,14.0,47.0,,,,,,,Fair,,fragment,undetermined,,,,,,,,,,,0,,0,,0,,0,,,," ",0,0,,,0,0,0,0,,
8576,"Sb 22532","MDP 17, 378",Scheil1923MDP17,primary,378,,"Susa (mod. Shush)","Proto-Elamite (ca. 3100-2900 BC)",,"Louvre Museum, Paris, France",Administrative,clay,tablet,33.0,13.0,19.0,,,,,,,Good,,fragment,undetermined,,,,,,,,,,,0,,0,,0,,0,,,," ",0,0,,,0,0,0,0,,
8577,"Sb 22533","MDP 17, 379",Scheil1923MDP17,primary,379,,"Susa (mod. Shush)","Proto-Elamite (ca. 3100-2900 BC)",,"Louvre Museum, Paris, France",Administrative,clay,tablet,38.0,15.0,38.0,,,,,,,Good,,fragment,undetermined,,,,,,,,,,,0,,0,,0,,0,,,," ",0,0,,,0,0,0,0,,
8579,"Sb 22535","MDP 17, 381",Scheil1923MDP17,primary,381,,"Susa (mod. Shush)","Proto-Elamite (ca. 3100-2900 BC)",,"Louvre Museum, Paris, France",Administrative,clay,tablet,35.0,14.0,32.0,,,,,,,Good,,fragment,undetermined,,,,,,,,,,,0,,0,,0,,0,,,," ",0,0,,,0,0,0,0,,
8580,"Sb 22536","MDP 17, 382",Scheil1923MDP17,primary,382,,"Susa (mod. Shush)","Proto-Elamite (ca. 3100-2900 BC)",,"Louvre Museum, Paris, France",Administrative,clay,tablet,41.0,17.0,24.0,,,,,,,Fair,,fragment,undetermined,,,,,,,,,,,0,,0,,0,,0,,,," ",0,0,,,0,0,0,0,,
8581,"Sb 22537","MDP 17, 383",Scheil1923MDP17,primary,383,,"Susa (mod. Shush)","Proto-Elamite (ca. 3100-2900 BC)",,"Louvre Museum, Paris, France",Administrative,clay,tablet,41.0,28.0,37.0,,,,,,,Fair,,fragment,undetermined,,,,,,,,,,,0,,0,,0,,0,,,," ",0,0,,,0,0,0,0,,
8582,"Sb 22538","MDP 17, 384",Scheil1923MDP17,primary,384,,"Susa (mod. Shush)","Proto-Elamite (ca. 3100-2900 BC)",,"Louvre Museum, Paris, France",Administrative,clay,tablet,40.0,33.0,43.0,,,,,,,Poor,,fragment,undetermined,,,,,,,,,,,0,,0,,0,,0,,,," ",0,0,,,0,0,0,0,,
8583,"Sb 22539","MDP 17, 385",Scheil1923MDP17,primary,385,,"Susa (mod. Shush)","Proto-Elamite (ca. 3100-2900 BC)",,"Louvre Museum, Paris, France",Administrative,clay,tablet,42.0,24.0,24.0,,,,,,,Good,,fragment,undetermined,,,,,,,,,,,0,,0,,0,,0,,,," ",0,0,,,0,0,0,0,,
8584,"Sb 22540","MDP 17, 386",Scheil1923MDP17,primary,386,,"Susa (mod. Shush)","Proto-Elamite (ca. 3100-2900 BC)",,"Louvre Museum, Paris, France",Administrative,clay,tablet,27.0,14.0,40.0,,,,,,,Fair,,fragment,undetermined,,,,,,,,,,,0,,0,,0,,0,,,," ",0,0,,,0,0,0,0,,
8585,"Sb 22541","MDP 17, 387",Scheil1923MDP17,primary,387,,"Susa (mod. Shush)","Proto-Elamite (ca. 3100-2900 BC)",,"Louvre Museum, Paris, France",Administrative,clay,tablet,39.0,19.0,51.0,,,,,,,Good,,50%,undetermined,,,,,,,,,,,0,,0,,0,,0,,,," ",0,0,,,0,0,0,0,,
8586,"Sb 22542","MDP 17, 388",Scheil1923MDP17,primary,388,,"Susa (mod. Shush)","Proto-Elamite (ca. 3100-2900 BC)",,"Louvre Museum, Paris, France",Administrative,clay,tablet,33.0,14.0,22.0,,,,,,,Good,,fragment,undetermined,,,,,,,,,,,0,,0,,0,,0,,,," ",0,0,,,0,0,0,0,,
8587,"Sb 22543","MDP 17, 389",Scheil1923MDP17,primary,389,,"Susa (mod. Shush)","Proto-Elamite (ca. 3100-2900 BC)",,"Louvre Museum, Paris, France",Administrative,clay,tablet,27.0,14.0,36.0,,,,,,,Poor,,25%,undetermined,,,,,,,,,,,0,,0,,0,,0,,,," ",0,0,,,0,0,0,0,,
8588,"Sb 22544","MDP 17, 390",Scheil1923MDP17,primary,390,,"Susa (mod. Shush)","Proto-Elamite (ca. 3100-2900 BC)",,"Louvre Museum, Paris, France",Administrative,clay,tablet,31.0,15.0,31.0,,,,,,,Good,,fragment,undetermined,,,,,,,,,,,0,,0,,0,,0,,,," ",0,0,,,0,0,0,0,,
8589,"Sb 22545","MDP 17, 391",Scheil1923MDP17,primary,391,,"Susa (mod. Shush)","Proto-Elamite (ca. 3100-2900 BC)",,"Louvre Museum, Paris, France",Administrative,clay,tablet,40.0,13.0,27.0,,,,,,,Good,,fragment,undetermined,,,,,,,,,,,0,,0,,0,,0,,,," ",0,0,,,0,0,0,0,,
8590,"Sb 22546","MDP 17, 392",Scheil1923MDP17,primary,392,,"Susa (mod. Shush)","Proto-Elamite (ca. 3100-2900 BC)",,"Louvre Museum, Paris, France",Administrative,clay,tablet,24.0,12.0,29.0,,,,,,,Fair,,fragment,undetermined,,,,,,,,,,,0,,0,,0,,0,,,," ",0,0,,,0,0,0,0,,
8591,"Sb 22547","MDP 17, 393",Scheil1923MDP17,primary,393,,"Susa (mod. Shush)","Proto-Elamite (ca. 3100-2900 BC)",,"Louvre Museum, Paris, France",Administrative,clay,tablet,33.0,15.0,33.0,,,,,,,Good,,fragment,undetermined,,,,,,,,,,,0,,0,,0,,0,,,," ",0,0,,,0,0,0,0,,
8592,"Sb 22548","MDP 17, 394",Scheil1923MDP17,primary,394,,"Susa (mod. Shush)","Proto-Elamite (ca. 3100-2900 BC)",,"Louvre Museum, Paris, France",Administrative,clay,tablet,31.0,23.0,30.0,,,,,,,Good,,fragment,undetermined,,,,,,,,,,,0,,0,,0,,0,,,," ",0,0,,,0,0,0,0,,
8593,"Sb 22549","MDP 17, 395",Scheil1923MDP17,primary,395,,"Susa (mod. Shush)","Proto-Elamite (ca. 3100-2900 BC)",,"Louvre Museum, Paris, France",Administrative,clay,tablet,32.0,15.0,17.0,,,,,,,Fair,,fragment,undetermined,,,,,,,,,,,0,,0,,0,,0,,,," ",0,0,,,0,0,0,0,,
8594,"Sb 22550","MDP 17, 396",Scheil1923MDP17,primary,396,,"Susa (mod. Shush)","Proto-Elamite (ca. 3100-2900 BC)",,"Louvre Museum, Paris, France",Administrative,clay,tablet,22.0,14.0,30.0,,,,,,,Fair,,fragment,undetermined,,,,,,,,,,,0,,0,,0,,0,,,," ",0,0,,,0,0,0,0,,
8595,"Sb 22551","MDP 17, 397",Scheil1923MDP17,primary,397,,"Susa (mod. Shush)","Proto-Elamite (ca. 3100-2900 BC)",,"Louvre Museum, Paris, France",Administrative,clay,tablet,32.0,15.0,27.0,,,,,,,Fair,,fragment,undetermined,,,,,,,,,,,0,,0,,0,,0,,,," ",0,0,,,0,0,0,0,,
8596,"Sb 22552","MDP 17, 398",Scheil1923MDP17,primary,398,,"Susa (mod. Shush)","Proto-Elamite (ca. 3100-2900 BC)",,"Louvre Museum, Paris, France",Administrative,clay,tablet,25.0,13.0,27.0,,,,,,,Good,,fragment,undetermined,,,,,,,,,,,0,,0,,0,,0,,,," ",0,0,,,0,0,0,0,,
8597,"Sb 22553","MDP 17, 399",Scheil1923MDP17,primary,399,,"Susa (mod. Shush)","Proto-Elamite (ca. 3100-2900 BC)",,"Louvre Museum, Paris, France",Administrative,clay,tablet,22.0,15.0,35.0,,,,,,,Good,,25%,undetermined,,,,,,,,,,,0,,0,,0,,0,,,," ",0,0,,,0,0,0,0,,
8598,"Sb 22554","MDP 17, 400",Scheil1923MDP17,primary,400,,"Susa (mod. Shush)","Proto-Elamite (ca. 3100-2900 BC)",,"Louvre Museum, Paris, France",Administrative,clay,tablet,36.0,14.0,26.0,,,,,,,Fair,,fragment,undetermined,,,,,,,,,,,0,,0,,0,,0,,,," ",0,0,,,0,0,0,0,,
8599,"Sb 22555","MDP 17, 401",Scheil1923MDP17,primary,401,,"Susa (mod. Shush)","Proto-Elamite (ca. 3100-2900 BC)",,"Louvre Museum, Paris, France",Administrative,clay,tablet,35.0,15.0,33.0,,,,,,,Good,,fragment,undetermined,,,,,,,,,,,0,,0,,0,,0,,,," ",0,0,,,0,0,0,0,,
8600,"Sb 22556","MDP 17, 402",Scheil1923MDP17,primary,402,,"Susa (mod. Shush)","Proto-Elamite (ca. 3100-2900 BC)",,"Louvre Museum, Paris, France",Administrative,clay,tablet,33.0,23.0,39.0,,,,,,,Fair,,fragment,undetermined,,,,,,,,,,,0,,0,,0,,0,,,," ",0,0,,,0,0,0,0,,
8601,"Sb 22557","MDP 17, 403",Scheil1923MDP17,primary,403,,"Susa (mod. Shush)","Proto-Elamite (ca. 3100-2900 BC)",,"Louvre Museum, Paris, France",Administrative,clay,tablet,37.0,15.0,31.0,,,,,,,Fair,,50%,undetermined,,,,,,,,,,,0,,0,,0,,0,,,," ",0,0,,,0,0,0,0,,
8602,"Sb 22558","MDP 17, 404",Scheil1923MDP17,primary,404,,"Susa (mod. Shush)","Proto-Elamite (ca. 3100-2900 BC)",,"Louvre Museum, Paris, France",Administrative,clay,tablet,40.0,14.0,38.0,,,,,,,Fair,,fragment,undetermined,,,,,,,,,,,0,,0,,0,,0,,,," ",0,0,,,0,0,0,0,,
8603,"Sb 22559","MDP 17, 405",Scheil1923MDP17,primary,405,,"Susa (mod. Shush)","Proto-Elamite (ca. 3100-2900 BC)",,"Louvre Museum, Paris, France",Administrative,clay,tablet,27.0,16.0,35.0,,,,,,,Fair,,fragment,undetermined,,,,,,,,,,,0,,0,,0,,0,,,," ",0,0,,,0,0,0,0,,
8604,"Sb 22560","MDP 17, 406",Scheil1923MDP17,primary,406,,"Susa (mod. Shush)","Proto-Elamite (ca. 3100-2900 BC)",,"Louvre Museum, Paris, France",Administrative,clay,tablet,42.0,16.0,31.0,,,,,,,Fair,,75%,undetermined,,,,,,,,,,,0,,0,,0,,0,,,," ",0,0,,,0,0,0,0,,
8605,"Sb 22561","MDP 17, 407",Scheil1923MDP17,primary,407,,"Susa (mod. Shush)","Proto-Elamite (ca. 3100-2900 BC)",,"Louvre Museum, Paris, France",Administrative,clay,tablet,24.0,10.0,20.0,,,,,,,Fair,,fragment,undetermined,,,,,,,,,,,0,,0,,0,,0,,,," ",0,0,,,0,0,0,0,,
8606,"Sb 22562","MDP 17, 408",Scheil1923MDP17,primary,408,,"Susa (mod. Shush)","Proto-Elamite (ca. 3100-2900 BC)",,"Louvre Museum, Paris, France",Administrative,clay,tablet,33.0,19.0,27.0,,,,,,,Fair,,fragment,undetermined,,,,,,,,,,,0,,0,,0,,0,,,," ",0,0,,,0,0,0,0,,
8607,"Sb 22563","MDP 17, 409",Scheil1923MDP17,primary,409,,"Susa (mod. Shush)","Proto-Elamite (ca. 3100-2900 BC)",,"Louvre Museum, Paris, France",Administrative,clay,tablet,25.0,16.0,32.0,,,,,,,Excellent,,fragment,undetermined,,,,,,,,,,,0,,0,,0,,0,,,," ",0,0,,,0,0,0,0,,
8608,"Sb 22564","MDP 17, 410",Scheil1923MDP17,primary,410,,"Susa (mod. Shush)","Proto-Elamite (ca. 3100-2900 BC)",,"Louvre Museum, Paris, France",Administrative,clay,tablet,24.0,17.0,21.0,,,,,,,Good,,fragment,undetermined,,,,,,,,,,,0,,0,,0,,0,,,," ",0,0,,,0,0,0,0,,
8609,"Sb 22565","MDP 17, 411",Scheil1923MDP17,primary,411,,"Susa (mod. Shush)","Proto-Elamite (ca. 3100-2900 BC)",,"Louvre Museum, Paris, France",Administrative,clay,tablet,26.0,14.0,27.0,,,,,,,Good,,fragment,undetermined,,,,,,,,,,,0,,0,,0,,0,,,," ",0,0,,,0,0,0,0,,
8610,"Sb 09457","MDP 17, 412",Scheil1923MDP17,primary,412,,"Susa (mod. Shush)","Proto-Elamite (ca. 3100-2900 BC)",,"Louvre Museum, Paris, France",Administrative,clay,tablet,63.0,11.0,52.0,,,,,,,Good,,complete,undetermined,,,,,,,,,,,0,,0,,0,,0,,,," ",0,0,,,0,0,0,0,,
8611,"Sb 22566","MDP 17, 413",Scheil1923MDP17,primary,413,,"Susa (mod. Shush)","Proto-Elamite (ca. 3100-2900 BC)",,"Louvre Museum, Paris, France",Administrative,clay,tablet,39.0,21.0,62.0,,,,,,,Excellent,,25%,undetermined,,,,,,,,,,,0,,0,,0,,0,,,," ",0,0,,,0,0,0,0,,
8612,"Sb 03047","MDP 17, 414",Scheil1923MDP17,primary,414,,"Susa (mod. Shush)","Proto-Elamite (ca. 3100-2900 BC)",,"Louvre Museum, Paris, France",Administrative,clay,tablet,,,,,,,,,,,,,undetermined,,,,,,,,,,,0,,0,,0,,0,,Wikidata,Q115608636," ",0,0,,,0,0,0,0,,
8613,"Sb 22567","MDP 17, 415",Scheil1923MDP17,primary,415,,"Susa (mod. Shush)","Proto-Elamite (ca. 3100-2900 BC)",,"Louvre Museum, Paris, France",Administrative,clay,tablet,53.0,15.0,34.0,,,,,,,Good,,75%,undetermined,,,,,,,,,,,0,,0,,0,,0,,,," ",0,0,,,0,0,0,0,,
8614,"Sb 22568","MDP 17, 416",Scheil1923MDP17,primary,416,,"Susa (mod. Shush)","Proto-Elamite (ca. 3100-2900 BC)",,"Louvre Museum, Paris, France",Administrative,clay,tablet,67.0,17.0,40.0,,,,,,,Good,,complete,undetermined,,,,,,,,,,,0,,0,,0,,0,,,," ",0,0,,,0,0,0,0,,
8615,"Sb 04847","MDP 17, 417",Scheil1923MDP17,primary,417,,"Susa (mod. Shush)","Proto-Elamite (ca. 3100-2900 BC)",,"Louvre Museum, Paris, France",Administrative,clay,tablet,,,,,,,,,,,,,undetermined,,,,,,,,,,,0,,0,,0,,0,,,," ",0,0,,,0,0,0,0,,
8616,"Sb 22569","MDP 17, 418",Scheil1923MDP17,primary,418,,"Susa (mod. Shush)","Proto-Elamite (ca. 3100-2900 BC)",,"Louvre Museum, Paris, France",Administrative,clay,tablet,52.0,15.0,35.0,,,,,,,Fair,,75%,undetermined,,,,,,,,,,,0,,0,,0,,0,,,," ",0,0,,,0,0,0,0,,
8617,"Sb 22570","MDP 17, 419",Scheil1923MDP17,primary,419,,"Susa (mod. Shush)","Proto-Elamite (ca. 3100-2900 BC)",,"Louvre Museum, Paris, France",Administrative,clay,tablet,51.0,17.0,33.0,,,,,,,Excellent,,complete,undetermined,,,,,,,,,,,0,,0,,0,,0,,,," ",0,0,,,0,0,0,0,,
8618,"Sb 22571","MDP 17, 420",Scheil1923MDP17,primary,420,,"Susa (mod. Shush)","Proto-Elamite (ca. 3100-2900 BC)",,"Louvre Museum, Paris, France",Administrative,clay,tablet,43.0,13.0,30.0,,,,,,,Good,,75%,undetermined,,,,,,,,,,,0,,0,,0,,0,,,," ",0,0,,,0,0,0,0,,
8619,"Sb 04848","MDP 17, 421",Scheil1923MDP17,primary,421,,"Susa (mod. Shush)","Proto-Elamite (ca. 3100-2900 BC)",,"Louvre Museum, Paris, France",Administrative,clay,tablet,,,,,,,,,,,,,undetermined,,,,,,,,,,"Fouilles J. de Morgan (1907)",0,,0,,0,,0,,,," ",0,0,,,0,0,0,0,,
8620,"Sb 06331","MDP 17, 422",Scheil1923MDP17,primary,422,,"Susa (mod. Shush)","Proto-Elamite (ca. 3100-2900 BC)",,"Louvre Museum, Paris, France",Administrative,clay,tablet,60.0,16.0,35.0,,,,,,,Fair,,complete,undetermined,,,,,,,,,,,0,,0,,0,,0,,,," ",0,0,,,0,0,0,0,,
8621,"Sb 22572","MDP 17, 423","Dahl2019TCL32; Scheil1923MDP17","history; primary","6; 423","; ","Susa (mod. Shush)","Proto-Elamite (ca. 3100-2900 BC)",,"Louvre Museum, Paris, France",Administrative,clay,tablet,71.0,21.0,69.0,,,,,,,Good,,75%,undetermined,,,,,,,,,,,0,,0,,0,,0,,,," ",0,0,,,0,0,0,0,,
8622,"Sb 22573","MDP 17, 424",Scheil1923MDP17,primary,424,,"Susa (mod. Shush)","Proto-Elamite (ca. 3100-2900 BC)",,"Louvre Museum, Paris, France",Administrative,clay,tablet,56.0,17.0,34.0,,,,,,,Good,,75%,undetermined,,,,,,,,,,,0,,0,,0,,0,,,," ",0,0,,,0,0,0,0,,
8623,"Sb 22574","MDP 17, 425",Scheil1923MDP17,primary,425,,"Susa (mod. Shush)","Proto-Elamite (ca. 3100-2900 BC)",,"Louvre Museum, Paris, France",Administrative,clay,tablet,44.0,19.0,34.0,,,,,,,Good,,75%,undetermined,,,,,,,,,,,0,,0,,0,,0,,,," ",0,0,,,0,0,0,0,,
8624,"Sb 22575","MDP 17, 426",Scheil1923MDP17,primary,426,,"Susa (mod. Shush)","Proto-Elamite (ca. 3100-2900 BC)",,"Louvre Museum, Paris, France",Administrative,clay,tablet,44.0,18.0,47.0,,,,,,,Excellent,,50%,undetermined,,,,,,,,,,,0,,0,,0,,0,,,," ",0,0,,,0,0,0,0,,
8625,"Sb 06366","MDP 17, 427",Scheil1923MDP17,primary,427,,"Susa (mod. Shush)","Proto-Elamite (ca. 3100-2900 BC)",,"Louvre Museum, Paris, France",Administrative,clay,tablet,51.0,21.0,44.0,,,,,,,Good,,50%,undetermined,,,,,,,,,,,0,,0,,0,,0,,,," ",0,0,,,0,0,0,0,,
8626,"Sb 22576","MDP 17, 428",Scheil1923MDP17,primary,428,,"Susa (mod. Shush)","Proto-Elamite (ca. 3100-2900 BC)",,"Louvre Museum, Paris, France",Administrative,clay,tablet,52.0,16.0,39.0,,,,,,,Good,,75%,undetermined,,,,,,,,,,,0,,0,,0,,0,,,," ",0,0,,,0,0,0,0,,
8627,"Sb 22577","MDP 17, 429",Scheil1923MDP17,primary,429,,"Susa (mod. Shush)","Proto-Elamite (ca. 3100-2900 BC)",,"Louvre Museum, Paris, France",Administrative,clay,tablet,45.0,20.0,35.0,,,,,,,Good,,complete,undetermined,,,,,,,,,,,0,,0,,0,,0,,,," ",0,0,,,0,0,0,0,,
8628,"Sb 22578","MDP 17, 430",Scheil1923MDP17,primary,430,,"Susa (mod. Shush)","Proto-Elamite (ca. 3100-2900 BC)",,"Louvre Museum, Paris, France",Administrative,clay,tablet,35.0,13.0,31.0,,,,,,,Good,,75%,undetermined,,,,,,,,,,,0,,0,,0,,0,,,," ",0,0,,,0,0,0,0,,
8629,"Sb 22579","MDP 17, 431",Scheil1923MDP17,primary,431,,"Susa (mod. Shush)","Proto-Elamite (ca. 3100-2900 BC)",,"Louvre Museum, Paris, France",Administrative,clay,tablet,61.0,16.0,46.0,,,,,,,Good,,complete,undetermined,,,,,,,,,,,0,,0,,0,,0,,,," ",0,0,,,0,0,0,0,,
8630,"Sb 22580","MDP 17, 432",Scheil1923MDP17,primary,432,,"Susa (mod. Shush)","Proto-Elamite (ca. 3100-2900 BC)",,"Louvre Museum, Paris, France",Administrative,clay,tablet,65.0,26.0,50.0,,,,,,,Fair,,75%,undetermined,,,,,,,,,,,0,,0,,0,,0,,,," ",0,0,,,0,0,0,0,,
8631,"Sb 22581","MDP 17, 433",Scheil1923MDP17,primary,433,,"Susa (mod. Shush)","Proto-Elamite (ca. 3100-2900 BC)",,"Louvre Museum, Paris, France",Administrative,clay,tablet,58.0,15.0,36.0,,,,,,,Fair,,75%,undetermined,,,,,,,,,,,0,,0,,0,,0,,,," ",0,0,,,0,0,0,0,,
8633,"Sb 22582","MDP 17, 435",Scheil1923MDP17,primary,435,,"Susa (mod. Shush)","Proto-Elamite (ca. 3100-2900 BC)",,"Louvre Museum, Paris, France",Administrative,clay,tablet,54.0,20.0,60.0,,,,,,,Good,,50%,undetermined,,,,,,,,,,,0,,0,,0,,0,,,," ",0,0,,,0,0,0,0,,
8634,"Sb 22583","MDP 17, 436",Scheil1923MDP17,primary,436,,"Susa (mod. Shush)","Proto-Elamite (ca. 3100-2900 BC)",,"Louvre Museum, Paris, France",Administrative,clay,tablet,58.0,23.0,67.0,,,,,,,Fair,,50%,undetermined,,,,,,,,,,,0,,0,,0,,0,,,," ",0,0,,,0,0,0,0,,
8635,"Sb 22584","MDP 17, 437",Scheil1923MDP17,primary,437,,"Susa (mod. Shush)","Proto-Elamite (ca. 3100-2900 BC)",,"Louvre Museum, Paris, France",Administrative,clay,tablet,66.0,19.0,59.0,,,,,,,Good,,fragment,undetermined,,,,,,,,,,,0,,0,,0,,0,,,," ",0,0,,,0,0,0,0,,
8636,"Sb 22585","MDP 17, 438",Scheil1923MDP17,primary,438,,"Susa (mod. Shush)","Proto-Elamite (ca. 3100-2900 BC)",,"Louvre Museum, Paris, France",Administrative,clay,tablet,30.0,13.0,46.0,,,,,,,Excellent,,25%,undetermined,,,,,,,,,,,0,,0,,0,,0,,,," ",0,0,,,0,0,0,0,,
8637,"Sb 22586","MDP 17, 439",Scheil1923MDP17,primary,439,,"Susa (mod. Shush)","Proto-Elamite (ca. 3100-2900 BC)",,"Louvre Museum, Paris, France",Administrative,clay,tablet,41.0,14.0,30.0,,,,,,,Fair,,complete,undetermined,,,,,,,,,,,0,,0,,0,,0,,,," ",0,0,,,0,0,0,0,,
8638,"Sb 22587","MDP 17, 440",Scheil1923MDP17,primary,440,,"Susa (mod. Shush)","Proto-Elamite (ca. 3100-2900 BC)",,"Louvre Museum, Paris, France",Administrative,clay,tablet,250.0,60.0,152.0,,,,,,,Good,,50%,undetermined,,,,,,,,,,,0,,0,,0,,0,,,," ",0,0,,,0,0,0,0,,
8639,"Sb 22588","MDP 17, 441",Scheil1923MDP17,primary,441,,"Susa (mod. Shush)","Proto-Elamite (ca. 3100-2900 BC)",,"Louvre Museum, Paris, France",Administrative,clay,tablet,56.0,18.0,36.0,,,,,,,Good,,complete,undetermined,,,,,,,,,,,0,,0,,0,,0,,,," ",0,0,,,0,0,0,0,,
8640,"Sb 22589","MDP 17, 442","Dahl2019TCL32; Scheil1923MDP17","history; primary","118; 442","; ","Susa (mod. Shush)","Proto-Elamite (ca. 3100-2900 BC)",,"Louvre Museum, Paris, France",Administrative,clay,tablet,29.0,15.0,45.0,,,,,,,Poor,,25%,undetermined,,,,,,,,,,,0,,0,,0,,0,,,," ",0,0,,,0,0,0,0,,
8641,"Sb 04849","MDP 17, 443",Scheil1923MDP17,primary,443,,"Susa (mod. Shush)","Proto-Elamite (ca. 3100-2900 BC)",,"Louvre Museum, Paris, France",Administrative,clay,tablet,,,,,,,,,,,,,undetermined,,,,,,,,,,,0,,0,,0,,0,,,," ",0,0,,,0,0,0,0,,
8642,"Sb 06351","MDP 17, 444",Scheil1923MDP17,primary,444,,"Susa (mod. Shush)","Proto-Elamite (ca. 3100-2900 BC)",,"Louvre Museum, Paris, France",Administrative,clay,tablet,63.0,26.0,82.0,,,,,,,Good,,fragment,undetermined,,,,,,,,,,,0,,0,,0,,0,,,," ",0,0,,,0,0,0,0,,
8643,"Sb 06352","MDP 17, 445",Scheil1923MDP17,primary,445,,"Susa (mod. Shush)","Proto-Elamite (ca. 3100-2900 BC)",,"Louvre Museum, Paris, France",Administrative,clay,tablet,95.0,35.0,115.0,,,,,,,Fair,,fragment,undetermined,,,,,,,,,,"Fouilles J. de Morgan",0,,0,,0,,0,,,," ",0,0,,,0,0,0,0,,
8644,"Sb 22590","MDP 17, 446",Scheil1923MDP17,primary,446,,"Susa (mod. Shush)","Proto-Elamite (ca. 3100-2900 BC)",,"Louvre Museum, Paris, France",Administrative,clay,tablet,66.0,14.0,38.0,,,,,,,Fair,,75%,undetermined,,,,,,,,,,,0,,0,,0,,0,,,," ",0,0,,,0,0,0,0,,
8645,"Sb 22591","MDP 17, 447",Scheil1923MDP17,primary,447,,"Susa (mod. Shush)","Proto-Elamite (ca. 3100-2900 BC)",,"Louvre Museum, Paris, France",Administrative,clay,tablet,45.0,18.0,50.0,,,,,,,Good,,50%,undetermined,,,,,,,,,,,0,,0,,0,,0,,,," ",0,0,,,0,0,0,0,,
8646,"Sb 22592","MDP 17, 448",Scheil1923MDP17,primary,448,,"Susa (mod. Shush)","Proto-Elamite (ca. 3100-2900 BC)",,"Louvre Museum, Paris, France",Administrative,clay,tablet,36.0,13.0,40.0,,,,,,,Good,,50%,undetermined,,,,,,,,,,,0,,0,,0,,0,,,," ",0,0,,,0,0,0,0,,
8647,"Sb 22593","MDP 17, 449",Scheil1923MDP17,primary,449,,"Susa (mod. Shush)","Proto-Elamite (ca. 3100-2900 BC)",,"Louvre Museum, Paris, France",Administrative,clay,tablet,,,,,,,,,,Fair,,25%,undetermined,,,,,,,,,,,0,,0,,0,,0,,,," ",0,0,,,0,0,0,0,,
8648,"Sb 22594","MDP 17, 450",Scheil1923MDP17,primary,450,,"Susa (mod. Shush)","Proto-Elamite (ca. 3100-2900 BC)",,"Louvre Museum, Paris, France",Administrative,clay,tablet,58.0,19.0,48.0,,,,,,,Fair,,50%,undetermined,,,,,,,,,,,0,,0,,0,,0,,,," ",0,0,,,0,0,0,0,,
8649,"Sb 22595","MDP 17, 451",Scheil1923MDP17,primary,451,,"Susa (mod. Shush)","Proto-Elamite (ca. 3100-2900 BC)",,"Louvre Museum, Paris, France",Administrative,clay,tablet,37.0,17.0,44.0,,,,,,,Excellent,,fragment,undetermined,,,,,,,,,,,0,,0,,0,,0,,,," ",0,0,,,0,0,0,0,,
8650,"Sb 22596","MDP 17, 452",Scheil1923MDP17,primary,452,,"Susa (mod. Shush)","Proto-Elamite (ca. 3100-2900 BC)",,"Louvre Museum, Paris, France",Administrative,clay,tablet,38.0,16.0,31.0,,,,,,,Fair,,fragment,undetermined,,,,,,,,,,,0,,0,,0,,0,,,," ",0,0,,,0,0,0,0,,
8651,"Sb 22597","MDP 17, 453",Scheil1923MDP17,primary,453,,"Susa (mod. Shush)","Proto-Elamite (ca. 3100-2900 BC)",,"Louvre Museum, Paris, France",Administrative,clay,tablet,94.0,43.0,81.0,,,,,,,Fair,,fragment,undetermined,,,,,,,,,,,0,,0,,0,,0,,,," ",0,0,,,0,0,0,0,,
8652,"Sb 22598","MDP 17, 454",Scheil1923MDP17,primary,454,,"Susa (mod. Shush)","Proto-Elamite (ca. 3100-2900 BC)",,"Louvre Museum, Paris, France",Administrative,clay,tablet,54.0,21.0,46.0,,,,,,,Good,,fragment,undetermined,,,,,,,,,,,0,,0,,0,,0,,,," ",0,0,,,0,0,0,0,,
8653,"Sb 22599","MDP 17, 455",Scheil1923MDP17,primary,455,,"Susa (mod. Shush)","Proto-Elamite (ca. 3100-2900 BC)",,"Louvre Museum, Paris, France",Administrative,clay,tablet,115.0,37.0,34.0,,,,,,,Fair,,fragment,undetermined,,,,,,,,,,,0,,0,,0,,0,,,," ",0,0,,,0,0,0,0,,
8654,"Sb 22600","MDP 17, 456",Scheil1923MDP17,primary,456,,"Susa (mod. Shush)","Proto-Elamite (ca. 3100-2900 BC)",,"Louvre Museum, Paris, France",Administrative,clay,tablet,65.0,34.0,82.0,,,,,,,Fair,,fragment,undetermined,,,,,,,,,,,0,,0,,0,,0,,,," ",0,0,,,0,0,0,0,,
8655,"Sb 22601","MDP 17, 457",Scheil1923MDP17,primary,457,,"Susa (mod. Shush)","Proto-Elamite (ca. 3100-2900 BC)",,"Louvre Museum, Paris, France",Administrative,clay,tablet,65.0,33.0,49.0,,,,,,,Poor,,fragment,undetermined,,,,,,,,,,,0,,0,,0,,0,,,," ",0,0,,,0,0,0,0,,
8656,"Sb 22602","MDP 17, 458",Scheil1923MDP17,primary,458,,"Susa (mod. Shush)","Proto-Elamite (ca. 3100-2900 BC)",,"Louvre Museum, Paris, France",Administrative,clay,tablet,99.0,29.0,72.0,,,,,,,Poor,,fragment,undetermined,,,,,,,,,,,0,,0,,0,,0,,,," ",0,0,,,0,0,0,0,,
8657,"Sb 22603","MDP 17, 459",Scheil1923MDP17,primary,459,,"Susa (mod. Shush)","Proto-Elamite (ca. 3100-2900 BC)",,"Louvre Museum, Paris, France",Administrative,clay,tablet,32.0,18.0,23.0,,,,,,,Fair,,fragment,undetermined,,,,,,,,,,,0,,0,,0,,0,,,," ",0,0,,,0,0,0,0,,
8658,"Sb 21888","MDP 17, 460",Scheil1923MDP17,primary,460,,"Susa (mod. Shush)","Proto-Elamite (ca. 3100-2900 BC)",,"Louvre Museum, Paris, France",Administrative,clay,tablet,43.0,39.0,60.0,,,,,,,Good,,fragment,undetermined,,,,,,,,,,,0,,0,,0,,0,,,," ",0,0,,,0,0,0,0,,
8659,"Sb 06412","MDP 17, 461",Scheil1923MDP17,primary,461,,"Susa (mod. Shush)","Proto-Elamite (ca. 3100-2900 BC)",,"Louvre Museum, Paris, France",Administrative,clay,tablet,,,,,,,,,,,,,undetermined,,,,,,,,,,"Fouilles J. de Morgan (1907)",0,,0,,0,,0,,,," ",0,0,,,0,0,0,0,,
8660,"Sb 22604","MDP 17, 462",Scheil1923MDP17,primary,462,,"Susa (mod. Shush)","Proto-Elamite (ca. 3100-2900 BC)",,"Louvre Museum, Paris, France",Administrative,clay,tablet,49.0,26.0,46.0,,,,,,,Fair,,fragment,undetermined,,,,,,,,,,,0,,0,,0,,0,,,," ",0,0,,,0,0,0,0,,
8661,"Sb 22605","MDP 17, 463",Scheil1923MDP17,primary,463,,"Susa (mod. Shush)","Proto-Elamite (ca. 3100-2900 BC)",,"Louvre Museum, Paris, France",Administrative,clay,tablet,48.0,21.0,66.0,,,,,,,Good,,25%,undetermined,,,,,,,,,,,0,,0,,0,,0,,,," ",0,0,,,0,0,0,0,,
8662,"Sb 22606","MDP 17, 464",Scheil1923MDP17,primary,464,,"Susa (mod. Shush)","Proto-Elamite (ca. 3100-2900 BC)",,"Louvre Museum, Paris, France",Administrative,clay,tablet,55.0,17.0,42.0,,,,,,,Poor,,50%,undetermined,,,,,,,,,,,0,,0,,0,,0,,,," ",0,0,,,0,0,0,0,,
8663,"Sb 22607","MDP 17, 465",Scheil1923MDP17,primary,465,,"Susa (mod. Shush)","Proto-Elamite (ca. 3100-2900 BC)",,"Louvre Museum, Paris, France",Administrative,clay,tablet,45.0,16.0,43.0,,,,,,,Fair,,fragment,undetermined,,,,,,,,,,,0,,0,,0,,0,,,," ",0,0,,,0,0,0,0,,
8664,"Sb 22608","MDP 17, 466",Scheil1923MDP17,primary,466,,"Susa (mod. Shush)","Proto-Elamite (ca. 3100-2900 BC)",,"Louvre Museum, Paris, France",Administrative,clay,tablet,70.0,28.0,58.0,,,,,,,Fair,,fragment,undetermined,,,,,,,,,,,0,,0,,0,,0,,,," ",0,0,,,0,0,0,0,,
8665,"Sb 22609","MDP 17, 467",Scheil1923MDP17,primary,467,,"Susa (mod. Shush)","Proto-Elamite (ca. 3100-2900 BC)",,"Louvre Museum, Paris, France",Administrative,clay,tablet,38.0,16.0,38.0,,,,,,,Good,,fragment,undetermined,,,,,,,,,,,0,,0,,0,,0,,,," ",0,0,,,0,0,0,0,,
8666,"Sb 22610","MDP 17, 468",Scheil1923MDP17,primary,468,,"Susa (mod. Shush)","Proto-Elamite (ca. 3100-2900 BC)",,"Louvre Museum, Paris, France",Administrative,clay,tablet,47.0,22.0,43.0,,,,,,,Good,,fragment,undetermined,,,,,,,,,,,0,,0,,0,,0,,,," ",0,0,,,0,0,0,0,,
8667,"Sb 22611","MDP 17, 469",Scheil1923MDP17,primary,469,,"Susa (mod. Shush)","Proto-Elamite (ca. 3100-2900 BC)",,"Louvre Museum, Paris, France",Administrative,clay,tablet,45.0,17.0,38.0,,,,,,,Fair,,fragment,undetermined,,,,,,,,,,,0,,0,,0,,0,,,," ",0,0,,,0,0,0,0,,
8668,"Sb 22612","MDP 17, 470",Scheil1923MDP17,primary,470,,"Susa (mod. Shush)","Proto-Elamite (ca. 3100-2900 BC)",,"Louvre Museum, Paris, France",Administrative,clay,tablet,50.0,17.0,35.0,,,,,,,Fair,,fragment,undetermined,,,,,,,,,,,0,,0,,0,,0,,,," ",0,0,,,0,0,0,0,,
8669,"Sb 22613","MDP 17, 471",Scheil1923MDP17,primary,471,,"Susa (mod. Shush)","Proto-Elamite (ca. 3100-2900 BC)",,"Louvre Museum, Paris, France",Administrative,clay,tablet,34.0,17.0,37.0,,,,,,,Fair,,25%,undetermined,,,,,,,,,,,0,,0,,0,,0,,,," ",0,0,,,0,0,0,0,,
8670,"Sb 22614","MDP 17, 472",Scheil1923MDP17,primary,472,,"Susa (mod. Shush)","Proto-Elamite (ca. 3100-2900 BC)",,"Louvre Museum, Paris, France",Administrative,clay,tablet,32.0,32.0,41.0,,,,,,,Good,,fragment,undetermined,,,,,,,,,,,0,,0,,0,,0,,,," ",0,0,,,0,0,0,0,,
8671,"Sb 22615","MDP 17, 473",Scheil1923MDP17,primary,473,,"Susa (mod. Shush)","Proto-Elamite (ca. 3100-2900 BC)",,"Louvre Museum, Paris, France",Administrative,clay,tablet,40.0,18.0,47.0,,,,,,,Good,,50%,undetermined,,,,,,,,,,,0,,0,,0,,0,,,," ",0,0,,,0,0,0,0,,
8672,"Sb 06341","MDP 17, 474",Scheil1923MDP17,primary,474,,"Susa (mod. Shush)","Proto-Elamite (ca. 3100-2900 BC)",,"Louvre Museum, Paris, France",Administrative,clay,tablet,55.0,15.0,48.0,,,,,,,Good,,75%,undetermined,,,,,,,,,,,0,,0,,0,,0,,,," ",0,0,,,0,0,0,0,,
8674,"Sb 22616","MDP 17, 476","Dahl2019TCL32; Scheil1923MDP17","history; primary","23; 476","; ","Susa (mod. Shush)","Proto-Elamite (ca. 3100-2900 BC)",,"Louvre Museum, Paris, France",Administrative,clay,tablet,58.0,33.0,56.0,,,,,,,,,,undetermined,,,,,,,,,,,0,,0,,0,,0,,,," ",0,0,,,0,0,0,0,,
8675,"Sb 22617","MDP 17, 477",Scheil1923MDP17,primary,477,,"Susa (mod. Shush)","Proto-Elamite (ca. 3100-2900 BC)",,"Louvre Museum, Paris, France",Administrative,clay,tablet,39.0,14.0,25.0,,,,,,,--,,fragment,undetermined,,,,,,,,,,,0,,0,,0,,0,,,," ",0,0,,,0,0,0,0,,
8676,"Sb 22618","MDP 17, 478",Scheil1923MDP17,primary,478,,"Susa (mod. Shush)","Proto-Elamite (ca. 3100-2900 BC)",,"Louvre Museum, Paris, France",Administrative,clay,tablet,48.0,15.0,27.0,,,,,,,Good,,25%,undetermined,,,,,,,,,,,0,,0,,0,,0,,,," ",0,0,,,0,0,0,0,,
8677,"Sb 22619","MDP 17, 479",Scheil1923MDP17,primary,479,,"Susa (mod. Shush)","Proto-Elamite (ca. 3100-2900 BC)",,"Louvre Museum, Paris, France",Administrative,clay,tablet,23.0,16.0,43.0,,,,,,,Good,,fragment,undetermined,,,,,,,,,,,0,,0,,0,,0,,,," ",0,0,,,0,0,0,0,,
8678,"Sb 22620","MDP 17, 480",Scheil1923MDP17,primary,480,,"Susa (mod. Shush)","Proto-Elamite (ca. 3100-2900 BC)",,"Louvre Museum, Paris, France",Administrative,clay,tablet,45.0,20.0,33.0,,,,,,,Fair,,fragment,undetermined,,,,,,,,,,,0,,0,,0,,0,,,," ",0,0,,,0,0,0,0,,
8679,"Sb 22621","MDP 17, 481",Scheil1923MDP17,primary,481,,"Susa (mod. Shush)","Proto-Elamite (ca. 3100-2900 BC)",,"Louvre Museum, Paris, France",Administrative,clay,tablet,53.0,16.0,23.0,,,,,,,Good,,fragment,undetermined,,,,,,,,,,,0,,0,,0,,0,,,," ",0,0,,,0,0,0,0,,
8680,"Sb 22622","MDP 17, 482",Scheil1923MDP17,primary,482,,"Susa (mod. Shush)","Proto-Elamite (ca. 3100-2900 BC)",,"Louvre Museum, Paris, France",Administrative,clay,tablet,26.0,18.0,39.0,,,,,,,Good,,fragment,undetermined,,,,,,,,,,,0,,0,,0,,0,,,," ",0,0,,,0,0,0,0,,
8681,"Sb 22623","MDP 17, 483",Scheil1923MDP17,primary,483,,"Susa (mod. Shush)","Proto-Elamite (ca. 3100-2900 BC)",,"Louvre Museum, Paris, France",Administrative,clay,tablet,,,,,,,,,,Excellent,,fragment,undetermined,,,,,,,,,,,0,,0,,0,,0,,,," ",0,0,,,0,0,0,0,,
8683,"Sb 22625","MDP 17, 485",Scheil1923MDP17,primary,485,,"Susa (mod. Shush)","Proto-Elamite (ca. 3100-2900 BC)",,"Louvre Museum, Paris, France",Administrative,clay,tablet,31.0,14.0,31.0,,,,,,,Good,,fragment,undetermined,,,,,,,,,,,0,,0,,0,,0,,,," ",0,0,,,0,0,0,0,,
8684,"Sb 22626","MDP 17, 486",Scheil1923MDP17,primary,486,,"Susa (mod. Shush)","Proto-Elamite (ca. 3100-2900 BC)",,"Louvre Museum, Paris, France",Administrative,clay,tablet,30.0,17.0,31.0,,,,,,,Good,,fragment,undetermined,,,,,,,,,,,0,,0,,0,,0,,,," ",0,0,,,0,0,0,0,,
8685,"Sb 22627","MDP 17, 487",Scheil1923MDP17,primary,487,,"Susa (mod. Shush)","Proto-Elamite (ca. 3100-2900 BC)",,"Louvre Museum, Paris, France",Administrative,clay,tablet,28.0,21.0,43.0,,,,,,,Good,,fragment,undetermined,,,,,,,,,,,0,,0,,0,,0,,,," ",0,0,,,0,0,0,0,,
8686,"Sb 22628","MDP 17, 488",Scheil1923MDP17,primary,488,,"Susa (mod. Shush)","Proto-Elamite (ca. 3100-2900 BC)",,"Louvre Museum, Paris, France",Administrative,clay,tablet,35.0,15.0,22.0,,,,,,,Good,,complete,undetermined,,,,,,,,,,,0,,0,,0,,0,,,," ",0,0,,,0,0,0,0,,
8687,"Sb 06387","MDP 17, 489",Scheil1923MDP17,primary,489,,"Susa (mod. Shush)","Proto-Elamite (ca. 3100-2900 BC)",,"Louvre Museum, Paris, France",Administrative,clay,tablet,,,,,,,,,,,,,undetermined,,,,,,,,,,,0,,0,,0,,0,,,," ",0,0,,,0,0,0,0,,
8688,"Sb 22629","MDP 17, 490",Scheil1923MDP17,primary,490,,"Susa (mod. Shush)","Proto-Elamite (ca. 3100-2900 BC)",,"Louvre Museum, Paris, France",Administrative,clay,tablet,74.0,23.0,56.0,,,,,,,Good,,complete,undetermined,,,,,,,,,,,0,,0,,0,,0,,,," ",0,0,,,0,0,0,0,,
8689,"NMI BK 03551","MDP 26, 001",Scheil1935MDP26,primary,1,,"Susa (mod. Shush)","Proto-Elamite (ca. 3100-2900 BC)",,"National Museum, Tehran, Iran",Administrative,clay,tablet,85.0,14.0,55.0,,,,,,,,,,undetermined,,,,,,,,,,,0,,0,,0,,0,,,," ",0,0,,,0,0,0,0,,
8690,"NMI BK 03552","MDP 26, 002",Scheil1935MDP26,primary,2,,"Susa (mod. Shush)","Proto-Elamite (ca. 3100-2900 BC)",,"National Museum, Tehran, Iran",Administrative,clay,tablet,85.0,14.0,76.0,,,,,,,,,,undetermined,,,,,,,,,,,0,,0,,0,,0,,,," ",0,0,,,0,0,0,0,,
8691,"NMI BK 03553","MDP 26, 003",Scheil1935MDP26,primary,3,,"Susa (mod. Shush)","Proto-Elamite (ca. 3100-2900 BC)",,"National Museum, Tehran, Iran",Administrative,clay,tablet,68.0,14.0,52.0,,,,,,,,,,undetermined,,,,,,S999999,,,,,0,,0,,0,,0,,,," ",0,0,,,0,0,0,0,,
8692,"NMI BK 03554","MDP 26, 004",Scheil1935MDP26,primary,4,,"Susa (mod. Shush)","Proto-Elamite (ca. 3100-2900 BC)",,"National Museum, Tehran, Iran",Administrative,clay,tablet,69.0,13.0,49.0,,,,,,,,,,undetermined,,,,,,,,,,,0,,0,,0,,0,,,," ",0,0,,,0,0,0,0,,
8693,"NMI BK 03555","MDP 26, 005",Scheil1935MDP26,primary,5,,"Susa (mod. Shush)","Proto-Elamite (ca. 3100-2900 BC)",,"National Museum, Tehran, Iran",Administrative,clay,tablet,58.0,14.0,37.0,,,,,,,,,,undetermined,,,,,,,,,,,0,,0,,0,,0,,,," ",0,0,,,0,0,0,0,,
8694,"NMI BK 03556","MDP 26, 006",Scheil1935MDP26,primary,6,,"Susa (mod. Shush)","Proto-Elamite (ca. 3100-2900 BC)",,"National Museum, Tehran, Iran",Administrative,clay,tablet,64.0,14.0,43.0,,,,,,,,,,undetermined,,,,,,,,,,,0,,0,,0,,0,,,," ",0,0,,,0,0,0,0,,
8695,"NMI BK 03557","MDP 26, 007",Scheil1935MDP26,primary,7,,"Susa (mod. Shush)","Proto-Elamite (ca. 3100-2900 BC)",,"National Museum, Tehran, Iran",Administrative,clay,tablet,34.0,15.0,24.0,,,,,,,,,,undetermined,,,,,,,,,,,0,,0,,0,,0,,,," ",0,0,,,0,0,0,0,,
8696,"NMI BK 03558","MDP 26, 008",Scheil1935MDP26,primary,8,,"Susa (mod. Shush)","Proto-Elamite (ca. 3100-2900 BC)",,"National Museum, Tehran, Iran",Administrative,clay,tablet,53.0,14.0,37.0,,,,,,,,,,undetermined,,,,,,,,,,,0,,0,,0,,0,,,," ",0,0,,,0,0,0,0,,
8697,"NMI BK 03559","MDP 26, 009",Scheil1935MDP26,primary,9,,"Susa (mod. Shush)","Proto-Elamite (ca. 3100-2900 BC)",,"National Museum, Tehran, Iran",Administrative,clay,tablet,66.0,17.0,42.0,,,,,,,,,,undetermined,,,,,,,,,,,0,,0,,0,,0,,,," ",0,0,,,0,0,0,0,,
8698,"NMI BK 03560","MDP 26, 010",Scheil1935MDP26,primary,10,,"Susa (mod. Shush)","Proto-Elamite (ca. 3100-2900 BC)",,"National Museum, Tehran, Iran",Administrative,clay,tablet,37.0,14.0,26.0,,,,,,,,,,undetermined,,,,,,,,,,,0,,0,,0,,0,,,," ",0,0,,,0,0,0,0,,
8699,"NMI BK 03561","MDP 26, 011",Scheil1935MDP26,primary,11,,"Susa (mod. Shush)","Proto-Elamite (ca. 3100-2900 BC)",,"National Museum, Tehran, Iran",Administrative,clay,tablet,36.0,15.0,26.0,,,,,,,,,,undetermined,,,,,,,,,,,0,,0,,0,,0,,,," ",0,0,,,0,0,0,0,,
8700,"NMI BK 03562","MDP 26, 012",Scheil1935MDP26,primary,12,,"Susa (mod. Shush)","Proto-Elamite (ca. 3100-2900 BC)",,"National Museum, Tehran, Iran",Administrative,clay,tablet,57.0,19.0,40.0,,,,,,,,,,undetermined,,,,,,,,,,,0,,0,,0,,0,,,," ",0,0,,,0,0,0,0,,
8701,"NMI BK 03563","MDP 26, 013",Scheil1935MDP26,primary,13,,"Susa (mod. Shush)","Proto-Elamite (ca. 3100-2900 BC)",,"National Museum, Tehran, Iran",Administrative,clay,tablet,52.0,16.0,31.0,,,,,,,,,,undetermined,,,,,,,,,,,0,,0,,0,,0,,,," ",0,0,,,0,0,0,0,,
8702,"NMI BK 03564","MDP 26, 014",Scheil1935MDP26,primary,14,,"Susa (mod. Shush)","Proto-Elamite (ca. 3100-2900 BC)",,"National Museum, Tehran, Iran",Administrative,clay,tablet,56.0,14.0,41.0,,,,,,,,,,undetermined,,,,,,,,,,,0,,0,,0,,0,,,," ",0,0,,,0,0,0,0,,
8703,"NMI BK 03565","MDP 26, 015",Scheil1935MDP26,primary,15,,"Susa (mod. Shush)","Proto-Elamite (ca. 3100-2900 BC)",,"National Museum, Tehran, Iran",Administrative,clay,tablet,42.0,13.0,32.0,,,,,,,,,,undetermined,,,,,,,,,,,0,,0,,0,,0,,,," ",0,0,,,0,0,0,0,,
8704,"NMI BK 03566","MDP 26, 016",Scheil1935MDP26,primary,16,,"Susa (mod. Shush)","Proto-Elamite (ca. 3100-2900 BC)",,"National Museum, Tehran, Iran",Administrative,clay,tablet,58.0,17.0,39.0,,,,,,,,,,undetermined,,,,,,,,,,,0,,0,,0,,0,,,," ",0,0,,,0,0,0,0,,
8705,"NMI BK 03567","MDP 26, 017",Scheil1935MDP26,primary,17,,"Susa (mod. Shush)","Proto-Elamite (ca. 3100-2900 BC)",,"National Museum, Tehran, Iran",Administrative,clay,tablet,50.0,16.0,33.0,,,,,,,,,,undetermined,,,,,,,,,,,0,,0,,0,,0,,,," ",0,0,,,0,0,0,0,,
8706,"NMI BK 03568","MDP 26, 018",Scheil1935MDP26,primary,18,,"Susa (mod. Shush)","Proto-Elamite (ca. 3100-2900 BC)",,"National Museum, Tehran, Iran",Administrative,clay,tablet,48.0,18.0,33.0,,,,,,,,,,undetermined,,,,,,,,,,,0,,0,,0,,0,,,," ",0,0,,,0,0,0,0,,
8707,"NMI BK 03569","MDP 26, 019",Scheil1935MDP26,primary,19,,"Susa (mod. Shush)","Proto-Elamite (ca. 3100-2900 BC)",,"National Museum, Tehran, Iran",Administrative,clay,tablet,47.0,15.0,37.0,,,,,,,,,,undetermined,,,,,,,,,,,0,,0,,0,,0,,,," ",0,0,,,0,0,0,0,,
8708,"NMI BK 03570","MDP 26, 020",Scheil1935MDP26,primary,20,,"Susa (mod. Shush)","Proto-Elamite (ca. 3100-2900 BC)",,"National Museum, Tehran, Iran",Administrative,clay,tablet,45.0,15.0,34.0,,,,,,,,,,undetermined,,,,,,,,,,,0,,0,,0,,0,,,," ",0,0,,,0,0,0,0,,
8709,"NMI BK 03571","MDP 26, 021",Scheil1935MDP26,primary,21,,"Susa (mod. Shush)","Proto-Elamite (ca. 3100-2900 BC)",,"National Museum, Tehran, Iran",Administrative,clay,tablet,67.0,18.0,47.0,,,,,,,,,,undetermined,,,,,,,,,,,0,,0,,0,,0,,,," ",0,0,,,0,0,0,0,,
8710,"NMI BK 03572","MDP 26, 022",Scheil1935MDP26,primary,22,,"Susa (mod. Shush)","Proto-Elamite (ca. 3100-2900 BC)",,"National Museum, Tehran, Iran",Administrative,clay,tablet,39.0,16.0,32.0,,,,,,,,,,undetermined,,,,,,,,,,,0,,0,,0,,0,,,," ",0,0,,,0,0,0,0,,
8711,"NMI BK 03573","MDP 26, 023",Scheil1935MDP26,primary,23,,"Susa (mod. Shush)","Proto-Elamite (ca. 3100-2900 BC)",,"National Museum, Tehran, Iran",Administrative,clay,tablet,61.0,14.0,35.0,,,,,,,,,,undetermined,,,,,,,,,,,0,,0,,0,,0,,,," ",0,0,,,0,0,0,0,,
8712,"NMI BK 03574","MDP 26, 024",Scheil1935MDP26,primary,24,,"Susa (mod. Shush)","Proto-Elamite (ca. 3100-2900 BC)",,"National Museum, Tehran, Iran",Administrative,clay,tablet,49.0,15.0,29.0,,,,,,,,,,undetermined,,,,,,,,,,,0,,0,,0,,0,,,," ",0,0,,,0,0,0,0,,
8713,"NMI BK 03575","MDP 26, 025",Scheil1935MDP26,primary,25,,"Susa (mod. Shush)","Proto-Elamite (ca. 3100-2900 BC)",,"National Museum, Tehran, Iran",Administrative,clay,tablet,52.0,14.0,36.0,,,,,,,,,,undetermined,,,,,,,,,,,0,,0,,0,,0,,,," ",0,0,,,0,0,0,0,,
8714,"NMI BK 03576","MDP 26, 026",Scheil1935MDP26,primary,26,,"Susa (mod. Shush)","Proto-Elamite (ca. 3100-2900 BC)",,"National Museum, Tehran, Iran",Administrative,clay,tablet,53.0,16.0,44.0,,,,,,,,,,undetermined,,,,,,,,,,,0,,0,,0,,0,,,," ",0,0,,,0,0,0,0,,
8715,"NMI BK 03577","MDP 26, 027",Scheil1935MDP26,primary,27,,"Susa (mod. Shush)","Proto-Elamite (ca. 3100-2900 BC)",,"National Museum, Tehran, Iran",Administrative,clay,tablet,60.0,16.0,39.0,,,,,,,,,,undetermined,,,,,,,,,,,0,,0,,0,,0,,,," ",0,0,,,0,0,0,0,,
8716,"NMI BK 03578","MDP 26, 028",Scheil1935MDP26,primary,28,,"Susa (mod. Shush)","Proto-Elamite (ca. 3100-2900 BC)",,"National Museum, Tehran, Iran",Administrative,clay,tablet,67.0,16.0,41.0,,,,,,,,,,undetermined,,,,,,,,,,,0,,0,,0,,0,,,," ",0,0,,,0,0,0,0,,
8717,"NMI BK 03579","MDP 26, 029",Scheil1935MDP26,primary,29,,"Susa (mod. Shush)","Proto-Elamite (ca. 3100-2900 BC)",,"National Museum, Tehran, Iran",Administrative,clay,tablet,53.0,15.0,43.0,,,,,,,,,,undetermined,,,,,,,,,,,0,,0,,0,,0,,,," ",0,0,,,0,0,0,0,,
8718,"NMI BK 03580","MDP 26, 030",Scheil1935MDP26,primary,30,,"Susa (mod. Shush)","Proto-Elamite (ca. 3100-2900 BC)",,"National Museum, Tehran, Iran",Administrative,clay,tablet,61.0,15.0,42.0,,,,,,,,,,undetermined,,,,,,,,,,,0,,0,,0,,0,,,," ",0,0,,,0,0,0,0,,
8719,"NMI BK 03581","MDP 26, 031",Scheil1935MDP26,primary,31,,"Susa (mod. Shush)","Proto-Elamite (ca. 3100-2900 BC)",,"National Museum, Tehran, Iran",Administrative,clay,tablet,65.0,16.0,40.0,,,,,,,,,,undetermined,,,,,,,,,,,0,,0,,0,,0,,,," ",0,0,,,0,0,0,0,,
8720,"NMI BK 03582","MDP 26, 032",Scheil1935MDP26,primary,32,,"Susa (mod. Shush)","Proto-Elamite (ca. 3100-2900 BC)",,"National Museum, Tehran, Iran",Administrative,clay,tablet,61.0,16.0,40.0,,,,,,,,,,undetermined,,,,,,,,,,,0,,0,,0,,0,,,," ",0,0,,,0,0,0,0,,
8721,"NMI BK 03583","MDP 26, 033",Scheil1935MDP26,primary,33,,"Susa (mod. Shush)","Proto-Elamite (ca. 3100-2900 BC)",,"National Museum, Tehran, Iran",Administrative,clay,tablet,52.0,13.0,36.0,,,,,,,,,,undetermined,,,,,,,,,,,0,,0,,0,,0,,,," ",0,0,,,0,0,0,0,,
8722,"NMI BK 03584","MDP 26, 034",Scheil1935MDP26,primary,34,,"Susa (mod. Shush)","Proto-Elamite (ca. 3100-2900 BC)",,"National Museum, Tehran, Iran",Administrative,clay,tablet,48.0,14.0,26.0,,,,,,,,,,undetermined,,,,,,,,,,,0,,0,,0,,0,,,," ",0,0,,,0,0,0,0,,
8723,"NMI BK 03585","MDP 26, 035",Scheil1935MDP26,primary,35,,"Susa (mod. Shush)","Proto-Elamite (ca. 3100-2900 BC)",,"National Museum, Tehran, Iran",Administrative,clay,tablet,60.0,16.0,43.0,,,,,,,,,,undetermined,,,,,,,,,,,0,,0,,0,,0,,,," ",0,0,,,0,0,0,0,,
8724,"NMI BK 03586","MDP 26, 036",Scheil1935MDP26,primary,36,,"Susa (mod. Shush)","Proto-Elamite (ca. 3100-2900 BC)",,"National Museum, Tehran, Iran",Administrative,clay,tablet,56.0,14.0,41.0,,,,,,,,,,undetermined,,,,,,,,,,,0,,0,,0,,0,,,," ",0,0,,,0,0,0,0,,
8725,"NMI BK 03587","MDP 26, 037",Scheil1935MDP26,primary,37,,"Susa (mod. Shush)","Proto-Elamite (ca. 3100-2900 BC)",,"National Museum, Tehran, Iran",Administrative,clay,tablet,55.0,15.0,37.0,,,,,,,,,,undetermined,,,,,,,,,,,0,,0,,0,,0,,,," ",0,0,,,0,0,0,0,,
8726,"NMI BK 03588","MDP 26, 038",Scheil1935MDP26,primary,38,,"Susa (mod. Shush)","Proto-Elamite (ca. 3100-2900 BC)",,"National Museum, Tehran, Iran",Administrative,clay,tablet,56.0,16.0,35.0,,,,,,,,,,undetermined,,,,,,,,,,,0,,0,,0,,0,,,," ",0,0,,,0,0,0,0,,
8727,"NMI BK 03589","MDP 26, 039",Scheil1935MDP26,primary,39,,"Susa (mod. Shush)","Proto-Elamite (ca. 3100-2900 BC)",,"National Museum, Tehran, Iran",Administrative,clay,tablet,60.0,16.0,42.0,,,,,,,,,,undetermined,,,,,,,,,,,0,,0,,0,,0,,,," ",0,0,,,0,0,0,0,,
8728,"NMI BK 03590","MDP 26, 040",Scheil1935MDP26,primary,40,,"Susa (mod. Shush)","Proto-Elamite (ca. 3100-2900 BC)",,"National Museum, Tehran, Iran",Administrative,clay,tablet,64.0,14.0,43.0,,,,,,,,,,undetermined,,,,,,,,,,,0,,0,,0,,0,,,," ",0,0,,,0,0,0,0,,
8729,"NMI BK 03591","MDP 26, 041",Scheil1935MDP26,primary,41,,"Susa (mod. Shush)","Proto-Elamite (ca. 3100-2900 BC)",,"National Museum, Tehran, Iran",Administrative,clay,tablet,57.0,16.0,42.0,,,,,,,,,,undetermined,,,,,,,,,,,0,,0,,0,,0,,,," ",0,0,,,0,0,0,0,,
8730,"NMI BK 03592","MDP 26, 042",Scheil1935MDP26,primary,42,,"Susa (mod. Shush)","Proto-Elamite (ca. 3100-2900 BC)",,"National Museum, Tehran, Iran",Administrative,clay,tablet,56.0,15.0,41.0,,,,,,,,,,undetermined,,,,,,,,,,,0,,0,,0,,0,,,," ",0,0,,,0,0,0,0,,
8731,"NMI BK 03593","MDP 26, 043",Scheil1935MDP26,primary,43,,"Susa (mod. Shush)","Proto-Elamite (ca. 3100-2900 BC)",,"National Museum, Tehran, Iran",Administrative,clay,tablet,56.0,15.0,39.0,,,,,,,,,,undetermined,,,,,,,,,,,0,,0,,0,,0,,,," ",0,0,,,0,0,0,0,,
8732,"NMI BK 03594","MDP 26, 044",Scheil1935MDP26,primary,44,,"Susa (mod. Shush)","Proto-Elamite (ca. 3100-2900 BC)",,"National Museum, Tehran, Iran",Administrative,clay,tablet,37.0,11.0,26.0,,,,,,,,,,undetermined,,,,,,,,,,,0,,0,,0,,0,,,," ",0,0,,,0,0,0,0,,
8733,"NMI BK 03595","MDP 26, 045",Scheil1935MDP26,primary,45,,"Susa (mod. Shush)","Proto-Elamite (ca. 3100-2900 BC)",,"National Museum, Tehran, Iran",Administrative,clay,tablet,55.0,15.0,34.0,,,,,,,,,,undetermined,,,,,,,,,,,0,,0,,0,,0,,,," ",0,0,,,0,0,0,0,,
8734,"NMI BK 03596","MDP 26, 046",Scheil1935MDP26,primary,46,,"Susa (mod. Shush)","Proto-Elamite (ca. 3100-2900 BC)",,"National Museum, Tehran, Iran",Administrative,clay,tablet,52.0,17.0,37.0,,,,,,,,,,undetermined,,,,,,,,,,,0,,0,,0,,0,,,," ",0,0,,,0,0,0,0,,
8735,"NMI BK 03597","MDP 26, 047",Scheil1935MDP26,primary,47,,"Susa (mod. Shush)","Proto-Elamite (ca. 3100-2900 BC)",,"National Museum, Tehran, Iran",Administrative,clay,tablet,50.0,16.0,31.0,,,,,,,,,,undetermined,,,,,,,,,,,0,,0,,0,,0,,,," ",0,0,,,0,0,0,0,,
8736,"NMI BK 03599","MDP 26, 048",Scheil1935MDP26,primary,48,,"Susa (mod. Shush)","Proto-Elamite (ca. 3100-2900 BC)",,"National Museum, Tehran, Iran",Administrative,clay,tablet,110.0,26.0,87.0,,,,,,,,,,undetermined,,,,,,,,,,,0,,0,,0,,0,,,," ",0,0,,,0,0,0,0,,
8737,"NMI BK 03600","MDP 26, 049",Scheil1935MDP26,primary,49,,"Susa (mod. Shush)","Proto-Elamite (ca. 3100-2900 BC)",,"National Museum, Tehran, Iran",Administrative,clay,tablet,54.0,16.0,38.0,,,,,,,,,,undetermined,,,,,,,,,,,0,,0,,0,,0,,,," ",0,0,,,0,0,0,0,,
8738,"NMI BK 03601","MDP 26, 050",Scheil1935MDP26,primary,50,,"Susa (mod. Shush)","Proto-Elamite (ca. 3100-2900 BC)",,"National Museum, Tehran, Iran",Administrative,clay,tablet,50.0,15.0,30.0,,,,,,,,,,undetermined,,,,,,,,,,,0,,0,,0,,0,,,," ",0,0,,,0,0,0,0,,
8739,"NMI BK 03602","MDP 26, 051",Scheil1935MDP26,primary,51,,"Susa (mod. Shush)","Proto-Elamite (ca. 3100-2900 BC)",,"National Museum, Tehran, Iran",Administrative,clay,tablet,39.0,18.0,38.0,,,,,,,,,,undetermined,,,,,,,,,,,0,,0,,0,,0,,,," ",0,0,,,0,0,0,0,,
8740,"NMI BK 03603","MDP 26, 052",Scheil1935MDP26,primary,52,,"Susa (mod. Shush)","Proto-Elamite (ca. 3100-2900 BC)",,"National Museum, Tehran, Iran",Administrative,clay,tablet,52.0,17.0,39.0,,,,,,,,,,undetermined,,,,,,,,,,,0,,0,,0,,0,,,," ",0,0,,,0,0,0,0,,
8741,"NMI BK 03604","MDP 26, 053",Scheil1935MDP26,primary,53,,"Susa (mod. Shush)","Proto-Elamite (ca. 3100-2900 BC)",,"National Museum, Tehran, Iran",Administrative,clay,tablet,48.0,16.0,49.0,,,,,,,,,,undetermined,,,,,,,,,,,0,,0,,0,,0,,,," ",0,0,,,0,0,0,0,,
8742,"NMI BK 03605","MDP 26, 054",Scheil1935MDP26,primary,54,,"Susa (mod. Shush)","Proto-Elamite (ca. 3100-2900 BC)",,"National Museum, Tehran, Iran",Administrative,clay,tablet,64.0,17.0,41.0,,,,,,,,,,undetermined,,,,,,,,,,,0,,0,,0,,0,,,," ",0,0,,,0,0,0,0,,
8743,"NMI BK 03606","MDP 26, 055",Scheil1935MDP26,primary,55,,"Susa (mod. Shush)","Proto-Elamite (ca. 3100-2900 BC)",,"National Museum, Tehran, Iran",Administrative,clay,tablet,37.0,16.0,28.0,,,,,,,,,,undetermined,,,,,,,,,,,0,,0,,0,,0,,,," ",0,0,,,0,0,0,0,,
8744,"NMI BK 03607","MDP 26, 056",Scheil1935MDP26,primary,56,,"Susa (mod. Shush)","Proto-Elamite (ca. 3100-2900 BC)",,"National Museum, Tehran, Iran",Administrative,clay,tablet,49.0,14.0,31.0,,,,,,,,,,undetermined,,,,,,,,,,,0,,0,,0,,0,,,," ",0,0,,,0,0,0,0,,
8745,"NMI BK 03608","MDP 26, 057",Scheil1935MDP26,primary,57,,"Susa (mod. Shush)","Proto-Elamite (ca. 3100-2900 BC)",,"National Museum, Tehran, Iran",Administrative,clay,tablet,40.0,17.0,40.0,,,,,,,,,,undetermined,,,,,,,,,,,0,,0,,0,,0,,,," ",0,0,,,0,0,0,0,,
8746,"NMI BK — ?","MDP 26, 058",Scheil1935MDP26,primary,58,,"Susa (mod. Shush)","Proto-Elamite (ca. 3100-2900 BC)",,"National Museum, Tehran, Iran",Administrative,clay,tablet,,,,,,,,,,,,,undetermined,,,,,,,,,,,0,,0,,0,,0,,,," ",0,0,,,0,0,0,0,,
8747,"NMI BK — ?","MDP 26, 059",Scheil1935MDP26,primary,59,,"Susa (mod. Shush)","Proto-Elamite (ca. 3100-2900 BC)",,"National Museum, Tehran, Iran",Administrative,clay,tablet,,,,,,,,,,,,,undetermined,,,,,,,,,,,0,,0,,0,,0,,,," ",0,0,,,0,0,0,0,,
8748,"NMI BK 03610","MDP 26, 060",Scheil1935MDP26,primary,60,,"Susa (mod. Shush)","Proto-Elamite (ca. 3100-2900 BC)",,"National Museum, Tehran, Iran",Administrative,clay,tablet,53.0,16.0,38.0,,,,,,,,,,undetermined,,,,,,,,,,,0,,0,,0,,0,,,," ",0,0,,,0,0,0,0,,
8749,"NMI BK 03611","MDP 26, 061",Scheil1935MDP26,primary,61,,"Susa (mod. Shush)","Proto-Elamite (ca. 3100-2900 BC)",,"National Museum, Tehran, Iran",Administrative,clay,tablet,58.0,15.0,43.0,,,,,,,,,,undetermined,,,,,,,,,,,0,,0,,0,,0,,,," ",0,0,,,0,0,0,0,,
8750,"NMI BK 03612","MDP 26, 062",Scheil1935MDP26,primary,62,,"Susa (mod. Shush)","Proto-Elamite (ca. 3100-2900 BC)",,"National Museum, Tehran, Iran",Administrative,clay,tablet,57.0,15.0,43.0,,,,,,,,,,undetermined,,,,,,,,,,,0,,0,,0,,0,,,," ",0,0,,,0,0,0,0,,
8751,"NMI BK 03613","MDP 26, 063",Scheil1935MDP26,primary,63,,"Susa (mod. Shush)","Proto-Elamite (ca. 3100-2900 BC)",,"National Museum, Tehran, Iran",Administrative,clay,tablet,55.0,20.0,70.0,,,,,,,,,,undetermined,,,,,,,,,,,0,,0,,0,,0,,,," ",0,0,,,0,0,0,0,,
8752,"NMI BK 03614","MDP 26, 064",Scheil1935MDP26,primary,64,,"Susa (mod. Shush)","Proto-Elamite (ca. 3100-2900 BC)",,"National Museum, Tehran, Iran",Administrative,clay,tablet,58.0,17.0,43.0,,,,,,,,,,undetermined,,,,,,,,,,,0,,0,,0,,0,,,," ",0,0,,,0,0,0,0,,
8753,"NMI BK 03615","MDP 26, 065",Scheil1935MDP26,primary,65,,"Susa (mod. Shush)","Proto-Elamite (ca. 3100-2900 BC)",,"National Museum, Tehran, Iran",Administrative,clay,tablet,51.0,16.0,38.0,,,,,,,,,,undetermined,,,,,,,,,,,0,,0,,0,,0,,,," ",0,0,,,0,0,0,0,,
8754,"NMI BK 03616","MDP 26, 066",Scheil1935MDP26,primary,66,,"Susa (mod. Shush)","Proto-Elamite (ca. 3100-2900 BC)",,"National Museum, Tehran, Iran",Administrative,clay,tablet,60.0,20.0,51.0,,,,,,,,,,undetermined,,,,,,,,,,,0,,0,,0,,0,,,," ",0,0,,,0,0,0,0,,
8755,"NMI BK 03617","MDP 26, 067",Scheil1935MDP26,primary,67,,"Susa (mod. Shush)","Proto-Elamite (ca. 3100-2900 BC)",,"National Museum, Tehran, Iran",Administrative,clay,tablet,46.0,15.0,34.0,,,,,,,,,,undetermined,,,,,,,,,,,0,,0,,0,,0,,,," ",0,0,,,0,0,0,0,,
8756,"NMI BK 03618","MDP 26, 068",Scheil1935MDP26,primary,68,,"Susa (mod. Shush)","Proto-Elamite (ca. 3100-2900 BC)",,"National Museum, Tehran, Iran",Administrative,clay,tablet,49.0,17.0,57.0,,,,,,,,,,undetermined,,,,,,,,,,,0,,0,,0,,0,,,," ",0,0,,,0,0,0,0,,
8757,"NMI BK 03619","MDP 26, 069",Scheil1935MDP26,primary,69,,"Susa (mod. Shush)","Proto-Elamite (ca. 3100-2900 BC)",,"National Museum, Tehran, Iran",Administrative,clay,tablet,44.0,14.0,32.0,,,,,,,,,,undetermined,,,,,,,,,,,0,,0,,0,,0,,,," ",0,0,,,0,0,0,0,,
8758,"NMI BK 03620","MDP 26, 070",Scheil1935MDP26,primary,70,,"Susa (mod. Shush)","Proto-Elamite (ca. 3100-2900 BC)",,"National Museum, Tehran, Iran",Administrative,clay,tablet,32.0,14.0,20.0,,,,,,,,,,undetermined,,,,,,,,,,,0,,0,,0,,0,,,," ",0,0,,,0,0,0,0,,
8759,"NMI BK 03621","MDP 26, 071",Scheil1935MDP26,primary,71,,"Susa (mod. Shush)","Proto-Elamite (ca. 3100-2900 BC)",,"National Museum, Tehran, Iran",Administrative,clay,tablet,155.0,30.0,117.0,,,,,,,,,,undetermined,,,,,,,,,,,0,,0,,0,,0,,,," ",0,0,,,0,0,0,0,,
8760,"NMI BK 03622","MDP 26, 072",Scheil1935MDP26,primary,72,,"Susa (mod. Shush)","Proto-Elamite (ca. 3100-2900 BC)",,"National Museum, Tehran, Iran",Administrative,clay,tablet,57.0,18.0,42.0,,,,,,,,,,undetermined,,,,,,,,,,,0,,0,,0,,0,,,," ",0,0,,,0,0,0,0,,
8761,"NMI BK 03623","MDP 26, 073",Scheil1935MDP26,primary,73,,"Susa (mod. Shush)","Proto-Elamite (ca. 3100-2900 BC)",,"National Museum, Tehran, Iran",Administrative,clay,tablet,44.0,14.0,29.0,,,,,,,,,,undetermined,,,,,,,,,,,0,,0,,0,,0,,,," ",0,0,,,0,0,0,0,,
8762,"NMI BK 03624","MDP 26, 074",Scheil1935MDP26,primary,74,,"Susa (mod. Shush)","Proto-Elamite (ca. 3100-2900 BC)",,"National Museum, Tehran, Iran",Administrative,clay,tablet,35.0,18.0,22.0,,,,,,,,,,undetermined,,,,,,,,,,,0,,0,,0,,0,,,," ",0,0,,,0,0,0,0,,
8763,"NMI BK 03625","MDP 26, 075",Scheil1935MDP26,primary,75,,"Susa (mod. Shush)","Proto-Elamite (ca. 3100-2900 BC)",,"National Museum, Tehran, Iran",Administrative,clay,tablet,45.0,22.0,22.0,,,,,,,,,,undetermined,,,,,,,,,,,0,,0,,0,,0,,,," ",0,0,,,0,0,0,0,,
8764,"NMI BK 03626","MDP 26, 076",Scheil1935MDP26,primary,76,,"Susa (mod. Shush)","Proto-Elamite (ca. 3100-2900 BC)",,"National Museum, Tehran, Iran",Administrative,clay,tablet,47.0,19.0,32.0,,,,,,,,,,undetermined,,,,,,,,,,,0,,0,,0,,0,,,," ",0,0,,,0,0,0,0,,
8765,"NMI BK 03627","MDP 26, 077",Scheil1935MDP26,primary,77,,"Susa (mod. Shush)","Proto-Elamite (ca. 3100-2900 BC)",,"National Museum, Tehran, Iran",Administrative,clay,tablet,32.0,11.0,55.0,,,,,,,,,,undetermined,,,,,,,,,,,0,,0,,0,,0,,,," ",0,0,,,0,0,0,0,,
8766,"NMI BK 03628","MDP 26, 078",Scheil1935MDP26,primary,78,,"Susa (mod. Shush)","Proto-Elamite (ca. 3100-2900 BC)",,"National Museum, Tehran, Iran",Administrative,clay,tablet,52.0,15.0,39.0,,,,,,,,,,undetermined,,,,,,,,,,,0,,0,,0,,0,,,," ",0,0,,,0,0,0,0,,
8767,"NMI BK 03629","MDP 26, 079",Scheil1935MDP26,primary,79,,"Susa (mod. Shush)","Proto-Elamite (ca. 3100-2900 BC)",,"National Museum, Tehran, Iran",Administrative,clay,tablet,54.0,16.0,38.0,,,,,,,,,,undetermined,,,,,,,,,,,0,,0,,0,,0,,,," ",0,0,,,0,0,0,0,,
8768,"NMI BK 03630","MDP 26, 080",Scheil1935MDP26,primary,80,,"Susa (mod. Shush)","Proto-Elamite (ca. 3100-2900 BC)",,"National Museum, Tehran, Iran",Administrative,clay,tablet,24.0,16.0,27.0,,,,,,,,,,undetermined,,,,,,,,,,,0,,0,,0,,0,,,," ",0,0,,,0,0,0,0,,
8769,"NMI BK 03631","MDP 26, 081",Scheil1935MDP26,primary,81,,"Susa (mod. Shush)","Proto-Elamite (ca. 3100-2900 BC)",,"National Museum, Tehran, Iran",Administrative,clay,tablet,58.0,18.0,41.0,,,,,,,,,,undetermined,,,,,,,,,,,0,,0,,0,,0,,,," ",0,0,,,0,0,0,0,,
8770,"NMI BK 03632","MDP 26, 082",Scheil1935MDP26,primary,82,,"Susa (mod. Shush)","Proto-Elamite (ca. 3100-2900 BC)",,"National Museum, Tehran, Iran",Administrative,clay,tablet,46.0,17.0,34.0,,,,,,,,,,undetermined,,,,,,,,,,,0,,0,,0,,0,,,," ",0,0,,,0,0,0,0,,
8771,"NMI BK 03633","MDP 26, 083",Scheil1935MDP26,primary,83,,"Susa (mod. Shush)","Proto-Elamite (ca. 3100-2900 BC)",,"National Museum, Tehran, Iran",Administrative,clay,tablet,47.0,20.0,46.0,,,,,,,,,,undetermined,,,,,,,,,,,0,,0,,0,,0,,,," ",0,0,,,0,0,0,0,,
8772,"NMI BK 03634","MDP 26, 084",Scheil1935MDP26,primary,84,,"Susa (mod. Shush)","Proto-Elamite (ca. 3100-2900 BC)",,"National Museum, Tehran, Iran",Administrative,clay,tablet,58.0,18.0,37.0,,,,,,,,,,undetermined,,,,,,,,,,,0,,0,,0,,0,,,," ",0,0,,,0,0,0,0,,
8773,"NMI BK 03635","MDP 26, 085",Scheil1935MDP26,primary,85,,"Susa (mod. Shush)","Proto-Elamite (ca. 3100-2900 BC)",,"National Museum, Tehran, Iran",Administrative,clay,tablet,39.0,19.0,46.0,,,,,,,,,,undetermined,,,,,,,,,,,0,,0,,0,,0,,,," ",0,0,,,0,0,0,0,,
8774,"NMI BK 03636","MDP 26, 086",Scheil1935MDP26,primary,86,,"Susa (mod. Shush)","Proto-Elamite (ca. 3100-2900 BC)",,"National Museum, Tehran, Iran",Administrative,clay,tablet,54.0,18.0,34.0,,,,,,,,,,undetermined,,,,,,,,,,,0,,0,,0,,0,,,," ",0,0,,,0,0,0,0,,
8775,"NMI BK 03637","MDP 26, 087",Scheil1935MDP26,primary,87,,"Susa (mod. Shush)","Proto-Elamite (ca. 3100-2900 BC)",,"National Museum, Tehran, Iran",Administrative,clay,tablet,55.0,19.0,37.0,,,,,,,,,,undetermined,,,,,,,,,,,0,,0,,0,,0,,,," ",0,0,,,0,0,0,0,,
8776,"NMI BK 03638","MDP 26, 088",Scheil1935MDP26,primary,88,,"Susa (mod. Shush)","Proto-Elamite (ca. 3100-2900 BC)",,"National Museum, Tehran, Iran",Administrative,clay,tablet,51.0,15.0,33.0,,,,,,,,,,undetermined,,,,,,,,,,,0,,0,,0,,0,,,," ",0,0,,,0,0,0,0,,
8777,"NMI BK 03639","MDP 26, 089",Scheil1935MDP26,primary,89,,"Susa (mod. Shush)","Proto-Elamite (ca. 3100-2900 BC)",,"National Museum, Tehran, Iran",Administrative,clay,tablet,30.0,13.0,36.0,,,,,,,,,,undetermined,,,,,,,,,,,0,,0,,0,,0,,,," ",0,0,,,0,0,0,0,,
8778,"NMI BK 03640","MDP 26, 090",Scheil1935MDP26,primary,90,,"Susa (mod. Shush)","Proto-Elamite (ca. 3100-2900 BC)",,"National Museum, Tehran, Iran",Administrative,clay,tablet,33.0,16.0,30.0,,,,,,,,,,undetermined,,,,,,,,,,,0,,0,,0,,0,,,," ",0,0,,,0,0,0,0,,
8779,"NMI BK 03641","MDP 26, 091",Scheil1935MDP26,primary,91,,"Susa (mod. Shush)","Proto-Elamite (ca. 3100-2900 BC)",,"National Museum, Tehran, Iran",Administrative,clay,tablet,47.0,13.0,31.0,,,,,,,,,,undetermined,,,,,,,,,,,0,,0,,0,,0,,,," ",0,0,,,0,0,0,0,,
8780,"NMI BK 03642","MDP 26, 092",Scheil1935MDP26,primary,92,,"Susa (mod. Shush)","Proto-Elamite (ca. 3100-2900 BC)",,"National Museum, Tehran, Iran",Administrative,clay,tablet,58.0,20.0,37.0,,,,,,,,,,undetermined,,,,,,,,,,,0,,0,,0,,0,,,," ",0,0,,,0,0,0,0,,
8781,"NMI BK 03643","MDP 26, 093",Scheil1935MDP26,primary,93,,"Susa (mod. Shush)","Proto-Elamite (ca. 3100-2900 BC)",,"National Museum, Tehran, Iran",Administrative,clay,tablet,21.0,15.0,38.0,,,,,,,,,,undetermined,,,,,,,,,,,0,,0,,0,,0,,,," ",0,0,,,0,0,0,0,,
8782,"NMI BK 03644","MDP 26, 094",Scheil1935MDP26,primary,94,,"Susa (mod. Shush)","Proto-Elamite (ca. 3100-2900 BC)",,"National Museum, Tehran, Iran",Administrative,clay,tablet,34.0,16.0,40.0,,,,,,,,,,undetermined,,,,,,,,,,,0,,0,,0,,0,,,," ",0,0,,,0,0,0,0,,
8783,"NMI BK 03645","MDP 26, 095",Scheil1935MDP26,primary,95,,"Susa (mod. Shush)","Proto-Elamite (ca. 3100-2900 BC)",,"National Museum, Tehran, Iran",Administrative,clay,tablet,56.0,14.0,33.0,,,,,,,,,,undetermined,,,,,,,,,,,0,,0,,0,,0,,,," ",0,0,,,0,0,0,0,,
8784,"NMI BK 03646","MDP 26, 096",Scheil1935MDP26,primary,96,,"Susa (mod. Shush)","Proto-Elamite (ca. 3100-2900 BC)",,"National Museum, Tehran, Iran",Administrative,clay,tablet,56.0,16.0,40.0,,,,,,,,,,undetermined,,,,,,,,,,,0,,0,,0,,0,,,," ",0,0,,,0,0,0,0,,
8785,"NMI BK 03647","MDP 26, 097",Scheil1935MDP26,primary,97,,"Susa (mod. Shush)","Proto-Elamite (ca. 3100-2900 BC)",,"National Museum, Tehran, Iran",Administrative,clay,tablet,52.0,16.0,60.0,,,,,,,,,,undetermined,,,,,,,,,,,0,,0,,0,,0,,,," ",0,0,,,0,0,0,0,,
8786,"NMI BK 03648","MDP 26, 098",Scheil1935MDP26,primary,98,,"Susa (mod. Shush)","Proto-Elamite (ca. 3100-2900 BC)",,"National Museum, Tehran, Iran",Administrative,clay,tablet,38.0,15.0,41.0,,,,,,,,,,undetermined,,,,,,,,,,,0,,0,,0,,0,,,," ",0,0,,,0,0,0,0,,
8787,"NMI BK 03649","MDP 26, 099",Scheil1935MDP26,primary,99,,"Susa (mod. Shush)","Proto-Elamite (ca. 3100-2900 BC)",,"National Museum, Tehran, Iran",Administrative,clay,tablet,46.0,16.0,29.0,,,,,,,,,,undetermined,,,,,,,,,,,0,,0,,0,,0,,,," ",0,0,,,0,0,0,0,,
8788,"NMI BK 03650","MDP 26, 100",Scheil1935MDP26,primary,100,,"Susa (mod. Shush)","Proto-Elamite (ca. 3100-2900 BC)",,"National Museum, Tehran, Iran",Administrative,clay,tablet,107.0,25.0,56.0,,,,,,,,,,undetermined,,,,,,,,,,,0,,0,,0,,0,,,," ",0,0,,,0,0,0,0,,
8789,"NMI BK 03651","MDP 26, 101",Scheil1935MDP26,primary,101,,"Susa (mod. Shush)","Proto-Elamite (ca. 3100-2900 BC)",,"National Museum, Tehran, Iran",Administrative,clay,tablet,50.0,13.0,28.0,,,,,,,,,,undetermined,,,,,,,,,,,0,,0,,0,,0,,,," ",0,0,,,0,0,0,0,,
8790,"NMI BK 03652","MDP 26, 102",Scheil1935MDP26,primary,102,,"Susa (mod. Shush)","Proto-Elamite (ca. 3100-2900 BC)",,"National Museum, Tehran, Iran",Administrative,clay,tablet,58.0,15.0,36.0,,,,,,,,,,undetermined,,,,,,,,,,,0,,0,,0,,0,,,," ",0,0,,,0,0,0,0,,
8791,"NMI BK 03653","MDP 26, 103",Scheil1935MDP26,primary,103,,"Susa (mod. Shush)","Proto-Elamite (ca. 3100-2900 BC)",,"National Museum, Tehran, Iran",Administrative,clay,tablet,52.0,14.0,36.0,,,,,,,,,,undetermined,,,,,,,,,,,0,,0,,0,,0,,,," ",0,0,,,0,0,0,0,,
8792,"NMI BK 03654","MDP 26, 104",Scheil1935MDP26,primary,104,,"Susa (mod. Shush)","Proto-Elamite (ca. 3100-2900 BC)",,"National Museum, Tehran, Iran",Administrative,clay,tablet,34.0,16.0,33.0,,,,,,,,,,undetermined,,,,,,,,,,,0,,0,,0,,0,,,," ",0,0,,,0,0,0,0,,
8793,"NMI BK 03655","MDP 26, 105",Scheil1935MDP26,primary,105,,"Susa (mod. Shush)","Proto-Elamite (ca. 3100-2900 BC)",,"National Museum, Tehran, Iran",Administrative,clay,tablet,42.0,15.0,33.0,,,,,,,,,,undetermined,,,,,,,,,,,0,,0,,0,,0,,,," ",0,0,,,0,0,0,0,,
8794,"NMI BK 03656","MDP 26, 106",Scheil1935MDP26,primary,106,,"Susa (mod. Shush)","Proto-Elamite (ca. 3100-2900 BC)",,"National Museum, Tehran, Iran",Administrative,clay,tablet,56.0,16.0,38.0,,,,,,,,,,undetermined,,,,,,,,,,,0,,0,,0,,0,,,," ",0,0,,,0,0,0,0,,
8795,"NMI BK 03657","MDP 26, 107",Scheil1935MDP26,primary,107,,"Susa (mod. Shush)","Proto-Elamite (ca. 3100-2900 BC)",,"National Museum, Tehran, Iran",Administrative,clay,tablet,44.0,20.0,31.0,,,,,,,,,,undetermined,,,,,,,,,,,0,,0,,0,,0,,,," ",0,0,,,0,0,0,0,,
8796,"NMI BK 03658","MDP 26, 108",Scheil1935MDP26,primary,108,,"Susa (mod. Shush)","Proto-Elamite (ca. 3100-2900 BC)",,"National Museum, Tehran, Iran",Administrative,clay,tablet,39.0,20.0,27.0,,,,,,,,,,undetermined,,,,,,,,,,,0,,0,,0,,0,,,," ",0,0,,,0,0,0,0,,
8797,"NMI BK 03659","MDP 26, 109",Scheil1935MDP26,primary,109,,"Susa (mod. Shush)","Proto-Elamite (ca. 3100-2900 BC)",,"National Museum, Tehran, Iran",Administrative,clay,tablet,42.0,17.0,30.0,,,,,,,,,,undetermined,,,,,,,,,,,0,,0,,0,,0,,,," ",0,0,,,0,0,0,0,,
8798,"NMI BK 03660","MDP 26, 110",Scheil1935MDP26,primary,110,,"Susa (mod. Shush)","Proto-Elamite (ca. 3100-2900 BC)",,"National Museum, Tehran, Iran",Administrative,clay,tablet,43.0,18.0,31.0,,,,,,,,,,undetermined,,,,,,,,,,,0,,0,,0,,0,,,," ",0,0,,,0,0,0,0,,
8799,"NMI BK 03661","MDP 26, 111",Scheil1935MDP26,primary,111,,"Susa (mod. Shush)","Proto-Elamite (ca. 3100-2900 BC)",,"National Museum, Tehran, Iran",Administrative,clay,tablet,39.0,20.0,28.0,,,,,,,,,,undetermined,,,,,,,,,,,0,,0,,0,,0,,,," ",0,0,,,0,0,0,0,,
8800,"NMI BK 03662","MDP 26, 112",Scheil1935MDP26,primary,112,,"Susa (mod. Shush)","Proto-Elamite (ca. 3100-2900 BC)",,"National Museum, Tehran, Iran",Administrative,clay,tablet,42.0,19.0,28.0,,,,,,,,,,undetermined,,,,,,,,,,,0,,0,,0,,0,,,," ",0,0,,,0,0,0,0,,
8801,"NMI BK 03663","MDP 26, 113",Scheil1935MDP26,primary,113,,"Susa (mod. Shush)","Proto-Elamite (ca. 3100-2900 BC)",,"National Museum, Tehran, Iran",Administrative,clay,tablet,51.0,17.0,39.0,,,,,,,,,,undetermined,,,,,,,,,,,0,,0,,0,,0,,,," ",0,0,,,0,0,0,0,,
8802,"NMI BK 03664","MDP 26, 114",Scheil1935MDP26,primary,114,,"Susa (mod. Shush)","Proto-Elamite (ca. 3100-2900 BC)",,"National Museum, Tehran, Iran",Administrative,clay,tablet,46.0,17.0,31.0,,,,,,,,,,undetermined,,,,,,,,,,,0,,0,,0,,0,,,," ",0,0,,,0,0,0,0,,
8803,"NMI BK 03665","MDP 26, 115",Scheil1935MDP26,primary,115,,"Susa (mod. Shush)","Proto-Elamite (ca. 3100-2900 BC)",,"National Museum, Tehran, Iran",Administrative,clay,tablet,56.0,15.0,38.0,,,,,,,,,,undetermined,,,,,,,,,,,0,,0,,0,,0,,,," ",0,0,,,0,0,0,0,,
8804,"NMI BK 03666","MDP 26, 116",Scheil1935MDP26,primary,116,,"Susa (mod. Shush)","Proto-Elamite (ca. 3100-2900 BC)",,"National Museum, Tehran, Iran",Administrative,clay,tablet,46.0,14.0,33.0,,,,,,,,,,undetermined,,,,,,,,,,,0,,0,,0,,0,,,," ",0,0,,,0,0,0,0,,
8805,"NMI BK 03667","MDP 26, 117",Scheil1935MDP26,primary,117,,"Susa (mod. Shush)","Proto-Elamite (ca. 3100-2900 BC)",,"National Museum, Tehran, Iran",Administrative,clay,tablet,48.0,15.0,35.0,,,,,,,,,,undetermined,,,,,,,,,,,0,,0,,0,,0,,,," ",0,0,,,0,0,0,0,,
8806,"NMI BK 03668","MDP 26, 118",Scheil1935MDP26,primary,118,,"Susa (mod. Shush)","Proto-Elamite (ca. 3100-2900 BC)",,"National Museum, Tehran, Iran",Administrative,clay,tablet,67.0,22.0,52.0,,,,,,,,,,undetermined,,,,,,,,,,,0,,0,,0,,0,,,," ",0,0,,,0,0,0,0,,
8807,"NMI BK 03669","MDP 26, 119",Scheil1935MDP26,primary,119,,"Susa (mod. Shush)","Proto-Elamite (ca. 3100-2900 BC)",,"National Museum, Tehran, Iran",Administrative,clay,tablet,54.0,15.0,36.0,,,,,,,,,,undetermined,,,,,,,,,,,0,,0,,0,,0,,,," ",0,0,,,0,0,0,0,,
8808,"NMI BK 03670","MDP 26, 120",Scheil1935MDP26,primary,120,,"Susa (mod. Shush)","Proto-Elamite (ca. 3100-2900 BC)",,"National Museum, Tehran, Iran",Administrative,clay,tablet,45.0,16.0,32.0,,,,,,,,,,undetermined,,,,,,,,,,,0,,0,,0,,0,,,," ",0,0,,,0,0,0,0,,
8809,"NMI BK 03671","MDP 26, 121",Scheil1935MDP26,primary,121,,"Susa (mod. Shush)","Proto-Elamite (ca. 3100-2900 BC)",,"National Museum, Tehran, Iran",Administrative,clay,tablet,48.0,16.0,35.0,,,,,,,,,,undetermined,,,,,,,,,,,0,,0,,0,,0,,,," ",0,0,,,0,0,0,0,,
8810,"NMI BK 03672","MDP 26, 122",Scheil1935MDP26,primary,122,,"Susa (mod. Shush)","Proto-Elamite (ca. 3100-2900 BC)",,"National Museum, Tehran, Iran",Administrative,clay,tablet,40.0,13.0,30.0,,,,,,,,,,undetermined,,,,,,,,,,,0,,0,,0,,0,,,," ",0,0,,,0,0,0,0,,
8811,"NMI BK 03673","MDP 26, 123",Scheil1935MDP26,primary,123,,"Susa (mod. Shush)","Proto-Elamite (ca. 3100-2900 BC)",,"National Museum, Tehran, Iran",Administrative,clay,tablet,56.0,18.0,50.0,,,,,,,,,,undetermined,,,,,,,,,,,0,,0,,0,,0,,,," ",0,0,,,0,0,0,0,,
8812,"NMI BK 03674","MDP 26, 124",Scheil1935MDP26,primary,124,,"Susa (mod. Shush)","Proto-Elamite (ca. 3100-2900 BC)",,"National Museum, Tehran, Iran",Administrative,clay,tablet,63.0,19.0,49.0,,,,,,,,,,undetermined,,,,,,,,,,,0,,0,,0,,0,,,," ",0,0,,,0,0,0,0,,
8813,"NMI BK 03675","MDP 26, 125",Scheil1935MDP26,primary,125,,"Susa (mod. Shush)","Proto-Elamite (ca. 3100-2900 BC)",,"National Museum, Tehran, Iran",Administrative,clay,tablet,55.0,12.0,41.0,,,,,,,,,,undetermined,,,,,,,,,,,0,,0,,0,,0,,,," ",0,0,,,0,0,0,0,,
8814,"NMI BK 03676","MDP 26, 126",Scheil1935MDP26,primary,126,,"Susa (mod. Shush)","Proto-Elamite (ca. 3100-2900 BC)",,"National Museum, Tehran, Iran",Administrative,clay,tablet,64.0,15.0,45.0,,,,,,,,,,undetermined,,,,,,,,,,,0,,0,,0,,0,,,," ",0,0,,,0,0,0,0,,
8815,"NMI BK 03677","MDP 26, 127",Scheil1935MDP26,primary,127,,"Susa (mod. Shush)","Proto-Elamite (ca. 3100-2900 BC)",,"National Museum, Tehran, Iran",Administrative,clay,tablet,68.0,16.0,47.0,,,,,,,,,,undetermined,,,,,,,,,,,0,,0,,0,,0,,,," ",0,0,,,0,0,0,0,,
8816,"NMI BK 03678","MDP 26, 128",Scheil1935MDP26,primary,128,,"Susa (mod. Shush)","Proto-Elamite (ca. 3100-2900 BC)",,"National Museum, Tehran, Iran",Administrative,clay,tablet,66.0,17.0,40.0,,,,,,,,,,undetermined,,,,,,,,,,,0,,0,,0,,0,,,," ",0,0,,,0,0,0,0,,
8817,"NMI BK 03679","MDP 26, 129",Scheil1935MDP26,primary,129,,"Susa (mod. Shush)","Proto-Elamite (ca. 3100-2900 BC)",,"National Museum, Tehran, Iran",Administrative,clay,tablet,58.0,18.0,42.0,,,,,,,,,,undetermined,,,,,,,,,,,0,,0,,0,,0,,,," ",0,0,,,0,0,0,0,,
8818,"NMI BK 03680","MDP 26, 130",Scheil1935MDP26,primary,130,,"Susa (mod. Shush)","Proto-Elamite (ca. 3100-2900 BC)",,"National Museum, Tehran, Iran",Administrative,clay,tablet,45.0,14.0,30.0,,,,,,,,,,undetermined,,,,,,,,,,,0,,0,,0,,0,,,," ",0,0,,,0,0,0,0,,
8819,"NMI BK 03681","MDP 26, 131",Scheil1935MDP26,primary,131,,"Susa (mod. Shush)","Proto-Elamite (ca. 3100-2900 BC)",,"National Museum, Tehran, Iran",Administrative,clay,tablet,31.0,12.0,28.0,,,,,,,,,,undetermined,,,,,,,,,,,0,,0,,0,,0,,,," ",0,0,,,0,0,0,0,,
8820,"NMI BK 03682","MDP 26, 132",Scheil1935MDP26,primary,132,,"Susa (mod. Shush)","Proto-Elamite (ca. 3100-2900 BC)",,"National Museum, Tehran, Iran",Administrative,clay,tablet,53.0,17.0,38.0,,,,,,,,,,undetermined,,,,,,,,,,,0,,0,,0,,0,,,," ",0,0,,,0,0,0,0,,
8821,"NMI BK 03683","MDP 26, 133",Scheil1935MDP26,primary,133,,"Susa (mod. Shush)","Proto-Elamite (ca. 3100-2900 BC)",,"National Museum, Tehran, Iran",Administrative,clay,tablet,77.0,19.0,53.0,,,,,,,,,,undetermined,,,,,,,,,,,0,,0,,0,,0,,,," ",0,0,,,0,0,0,0,,
8822,"NMI BK 03684","MDP 26, 134",Scheil1935MDP26,primary,134,,"Susa (mod. Shush)","Proto-Elamite (ca. 3100-2900 BC)",,"National Museum, Tehran, Iran",Administrative,clay,tablet,21.0,16.0,46.0,,,,,,,,,,undetermined,,,,,,,,,,,0,,0,,0,,0,,,," ",0,0,,,0,0,0,0,,
8823,"NMI BK 03685","MDP 26, 135",Scheil1935MDP26,primary,135,,"Susa (mod. Shush)","Proto-Elamite (ca. 3100-2900 BC)",,"National Museum, Tehran, Iran",Administrative,clay,tablet,51.0,15.0,29.0,,,,,,,,,,undetermined,,,,,,,,,,,0,,0,,0,,0,,,," ",0,0,,,0,0,0,0,,
8824,"NMI BK 03686","MDP 26, 136",Scheil1935MDP26,primary,136,,"Susa (mod. Shush)","Proto-Elamite (ca. 3100-2900 BC)",,"National Museum, Tehran, Iran",Administrative,clay,tablet,58.0,22.0,40.0,,,,,,,,,,undetermined,,,,,,,,,,,0,,0,,0,,0,,,," ",0,0,,,0,0,0,0,,
8825,"NMI BK 03687","MDP 26, 137",Scheil1935MDP26,primary,137,,"Susa (mod. Shush)","Proto-Elamite (ca. 3100-2900 BC)",,"National Museum, Tehran, Iran",Administrative,clay,tablet,50.0,17.0,36.0,,,,,,,,,,undetermined,,,,,,,,,,,0,,0,,0,,0,,,," ",0,0,,,0,0,0,0,,
8826,"NMI BK 03688","MDP 26, 138",Scheil1935MDP26,primary,138,,"Susa (mod. Shush)","Proto-Elamite (ca. 3100-2900 BC)",,"National Museum, Tehran, Iran",Administrative,clay,tablet,50.0,15.0,35.0,,,,,,,,,,undetermined,,,,,,,,,,,0,,0,,0,,0,,,," ",0,0,,,0,0,0,0,,
8827,"NMI BK 03689","MDP 26, 139",Scheil1935MDP26,primary,139,,"Susa (mod. Shush)","Proto-Elamite (ca. 3100-2900 BC)",,"National Museum, Tehran, Iran",Administrative,clay,tablet,56.0,15.0,37.0,,,,,,,,,,undetermined,,,,,,,,,,,0,,0,,0,,0,,,," ",0,0,,,0,0,0,0,,
8828,"NMI BK 03690","MDP 26, 140",Scheil1935MDP26,primary,140,,"Susa (mod. Shush)","Proto-Elamite (ca. 3100-2900 BC)",,"National Museum, Tehran, Iran",Administrative,clay,tablet,32.0,16.0,36.0,,,,,,,,,,undetermined,,,,,,,,,,,0,,0,,0,,0,,,," ",0,0,,,0,0,0,0,,
8829,"NMI BK 03197","MDP 26, 141",Scheil1935MDP26,primary,141,,"Susa (mod. Shush)","Proto-Elamite (ca. 3100-2900 BC)",,"National Museum, Tehran, Iran",Administrative,clay,tablet,61.0,20.0,27.0,,,,,,,,,,undetermined,,,,,,,,,,,0,,0,,0,,0,,,," ",0,0,,,0,0,0,0,,
8830,"NMI BK 03198","MDP 26, 142",Scheil1935MDP26,primary,142,,"Susa (mod. Shush)","Proto-Elamite (ca. 3100-2900 BC)",,"National Museum, Tehran, Iran",Administrative,clay,tablet,60.0,17.0,35.0,,,,,,,,,,undetermined,,,,,,,,,,,0,,0,,0,,0,,,," ",0,0,,,0,0,0,0,,
8831,"NMI BK 03199","MDP 26, 143",Scheil1935MDP26,primary,143,,"Susa (mod. Shush)","Proto-Elamite (ca. 3100-2900 BC)",,"National Museum, Tehran, Iran",Administrative,clay,tablet,44.0,15.0,27.0,,,,,,,,,,undetermined,,,,,,,,,,,0,,0,,0,,0,,,," ",0,0,,,0,0,0,0,,
8832,"NMI BK 03200","MDP 26, 144",Scheil1935MDP26,primary,144,,"Susa (mod. Shush)","Proto-Elamite (ca. 3100-2900 BC)",,"National Museum, Tehran, Iran",Administrative,clay,tablet,51.0,16.0,38.0,,,,,,,,,,undetermined,,,,,,,,,,,0,,0,,0,,0,,,," ",0,0,,,0,0,0,0,,
8833,"NMI BK 03201","MDP 26, 145",Scheil1935MDP26,primary,145,,"Susa (mod. Shush)","Proto-Elamite (ca. 3100-2900 BC)",,"National Museum, Tehran, Iran",Administrative,clay,tablet,38.0,13.0,26.0,,,,,,,,,,undetermined,,,,,,,,,,,0,,0,,0,,0,,,," ",0,0,,,0,0,0,0,,
8834,"NMI BK 03202","MDP 26, 146",Scheil1935MDP26,primary,146,,"Susa (mod. Shush)","Proto-Elamite (ca. 3100-2900 BC)",,"National Museum, Tehran, Iran",Administrative,clay,tablet,42.0,16.0,31.0,,,,,,,,,,undetermined,,,,,,,,,,,0,,0,,0,,0,,,," ",0,0,,,0,0,0,0,,
8835,"NMI BK 03203","MDP 26, 147",Scheil1935MDP26,primary,147,,"Susa (mod. Shush)","Proto-Elamite (ca. 3100-2900 BC)",,"National Museum, Tehran, Iran",Administrative,clay,tablet,69.0,19.0,37.0,,,,,,,,,,undetermined,,,,,,,,,,,0,,0,,0,,0,,,," ",0,0,,,0,0,0,0,,
8836,"NMI BK 03204","MDP 26, 148",Scheil1935MDP26,primary,148,,"Susa (mod. Shush)","Proto-Elamite (ca. 3100-2900 BC)",,"National Museum, Tehran, Iran",Administrative,clay,tablet,56.0,18.0,38.0,,,,,,,,,,undetermined,,,,,,,,,,,0,,0,,0,,0,,,," ",0,0,,,0,0,0,0,,
8837,"NMI BK 03205","MDP 26, 149",Scheil1935MDP26,primary,149,,"Susa (mod. Shush)","Proto-Elamite (ca. 3100-2900 BC)",,"National Museum, Tehran, Iran",Administrative,clay,tablet,43.0,15.0,27.0,,,,,,,,,,undetermined,,,,,,,,,,,0,,0,,0,,0,,,," ",0,0,,,0,0,0,0,,
8838,"NMI BK 03206","MDP 26, 150",Scheil1935MDP26,primary,150,,"Susa (mod. Shush)","Proto-Elamite (ca. 3100-2900 BC)",,"National Museum, Tehran, Iran",Administrative,clay,tablet,77.0,21.0,49.0,,,,,,,,,,undetermined,,,,,,,,,,,0,,0,,0,,0,,,," ",0,0,,,0,0,0,0,,
8839,"NMI BK 03207","MDP 26, 151",Scheil1935MDP26,primary,151,,"Susa (mod. Shush)","Proto-Elamite (ca. 3100-2900 BC)",,"National Museum, Tehran, Iran",Administrative,clay,tablet,68.0,19.0,41.0,,,,,,,,,,undetermined,,,,,,,,,,,0,,0,,0,,0,,,," ",0,0,,,0,0,0,0,,
8840,"NMI BK 03208","MDP 26, 152",Scheil1935MDP26,primary,152,,"Susa (mod. Shush)","Proto-Elamite (ca. 3100-2900 BC)",,"National Museum, Tehran, Iran",Administrative,clay,tablet,50.0,15.0,37.0,,,,,,,,,,undetermined,,,,,,,,,,,0,,0,,0,,0,,,," ",0,0,,,0,0,0,0,,
8841,"NMI BK 03209","MDP 26, 153",Scheil1935MDP26,primary,153,,"Susa (mod. Shush)","Proto-Elamite (ca. 3100-2900 BC)",,"National Museum, Tehran, Iran",Administrative,clay,tablet,50.0,17.0,29.0,,,,,,,,,,undetermined,,,,,,,,,,,0,,0,,0,,0,,,," ",0,0,,,0,0,0,0,,
8842,"NMI BK 03210","MDP 26, 154",Scheil1935MDP26,primary,154,,"Susa (mod. Shush)","Proto-Elamite (ca. 3100-2900 BC)",,"National Museum, Tehran, Iran",Administrative,clay,tablet,49.0,19.0,23.0,,,,,,,,,,undetermined,,,,,,,,,,,0,,0,,0,,0,,,," ",0,0,,,0,0,0,0,,
8843,"NMI BK 03211","MDP 26, 155",Scheil1935MDP26,primary,155,,"Susa (mod. Shush)","Proto-Elamite (ca. 3100-2900 BC)",,"National Museum, Tehran, Iran",Administrative,clay,tablet,55.0,16.0,35.0,,,,,,,,,,undetermined,,,,,,,,,,,0,,0,,0,,0,,,," ",0,0,,,0,0,0,0,,
8844,"NMI BK 03212","MDP 26, 156",Scheil1935MDP26,primary,156,,"Susa (mod. Shush)","Proto-Elamite (ca. 3100-2900 BC)",,"National Museum, Tehran, Iran",Administrative,clay,tablet,88.0,18.0,60.0,,,,,,,,,,undetermined,,,,,,,,,,,0,,0,,0,,0,,,," ",0,0,,,0,0,0,0,,
8845,"NMI BK 03213","MDP 26, 157",Scheil1935MDP26,primary,157,,"Susa (mod. Shush)","Proto-Elamite (ca. 3100-2900 BC)",,"National Museum, Tehran, Iran",Administrative,clay,tablet,42.0,12.0,40.0,,,,,,,,,,undetermined,,,,,,,,,,,0,,0,,0,,0,,,," ",0,0,,,0,0,0,0,,
8846,"NMI BK 03214","MDP 26, 158",Scheil1935MDP26,primary,158,,"Susa (mod. Shush)","Proto-Elamite (ca. 3100-2900 BC)",,"National Museum, Tehran, Iran",Administrative,clay,tablet,51.0,16.0,31.0,,,,,,,,,,undetermined,,,,,,,,,,,0,,0,,0,,0,,,," ",0,0,,,0,0,0,0,,
8847,"NMI BK 03215","MDP 26, 159",Scheil1935MDP26,primary,159,,"Susa (mod. Shush)","Proto-Elamite (ca. 3100-2900 BC)",,"National Museum, Tehran, Iran",Administrative,clay,tablet,56.0,17.0,46.0,,,,,,,,,,undetermined,,,,,,,,,,,0,,0,,0,,0,,,," ",0,0,,,0,0,0,0,,
8848,"NMI BK 03216","MDP 26, 160",Scheil1935MDP26,primary,160,,"Susa (mod. Shush)","Proto-Elamite (ca. 3100-2900 BC)",,"National Museum, Tehran, Iran",Administrative,clay,tablet,73.0,18.0,47.0,,,,,,,,,,undetermined,,,,,,,,,,,0,,0,,0,,0,,,," ",0,0,,,0,0,0,0,,
8849,"NMI BK 03217","MDP 26, 161",Scheil1935MDP26,primary,161,,"Susa (mod. Shush)","Proto-Elamite (ca. 3100-2900 BC)",,"National Museum, Tehran, Iran",Administrative,clay,tablet,51.0,15.0,36.0,,,,,,,,,,undetermined,,,,,,,,,,,0,,0,,0,,0,,,," ",0,0,,,0,0,0,0,,
8850,"NMI BK 03218","MDP 26, 162",Scheil1935MDP26,primary,162,,"Susa (mod. Shush)","Proto-Elamite (ca. 3100-2900 BC)",,"National Museum, Tehran, Iran",Administrative,clay,tablet,49.0,18.0,39.0,,,,,,,,,,undetermined,,,,,,,,,,,0,,0,,0,,0,,,," ",0,0,,,0,0,0,0,,
8851,"NMI BK 03219","MDP 26, 163",Scheil1935MDP26,primary,163,,"Susa (mod. Shush)","Proto-Elamite (ca. 3100-2900 BC)",,"National Museum, Tehran, Iran",Administrative,clay,tablet,55.0,16.0,37.0,,,,,,,,,,undetermined,,,,,,,,,,,0,,0,,0,,0,,,," ",0,0,,,0,0,0,0,,
8852,"NMI BK 03220","MDP 26, 164",Scheil1935MDP26,primary,164,,"Susa (mod. Shush)","Proto-Elamite (ca. 3100-2900 BC)",,"National Museum, Tehran, Iran",Administrative,clay,tablet,41.0,12.0,26.0,,,,,,,,,,undetermined,,,,,,,,,,,0,,0,,0,,0,,,," ",0,0,,,0,0,0,0,,
8853,"NMI BK 03221","MDP 26, 165",Scheil1935MDP26,primary,165,,"Susa (mod. Shush)","Proto-Elamite (ca. 3100-2900 BC)",,"National Museum, Tehran, Iran",Administrative,clay,tablet,51.0,16.0,28.0,,,,,,,,,,undetermined,,,,,,,,,,,0,,0,,0,,0,,,," ",0,0,,,0,0,0,0,,
8854,"NMI BK 03222","MDP 26, 166",Scheil1935MDP26,primary,166,,"Susa (mod. Shush)","Proto-Elamite (ca. 3100-2900 BC)",,"National Museum, Tehran, Iran",Administrative,clay,tablet,60.0,20.0,37.0,,,,,,,,,,undetermined,,,,,,,,,,,0,,0,,0,,0,,,," ",0,0,,,0,0,0,0,,
8855,"NMI BK 03223","MDP 26, 167",Scheil1935MDP26,primary,167,,"Susa (mod. Shush)","Proto-Elamite (ca. 3100-2900 BC)",,"National Museum, Tehran, Iran",Administrative,clay,tablet,52.0,19.0,31.0,,,,,,,,,,undetermined,,,,,,,,,,,0,,0,,0,,0,,,," ",0,0,,,0,0,0,0,,
8856,"NMI BK 03224","MDP 26, 168",Scheil1935MDP26,primary,168,,"Susa (mod. Shush)","Proto-Elamite (ca. 3100-2900 BC)",,"National Museum, Tehran, Iran",Administrative,clay,tablet,39.0,15.0,28.0,,,,,,,,,,undetermined,,,,,,,,,,,0,,0,,0,,0,,,," ",0,0,,,0,0,0,0,,
8857,"NMI BK 03225","MDP 26, 169",Scheil1935MDP26,primary,169,,"Susa (mod. Shush)","Proto-Elamite (ca. 3100-2900 BC)",,"National Museum, Tehran, Iran",Administrative,clay,tablet,79.0,20.0,46.0,,,,,,,,,,undetermined,,,,,,,,,,,0,,0,,0,,0,,,," ",0,0,,,0,0,0,0,,
8858,"NMI BK 03226","MDP 26, 170",Scheil1935MDP26,primary,170,,"Susa (mod. Shush)","Proto-Elamite (ca. 3100-2900 BC)",,"National Museum, Tehran, Iran",Administrative,clay,tablet,45.0,18.0,33.0,,,,,,,,,,undetermined,,,,,,,,,,,0,,0,,0,,0,,,," ",0,0,,,0,0,0,0,,
8859,"NMI BK 03227","MDP 26, 171",Scheil1935MDP26,primary,171,,"Susa (mod. Shush)","Proto-Elamite (ca. 3100-2900 BC)",,"National Museum, Tehran, Iran",Administrative,clay,tablet,52.0,17.0,34.0,,,,,,,,,,undetermined,,,,,,,,,,,0,,0,,0,,0,,,," ",0,0,,,0,0,0,0,,
8860,"NMI BK 03228","MDP 26, 172",Scheil1935MDP26,primary,172,,"Susa (mod. Shush)","Proto-Elamite (ca. 3100-2900 BC)",,"National Museum, Tehran, Iran",Administrative,clay,tablet,39.0,19.0,42.0,,,,,,,,,,undetermined,,,,,,,,,,,0,,0,,0,,0,,,," ",0,0,,,0,0,0,0,,
8861,"NMI BK 03229","MDP 26, 173",Scheil1935MDP26,primary,173,,"Susa (mod. Shush)","Proto-Elamite (ca. 3100-2900 BC)",,"National Museum, Tehran, Iran",Administrative,clay,tablet,43.0,16.0,38.0,,,,,,,,,,undetermined,,,,,,,,,,,0,,0,,0,,0,,,," ",0,0,,,0,0,0,0,,
8862,"NMI BK 03230","MDP 26, 174",Scheil1935MDP26,primary,174,,"Susa (mod. Shush)","Proto-Elamite (ca. 3100-2900 BC)",,"National Museum, Tehran, Iran",Administrative,clay,tablet,44.0,16.0,28.0,,,,,,,,,,undetermined,,,,,,,,,,,0,,0,,0,,0,,,," ",0,0,,,0,0,0,0,,
8863,"NMI BK 03231","MDP 26, 175",Scheil1935MDP26,primary,175,,"Susa (mod. Shush)","Proto-Elamite (ca. 3100-2900 BC)",,"National Museum, Tehran, Iran",Administrative,clay,tablet,67.0,19.0,39.0,,,,,,,,,,undetermined,,,,,,,,,,,0,,0,,0,,0,,,," ",0,0,,,0,0,0,0,,
8864,"NMI BK 03232","MDP 26, 176",Scheil1935MDP26,primary,176,,"Susa (mod. Shush)","Proto-Elamite (ca. 3100-2900 BC)",,"National Museum, Tehran, Iran",Administrative,clay,tablet,36.0,13.0,28.0,,,,,,,,,,undetermined,,,,,,,,,,,0,,0,,0,,0,,,," ",0,0,,,0,0,0,0,,
8865,"NMI BK 03233","MDP 26, 177",Scheil1935MDP26,primary,177,,"Susa (mod. Shush)","Proto-Elamite (ca. 3100-2900 BC)",,"National Museum, Tehran, Iran",Administrative,clay,tablet,31.0,11.0,27.0,,,,,,,,,,undetermined,,,,,,,,,,,0,,0,,0,,0,,,," ",0,0,,,0,0,0,0,,
8866,"NMI BK 03234","MDP 26, 178",Scheil1935MDP26,primary,178,,"Susa (mod. Shush)","Proto-Elamite (ca. 3100-2900 BC)",,"National Museum, Tehran, Iran",Administrative,clay,tablet,41.0,14.0,26.0,,,,,,,,,,undetermined,,,,,,,,,,,0,,0,,0,,0,,,," ",0,0,,,0,0,0,0,,
8867,"NMI BK 03235","MDP 26, 179",Scheil1935MDP26,primary,179,,"Susa (mod. Shush)","Proto-Elamite (ca. 3100-2900 BC)",,"National Museum, Tehran, Iran",Administrative,clay,tablet,69.0,13.0,36.0,,,,,,,,,,undetermined,,,,,,,,,,,0,,0,,0,,0,,,," ",0,0,,,0,0,0,0,,
8868,"NMI BK 03236","MDP 26, 180",Scheil1935MDP26,primary,180,,"Susa (mod. Shush)","Proto-Elamite (ca. 3100-2900 BC)",,"National Museum, Tehran, Iran",Administrative,clay,tablet,52.0,11.0,38.0,,,,,,,,,,undetermined,,,,,,,,,,,0,,0,,0,,0,,,," ",0,0,,,0,0,0,0,,
8869,"NMI BK 03237","MDP 26, 181",Scheil1935MDP26,primary,181,,"Susa (mod. Shush)","Proto-Elamite (ca. 3100-2900 BC)",,"National Museum, Tehran, Iran",Administrative,clay,tablet,67.0,11.0,40.0,,,,,,,,,,undetermined,,,,,,,,,,,0,,0,,0,,0,,,," ",0,0,,,0,0,0,0,,
8870,"NMI BK 03238","MDP 26, 182",Scheil1935MDP26,primary,182,,"Susa (mod. Shush)","Proto-Elamite (ca. 3100-2900 BC)",,"National Museum, Tehran, Iran",Administrative,clay,tablet,41.0,17.0,30.0,,,,,,,,,,undetermined,,,,,,,,,,,0,,0,,0,,0,,,," ",0,0,,,0,0,0,0,,
8871,"NMI BK 03239","MDP 26, 183",Scheil1935MDP26,primary,183,,"Susa (mod. Shush)","Proto-Elamite (ca. 3100-2900 BC)",,"National Museum, Tehran, Iran",Administrative,clay,tablet,54.0,11.0,35.0,,,,,,,,,,undetermined,,,,,,,,,,,0,,0,,0,,0,,,," ",0,0,,,0,0,0,0,,
8872,"NMI BK 03240","MDP 26, 184",Scheil1935MDP26,primary,184,,"Susa (mod. Shush)","Proto-Elamite (ca. 3100-2900 BC)",,"National Museum, Tehran, Iran",Administrative,clay,tablet,49.0,18.0,32.0,,,,,,,,,,undetermined,,,,,,,,,,,0,,0,,0,,0,,,," ",0,0,,,0,0,0,0,,
8873,"NMI BK 03241","MDP 26, 185",Scheil1935MDP26,primary,185,,"Susa (mod. Shush)","Proto-Elamite (ca. 3100-2900 BC)",,"National Museum, Tehran, Iran",Administrative,clay,tablet,58.0,12.0,34.0,,,,,,,,,,undetermined,,,,,,,,,,,0,,0,,0,,0,,,," ",0,0,,,0,0,0,0,,
8874,"NMI BK 03242","MDP 26, 186",Scheil1935MDP26,primary,186,,"Susa (mod. Shush)","Proto-Elamite (ca. 3100-2900 BC)",,"National Museum, Tehran, Iran",Administrative,clay,tablet,31.0,15.0,44.0,,,,,,,,,,undetermined,,,,,,,,,,,0,,0,,0,,0,,,," ",0,0,,,0,0,0,0,,
8875,"NMI BK 03243","MDP 26, 187",Scheil1935MDP26,primary,187,,"Susa (mod. Shush)","Proto-Elamite (ca. 3100-2900 BC)",,"National Museum, Tehran, Iran",Administrative,clay,tablet,54.0,14.0,47.0,,,,,,,,,,undetermined,,,,,,,,,,,0,,0,,0,,0,,,," ",0,0,,,0,0,0,0,,
8876,"NMI BK 03244","MDP 26, 188",Scheil1935MDP26,primary,188,,"Susa (mod. Shush)","Proto-Elamite (ca. 3100-2900 BC)",,"National Museum, Tehran, Iran",Administrative,clay,tablet,50.0,14.0,38.0,,,,,,,,,,undetermined,,,,,,,,,,,0,,0,,0,,0,,,," ",0,0,,,0,0,0,0,,
8877,"NMI BK 03245","MDP 26, 189",Scheil1935MDP26,primary,189,,"Susa (mod. Shush)","Proto-Elamite (ca. 3100-2900 BC)",,"National Museum, Tehran, Iran",Administrative,clay,tablet,52.0,15.0,34.0,,,,,,,,,,undetermined,,,,,,,,,,,0,,0,,0,,0,,,," ",0,0,,,0,0,0,0,,
8878,"NMI BK 03246","MDP 26, 190",Scheil1935MDP26,primary,190,,"Susa (mod. Shush)","Proto-Elamite (ca. 3100-2900 BC)",,"National Museum, Tehran, Iran",Administrative,clay,tablet,34.0,19.0,33.0,,,,,,,,,,undetermined,,,,,,,,,,,0,,0,,0,,0,,,," ",0,0,,,0,0,0,0,,
8879,"NMI BK 03247","MDP 26, 191",Scheil1935MDP26,primary,191,,"Susa (mod. Shush)","Proto-Elamite (ca. 3100-2900 BC)",,"National Museum, Tehran, Iran",Administrative,clay,tablet,40.0,13.0,27.0,,,,,,,,,,undetermined,,,,,,,,,,,0,,0,,0,,0,,,," ",0,0,,,0,0,0,0,,
8880,"NMI BK 03248","MDP 26, 192",Scheil1935MDP26,primary,192,,"Susa (mod. Shush)","Proto-Elamite (ca. 3100-2900 BC)",,"National Museum, Tehran, Iran",Administrative,clay,tablet,51.0,18.0,37.0,,,,,,,,,,undetermined,,,,,,,,,,,0,,0,,0,,0,,,," ",0,0,,,0,0,0,0,,
8881,"NMI BK 03249","MDP 26, 193",Scheil1935MDP26,primary,193,,"Susa (mod. Shush)","Proto-Elamite (ca. 3100-2900 BC)",,"National Museum, Tehran, Iran",Administrative,clay,tablet,62.0,17.0,38.0,,,,,,,,,,undetermined,,,,,,,,,,,0,,0,,0,,0,,,," ",0,0,,,0,0,0,0,,
8882,"NMI BK — ?","MDP 26, 194",Scheil1935MDP26,primary,194,,"Susa (mod. Shush)","Proto-Elamite (ca. 3100-2900 BC)",,"National Museum, Tehran, Iran",Administrative,clay,tablet,,,,,,,,,,,,,undetermined,,,,,,,,,,,0,,0,,0,,0,,,," ",0,0,,,0,0,0,0,,
8883,"NMI BK 03250","MDP 26, 195",Scheil1935MDP26,primary,195,,"Susa (mod. Shush)","Proto-Elamite (ca. 3100-2900 BC)",,"National Museum, Tehran, Iran",Administrative,clay,tablet,52.0,17.0,34.0,,,,,,,,,,undetermined,,,,,,,,,,,0,,0,,0,,0,,,," ",0,0,,,0,0,0,0,,
8884,"NMI BK 03251","MDP 26, 196",Scheil1935MDP26,primary,196,,"Susa (mod. Shush)","Proto-Elamite (ca. 3100-2900 BC)",,"National Museum, Tehran, Iran",Administrative,clay,tablet,54.0,17.0,34.0,,,,,,,,,,undetermined,,,,,,,,,,,0,,0,,0,,0,,,," ",0,0,,,0,0,0,0,,
8885,"NMI BK 03252","MDP 26, 197",Scheil1935MDP26,primary,197,,"Susa (mod. Shush)","Proto-Elamite (ca. 3100-2900 BC)",,"National Museum, Tehran, Iran",Administrative,clay,tablet,47.0,16.0,35.0,,,,,,,,,,undetermined,,,,,,,,,,,0,,0,,0,,0,,,," ",0,0,,,0,0,0,0,,
8886,"NMI BK 03253","MDP 26, 198",Scheil1935MDP26,primary,198,,"Susa (mod. Shush)","Proto-Elamite (ca. 3100-2900 BC)",,"National Museum, Tehran, Iran",Administrative,clay,tablet,36.0,18.0,33.0,,,,,,,,,,undetermined,,,,,,,,,,,0,,0,,0,,0,,,," ",0,0,,,0,0,0,0,,
8887,"NMI BK 03254","MDP 26, 199",Scheil1935MDP26,primary,199,,"Susa (mod. Shush)","Proto-Elamite (ca. 3100-2900 BC)",,"National Museum, Tehran, Iran",Administrative,clay,tablet,39.0,14.0,30.0,,,,,,,,,,undetermined,,,,,,,,,,,0,,0,,0,,0,,,," ",0,0,,,0,0,0,0,,
8888,"NMI BK 03255","MDP 26, 200",Scheil1935MDP26,primary,200,,"Susa (mod. Shush)","Proto-Elamite (ca. 3100-2900 BC)",,"National Museum, Tehran, Iran",Administrative,clay,tablet,55.0,17.0,35.0,,,,,,,,,,undetermined,,,,,,,,,,,0,,0,,0,,0,,,," ",0,0,,,0,0,0,0,,
8889,"NMI BK 03256","MDP 26, 201",Scheil1935MDP26,primary,201,,"Susa (mod. Shush)","Proto-Elamite (ca. 3100-2900 BC)",,"National Museum, Tehran, Iran",Administrative,clay,tablet,54.0,17.0,33.0,,,,,,,,,,undetermined,,,,,,,,,,,0,,0,,0,,0,,,," ",0,0,,,0,0,0,0,,
8890,"NMI BK 03257","MDP 26, 202",Scheil1935MDP26,primary,202,,"Susa (mod. Shush)","Proto-Elamite (ca. 3100-2900 BC)",,"National Museum, Tehran, Iran",Administrative,clay,tablet,68.0,18.0,43.0,,,,,,,,,,undetermined,,,,,,,,,,,0,,0,,0,,0,,,," ",0,0,,,0,0,0,0,,
8891,"NMI BK 03258","MDP 26, 203",Scheil1935MDP26,primary,203,,"Susa (mod. Shush)","Proto-Elamite (ca. 3100-2900 BC)",,"National Museum, Tehran, Iran",Administrative,clay,tablet,41.0,13.0,30.0,,,,,,,,,,undetermined,,,,,,,,,,,0,,0,,0,,0,,,," ",0,0,,,0,0,0,0,,
8892,"NMI BK 03259","MDP 26, 204",Scheil1935MDP26,primary,204,,"Susa (mod. Shush)","Proto-Elamite (ca. 3100-2900 BC)",,"National Museum, Tehran, Iran",Administrative,clay,tablet,59.0,16.0,44.0,,,,,,,,,,undetermined,,,,,,,,,,,0,,0,,0,,0,,,," ",0,0,,,0,0,0,0,,
8893,"NMI BK 03260","MDP 26, 205",Scheil1935MDP26,primary,205,,"Susa (mod. Shush)","Proto-Elamite (ca. 3100-2900 BC)",,"National Museum, Tehran, Iran",Administrative,clay,tablet,57.0,16.0,39.0,,,,,,,,,,undetermined,,,,,,,,,,,0,,0,,0,,0,,,," ",0,0,,,0,0,0,0,,
8894,"NMI BK 03261","MDP 26, 206",Scheil1935MDP26,primary,206,,"Susa (mod. Shush)","Proto-Elamite (ca. 3100-2900 BC)",,"National Museum, Tehran, Iran",Administrative,clay,tablet,53.0,18.0,53.0,,,,,,,,,,undetermined,,,,,,,,,,,0,,0,,0,,0,,,," ",0,0,,,0,0,0,0,,
8895,"NMI BK 03262","MDP 26, 207",Scheil1935MDP26,primary,207,,"Susa (mod. Shush)","Proto-Elamite (ca. 3100-2900 BC)",,"National Museum, Tehran, Iran",Administrative,clay,tablet,54.0,13.0,34.0,,,,,,,,,,undetermined,,,,,,,,,,,0,,0,,0,,0,,,," ",0,0,,,0,0,0,0,,
8896,"NMI BK 03263","MDP 26, 208",Scheil1935MDP26,primary,208,,"Susa (mod. Shush)","Proto-Elamite (ca. 3100-2900 BC)",,"National Museum, Tehran, Iran",Administrative,clay,tablet,61.0,17.0,38.0,,,,,,,,,,undetermined,,,,,,,,,,,0,,0,,0,,0,,,," ",0,0,,,0,0,0,0,,
8897,"NMI BK 03264","MDP 26, 209",Scheil1935MDP26,primary,209,,"Susa (mod. Shush)","Proto-Elamite (ca. 3100-2900 BC)",,"National Museum, Tehran, Iran",Administrative,clay,tablet,46.0,15.0,31.0,,,,,,,,,,undetermined,,,,,,,,,,,0,,0,,0,,0,,,," ",0,0,,,0,0,0,0,,
8898,"NMI BK 03265","MDP 26, 210",Scheil1935MDP26,primary,210,,"Susa (mod. Shush)","Proto-Elamite (ca. 3100-2900 BC)",,"National Museum, Tehran, Iran",Administrative,clay,tablet,52.0,23.0,68.0,,,,,,,,,,undetermined,,,,,,,,,,,0,,0,,0,,0,,,," ",0,0,,,0,0,0,0,,
8899,"NMI BK 03266","MDP 26, 211",Scheil1935MDP26,primary,211,,"Susa (mod. Shush)","Proto-Elamite (ca. 3100-2900 BC)",,"National Museum, Tehran, Iran",Administrative,clay,tablet,41.0,15.0,41.0,,,,,,,,,,undetermined,,,,,,,,,,,0,,0,,0,,0,,,," ",0,0,,,0,0,0,0,,
8900,"NMI BK 03267","MDP 26, 212",Scheil1935MDP26,primary,212,,"Susa (mod. Shush)","Proto-Elamite (ca. 3100-2900 BC)",,"National Museum, Tehran, Iran",Administrative,clay,tablet,55.0,16.0,36.0,,,,,,,,,,undetermined,,,,,,,,,,,0,,0,,0,,0,,,," ",0,0,,,0,0,0,0,,
8901,"NMI BK 03268","MDP 26, 213",Scheil1935MDP26,primary,213,,"Susa (mod. Shush)","Proto-Elamite (ca. 3100-2900 BC)",,"National Museum, Tehran, Iran",Administrative,clay,tablet,58.0,18.0,52.0,,,,,,,,,,undetermined,,,,,,,,,,,0,,0,,0,,0,,,," ",0,0,,,0,0,0,0,,
8902,"NMI BK 03269","MDP 26, 214",Scheil1935MDP26,primary,214,,"Susa (mod. Shush)","Proto-Elamite (ca. 3100-2900 BC)",,"National Museum, Tehran, Iran",Administrative,clay,tablet,59.0,17.0,35.0,,,,,,,,,,undetermined,,,,,,,,,,,0,,0,,0,,0,,,," ",0,0,,,0,0,0,0,,
8903,"NMI BK 03270","MDP 26, 215",Scheil1935MDP26,primary,215,,"Susa (mod. Shush)","Proto-Elamite (ca. 3100-2900 BC)",,"National Museum, Tehran, Iran",Administrative,clay,tablet,48.0,20.0,51.0,,,,,,,,,,undetermined,,,,,,,,,,,0,,0,,0,,0,,,," ",0,0,,,0,0,0,0,,
8904,"NMI BK 03271","MDP 26, 216",Scheil1935MDP26,primary,216,,"Susa (mod. Shush)","Proto-Elamite (ca. 3100-2900 BC)",,"National Museum, Tehran, Iran",Administrative,clay,tablet,84.0,19.0,60.0,,,,,,,--,,--,undetermined,,,,,,,,,,,0,,0,,0,,0,,,," ",0,0,,,0,0,0,0,,
8905,"NMI BK 03272","MDP 26, 217",Scheil1935MDP26,primary,217,,"Susa (mod. Shush)","Proto-Elamite (ca. 3100-2900 BC)",,"National Museum, Tehran, Iran",Administrative,clay,tablet,119.0,26.0,86.0,,,,,,,,,,undetermined,,,,,,,,,,,0,,0,,0,,0,,,," ",0,0,,,0,0,0,0,,
8906,"NMI BK 03273","MDP 26, 218",Scheil1935MDP26,primary,218,,"Susa (mod. Shush)","Proto-Elamite (ca. 3100-2900 BC)",,"National Museum, Tehran, Iran",Administrative,clay,tablet,58.0,17.0,64.0,,,,,,,,,,undetermined,,,,,,,,,,,0,,0,,0,,0,,,," ",0,0,,,0,0,0,0,,
8907,"NMI BK 03274","MDP 26, 219",Scheil1935MDP26,primary,219,,"Susa (mod. Shush)","Proto-Elamite (ca. 3100-2900 BC)",,"National Museum, Tehran, Iran",Administrative,clay,tablet,73.0,23.0,56.0,,,,,,,,,,undetermined,,,,,,,,,,,0,,0,,0,,0,,,," ",0,0,,,0,0,0,0,,
8908,"NMI BK 03275","MDP 26, 220",Scheil1935MDP26,primary,220,,"Susa (mod. Shush)","Proto-Elamite (ca. 3100-2900 BC)",,"National Museum, Tehran, Iran",Administrative,clay,tablet,57.0,15.0,36.0,,,,,,,,,,undetermined,,,,,,,,,,,0,,0,,0,,0,,,," ",0,0,,,0,0,0,0,,
8909,"NMI BK 03276","MDP 26, 221",Scheil1935MDP26,primary,221,,"Susa (mod. Shush)","Proto-Elamite (ca. 3100-2900 BC)",,"National Museum, Tehran, Iran",Administrative,clay,tablet,93.0,30.0,65.0,,,,,,,,,,undetermined,,,,,,,,,,,0,,0,,0,,0,,,," ",0,0,,,0,0,0,0,,
8910,"NMI BK 03277","MDP 26, 222",Scheil1935MDP26,primary,222,,"Susa (mod. Shush)","Proto-Elamite (ca. 3100-2900 BC)",,"National Museum, Tehran, Iran",Administrative,clay,tablet,60.0,19.0,45.0,,,,,,,,,,undetermined,,,,,,,,,,,0,,0,,0,,0,,,," ",0,0,,,0,0,0,0,,
8911,"NMI BK 03278","MDP 26, 223",Scheil1935MDP26,primary,223,,"Susa (mod. Shush)","Proto-Elamite (ca. 3100-2900 BC)",,"National Museum, Tehran, Iran",Administrative,clay,tablet,81.0,20.0,64.0,,,,,,,,,,undetermined,,,,,,,,,,,0,,0,,0,,0,,,," ",0,0,,,0,0,0,0,,
8912,"NMI BK 03279","MDP 26, 224",Scheil1935MDP26,primary,224,,"Susa (mod. Shush)","Proto-Elamite (ca. 3100-2900 BC)",,"National Museum, Tehran, Iran",Administrative,clay,tablet,50.0,16.0,39.0,,,,,,,,,,undetermined,,,,,,,,,,,0,,0,,0,,0,,,," ",0,0,,,0,0,0,0,,
8913,"NMI BK 03280","MDP 26, 225",Scheil1935MDP26,primary,225,,"Susa (mod. Shush)","Proto-Elamite (ca. 3100-2900 BC)",,"National Museum, Tehran, Iran",Administrative,clay,tablet,59.0,19.0,39.0,,,,,,,,,,undetermined,,,,,,,,,,,0,,0,,0,,0,,,," ",0,0,,,0,0,0,0,,
8914,"NMI BK 03281","MDP 26, 226",Scheil1935MDP26,primary,226,,"Susa (mod. Shush)","Proto-Elamite (ca. 3100-2900 BC)",,"National Museum, Tehran, Iran",Administrative,clay,tablet,70.0,22.0,50.0,,,,,,,,,,undetermined,,,,,,,,,,,0,,0,,0,,0,,,," ",0,0,,,0,0,0,0,,
8915,"NMI BK 03282","MDP 26, 227",Scheil1935MDP26,primary,227,,"Susa (mod. Shush)","Proto-Elamite (ca. 3100-2900 BC)",,"National Museum, Tehran, Iran",Administrative,clay,tablet,70.0,22.0,48.0,,,,,,,,,,undetermined,,,,,,,,,,,0,,0,,0,,0,,,," ",0,0,,,0,0,0,0,,
8916,"NMI BK 03283","MDP 26, 228",Scheil1935MDP26,primary,228,,"Susa (mod. Shush)","Proto-Elamite (ca. 3100-2900 BC)",,"National Museum, Tehran, Iran",Administrative,clay,tablet,121.0,32.0,93.0,,,,,,,,,,undetermined,,,,,,,,,,,0,,0,,0,,0,,,," ",0,0,,,0,0,0,0,,
8917,"NMI BK 03284","MDP 26, 229",Scheil1935MDP26,primary,229,,"Susa (mod. Shush)","Proto-Elamite (ca. 3100-2900 BC)",,"National Museum, Tehran, Iran",Administrative,clay,tablet,40.0,18.0,38.0,,,,,,,,,,undetermined,,,,,,,,,,,0,,0,,0,,0,,,," ",0,0,,,0,0,0,0,,
8918,"NMI BK 03285","MDP 26, 230",Scheil1935MDP26,primary,230,,"Susa (mod. Shush)","Proto-Elamite (ca. 3100-2900 BC)",,"National Museum, Tehran, Iran",Administrative,clay,tablet,55.0,19.0,42.0,,,,,,,,,,undetermined,,,,,,,,,,,0,,0,,0,,0,,,," ",0,0,,,0,0,0,0,,
8919,"NMI BK 03286","MDP 26, 231",Scheil1935MDP26,primary,231,,"Susa (mod. Shush)","Proto-Elamite (ca. 3100-2900 BC)",,"National Museum, Tehran, Iran",Administrative,clay,tablet,67.0,16.0,49.0,,,,,,,,,,undetermined,,,,,,,,,,,0,,0,,0,,0,,,," ",0,0,,,0,0,0,0,,
8920,"NMI BK 03287","MDP 26, 232",Scheil1935MDP26,primary,232,,"Susa (mod. Shush)","Proto-Elamite (ca. 3100-2900 BC)",,"National Museum, Tehran, Iran",Administrative,clay,tablet,81.0,26.0,41.0,,,,,,,,,,undetermined,,,,,,,,,,,0,,0,,0,,0,,,," ",0,0,,,0,0,0,0,,
8921,"NMI BK 03288","MDP 26, 233",Scheil1935MDP26,primary,233,,"Susa (mod. Shush)","Proto-Elamite (ca. 3100-2900 BC)",,"National Museum, Tehran, Iran",Administrative,clay,tablet,63.0,12.0,47.0,,,,,,,,,,undetermined,,,,,,,,,,,0,,0,,0,,0,,,," ",0,0,,,0,0,0,0,,
8922,"NMI BK 03289","MDP 26, 234",Scheil1935MDP26,primary,234,,"Susa (mod. Shush)","Proto-Elamite (ca. 3100-2900 BC)",,"National Museum, Tehran, Iran",Administrative,clay,tablet,44.0,15.0,34.0,,,,,,,,,,undetermined,,,,,,,,,,,0,,0,,0,,0,,,," ",0,0,,,0,0,0,0,,
8923,"NMI BK 03290","MDP 26, 235",Scheil1935MDP26,primary,235,,"Susa (mod. Shush)","Proto-Elamite (ca. 3100-2900 BC)",,"National Museum, Tehran, Iran",Administrative,clay,tablet,63.0,16.0,45.0,,,,,,,,,,undetermined,,,,,,,,,,,0,,0,,0,,0,,,," ",0,0,,,0,0,0,0,,
8924,"NMI BK 03291","MDP 26, 236",Scheil1935MDP26,primary,236,,"Susa (mod. Shush)","Proto-Elamite (ca. 3100-2900 BC)",,"National Museum, Tehran, Iran",Administrative,clay,tablet,39.0,12.0,38.0,,,,,,,,,,undetermined,,,,,,,,,,,0,,0,,0,,0,,,," ",0,0,,,0,0,0,0,,
8925,"NMI BK 03292","MDP 26, 237",Scheil1935MDP26,primary,237,,"Susa (mod. Shush)","Proto-Elamite (ca. 3100-2900 BC)",,"National Museum, Tehran, Iran",Administrative,clay,tablet,50.0,20.0,33.0,,,,,,,,,,undetermined,,,,,,,,,,,0,,0,,0,,0,,,," ",0,0,,,0,0,0,0,,
8926,"NMI BK 03293","MDP 26, 238",Scheil1935MDP26,primary,238,,"Susa (mod. Shush)","Proto-Elamite (ca. 3100-2900 BC)",,"National Museum, Tehran, Iran",Administrative,clay,tablet,63.0,18.0,42.0,,,,,,,,,,undetermined,,,,,,,,,,,0,,0,,0,,0,,,," ",0,0,,,0,0,0,0,,
8927,"NMI BK 03294","MDP 26, 239",Scheil1935MDP26,primary,239,,"Susa (mod. Shush)","Proto-Elamite (ca. 3100-2900 BC)",,"National Museum, Tehran, Iran",Administrative,clay,tablet,54.0,12.0,36.0,,,,,,,,,,undetermined,,,,,,,,,,,0,,0,,0,,0,,,," ",0,0,,,0,0,0,0,,
8928,"NMI BK 03295","MDP 26, 240",Scheil1935MDP26,primary,240,,"Susa (mod. Shush)","Proto-Elamite (ca. 3100-2900 BC)",,"National Museum, Tehran, Iran",Administrative,clay,tablet,66.0,9.0,44.0,,,,,,,,,,undetermined,,,,,,,,,,,0,,0,,0,,0,,,," ",0,0,,,0,0,0,0,,
8929,"NMI BK — ?","MDP 26, 241",Scheil1935MDP26,primary,241,,"Susa (mod. Shush)","Proto-Elamite (ca. 3100-2900 BC)",,"National Museum, Tehran, Iran",Administrative,clay,tablet,,,,,,,,,,,,,undetermined,,,,,,,,,,,0,,0,,0,,0,,,," ",0,0,,,0,0,0,0,,
8930,"NMI BK 03297","MDP 26, 242",Scheil1935MDP26,primary,242,,"Susa (mod. Shush)","Proto-Elamite (ca. 3100-2900 BC)",,"National Museum, Tehran, Iran",Administrative,clay,tablet,66.0,22.0,55.0,,,,,,,,,,undetermined,,,,,,,,,,,0,,0,,0,,0,,,," ",0,0,,,0,0,0,0,,
8931,"NMI BK 03298","MDP 26, 243",Scheil1935MDP26,primary,243,,"Susa (mod. Shush)","Proto-Elamite (ca. 3100-2900 BC)",,"National Museum, Tehran, Iran",Administrative,clay,tablet,69.0,17.0,47.0,,,,,,,,,,undetermined,,,,,,,,,,,0,,0,,0,,0,,,," ",0,0,,,0,0,0,0,,
8932,"NMI BK 03299","MDP 26, 244",Scheil1935MDP26,primary,244,,"Susa (mod. Shush)","Proto-Elamite (ca. 3100-2900 BC)",,"National Museum, Tehran, Iran",Administrative,clay,tablet,30.0,24.0,29.0,,,,,,,,,,undetermined,,,,,,,,,,,0,,0,,0,,0,,,," ",0,0,,,0,0,0,0,,
8933,"NMI BK 03300","MDP 26, 245",Scheil1935MDP26,primary,245,,"Susa (mod. Shush)","Proto-Elamite (ca. 3100-2900 BC)",,"National Museum, Tehran, Iran",Administrative,clay,tablet,50.0,17.0,32.0,,,,,,,,,,undetermined,,,,,,,,,,,0,,0,,0,,0,,,," ",0,0,,,0,0,0,0,,
8934,"NMI BK 03301","MDP 26, 246",Scheil1935MDP26,primary,246,,"Susa (mod. Shush)","Proto-Elamite (ca. 3100-2900 BC)",,"National Museum, Tehran, Iran",Administrative,clay,tablet,41.0,14.0,31.0,,,,,,,,,,undetermined,,,,,,,,,,,0,,0,,0,,0,,,," ",0,0,,,0,0,0,0,,
8935,"NMI BK 03302","MDP 26, 247",Scheil1935MDP26,primary,247,,"Susa (mod. Shush)","Proto-Elamite (ca. 3100-2900 BC)",,"National Museum, Tehran, Iran",Administrative,clay,tablet,46.0,17.0,34.0,,,,,,,,,,undetermined,,,,,,,,,,,0,,0,,0,,0,,,," ",0,0,,,0,0,0,0,,
8936,"NMI BK 03303","MDP 26, 248",Scheil1935MDP26,primary,248,,"Susa (mod. Shush)","Proto-Elamite (ca. 3100-2900 BC)",,"National Museum, Tehran, Iran",Administrative,clay,tablet,60.0,19.0,36.0,,,,,,,,,,undetermined,,,,,,,,,,,0,,0,,0,,0,,,," ",0,0,,,0,0,0,0,,
8937,"NMI BK 03304","MDP 26, 249",Scheil1935MDP26,primary,249,,"Susa (mod. Shush)","Proto-Elamite (ca. 3100-2900 BC)",,"National Museum, Tehran, Iran",Administrative,clay,tablet,59.0,17.0,44.0,,,,,,,,,,undetermined,,,,,,,,,,,0,,0,,0,,0,,,," ",0,0,,,0,0,0,0,,
8938,"NMI BK 03305","MDP 26, 250",Scheil1935MDP26,primary,250,,"Susa (mod. Shush)","Proto-Elamite (ca. 3100-2900 BC)",,"National Museum, Tehran, Iran",Administrative,clay,tablet,38.0,19.0,24.0,,,,,,,,,,undetermined,,,,,,,,,,,0,,0,,0,,0,,,," ",0,0,,,0,0,0,0,,
8939,"NMI BK 03306","MDP 26, 251",Scheil1935MDP26,primary,251,,"Susa (mod. Shush)","Proto-Elamite (ca. 3100-2900 BC)",,"National Museum, Tehran, Iran",Administrative,clay,tablet,,,,,,,,,,,,,undetermined,,,,,,,,,,,0,,0,,0,,0,,,," ",0,0,,,0,0,0,0,,
8940,"NMI BK 03307","MDP 26, 252",Scheil1935MDP26,primary,252,,"Susa (mod. Shush)","Proto-Elamite (ca. 3100-2900 BC)",,"National Museum, Tehran, Iran",Administrative,clay,tablet,,,,,,,,,,,,,undetermined,,,,,,,,,,,0,,0,,0,,0,,,," ",0,0,,,0,0,0,0,,
8941,"NMI BK 03308","MDP 26, 253",Scheil1935MDP26,primary,253,,"Susa (mod. Shush)","Proto-Elamite (ca. 3100-2900 BC)",,"National Museum, Tehran, Iran",Administrative,clay,tablet,,,,,,,,,,,,,undetermined,,,,,,,,,,,0,,0,,0,,0,,,," ",0,0,,,0,0,0,0,,
8942,"NMI BK 03309","MDP 26, 254",Scheil1935MDP26,primary,254,,"Susa (mod. Shush)","Proto-Elamite (ca. 3100-2900 BC)",,"National Museum, Tehran, Iran",Administrative,clay,tablet,,,,,,,,,,,,,undetermined,,,,,,,,,,,0,,0,,0,,0,,,," ",0,0,,,0,0,0,0,,
8943,"NMI BK 03310","MDP 26, 255",Scheil1935MDP26,primary,255,,"Susa (mod. Shush)","Proto-Elamite (ca. 3100-2900 BC)",,"National Museum, Tehran, Iran",Administrative,clay,tablet,36.0,18.0,30.0,,,,,,,,,,undetermined,,,,,,,,,,,0,,0,,0,,0,,,," ",0,0,,,0,0,0,0,,
8944,"NMI BK 03311","MDP 26, 256",Scheil1935MDP26,primary,256,,"Susa (mod. Shush)","Proto-Elamite (ca. 3100-2900 BC)",,"National Museum, Tehran, Iran",Administrative,clay,tablet,47.0,19.0,42.0,,,,,,,,,,undetermined,,,,,,,,,,,0,,0,,0,,0,,,," ",0,0,,,0,0,0,0,,
8945,"NMI BK 03312","MDP 26, 257",Scheil1935MDP26,primary,257,,"Susa (mod. Shush)","Proto-Elamite (ca. 3100-2900 BC)",,"National Museum, Tehran, Iran",Administrative,clay,tablet,,,,,,,,,,,,,undetermined,,,,,,,,,,,0,,0,,0,,0,,,," ",0,0,,,0,0,0,0,,
8946,"NMI BK 03313","MDP 26, 258",Scheil1935MDP26,primary,258,,"Susa (mod. Shush)","Proto-Elamite (ca. 3100-2900 BC)",,"National Museum, Tehran, Iran",Administrative,clay,tablet,,,,,,,,,,,,,undetermined,,,,,,,,,,,0,,0,,0,,0,,,," ",0,0,,,0,0,0,0,,
8947,"NMI BK 03314","MDP 26, 259",Scheil1935MDP26,primary,259,,"Susa (mod. Shush)","Proto-Elamite (ca. 3100-2900 BC)",,"National Museum, Tehran, Iran",Administrative,clay,tablet,,,,,,,,,,,,,undetermined,,,,,,,,,,,0,,0,,0,,0,,,," ",0,0,,,0,0,0,0,,
8948,"NMI BK 03315","MDP 26, 260",Scheil1935MDP26,primary,260,,"Susa (mod. Shush)","Proto-Elamite (ca. 3100-2900 BC)",,"National Museum, Tehran, Iran",Administrative,clay,tablet,,,,,,,,,,,,,undetermined,,,,,,,,,,,0,,0,,0,,0,,,," ",0,0,,,0,0,0,0,,
8949,"NMI BK 03316","MDP 26, 261",Scheil1935MDP26,primary,261,,"Susa (mod. Shush)","Proto-Elamite (ca. 3100-2900 BC)",,"National Museum, Tehran, Iran",Administrative,clay,tablet,,,,,,,,,,,,,undetermined,,,,,,,,,,,0,,0,,0,,0,,,," ",0,0,,,0,0,0,0,,
8950,"NMI BK 03317","MDP 26, 262",Scheil1935MDP26,primary,262,,"Susa (mod. Shush)","Proto-Elamite (ca. 3100-2900 BC)",,"National Museum, Tehran, Iran",Administrative,clay,tablet,,,,,,,,,,,,,undetermined,,,,,,,,,,,0,,0,,0,,0,,,," ",0,0,,,0,0,0,0,,
8951,"NMI BK 03318","MDP 26, 263",Scheil1935MDP26,primary,263,,"Susa (mod. Shush)","Proto-Elamite (ca. 3100-2900 BC)",,"National Museum, Tehran, Iran",Administrative,clay,tablet,,,,,,,,,,,,,undetermined,,,,,,,,,,,0,,0,,0,,0,,,," ",0,0,,,0,0,0,0,,
8952,"NMI BK 03319","MDP 26, 264",Scheil1935MDP26,primary,264,,"Susa (mod. Shush)","Proto-Elamite (ca. 3100-2900 BC)",,"National Museum, Tehran, Iran",Administrative,clay,tablet,,,,,,,,,,,,,undetermined,,,,,,,,,,,0,,0,,0,,0,,,," ",0,0,,,0,0,0,0,,
8953,"NMI BK 03320","MDP 26, 265",Scheil1935MDP26,primary,265,,"Susa (mod. Shush)","Proto-Elamite (ca. 3100-2900 BC)",,"National Museum, Tehran, Iran",Administrative,clay,tablet,,,,,,,,,,,,,undetermined,,,,,,,,,,,0,,0,,0,,0,,,," ",0,0,,,0,0,0,0,,
8954,"NMI BK 03321","MDP 26, 266",Scheil1935MDP26,primary,266,,"Susa (mod. Shush)","Proto-Elamite (ca. 3100-2900 BC)",,"National Museum, Tehran, Iran",Administrative,clay,tablet,,,,,,,,,,,,,undetermined,,,,,,,,,,,0,,0,,0,,0,,,," ",0,0,,,0,0,0,0,,
8955,"NMI BK 03322","MDP 26, 267",Scheil1935MDP26,primary,267,,"Susa (mod. Shush)","Proto-Elamite (ca. 3100-2900 BC)",,"National Museum, Tehran, Iran",Administrative,clay,tablet,44.0,14.0,29.0,,,,,,,,,,undetermined,,,,,,,,,,,0,,0,,0,,0,,,," ",0,0,,,0,0,0,0,,
8956,"NMI BK 03323","MDP 26, 268",Scheil1935MDP26,primary,268,,"Susa (mod. Shush)","Proto-Elamite (ca. 3100-2900 BC)",,"National Museum, Tehran, Iran",Administrative,clay,tablet,52.0,22.0,43.0,,,,,,,,,,undetermined,,,,,,,,,,,0,,0,,0,,0,,,," ",0,0,,,0,0,0,0,,
8957,"NMI BK 03324","MDP 26, 269",Scheil1935MDP26,primary,269,,"Susa (mod. Shush)","Proto-Elamite (ca. 3100-2900 BC)",,"National Museum, Tehran, Iran",Administrative,clay,tablet,55.0,14.0,37.0,,,,,,,,,,undetermined,,,,,,,,,,,0,,0,,0,,0,,,," ",0,0,,,0,0,0,0,,
8958,"NMI BK 03325","MDP 26, 270",Scheil1935MDP26,primary,270,,"Susa (mod. Shush)","Proto-Elamite (ca. 3100-2900 BC)",,"National Museum, Tehran, Iran",Administrative,clay,tablet,76.0,24.0,59.0,,,,,,,,,,undetermined,,,,,,,,,,,0,,0,,0,,0,,,," ",0,0,,,0,0,0,0,,
8959,"NMI BK 03326","MDP 26, 271",Scheil1935MDP26,primary,271,,"Susa (mod. Shush)","Proto-Elamite (ca. 3100-2900 BC)",,"National Museum, Tehran, Iran",Administrative,clay,tablet,51.0,13.0,34.0,,,,,,,,,,undetermined,,,,,,,,,,,0,,0,,0,,0,,,," ",0,0,,,0,0,0,0,,
8960,"NMI BK 03327","MDP 26, 272",Scheil1935MDP26,primary,272,,"Susa (mod. Shush)","Proto-Elamite (ca. 3100-2900 BC)",,"National Museum, Tehran, Iran",Administrative,clay,tablet,53.0,16.0,49.0,,,,,,,,,,undetermined,,,,,,,,,,,0,,0,,0,,0,,,," ",0,0,,,0,0,0,0,,
8961,"NMI BK 03328","MDP 26, 273",Scheil1935MDP26,primary,273,,"Susa (mod. Shush)","Proto-Elamite (ca. 3100-2900 BC)",,"National Museum, Tehran, Iran",Administrative,clay,tablet,58.0,35.0,40.0,,,,,,,,,,undetermined,,,,,,,,,,,0,,0,,0,,0,,,," ",0,0,,,0,0,0,0,,
8963,"NMI BK 03330","MDP 26, 275",Scheil1935MDP26,primary,275,,"Susa (mod. Shush)","Proto-Elamite (ca. 3100-2900 BC)",,"National Museum, Tehran, Iran",Administrative,clay,tablet,53.0,17.0,43.0,,,,,,,,,,undetermined,,,,,,,,,,,0,,0,,0,,0,,,," ",0,0,,,0,0,0,0,,
8964,"NMI BK 03331","MDP 26, 276",Scheil1935MDP26,primary,276,,"Susa (mod. Shush)","Proto-Elamite (ca. 3100-2900 BC)",,"National Museum, Tehran, Iran",Administrative,clay,tablet,32.0,11.0,25.0,,,,,,,,,,undetermined,,,,,,,,,,,0,,0,,0,,0,,,," ",0,0,,,0,0,0,0,,
8965,"NMI BK 03332","MDP 26, 277",Scheil1935MDP26,primary,277,,"Susa (mod. Shush)","Proto-Elamite (ca. 3100-2900 BC)",,"National Museum, Tehran, Iran",Administrative,clay,tablet,46.0,22.0,36.0,,,,,,,,,,undetermined,,,,,,,,,,,0,,0,,0,,0,,,," ",0,0,,,0,0,0,0,,
8966,"NMI BK 03333","MDP 26, 278",Scheil1935MDP26,primary,278,,"Susa (mod. Shush)","Proto-Elamite (ca. 3100-2900 BC)",,"National Museum, Tehran, Iran",Administrative,clay,tablet,59.0,29.0,51.0,,,,,,,,,,undetermined,,,,,,,,,,,0,,0,,0,,0,,,," ",0,0,,,0,0,0,0,,
8967,"NMI BK 03334","MDP 26, 279",Scheil1935MDP26,primary,279,,"Susa (mod. Shush)","Proto-Elamite (ca. 3100-2900 BC)",,"National Museum, Tehran, Iran",Administrative,clay,tablet,51.0,15.0,39.0,,,,,,,,,,undetermined,,,,,,,,,,,0,,0,,0,,0,,,," ",0,0,,,0,0,0,0,,
8968,"NMI BK 03335","MDP 26, 280",Scheil1935MDP26,primary,280,,"Susa (mod. Shush)","Proto-Elamite (ca. 3100-2900 BC)",,"National Museum, Tehran, Iran",Administrative,clay,tablet,65.0,25.0,62.0,,,,,,,,,,undetermined,,,,,,,,,,,0,,0,,0,,0,,,," ",0,0,,,0,0,0,0,,
8969,"NMI BK 03336","MDP 26, 281",Scheil1935MDP26,primary,281,,"Susa (mod. Shush)","Proto-Elamite (ca. 3100-2900 BC)",,"National Museum, Tehran, Iran",Administrative,clay,tablet,49.0,23.0,33.0,,,,,,,,,,undetermined,,,,,,,,,,,0,,0,,0,,0,,,," ",0,0,,,0,0,0,0,,
8970,"NMI BK 03337","MDP 26, 282",Scheil1935MDP26,primary,282,,"Susa (mod. Shush)","Proto-Elamite (ca. 3100-2900 BC)",,"National Museum, Tehran, Iran",Administrative,clay,tablet,35.0,19.0,34.0,,,,,,,,,,undetermined,,,,,,,,,,,0,,0,,0,,0,,,," ",0,0,,,0,0,0,0,,
8971,"NMI BK 03338","MDP 26, 283",Scheil1935MDP26,primary,283,,"Susa (mod. Shush)","Proto-Elamite (ca. 3100-2900 BC)",,"National Museum, Tehran, Iran",Administrative,clay,tablet,33.0,17.0,30.0,,,,,,,,,,undetermined,,,,,,,,,,,0,,0,,0,,0,,,," ",0,0,,,0,0,0,0,,
8972,"NMI BK 03339","MDP 26, 284",Scheil1935MDP26,primary,284,,"Susa (mod. Shush)","Proto-Elamite (ca. 3100-2900 BC)",,"National Museum, Tehran, Iran",Administrative,clay,tablet,51.0,15.0,41.0,,,,,,,,,,undetermined,,,,,,,,,,,0,,0,,0,,0,,,," ",0,0,,,0,0,0,0,,
8973,"NMI BK 03340","MDP 26, 285",Scheil1935MDP26,primary,285,,"Susa (mod. Shush)","Proto-Elamite (ca. 3100-2900 BC)",,"National Museum, Tehran, Iran",Administrative,clay,tablet,54.0,15.0,43.0,,,,,,,,,,undetermined,,,,,,,,,,,0,,0,,0,,0,,,," ",0,0,,,0,0,0,0,,
8974,"NMI BK 03341","MDP 26, 286",Scheil1935MDP26,primary,286,,"Susa (mod. Shush)","Proto-Elamite (ca. 3100-2900 BC)",,"National Museum, Tehran, Iran",Administrative,clay,tablet,45.0,17.0,37.0,,,,,,,,,,undetermined,,,,,,,,,,,0,,0,,0,,0,,,," ",0,0,,,0,0,0,0,,
8975,"NMI BK 03342","MDP 26, 287",Scheil1935MDP26,primary,287,,"Susa (mod. Shush)","Proto-Elamite (ca. 3100-2900 BC)",,"National Museum, Tehran, Iran",Administrative,clay,tablet,41.0,15.0,35.0,,,,,,,,,,undetermined,,,,,,,,,,,0,,0,,0,,0,,,," ",0,0,,,0,0,0,0,,
8976,"NMI BK 03343","MDP 26, 288",Scheil1935MDP26,primary,288,,"Susa (mod. Shush)","Proto-Elamite (ca. 3100-2900 BC)",,"National Museum, Tehran, Iran",Administrative,clay,tablet,53.0,15.0,36.0,,,,,,,,,,undetermined,,,,,,,,,,,0,,0,,0,,0,,,," ",0,0,,,0,0,0,0,,
8977,"NMI BK 03344","MDP 26, 289",Scheil1935MDP26,primary,289,,"Susa (mod. Shush)","Proto-Elamite (ca. 3100-2900 BC)",,"National Museum, Tehran, Iran",Administrative,clay,tablet,47.0,14.0,41.0,,,,,,,,,,undetermined,,,,,,,,,,,0,,0,,0,,0,,,," ",0,0,,,0,0,0,0,,
8978,"NMI BK 03345","MDP 26, 290",Scheil1935MDP26,primary,290,,"Susa (mod. Shush)","Proto-Elamite (ca. 3100-2900 BC)",,"National Museum, Tehran, Iran",Administrative,clay,tablet,41.0,14.0,36.0,,,,,,,,,,undetermined,,,,,,,,,,,0,,0,,0,,0,,,," ",0,0,,,0,0,0,0,,
8979,"NMI BK 03346","MDP 26, 291",Scheil1935MDP26,primary,291,,"Susa (mod. Shush)","Proto-Elamite (ca. 3100-2900 BC)",,"National Museum, Tehran, Iran",Administrative,clay,tablet,61.0,15.0,42.0,,,,,,,,,,undetermined,,,,,,,,,,,0,,0,,0,,0,,,," ",0,0,,,0,0,0,0,,
8980,"NMI BK 03347","MDP 26, 292",Scheil1935MDP26,primary,292,,"Susa (mod. Shush)","Proto-Elamite (ca. 3100-2900 BC)",,"National Museum, Tehran, Iran",Administrative,clay,tablet,46.0,16.0,34.0,,,,,,,,,,undetermined,,,,,,,,,,,0,,0,,0,,0,,,," ",0,0,,,0,0,0,0,,
8981,"NMI BK 03348","MDP 26, 293",Scheil1935MDP26,primary,293,,"Susa (mod. Shush)","Proto-Elamite (ca. 3100-2900 BC)",,"National Museum, Tehran, Iran",Administrative,clay,tablet,46.0,16.0,34.0,,,,,,,,,,undetermined,,,,,,,,,,,0,,0,,0,,0,,,," ",0,0,,,0,0,0,0,,
8982,"NMI BK 03349","MDP 26, 294",Scheil1935MDP26,primary,294,,"Susa (mod. Shush)","Proto-Elamite (ca. 3100-2900 BC)",,"National Museum, Tehran, Iran",Administrative,clay,tablet,48.0,16.0,35.0,,,,,,,,,,undetermined,,,,,,,,,,,0,,0,,0,,0,,,," ",0,0,,,0,0,0,0,,
8983,"NMI BK 03350","MDP 26, 295",Scheil1935MDP26,primary,295,,"Susa (mod. Shush)","Proto-Elamite (ca. 3100-2900 BC)",,"National Museum, Tehran, Iran",Administrative,clay,tablet,50.0,15.0,33.0,,,,,,,,,,undetermined,,,,,,,,,,,0,,0,,0,,0,,,," ",0,0,,,0,0,0,0,,
8984,"NMI BK 03351","MDP 26, 296",Scheil1935MDP26,primary,296,,"Susa (mod. Shush)","Proto-Elamite (ca. 3100-2900 BC)",,"National Museum, Tehran, Iran",Administrative,clay,tablet,55.0,18.0,25.0,,,,,,,,,,undetermined,,,,,,,,,,,0,,0,,0,,0,,,," ",0,0,,,0,0,0,0,,
8985,"NMI BK 03352","MDP 26, 297",Scheil1935MDP26,primary,297,,"Susa (mod. Shush)","Proto-Elamite (ca. 3100-2900 BC)",,"National Museum, Tehran, Iran",Administrative,clay,tablet,61.0,14.0,41.0,,,,,,,,,,undetermined,,,,,,,,,,,0,,0,,0,,0,,,," ",0,0,,,0,0,0,0,,
8986,"NMI BK 03353","MDP 26, 298",Scheil1935MDP26,primary,298,,"Susa (mod. Shush)","Proto-Elamite (ca. 3100-2900 BC)",,"National Museum, Tehran, Iran",Administrative,clay,tablet,52.0,15.0,40.0,,,,,,,,,,undetermined,,,,,,,,,,,0,,0,,0,,0,,,," ",0,0,,,0,0,0,0,,
8987,"NMI BK 03354","MDP 26, 299",Scheil1935MDP26,primary,299,,"Susa (mod. Shush)","Proto-Elamite (ca. 3100-2900 BC)",,"National Museum, Tehran, Iran",Administrative,clay,tablet,46.0,15.0,32.0,,,,,,,,,,undetermined,,,,,,,,,,,0,,0,,0,,0,,,," ",0,0,,,0,0,0,0,,
8988,"NMI BK 03355","MDP 26, 300",Scheil1935MDP26,primary,300,,"Susa (mod. Shush)","Proto-Elamite (ca. 3100-2900 BC)",,"National Museum, Tehran, Iran",Administrative,clay,tablet,45.0,15.0,34.0,,,,,,,,,,undetermined,,,,,,,,,,,0,,0,,0,,0,,,," ",0,0,,,0,0,0,0,,
8989,"NMI BK — ?","MDP 26, 301",Scheil1935MDP26,primary,301,,"Susa (mod. Shush)","Proto-Elamite (ca. 3100-2900 BC)",,"National Museum, Tehran, Iran",Administrative,clay,tablet,,,,,,,,,,,,,undetermined,,,,,,,,,,,0,,0,,0,,0,,,," ",0,0,,,0,0,0,0,,
8990,"NMI BK 03356","MDP 26, 302",Scheil1935MDP26,primary,302,,"Susa (mod. Shush)","Proto-Elamite (ca. 3100-2900 BC)",,"National Museum, Tehran, Iran",Administrative,clay,tablet,58.0,12.0,42.0,,,,,,,,,,undetermined,,,,,,,,,,,0,,0,,0,,0,,,," ",0,0,,,0,0,0,0,,
8991,"NMI BK 03357","MDP 26, 303",Scheil1935MDP26,primary,303,,"Susa (mod. Shush)","Proto-Elamite (ca. 3100-2900 BC)",,"National Museum, Tehran, Iran",Administrative,clay,tablet,118.0,24.0,74.0,,,,,,,,,,undetermined,,,,,,,,,,,0,,0,,0,,0,,,," ",0,0,,,0,0,0,0,,
8992,"NMI BK 03358","MDP 26, 304",Scheil1935MDP26,primary,304,,"Susa (mod. Shush)","Proto-Elamite (ca. 3100-2900 BC)",,"National Museum, Tehran, Iran",Administrative,clay,tablet,56.0,14.0,44.0,,,,,,,,,,undetermined,,,,,,,,,,,0,,0,,0,,0,,,," ",0,0,,,0,0,0,0,,
8993,"NMI BK 03359","MDP 26, 305",Scheil1935MDP26,primary,305,,"Susa (mod. Shush)","Proto-Elamite (ca. 3100-2900 BC)",,"National Museum, Tehran, Iran",Administrative,clay,tablet,57.0,16.0,40.0,,,,,,,,,,undetermined,,,,,,,,,,,0,,0,,0,,0,,,," ",0,0,,,0,0,0,0,,
8994,"NMI BK 03360","MDP 26, 306",Scheil1935MDP26,primary,306,,"Susa (mod. Shush)","Proto-Elamite (ca. 3100-2900 BC)",,"National Museum, Tehran, Iran",Administrative,clay,tablet,45.0,14.0,31.0,,,,,,,,,,undetermined,,,,,,,,,,,0,,0,,0,,0,,,," ",0,0,,,0,0,0,0,,
8995,"NMI BK 03361","MDP 26, 307",Scheil1935MDP26,primary,307,,"Susa (mod. Shush)","Proto-Elamite (ca. 3100-2900 BC)",,"National Museum, Tehran, Iran",Administrative,clay,tablet,51.0,19.0,44.0,,,,,,,,,,undetermined,,,,,,,,,,,0,,0,,0,,0,,,," ",0,0,,,0,0,0,0,,
8996,"NMI BK 03362","MDP 26, 308",Scheil1935MDP26,primary,308,,"Susa (mod. Shush)","Proto-Elamite (ca. 3100-2900 BC)",,"National Museum, Tehran, Iran",Administrative,clay,tablet,58.0,17.0,42.0,,,,,,,,,,undetermined,,,,,,,,,,,0,,0,,0,,0,,,," ",0,0,,,0,0,0,0,,
8997,"NMI BK 03363","MDP 26, 309",Scheil1935MDP26,primary,309,,"Susa (mod. Shush)","Proto-Elamite (ca. 3100-2900 BC)",,"National Museum, Tehran, Iran",Administrative,clay,tablet,55.0,16.0,43.0,,,,,,,,,,undetermined,,,,,,,,,,,0,,0,,0,,0,,,," ",0,0,,,0,0,0,0,,
8998,"NMI BK 03364","MDP 26, 310",Scheil1935MDP26,primary,310,,"Susa (mod. Shush)","Proto-Elamite (ca. 3100-2900 BC)",,"National Museum, Tehran, Iran",Administrative,clay,tablet,58.0,17.0,45.0,,,,,,,,,,undetermined,,,,,,,,,,,0,,0,,0,,0,,,," ",0,0,,,0,0,0,0,,
8999,"NMI BK 03365","MDP 26, 311",Scheil1935MDP26,primary,311,,"Susa (mod. Shush)","Proto-Elamite (ca. 3100-2900 BC)",,"National Museum, Tehran, Iran",Administrative,clay,tablet,64.0,15.0,46.0,,,,,,,,,,undetermined,,,,,,,,,,,0,,0,,0,,0,,,," ",0,0,,,0,0,0,0,,
9000,"NMI BK 03366","MDP 26, 312",Scheil1935MDP26,primary,312,,"Susa (mod. Shush)","Proto-Elamite (ca. 3100-2900 BC)",,"National Museum, Tehran, Iran",Administrative,clay,tablet,77.0,24.0,61.0,,,,,,,,,,undetermined,,,,,,,,,,,0,,0,,0,,0,,,," ",0,0,,,0,0,0,0,,
9001,"NMI BK 03367","MDP 26, 313",Scheil1935MDP26,primary,313,,"Susa (mod. Shush)","Proto-Elamite (ca. 3100-2900 BC)",,"National Museum, Tehran, Iran",Administrative,clay,tablet,56.0,12.0,38.0,,,,,,,,,,undetermined,,,,,,,,,,,0,,0,,0,,0,,,," ",0,0,,,0,0,0,0,,
9002,"NMI BK 03368","MDP 26, 314",Scheil1935MDP26,primary,314,,"Susa (mod. Shush)","Proto-Elamite (ca. 3100-2900 BC)",,"National Museum, Tehran, Iran",Administrative,clay,tablet,74.0,17.0,44.0,,,,,,,,,,undetermined,,,,,,,,,,,0,,0,,0,,0,,,," ",0,0,,,0,0,0,0,,
9003,"NMI BK 03369","MDP 26, 315",Scheil1935MDP26,primary,315,,"Susa (mod. Shush)","Proto-Elamite (ca. 3100-2900 BC)",,"National Museum, Tehran, Iran",Administrative,clay,tablet,39.0,14.0,30.0,,,,,,,,,,undetermined,,,,,,,,,,,0,,0,,0,,0,,,," ",0,0,,,0,0,0,0,,
9004,"NMI BK 03370","MDP 26, 316",Scheil1935MDP26,primary,316,,"Susa (mod. Shush)","Proto-Elamite (ca. 3100-2900 BC)",,"National Museum, Tehran, Iran",Administrative,clay,tablet,46.0,15.0,44.0,,,,,,,,,,undetermined,,,,,,,,,,,0,,0,,0,,0,,,," ",0,0,,,0,0,0,0,,
9005,"NMI BK 03371","MDP 26, 317",Scheil1935MDP26,primary,317,,"Susa (mod. Shush)","Proto-Elamite (ca. 3100-2900 BC)",,"National Museum, Tehran, Iran",Administrative,clay,tablet,57.0,15.0,42.0,,,,,,,,,,undetermined,,,,,,,,,,,0,,0,,0,,0,,,," ",0,0,,,0,0,0,0,,
9006,"NMI BK 03372","MDP 26, 318",Scheil1935MDP26,primary,318,,"Susa (mod. Shush)","Proto-Elamite (ca. 3100-2900 BC)",,"National Museum, Tehran, Iran",Administrative,clay,tablet,47.0,16.0,36.0,,,,,,,,,,undetermined,,,,,,,,,,,0,,0,,0,,0,,,," ",0,0,,,0,0,0,0,,
9007,"NMI BK 03373","MDP 26, 319",Scheil1935MDP26,primary,319,,"Susa (mod. Shush)","Proto-Elamite (ca. 3100-2900 BC)",,"National Museum, Tehran, Iran",Administrative,clay,tablet,47.0,17.0,33.0,,,,,,,,,,undetermined,,,,,,,,,,,0,,0,,0,,0,,,," ",0,0,,,0,0,0,0,,
9008,"NMI BK 03374","MDP 26, 320",Scheil1935MDP26,primary,320,,"Susa (mod. Shush)","Proto-Elamite (ca. 3100-2900 BC)",,"National Museum, Tehran, Iran",Administrative,clay,tablet,41.0,12.0,31.0,,,,,,,,,,undetermined,,,,,,,,,,,0,,0,,0,,0,,,," ",0,0,,,0,0,0,0,,
9009,"NMI BK 03375","MDP 26, 321",Scheil1935MDP26,primary,321,,"Susa (mod. Shush)","Proto-Elamite (ca. 3100-2900 BC)",,"National Museum, Tehran, Iran",Administrative,clay,tablet,47.0,12.0,36.0,,,,,,,,,,undetermined,,,,,,,,,,,0,,0,,0,,0,,,," ",0,0,,,0,0,0,0,,
9010,"NMI BK 03376","MDP 26, 322",Scheil1935MDP26,primary,322,,"Susa (mod. Shush)","Proto-Elamite (ca. 3100-2900 BC)",,"National Museum, Tehran, Iran",Administrative,clay,tablet,55.0,19.0,38.0,,,,,,,,,,undetermined,,,,,,,,,,,0,,0,,0,,0,,,," ",0,0,,,0,0,0,0,,
9011,"NMI BK 03377","MDP 26, 323",Scheil1935MDP26,primary,323,,"Susa (mod. Shush)","Proto-Elamite (ca. 3100-2900 BC)",,"National Museum, Tehran, Iran",Administrative,clay,tablet,59.0,16.0,44.0,,,,,,,,,,undetermined,,,,,,,,,,,0,,0,,0,,0,,,," ",0,0,,,0,0,0,0,,
9012,"NMI BK 03378","MDP 26, 324",Scheil1935MDP26,primary,324,,"Susa (mod. Shush)","Proto-Elamite (ca. 3100-2900 BC)",,"National Museum, Tehran, Iran",Administrative,clay,tablet,57.0,15.0,40.0,,,,,,,,,,undetermined,,,,,,,,,,,0,,0,,0,,0,,,," ",0,0,,,0,0,0,0,,
9013,"NMI BK 03379","MDP 26, 325",Scheil1935MDP26,primary,325,,"Susa (mod. Shush)","Proto-Elamite (ca. 3100-2900 BC)",,"National Museum, Tehran, Iran",Administrative,clay,tablet,51.0,13.0,35.0,,,,,,,,,,undetermined,,,,,,,,,,,0,,0,,0,,0,,,," ",0,0,,,0,0,0,0,,
9014,"NMI BK 03380","MDP 26, 326",Scheil1935MDP26,primary,326,,"Susa (mod. Shush)","Proto-Elamite (ca. 3100-2900 BC)",,"National Museum, Tehran, Iran",Administrative,clay,tablet,33.0,16.0,47.0,,,,,,,,,,undetermined,,,,,,,,,,,0,,0,,0,,0,,,," ",0,0,,,0,0,0,0,,
9015,"NMI BK 03381","MDP 26, 327",Scheil1935MDP26,primary,327,,"Susa (mod. Shush)","Proto-Elamite (ca. 3100-2900 BC)",,"National Museum, Tehran, Iran",Administrative,clay,tablet,51.0,13.0,35.0,,,,,,,,,,undetermined,,,,,,,,,,,0,,0,,0,,0,,,," ",0,0,,,0,0,0,0,,
9016,"NMI BK 03382","MDP 26, 328",Scheil1935MDP26,primary,328,,"Susa (mod. Shush)","Proto-Elamite (ca. 3100-2900 BC)",,"National Museum, Tehran, Iran",Administrative,clay,tablet,54.0,15.0,43.0,,,,,,,,,,undetermined,,,,,,,,,,,0,,0,,0,,0,,,," ",0,0,,,0,0,0,0,,
9017,"NMI BK 03383","MDP 26, 329",Scheil1935MDP26,primary,329,,"Susa (mod. Shush)","Proto-Elamite (ca. 3100-2900 BC)",,"National Museum, Tehran, Iran",Administrative,clay,tablet,83.0,18.0,62.0,,,,,,,,,,undetermined,,,,,,,,,,,0,,0,,0,,0,,,," ",0,0,,,0,0,0,0,,
9018,"NMI BK 03384","MDP 26, 330",Scheil1935MDP26,primary,330,,"Susa (mod. Shush)","Proto-Elamite (ca. 3100-2900 BC)",,"National Museum, Tehran, Iran",Administrative,clay,tablet,79.0,16.0,61.0,,,,,,,,,,undetermined,,,,,,,,,,,0,,0,,0,,0,,,," ",0,0,,,0,0,0,0,,
9019,"NMI BK 03385","MDP 26, 331",Scheil1935MDP26,primary,331,,"Susa (mod. Shush)","Proto-Elamite (ca. 3100-2900 BC)",,"National Museum, Tehran, Iran",Administrative,clay,tablet,49.0,17.0,32.0,,,,,,,,,,undetermined,,,,,,,,,,,0,,0,,0,,0,,,," ",0,0,,,0,0,0,0,,
9020,"NMI BK 03386","MDP 26, 332",Scheil1935MDP26,primary,332,,"Susa (mod. Shush)","Proto-Elamite (ca. 3100-2900 BC)",,"National Museum, Tehran, Iran",Administrative,clay,tablet,51.0,13.0,33.0,,,,,,,,,,undetermined,,,,,,,,,,,0,,0,,0,,0,,,," ",0,0,,,0,0,0,0,,
9021,"NMI BK 03387","MDP 26, 333",Scheil1935MDP26,primary,333,,"Susa (mod. Shush)","Proto-Elamite (ca. 3100-2900 BC)",,"National Museum, Tehran, Iran",Administrative,clay,tablet,43.0,18.0,35.0,,,,,,,,,,undetermined,,,,,,,,,,,0,,0,,0,,0,,,," ",0,0,,,0,0,0,0,,
9022,"NMI BK 03388","MDP 26, 334",Scheil1935MDP26,primary,334,,"Susa (mod. Shush)","Proto-Elamite (ca. 3100-2900 BC)",,"National Museum, Tehran, Iran",Administrative,clay,tablet,54.0,20.0,34.0,,,,,,,,,,undetermined,,,,,,,,,,,0,,0,,0,,0,,,," ",0,0,,,0,0,0,0,,
9023,"NMI BK 03389","MDP 26, 335",Scheil1935MDP26,primary,335,,"Susa (mod. Shush)","Proto-Elamite (ca. 3100-2900 BC)",,"National Museum, Tehran, Iran",Administrative,clay,tablet,63.0,17.0,35.0,,,,,,,,,,undetermined,,,,,,,,,,,0,,0,,0,,0,,,," ",0,0,,,0,0,0,0,,
9024,"NMI BK 03390","MDP 26, 336",Scheil1935MDP26,primary,336,,"Susa (mod. Shush)","Proto-Elamite (ca. 3100-2900 BC)",,"National Museum, Tehran, Iran",Administrative,clay,tablet,65.0,23.0,34.0,,,,,,,,,,undetermined,,,,,,,,,,,0,,0,,0,,0,,,," ",0,0,,,0,0,0,0,,
9025,"NMI BK 03391","MDP 26, 337",Scheil1935MDP26,primary,337,,"Susa (mod. Shush)","Proto-Elamite (ca. 3100-2900 BC)",,"National Museum, Tehran, Iran",Administrative,clay,tablet,46.0,18.0,35.0,,,,,,,,,,undetermined,,,,,,,,,,,0,,0,,0,,0,,,," ",0,0,,,0,0,0,0,,
9026,"NMI BK 03392","MDP 26, 338",Scheil1935MDP26,primary,338,,"Susa (mod. Shush)","Proto-Elamite (ca. 3100-2900 BC)",,"National Museum, Tehran, Iran",Administrative,clay,tablet,51.0,13.0,40.0,,,,,,,,,,undetermined,,,,,,,,,,,0,,0,,0,,0,,,," ",0,0,,,0,0,0,0,,
9027,"NMI BK 03393","MDP 26, 339",Scheil1935MDP26,primary,339,,"Susa (mod. Shush)","Proto-Elamite (ca. 3100-2900 BC)",,"National Museum, Tehran, Iran",Administrative,clay,tablet,86.0,23.0,61.0,,,,,,,--,,--,undetermined,,,,,,,,,,,0,,0,,0,,0,,,," ",0,0,,,0,0,0,0,,
9028,"NMI BK 03394","MDP 26, 340",Scheil1935MDP26,primary,340,,"Susa (mod. Shush)","Proto-Elamite (ca. 3100-2900 BC)",,"National Museum, Tehran, Iran",Administrative,clay,tablet,65.0,24.0,51.0,,,,,,,,,,undetermined,,,,,,,,,,,0,,0,,0,,0,,,," ",0,0,,,0,0,0,0,,
9029,"NMI BK 03395","MDP 26, 341",Scheil1935MDP26,primary,341,,"Susa (mod. Shush)","Proto-Elamite (ca. 3100-2900 BC)",,"National Museum, Tehran, Iran",Administrative,clay,tablet,64.0,26.0,35.0,,,,,,,,,,undetermined,,,,,,,,,,,0,,0,,0,,0,,,," ",0,0,,,0,0,0,0,,
9030,"NMI BK 03396","MDP 26, 342",Scheil1935MDP26,primary,342,,"Susa (mod. Shush)","Proto-Elamite (ca. 3100-2900 BC)",,"National Museum, Tehran, Iran",Administrative,clay,tablet,130.0,30.0,89.0,,,,,,,,,,undetermined,,,,,,,,,,,0,,0,,0,,0,,,," ",0,0,,,0,0,0,0,,
9031,"NMI BK 03397","MDP 26, 343",Scheil1935MDP26,primary,343,,"Susa (mod. Shush)","Proto-Elamite (ca. 3100-2900 BC)",,"National Museum, Tehran, Iran",Administrative,clay,tablet,64.0,16.0,51.0,,,,,,,,,,undetermined,,,,,,,,,,,0,,0,,0,,0,,,," ",0,0,,,0,0,0,0,,
9032,"NMI BK 03398","MDP 26, 344",Scheil1935MDP26,primary,344,,"Susa (mod. Shush)","Proto-Elamite (ca. 3100-2900 BC)",,"National Museum, Tehran, Iran",Administrative,clay,tablet,50.0,18.0,37.0,,,,,,,,,,undetermined,,,,,,,,,,,0,,0,,0,,0,,,," ",0,0,,,0,0,0,0,,
9033,"NMI BK 03399","MDP 26, 345",Scheil1935MDP26,primary,345,,"Susa (mod. Shush)","Proto-Elamite (ca. 3100-2900 BC)",,"National Museum, Tehran, Iran",Administrative,clay,tablet,59.0,16.0,40.0,,,,,,,,,,undetermined,,,,,,,,,,,0,,0,,0,,0,,,," ",0,0,,,0,0,0,0,,
9034,"NMI BK 03400","MDP 26, 346",Scheil1935MDP26,primary,346,,"Susa (mod. Shush)","Proto-Elamite (ca. 3100-2900 BC)",,"National Museum, Tehran, Iran",Administrative,clay,tablet,55.0,16.0,38.0,,,,,,,,,,undetermined,,,,,,,,,,,0,,0,,0,,0,,,," ",0,0,,,0,0,0,0,,
9035,"NMI BK 03401","MDP 26, 347",Scheil1935MDP26,primary,347,,"Susa (mod. Shush)","Proto-Elamite (ca. 3100-2900 BC)",,"National Museum, Tehran, Iran",Administrative,clay,tablet,46.0,14.0,36.0,,,,,,,,,,undetermined,,,,,,,,,,,0,,0,,0,,0,,,," ",0,0,,,0,0,0,0,,
9036,"NMI BK 03402","MDP 26, 348",Scheil1935MDP26,primary,348,,"Susa (mod. Shush)","Proto-Elamite (ca. 3100-2900 BC)",,"National Museum, Tehran, Iran",Administrative,clay,tablet,57.0,16.0,39.0,,,,,,,,,,undetermined,,,,,,,,,,,0,,0,,0,,0,,,," ",0,0,,,0,0,0,0,,
9037,"NMI BK 03403","MDP 26, 349",Scheil1935MDP26,primary,349,,"Susa (mod. Shush)","Proto-Elamite (ca. 3100-2900 BC)",,"National Museum, Tehran, Iran",Administrative,clay,tablet,71.0,14.0,52.0,,,,,,,,,,undetermined,,,,,,,,,,,0,,0,,0,,0,,,," ",0,0,,,0,0,0,0,,
9038,"NMI BK 03404","MDP 26, 350",Scheil1935MDP26,primary,350,,"Susa (mod. Shush)","Proto-Elamite (ca. 3100-2900 BC)",,"National Museum, Tehran, Iran",Administrative,clay,tablet,56.0,16.0,37.0,,,,,,,,,,undetermined,,,,,,,,,,,0,,0,,0,,0,,,," ",0,0,,,0,0,0,0,,
9039,"NMI BK 03405","MDP 26, 351",Scheil1935MDP26,primary,351,,"Susa (mod. Shush)","Proto-Elamite (ca. 3100-2900 BC)",,"National Museum, Tehran, Iran",Administrative,clay,tablet,52.0,14.0,42.0,,,,,,,,,,undetermined,,,,,,,,,,,0,,0,,0,,0,,,," ",0,0,,,0,0,0,0,,
9040,"NMI BK 03406","MDP 26, 352",Scheil1935MDP26,primary,352,,"Susa (mod. Shush)","Proto-Elamite (ca. 3100-2900 BC)",,"National Museum, Tehran, Iran",Administrative,clay,tablet,57.0,18.0,37.0,,,,,,,,,,undetermined,,,,,,,,,,,0,,0,,0,,0,,,," ",0,0,,,0,0,0,0,,
9041,"NMI BK 03407","MDP 26, 353",Scheil1935MDP26,primary,353,,"Susa (mod. Shush)","Proto-Elamite (ca. 3100-2900 BC)",,"National Museum, Tehran, Iran",Administrative,clay,tablet,65.0,20.0,50.0,,,,,,,,,,undetermined,,,,,,,,,,,0,,0,,0,,0,,,," ",0,0,,,0,0,0,0,,
9042,"NMI BK 03408","MDP 26, 354",Scheil1935MDP26,primary,354,,"Susa (mod. Shush)","Proto-Elamite (ca. 3100-2900 BC)",,"National Museum, Tehran, Iran",Administrative,clay,tablet,55.0,16.0,40.0,,,,,,,,,,undetermined,,,,,,,,,,,0,,0,,0,,0,,,," ",0,0,,,0,0,0,0,,
9043,"NMI BK 03409","MDP 26, 355",Scheil1935MDP26,primary,355,,"Susa (mod. Shush)","Proto-Elamite (ca. 3100-2900 BC)",,"National Museum, Tehran, Iran",Administrative,clay,tablet,87.0,18.0,63.0,,,,,,,,,,undetermined,,,,,,,,,,,0,,0,,0,,0,,,," ",0,0,,,0,0,0,0,,
9044,"NMI BK 03410","MDP 26, 356",Scheil1935MDP26,primary,356,,"Susa (mod. Shush)","Proto-Elamite (ca. 3100-2900 BC)",,"National Museum, Tehran, Iran",Administrative,clay,tablet,45.0,14.0,33.0,,,,,,,,,,undetermined,,,,,,,,,,,0,,0,,0,,0,,,," ",0,0,,,0,0,0,0,,
9045,"NMI BK 03411","MDP 26, 357",Scheil1935MDP26,primary,357,,"Susa (mod. Shush)","Proto-Elamite (ca. 3100-2900 BC)",,"National Museum, Tehran, Iran",Administrative,clay,tablet,47.0,16.0,31.0,,,,,,,,,,undetermined,,,,,,,,,,,0,,0,,0,,0,,,," ",0,0,,,0,0,0,0,,
9046,"NMI BK 03412","MDP 26, 358",Scheil1935MDP26,primary,358,,"Susa (mod. Shush)","Proto-Elamite (ca. 3100-2900 BC)",,"National Museum, Tehran, Iran",Administrative,clay,tablet,50.0,14.0,43.0,,,,,,,,,,undetermined,,,,,,,,,,,0,,0,,0,,0,,,," ",0,0,,,0,0,0,0,,
9047,"NMI BK 03413","MDP 26, 359",Scheil1935MDP26,primary,359,,"Susa (mod. Shush)","Proto-Elamite (ca. 3100-2900 BC)",,"National Museum, Tehran, Iran",Administrative,clay,tablet,42.0,13.0,41.0,,,,,,,,,,undetermined,,,,,,,,,,,0,,0,,0,,0,,,," ",0,0,,,0,0,0,0,,
9048,"NMI BK 03414","MDP 26, 360",Scheil1935MDP26,primary,360,,"Susa (mod. Shush)","Proto-Elamite (ca. 3100-2900 BC)",,"National Museum, Tehran, Iran",Administrative,clay,tablet,119.0,22.0,85.0,,,,,,,,,,undetermined,,,,,,,,,,,0,,0,,0,,0,,,," ",0,0,,,0,0,0,0,,
9049,"NMI BK 03415","MDP 26, 361",Scheil1935MDP26,primary,361,,"Susa (mod. Shush)","Proto-Elamite (ca. 3100-2900 BC)",,"National Museum, Tehran, Iran",Administrative,clay,tablet,73.0,20.0,55.0,,,,,,,,,,undetermined,,,,,,,,,,,0,,0,,0,,0,,,," ",0,0,,,0,0,0,0,,
9050,"NMI BK 03416","MDP 26, 362",Scheil1935MDP26,primary,362,,"Susa (mod. Shush)","Proto-Elamite (ca. 3100-2900 BC)",,"National Museum, Tehran, Iran",Administrative,clay,tablet,47.0,16.0,37.0,,,,,,,,,,undetermined,,,,,,,,,,,0,,0,,0,,0,,,," ",0,0,,,0,0,0,0,,
9051,"NMI BK 03417","MDP 26, 363",Scheil1935MDP26,primary,363,,"Susa (mod. Shush)","Proto-Elamite (ca. 3100-2900 BC)",,"National Museum, Tehran, Iran",Administrative,clay,tablet,95.0,18.0,74.0,,,,,,,,,,undetermined,,,,,,,,,,,0,,0,,0,,0,,,," ",0,0,,,0,0,0,0,,
9052,"NMI BK 03418","MDP 26, 364",Scheil1935MDP26,primary,364,,"Susa (mod. Shush)","Proto-Elamite (ca. 3100-2900 BC)",,"National Museum, Tehran, Iran",Administrative,clay,tablet,56.0,18.0,40.0,,,,,,,,,,undetermined,,,,,,,,,,,0,,0,,0,,0,,,," ",0,0,,,0,0,0,0,,
9053,"NMI BK 03419","MDP 26, 365",Scheil1935MDP26,primary,365,,"Susa (mod. Shush)","Proto-Elamite (ca. 3100-2900 BC)",,"National Museum, Tehran, Iran",Administrative,clay,tablet,71.0,20.0,41.0,,,,,,,,,,undetermined,,,,,,,,,,,0,,0,,0,,0,,,," ",0,0,,,0,0,0,0,,
9054,"NMI BK 03420","MDP 26, 366",Scheil1935MDP26,primary,366,,"Susa (mod. Shush)","Proto-Elamite (ca. 3100-2900 BC)",,"National Museum, Tehran, Iran",Administrative,clay,tablet,39.0,12.0,26.0,,,,,,,,,,undetermined,,,,,,,,,,,0,,0,,0,,0,,,," ",0,0,,,0,0,0,0,,
9055,"NMI BK 03421","MDP 26, 367",Scheil1935MDP26,primary,367,,"Susa (mod. Shush)","Proto-Elamite (ca. 3100-2900 BC)",,"National Museum, Tehran, Iran",Administrative,clay,tablet,38.0,13.0,28.0,,,,,,,,,,undetermined,,,,,,,,,,,0,,0,,0,,0,,,," ",0,0,,,0,0,0,0,,
9056,"NMI BK 03422","MDP 26, 368",Scheil1935MDP26,primary,368,,"Susa (mod. Shush)","Proto-Elamite (ca. 3100-2900 BC)",,"National Museum, Tehran, Iran",Administrative,clay,tablet,52.0,17.0,35.0,,,,,,,,,,undetermined,,,,,,,,,,,0,,0,,0,,0,,,," ",0,0,,,0,0,0,0,,
9057,"NMI BK 03423","MDP 26, 369",Scheil1935MDP26,primary,369,,"Susa (mod. Shush)","Proto-Elamite (ca. 3100-2900 BC)",,"National Museum, Tehran, Iran",Administrative,clay,tablet,39.0,15.0,30.0,,,,,,,,,,undetermined,,,,,,,,,,,0,,0,,0,,0,,,," ",0,0,,,0,0,0,0,,
9058,"NMI BK 03424","MDP 26, 370",Scheil1935MDP26,primary,370,,"Susa (mod. Shush)","Proto-Elamite (ca. 3100-2900 BC)",,"National Museum, Tehran, Iran",Administrative,clay,tablet,54.0,15.0,41.0,,,,,,,,,,undetermined,,,,,,,,,,,0,,0,,0,,0,,,," ",0,0,,,0,0,0,0,,
9059,"NMI BK 03425","MDP 26, 371",Scheil1935MDP26,primary,371,,"Susa (mod. Shush)","Proto-Elamite (ca. 3100-2900 BC)",,"National Museum, Tehran, Iran",Administrative,clay,tablet,68.0,20.0,35.0,,,,,,,,,,undetermined,,,,,,,,,,,0,,0,,0,,0,,,," ",0,0,,,0,0,0,0,,
9060,"NMI BK 03426","MDP 26, 372",Scheil1935MDP26,primary,372,,"Susa (mod. Shush)","Proto-Elamite (ca. 3100-2900 BC)",,"National Museum, Tehran, Iran",Administrative,clay,tablet,64.0,18.0,35.0,,,,,,,,,,undetermined,,,,,,,,,,,0,,0,,0,,0,,,," ",0,0,,,0,0,0,0,,
9061,"NMI BK 03427","MDP 26, 373",Scheil1935MDP26,primary,373,,"Susa (mod. Shush)","Proto-Elamite (ca. 3100-2900 BC)",,"National Museum, Tehran, Iran",Administrative,clay,tablet,44.0,13.0,27.0,,,,,,,,,,undetermined,,,,,,,,,,,0,,0,,0,,0,,,," ",0,0,,,0,0,0,0,,
9062,"NMI BK 03428","MDP 26, 374",Scheil1935MDP26,primary,374,,"Susa (mod. Shush)","Proto-Elamite (ca. 3100-2900 BC)",,"National Museum, Tehran, Iran",Administrative,clay,tablet,55.0,18.0,33.0,,,,,,,,,,undetermined,,,,,,,,,,,0,,0,,0,,0,,,," ",0,0,,,0,0,0,0,,
9063,"NMI BK 03429","MDP 26, 375",Scheil1935MDP26,primary,375,,"Susa (mod. Shush)","Proto-Elamite (ca. 3100-2900 BC)",,"National Museum, Tehran, Iran",Administrative,clay,tablet,69.0,29.0,41.0,,,,,,,,,,undetermined,,,,,,,,,,,0,,0,,0,,0,,,," ",0,0,,,0,0,0,0,,
9064,"NMI BK 03430","MDP 26, 376",Scheil1935MDP26,primary,376,,"Susa (mod. Shush)","Proto-Elamite (ca. 3100-2900 BC)",,"National Museum, Tehran, Iran",Administrative,clay,tablet,52.0,21.0,30.0,,,,,,,,,,undetermined,,,,,,,,,,,0,,0,,0,,0,,,," ",0,0,,,0,0,0,0,,
9065,"NMI BK 03431","MDP 26, 377",Scheil1935MDP26,primary,377,,"Susa (mod. Shush)","Proto-Elamite (ca. 3100-2900 BC)",,"National Museum, Tehran, Iran",Administrative,clay,tablet,57.0,29.0,34.0,,,,,,,,,,undetermined,,,,,,,,,,,0,,0,,0,,0,,,," ",0,0,,,0,0,0,0,,
9066,"NMI BK 03432","MDP 26, 378",Scheil1935MDP26,primary,378,,"Susa (mod. Shush)","Proto-Elamite (ca. 3100-2900 BC)",,"National Museum, Tehran, Iran",Administrative,clay,tablet,46.0,16.0,30.0,,,,,,,,,,undetermined,,,,,,,,,,,0,,0,,0,,0,,,," ",0,0,,,0,0,0,0,,
9067,"NMI BK 03433","MDP 26, 379",Scheil1935MDP26,primary,379,,"Susa (mod. Shush)","Proto-Elamite (ca. 3100-2900 BC)",,"National Museum, Tehran, Iran",Administrative,clay,tablet,69.0,18.0,34.0,,,,,,,,,,undetermined,,,,,,,,,,,0,,0,,0,,0,,,," ",0,0,,,0,0,0,0,,
9068,"NMI BK 03434","MDP 26, 380",Scheil1935MDP26,primary,380,,"Susa (mod. Shush)","Proto-Elamite (ca. 3100-2900 BC)",,"National Museum, Tehran, Iran",Administrative,clay,tablet,43.0,16.0,30.0,,,,,,,,,,undetermined,,,,,,,,,,,0,,0,,0,,0,,,," ",0,0,,,0,0,0,0,,
9069,"NMI BK 03435","MDP 26, 381",Scheil1935MDP26,primary,381,,"Susa (mod. Shush)","Proto-Elamite (ca. 3100-2900 BC)",,"National Museum, Tehran, Iran",Administrative,clay,tablet,52.0,16.0,27.0,,,,,,,,,,undetermined,,,,,,,,,,,0,,0,,0,,0,,,," ",0,0,,,0,0,0,0,,
9070,"NMI BK 03436","MDP 26, 382",Scheil1935MDP26,primary,382,,"Susa (mod. Shush)","Proto-Elamite (ca. 3100-2900 BC)",,"National Museum, Tehran, Iran",Administrative,clay,tablet,59.0,19.0,33.0,,,,,,,,,,undetermined,,,,,,,,,,,0,,0,,0,,0,,,," ",0,0,,,0,0,0,0,,
9071,"NMI BK 03437","MDP 26, 383",Scheil1935MDP26,primary,383,,"Susa (mod. Shush)","Proto-Elamite (ca. 3100-2900 BC)",,"National Museum, Tehran, Iran",Administrative,clay,tablet,56.0,24.0,32.0,,,,,,,,,,undetermined,,,,,,,,,,,0,,0,,0,,0,,,," ",0,0,,,0,0,0,0,,
9072,"NMI BK 03438","MDP 26, 384",Scheil1935MDP26,primary,384,,"Susa (mod. Shush)","Proto-Elamite (ca. 3100-2900 BC)",,"National Museum, Tehran, Iran",Administrative,clay,tablet,43.0,21.0,40.0,,,,,,,,,,undetermined,,,,,,,,,,,0,,0,,0,,0,,,," ",0,0,,,0,0,0,0,,
9073,"NMI BK 03439","MDP 26, 385",Scheil1935MDP26,primary,385,,"Susa (mod. Shush)","Proto-Elamite (ca. 3100-2900 BC)",,"National Museum, Tehran, Iran",Administrative,clay,tablet,40.0,20.0,41.0,,,,,,,,,,undetermined,,,,,,,,,,,0,,0,,0,,0,,,," ",0,0,,,0,0,0,0,,
9074,"NMI BK 03440","MDP 26, 386",Scheil1935MDP26,primary,386,,"Susa (mod. Shush)","Proto-Elamite (ca. 3100-2900 BC)",,"National Museum, Tehran, Iran",Administrative,clay,tablet,47.0,15.0,42.0,,,,,,,,,,undetermined,,,,,,,,,,,0,,0,,0,,0,,,," ",0,0,,,0,0,0,0,,
9075,"NMI BK 03441","MDP 26, 387",Scheil1935MDP26,primary,387,,"Susa (mod. Shush)","Proto-Elamite (ca. 3100-2900 BC)",,"National Museum, Tehran, Iran",Administrative,clay,tablet,55.0,15.0,31.0,,,,,,,,,,undetermined,,,,,,,,,,,0,,0,,0,,0,,,," ",0,0,,,0,0,0,0,,
9076,"NMI BK 03442","MDP 26, 388",Scheil1935MDP26,primary,388,,"Susa (mod. Shush)","Proto-Elamite (ca. 3100-2900 BC)",,"National Museum, Tehran, Iran",Administrative,clay,tablet,56.0,15.0,36.0,,,,,,,,,,undetermined,,,,,,,,,,,0,,0,,0,,0,,,," ",0,0,,,0,0,0,0,,
9077,"NMI BK 03443","MDP 26, 389",Scheil1935MDP26,primary,389,,"Susa (mod. Shush)","Proto-Elamite (ca. 3100-2900 BC)",,"National Museum, Tehran, Iran",Administrative,clay,tablet,76.0,20.0,45.0,,,,,,,,,,undetermined,,,,,,,,,,,0,,0,,0,,0,,,," ",0,0,,,0,0,0,0,,
9078,"NMI BK 03444","MDP 26, 390",Scheil1935MDP26,primary,390,,"Susa (mod. Shush)","Proto-Elamite (ca. 3100-2900 BC)",,"National Museum, Tehran, Iran",Administrative,clay,tablet,66.0,18.0,33.0,,,,,,,,,,undetermined,,,,,,,,,,,0,,0,,0,,0,,,," ",0,0,,,0,0,0,0,,
9079,"NMI BK 03445","MDP 26, 391",Scheil1935MDP26,primary,391,,"Susa (mod. Shush)","Proto-Elamite (ca. 3100-2900 BC)",,"National Museum, Tehran, Iran",Administrative,clay,tablet,51.0,14.0,36.0,,,,,,,,,,undetermined,,,,,,,,,,,0,,0,,0,,0,,,," ",0,0,,,0,0,0,0,,
9080,"NMI BK 03446","MDP 26, 392",Scheil1935MDP26,primary,392,,"Susa (mod. Shush)","Proto-Elamite (ca. 3100-2900 BC)",,"National Museum, Tehran, Iran",Administrative,clay,tablet,52.0,14.0,44.0,,,,,,,,,,undetermined,,,,,,,,,,,0,,0,,0,,0,,,," ",0,0,,,0,0,0,0,,
9081,"NMI BK 03447","MDP 26, 393",Scheil1935MDP26,primary,393,,"Susa (mod. Shush)","Proto-Elamite (ca. 3100-2900 BC)",,"National Museum, Tehran, Iran",Administrative,clay,tablet,56.0,20.0,29.0,,,,,,,,,,undetermined,,,,,,,,,,,0,,0,,0,,0,,,," ",0,0,,,0,0,0,0,,
9082,"NMI BK 03448","MDP 26, 394",Scheil1935MDP26,primary,394,,"Susa (mod. Shush)","Proto-Elamite (ca. 3100-2900 BC)",,"National Museum, Tehran, Iran",Administrative,clay,tablet,51.0,19.0,34.0,,,,,,,,,,undetermined,,,,,,,,,,,0,,0,,0,,0,,,," ",0,0,,,0,0,0,0,,
9083,"NMI BK 03449","MDP 26, 395",Scheil1935MDP26,primary,395,,"Susa (mod. Shush)","Proto-Elamite (ca. 3100-2900 BC)",,"National Museum, Tehran, Iran",Administrative,clay,tablet,51.0,16.0,25.0,,,,,,,,,,undetermined,,,,,,,,,,,0,,0,,0,,0,,,," ",0,0,,,0,0,0,0,,
9084,"NMI BK 03450","MDP 26, 396",Scheil1935MDP26,primary,396,,"Susa (mod. Shush)","Proto-Elamite (ca. 3100-2900 BC)",,"National Museum, Tehran, Iran",Administrative,clay,tablet,42.0,15.0,45.0,,,,,,,,,,undetermined,,,,,,,,,,,0,,0,,0,,0,,,," ",0,0,,,0,0,0,0,,
9085,"NMI BK 03451","MDP 26, 397",Scheil1935MDP26,primary,397,,"Susa (mod. Shush)","Proto-Elamite (ca. 3100-2900 BC)",,"National Museum, Tehran, Iran",Administrative,clay,tablet,56.0,18.0,35.0,,,,,,,,,,undetermined,,,,,,,,,,,0,,0,,0,,0,,,," ",0,0,,,0,0,0,0,,
9086,"NMI BK 03452","MDP 26, 398",Scheil1935MDP26,primary,398,,"Susa (mod. Shush)","Proto-Elamite (ca. 3100-2900 BC)",,"National Museum, Tehran, Iran",Administrative,clay,tablet,72.0,19.0,51.0,,,,,,,,,,undetermined,,,,,,,,,,,0,,0,,0,,0,,,," ",0,0,,,0,0,0,0,,
9087,"NMI BK 03453","MDP 26, 399",Scheil1935MDP26,primary,399,,"Susa (mod. Shush)","Proto-Elamite (ca. 3100-2900 BC)",,"National Museum, Tehran, Iran",Administrative,clay,tablet,62.0,17.0,39.0,,,,,,,,,,undetermined,,,,,,,,,,,0,,0,,0,,0,,,," ",0,0,,,0,0,0,0,,
9088,"NMI BK 03454","MDP 26, 400",Scheil1935MDP26,primary,400,,"Susa (mod. Shush)","Proto-Elamite (ca. 3100-2900 BC)",,"National Museum, Tehran, Iran",Administrative,clay,tablet,57.0,17.0,43.0,,,,,,,,,,undetermined,,,,,,,,,,,0,,0,,0,,0,,,," ",0,0,,,0,0,0,0,,
9089,"NMI BK 03455","MDP 26, 401",Scheil1935MDP26,primary,401,,"Susa (mod. Shush)","Proto-Elamite (ca. 3100-2900 BC)",,"National Museum, Tehran, Iran",Administrative,clay,tablet,89.0,18.0,57.0,,,,,,,,,,undetermined,,,,,,,,,,,0,,0,,0,,0,,,," ",0,0,,,0,0,0,0,,
9090,"NMI BK 03456","MDP 26, 402",Scheil1935MDP26,primary,402,,"Susa (mod. Shush)","Proto-Elamite (ca. 3100-2900 BC)",,"National Museum, Tehran, Iran",Administrative,clay,tablet,59.0,17.0,36.0,,,,,,,,,,undetermined,,,,,,,,,,,0,,0,,0,,0,,,," ",0,0,,,0,0,0,0,,
9091,"NMI BK 03457","MDP 26, 403",Scheil1935MDP26,primary,403,,"Susa (mod. Shush)","Proto-Elamite (ca. 3100-2900 BC)",,"National Museum, Tehran, Iran",Administrative,clay,tablet,86.0,24.0,44.0,,,,,,,,,,undetermined,,,,,,,,,,,0,,0,,0,,0,,,," ",0,0,,,0,0,0,0,,
9092,"NMI BK 03458","MDP 26, 404",Scheil1935MDP26,primary,404,,"Susa (mod. Shush)","Proto-Elamite (ca. 3100-2900 BC)",,"National Museum, Tehran, Iran",Administrative,clay,tablet,67.0,20.0,32.0,,,,,,,,,,undetermined,,,,,,,,,,,0,,0,,0,,0,,,," ",0,0,,,0,0,0,0,,
9094,"NMI BK 03460","MDP 26, 406",Scheil1935MDP26,primary,406,,"Susa (mod. Shush)","Proto-Elamite (ca. 3100-2900 BC)",,"National Museum, Tehran, Iran",Administrative,clay,tablet,51.0,19.0,35.0,,,,,,,,,,undetermined,,,,,,,,,,,0,,0,,0,,0,,,," ",0,0,,,0,0,0,0,,
9095,"NMI BK 03461","MDP 26, 407",Scheil1935MDP26,primary,407,,"Susa (mod. Shush)","Proto-Elamite (ca. 3100-2900 BC)",,"National Museum, Tehran, Iran",Administrative,clay,tablet,40.0,17.0,25.0,,,,,,,,,,undetermined,,,,,,,,,,,0,,0,,0,,0,,,," ",0,0,,,0,0,0,0,,
9096,"NMI BK 03462","MDP 26, 408",Scheil1935MDP26,primary,408,,"Susa (mod. Shush)","Proto-Elamite (ca. 3100-2900 BC)",,"National Museum, Tehran, Iran",Administrative,clay,tablet,45.0,20.0,26.0,,,,,,,,,,undetermined,,,,,,,,,,,0,,0,,0,,0,,,," ",0,0,,,0,0,0,0,,
9097,"NMI BK 03463","MDP 26, 409",Scheil1935MDP26,primary,409,,"Susa (mod. Shush)","Proto-Elamite (ca. 3100-2900 BC)",,"National Museum, Tehran, Iran",Administrative,clay,tablet,58.0,18.0,33.0,,,,,,,,,,undetermined,,,,,,,,,,,0,,0,,0,,0,,,," ",0,0,,,0,0,0,0,,
9098,"NMI BK 03464","MDP 26, 410",Scheil1935MDP26,primary,410,,"Susa (mod. Shush)","Proto-Elamite (ca. 3100-2900 BC)",,"National Museum, Tehran, Iran",Administrative,clay,tablet,48.0,19.0,29.0,,,,,,,,,,undetermined,,,,,,,,,,,0,,0,,0,,0,,,," ",0,0,,,0,0,0,0,,
9099,"NMI BK 03465","MDP 26, 411",Scheil1935MDP26,primary,411,,"Susa (mod. Shush)","Proto-Elamite (ca. 3100-2900 BC)",,"National Museum, Tehran, Iran",Administrative,clay,tablet,56.0,18.0,30.0,,,,,,,,,,undetermined,,,,,,,,,,,0,,0,,0,,0,,,," ",0,0,,,0,0,0,0,,
9100,"NMI BK 03466","MDP 26, 412",Scheil1935MDP26,primary,412,,"Susa (mod. Shush)","Proto-Elamite (ca. 3100-2900 BC)",,"National Museum, Tehran, Iran",Administrative,clay,tablet,47.0,14.0,29.0,,,,,,,,,,undetermined,,,,,,,,,,,0,,0,,0,,0,,,," ",0,0,,,0,0,0,0,,
9101,"NMI BK 03467","MDP 26, 413",Scheil1935MDP26,primary,413,,"Susa (mod. Shush)","Proto-Elamite (ca. 3100-2900 BC)",,"National Museum, Tehran, Iran",Administrative,clay,tablet,58.0,19.0,32.0,,,,,,,,,,undetermined,,,,,,,,,,,0,,0,,0,,0,,,," ",0,0,,,0,0,0,0,,
9102,"NMI BK 03468","MDP 26, 414",Scheil1935MDP26,primary,414,,"Susa (mod. Shush)","Proto-Elamite (ca. 3100-2900 BC)",,"National Museum, Tehran, Iran",Administrative,clay,tablet,49.0,19.0,28.0,,,,,,,,,,undetermined,,,,,,,,,,,0,,0,,0,,0,,,," ",0,0,,,0,0,0,0,,
9103,"NMI BK 03469","MDP 26, 415",Scheil1935MDP26,primary,415,,"Susa (mod. Shush)","Proto-Elamite (ca. 3100-2900 BC)",,"National Museum, Tehran, Iran",Administrative,clay,tablet,72.0,17.0,47.0,,,,,,,,,,undetermined,,,,,,,,,,,0,,0,,0,,0,,,," ",0,0,,,0,0,0,0,,
9104,"NMI BK 03470","MDP 26, 416",Scheil1935MDP26,primary,416,,"Susa (mod. Shush)","Proto-Elamite (ca. 3100-2900 BC)",,"National Museum, Tehran, Iran",Administrative,clay,tablet,59.0,16.0,38.0,,,,,,,,,,undetermined,,,,,,,,,,,0,,0,,0,,0,,,," ",0,0,,,0,0,0,0,,
9105,"NMI BK 03471","MDP 26, 417",Scheil1935MDP26,primary,417,,"Susa (mod. Shush)","Proto-Elamite (ca. 3100-2900 BC)",,"National Museum, Tehran, Iran",Administrative,clay,tablet,57.0,18.0,30.0,,,,,,,,,,undetermined,,,,,,,,,,,0,,0,,0,,0,,,," ",0,0,,,0,0,0,0,,
9106,"NMI BK 03472","MDP 26, 418",Scheil1935MDP26,primary,418,,"Susa (mod. Shush)","Proto-Elamite (ca. 3100-2900 BC)",,"National Museum, Tehran, Iran",Administrative,clay,tablet,50.0,17.0,34.0,,,,,,,,,,undetermined,,,,,,,,,,,0,,0,,0,,0,,,," ",0,0,,,0,0,0,0,,
9107,"NMI BK 03473","MDP 26, 419",Scheil1935MDP26,primary,419,,"Susa (mod. Shush)","Proto-Elamite (ca. 3100-2900 BC)",,"National Museum, Tehran, Iran",Administrative,clay,tablet,68.0,22.0,38.0,,,,,,,,,,undetermined,,,,,,,,,,,0,,0,,0,,0,,,," ",0,0,,,0,0,0,0,,
9108,"NMI BK 03474","MDP 26, 420",Scheil1935MDP26,primary,420,,"Susa (mod. Shush)","Proto-Elamite (ca. 3100-2900 BC)",,"National Museum, Tehran, Iran",Administrative,clay,tablet,52.0,18.0,26.0,,,,,,,,,,undetermined,,,,,,,,,,,0,,0,,0,,0,,,," ",0,0,,,0,0,0,0,,
9109,"NMI BK 03475","MDP 26, 421",Scheil1935MDP26,primary,421,,"Susa (mod. Shush)","Proto-Elamite (ca. 3100-2900 BC)",,"National Museum, Tehran, Iran",Administrative,clay,tablet,61.0,20.0,34.0,,,,,,,,,,undetermined,,,,,,,,,,,0,,0,,0,,0,,,," ",0,0,,,0,0,0,0,,
9110,"NMI BK 03476","MDP 26, 422",Scheil1935MDP26,primary,422,,"Susa (mod. Shush)","Proto-Elamite (ca. 3100-2900 BC)",,"National Museum, Tehran, Iran",Administrative,clay,tablet,46.0,14.0,34.0,,,,,,,,,,undetermined,,,,,,,,,,,0,,0,,0,,0,,,," ",0,0,,,0,0,0,0,,
9111,"NMI BK 03477","MDP 26, 423",Scheil1935MDP26,primary,423,,"Susa (mod. Shush)","Proto-Elamite (ca. 3100-2900 BC)",,"National Museum, Tehran, Iran",Administrative,clay,tablet,41.0,14.0,31.0,,,,,,,,,,undetermined,,,,,,,,,,,0,,0,,0,,0,,,," ",0,0,,,0,0,0,0,,
9112,"NMI BK 03478","MDP 26, 424",Scheil1935MDP26,primary,424,,"Susa (mod. Shush)","Proto-Elamite (ca. 3100-2900 BC)",,"National Museum, Tehran, Iran",Administrative,clay,tablet,47.0,16.0,32.0,,,,,,,,,,undetermined,,,,,,,,,,,0,,0,,0,,0,,,," ",0,0,,,0,0,0,0,,
9113,"NMI BK 03479","MDP 26, 425",Scheil1935MDP26,primary,425,,"Susa (mod. Shush)","Proto-Elamite (ca. 3100-2900 BC)",,"National Museum, Tehran, Iran",Administrative,clay,tablet,52.0,19.0,28.0,,,,,,,,,,undetermined,,,,,,,,,,,0,,0,,0,,0,,,," ",0,0,,,0,0,0,0,,
9114,"NMI BK 03480","MDP 26, 426",Scheil1935MDP26,primary,426,,"Susa (mod. Shush)","Proto-Elamite (ca. 3100-2900 BC)",,"National Museum, Tehran, Iran",Administrative,clay,tablet,71.0,21.0,42.0,,,,,,,,,,undetermined,,,,,,,,,,,0,,0,,0,,0,,,," ",0,0,,,0,0,0,0,,
9115,"NMI BK 03481","MDP 26, 427",Scheil1935MDP26,primary,427,,"Susa (mod. Shush)","Proto-Elamite (ca. 3100-2900 BC)",,"National Museum, Tehran, Iran",Administrative,clay,tablet,76.0,22.0,41.0,,,,,,,,,,undetermined,,,,,,,,,,,0,,0,,0,,0,,,," ",0,0,,,0,0,0,0,,
9116,"NMI BK 03482","MDP 26, 428",Scheil1935MDP26,primary,428,,"Susa (mod. Shush)","Proto-Elamite (ca. 3100-2900 BC)",,"National Museum, Tehran, Iran",Administrative,clay,tablet,54.0,16.0,29.0,,,,,,,,,,undetermined,,,,,,,,,,,0,,0,,0,,0,,,," ",0,0,,,0,0,0,0,,
9117,"NMI BK 03483","MDP 26, 429",Scheil1935MDP26,primary,429,,"Susa (mod. Shush)","Proto-Elamite (ca. 3100-2900 BC)",,"National Museum, Tehran, Iran",Administrative,clay,tablet,49.0,15.0,27.0,,,,,,,,,,undetermined,,,,,,,,,,,0,,0,,0,,0,,,," ",0,0,,,0,0,0,0,,
9118,"NMI BK 03484","MDP 26, 430",Scheil1935MDP26,primary,430,,"Susa (mod. Shush)","Proto-Elamite (ca. 3100-2900 BC)",,"National Museum, Tehran, Iran",Administrative,clay,tablet,56.0,21.0,31.0,,,,,,,,,,undetermined,,,,,,,,,,,0,,0,,0,,0,,,," ",0,0,,,0,0,0,0,,
9119,"NMI BK 03485","MDP 26, 431",Scheil1935MDP26,primary,431,,"Susa (mod. Shush)","Proto-Elamite (ca. 3100-2900 BC)",,"National Museum, Tehran, Iran",Administrative,clay,tablet,44.0,16.0,26.0,,,,,,,,,,undetermined,,,,,,,,,,,0,,0,,0,,0,,,," ",0,0,,,0,0,0,0,,
9120,"NMI BK 03486","MDP 26, 432",Scheil1935MDP26,primary,432,,"Susa (mod. Shush)","Proto-Elamite (ca. 3100-2900 BC)",,"National Museum, Tehran, Iran",Administrative,clay,tablet,48.0,13.0,34.0,,,,,,,,,,undetermined,,,,,,,,,,,0,,0,,0,,0,,,," ",0,0,,,0,0,0,0,,
9121,"NMI BK 03487","MDP 26, 433",Scheil1935MDP26,primary,433,,"Susa (mod. Shush)","Proto-Elamite (ca. 3100-2900 BC)",,"National Museum, Tehran, Iran",Administrative,clay,tablet,45.0,15.0,31.0,,,,,,,,,,undetermined,,,,,,,,,,,0,,0,,0,,0,,,," ",0,0,,,0,0,0,0,,
9122,"NMI BK 03488","MDP 26, 434",Scheil1935MDP26,primary,434,,"Susa (mod. Shush)","Proto-Elamite (ca. 3100-2900 BC)",,"National Museum, Tehran, Iran",Administrative,clay,tablet,55.0,16.0,36.0,,,,,,,,,,undetermined,,,,,,,,,,,0,,0,,0,,0,,,," ",0,0,,,0,0,0,0,,
9123,"NMI BK 03489","MDP 26, 435",Scheil1935MDP26,primary,435,,"Susa (mod. Shush)","Proto-Elamite (ca. 3100-2900 BC)",,"National Museum, Tehran, Iran",Administrative,clay,tablet,55.0,16.0,47.0,,,,,,,,,,undetermined,,,,,,,,,,,0,,0,,0,,0,,,," ",0,0,,,0,0,0,0,,
9124,"NMI BK 03490","MDP 26, 436",Scheil1935MDP26,primary,436,,"Susa (mod. Shush)","Proto-Elamite (ca. 3100-2900 BC)",,"National Museum, Tehran, Iran",Administrative,clay,tablet,48.0,17.0,34.0,,,,,,,,,,undetermined,,,,,,,,,,,0,,0,,0,,0,,,," ",0,0,,,0,0,0,0,,
9125,"NMI BK 03491","MDP 26, 437",Scheil1935MDP26,primary,437,,"Susa (mod. Shush)","Proto-Elamite (ca. 3100-2900 BC)",,"National Museum, Tehran, Iran",Administrative,clay,tablet,54.0,14.0,36.0,,,,,,,,,,undetermined,,,,,,,,,,,0,,0,,0,,0,,,," ",0,0,,,0,0,0,0,,
9126,"NMI BK 03492","MDP 26, 438",Scheil1935MDP26,primary,438,,"Susa (mod. Shush)","Proto-Elamite (ca. 3100-2900 BC)",,"National Museum, Tehran, Iran",Administrative,clay,tablet,63.0,17.0,51.0,,,,,,,,,,undetermined,,,,,,,,,,,0,,0,,0,,0,,,," ",0,0,,,0,0,0,0,,
9127,"NMI BK 03493","MDP 26, 439",Scheil1935MDP26,primary,439,,"Susa (mod. Shush)","Proto-Elamite (ca. 3100-2900 BC)",,"National Museum, Tehran, Iran",Administrative,clay,tablet,74.0,19.0,55.0,,,,,,,,,,undetermined,,,,,,,,,,,0,,0,,0,,0,,,," ",0,0,,,0,0,0,0,,
9128,"NMI BK 03494","MDP 26, 440",Scheil1935MDP26,primary,440,,"Susa (mod. Shush)","Proto-Elamite (ca. 3100-2900 BC)",,"National Museum, Tehran, Iran",Administrative,clay,tablet,56.0,15.0,39.0,,,,,,,,,,undetermined,,,,,,,,,,,0,,0,,0,,0,,,," ",0,0,,,0,0,0,0,,
9129,"NMI BK 03495","MDP 26, 441",Scheil1935MDP26,primary,441,,"Susa (mod. Shush)","Proto-Elamite (ca. 3100-2900 BC)",,"National Museum, Tehran, Iran",Administrative,clay,tablet,81.0,19.0,51.0,,,,,,,,,,undetermined,,,,,,,,,,,0,,0,,0,,0,,,," ",0,0,,,0,0,0,0,,
9130,"NMI BK 03496","MDP 26, 442",Scheil1935MDP26,primary,442,,"Susa (mod. Shush)","Proto-Elamite (ca. 3100-2900 BC)",,"National Museum, Tehran, Iran",Administrative,clay,tablet,,,,,,,,,,,,,undetermined,,,,,,,,,,,0,,0,,0,,0,,,," ",0,0,,,0,0,0,0,,
9131,"NMI BK 03497","MDP 26, 443",Scheil1935MDP26,primary,443,,"Susa (mod. Shush)","Proto-Elamite (ca. 3100-2900 BC)",,"National Museum, Tehran, Iran",Administrative,clay,tablet,87.0,23.0,47.0,,,,,,,,,,undetermined,,,,,,,,,,,0,,0,,0,,0,,,," ",0,0,,,0,0,0,0,,
9132,"NMI BK 03498","MDP 26, 444",Scheil1935MDP26,primary,444,,"Susa (mod. Shush)","Proto-Elamite (ca. 3100-2900 BC)",,"National Museum, Tehran, Iran",Administrative,clay,tablet,58.0,22.0,32.0,,,,,,,,,,undetermined,,,,,,,,,,,0,,0,,0,,0,,,," ",0,0,,,0,0,0,0,,
9133,"NMI BK 03499","MDP 26, 445",Scheil1935MDP26,primary,445,,"Susa (mod. Shush)","Proto-Elamite (ca. 3100-2900 BC)",,"National Museum, Tehran, Iran",Administrative,clay,tablet,57.0,15.0,36.0,,,,,,,,,,undetermined,,,,,,,,,,,0,,0,,0,,0,,,," ",0,0,,,0,0,0,0,,
9134,"NMI BK 03500","MDP 26, 446",Scheil1935MDP26,primary,446,,"Susa (mod. Shush)","Proto-Elamite (ca. 3100-2900 BC)",,"National Museum, Tehran, Iran",Administrative,clay,tablet,57.0,19.0,35.0,,,,,,,,,,undetermined,,,,,,,,,,,0,,0,,0,,0,,,," ",0,0,,,0,0,0,0,,
9135,"NMI BK 03501","MDP 26, 447",Scheil1935MDP26,primary,447,,"Susa (mod. Shush)","Proto-Elamite (ca. 3100-2900 BC)",,"National Museum, Tehran, Iran",Administrative,clay,tablet,52.0,18.0,34.0,,,,,,,,,,undetermined,,,,,,,,,,,0,,0,,0,,0,,,," ",0,0,,,0,0,0,0,,
9136,"NMI BK 03502","MDP 26, 448",Scheil1935MDP26,primary,448,,"Susa (mod. Shush)","Proto-Elamite (ca. 3100-2900 BC)",,"National Museum, Tehran, Iran",Administrative,clay,tablet,49.0,18.0,39.0,,,,,,,,,,undetermined,,,,,,,,,,,0,,0,,0,,0,,,," ",0,0,,,0,0,0,0,,
9137,"NMI BK 03503","MDP 26, 449",Scheil1935MDP26,primary,449,,"Susa (mod. Shush)","Proto-Elamite (ca. 3100-2900 BC)",,"National Museum, Tehran, Iran",Administrative,clay,tablet,56.0,20.0,32.0,,,,,,,,,,undetermined,,,,,,,,,,,0,,0,,0,,0,,,," ",0,0,,,0,0,0,0,,
9138,"NMI BK 03504","MDP 26, 450",Scheil1935MDP26,primary,450,,"Susa (mod. Shush)","Proto-Elamite (ca. 3100-2900 BC)",,"National Museum, Tehran, Iran",Administrative,clay,tablet,55.0,17.0,29.0,,,,,,,,,,undetermined,,,,,,,,,,,0,,0,,0,,0,,,," ",0,0,,,0,0,0,0,,
9139,"NMI BK 03505","MDP 26, 451",Scheil1935MDP26,primary,451,,"Susa (mod. Shush)","Proto-Elamite (ca. 3100-2900 BC)",,"National Museum, Tehran, Iran",Administrative,clay,tablet,50.0,17.0,32.0,,,,,,,,,,undetermined,,,,,,,,,,,0,,0,,0,,0,,,," ",0,0,,,0,0,0,0,,
9140,"NMI BK 03506","MDP 26, 452",Scheil1935MDP26,primary,452,,"Susa (mod. Shush)","Proto-Elamite (ca. 3100-2900 BC)",,"National Museum, Tehran, Iran",Administrative,clay,tablet,67.0,24.0,37.0,,,,,,,,,,undetermined,,,,,,,,,,,0,,0,,0,,0,,,," ",0,0,,,0,0,0,0,,
9141,"NMI BK 03507","MDP 26, 453",Scheil1935MDP26,primary,453,,"Susa (mod. Shush)","Proto-Elamite (ca. 3100-2900 BC)",,"National Museum, Tehran, Iran",Administrative,clay,tablet,49.0,17.0,29.0,,,,,,,,,,undetermined,,,,,,,,,,,0,,0,,0,,0,,,," ",0,0,,,0,0,0,0,,
9142,"NMI BK 03508","MDP 26, 454",Scheil1935MDP26,primary,454,,"Susa (mod. Shush)","Proto-Elamite (ca. 3100-2900 BC)",,"National Museum, Tehran, Iran",Administrative,clay,tablet,50.0,18.0,32.0,,,,,,,,,,undetermined,,,,,,,,,,,0,,0,,0,,0,,,," ",0,0,,,0,0,0,0,,
9143,"NMI BK 03509","MDP 26, 455",Scheil1935MDP26,primary,455,,"Susa (mod. Shush)","Proto-Elamite (ca. 3100-2900 BC)",,"National Museum, Tehran, Iran",Administrative,clay,tablet,44.0,15.0,29.0,,,,,,,,,,undetermined,,,,,,,,,,,0,,0,,0,,0,,,," ",0,0,,,0,0,0,0,,
9144,"NMI BK 03510","MDP 26, 456",Scheil1935MDP26,primary,456,,"Susa (mod. Shush)","Proto-Elamite (ca. 3100-2900 BC)",,"National Museum, Tehran, Iran",Administrative,clay,tablet,51.0,16.0,28.0,,,,,,,,,,undetermined,,,,,,,,,,,0,,0,,0,,0,,,," ",0,0,,,0,0,0,0,,
9145,"NMI BK 03511","MDP 26, 457",Scheil1935MDP26,primary,457,,"Susa (mod. Shush)","Proto-Elamite (ca. 3100-2900 BC)",,"National Museum, Tehran, Iran",Administrative,clay,tablet,64.0,17.0,34.0,,,,,,,,,,undetermined,,,,,,,,,,,0,,0,,0,,0,,,," ",0,0,,,0,0,0,0,,
9146,"NMI BK 03512","MDP 26, 458",Scheil1935MDP26,primary,458,,"Susa (mod. Shush)","Proto-Elamite (ca. 3100-2900 BC)",,"National Museum, Tehran, Iran",Administrative,clay,tablet,67.0,17.0,36.0,,,,,,,,,,undetermined,,,,,,,,,,,0,,0,,0,,0,,,," ",0,0,,,0,0,0,0,,
9147,"NMI BK 03513","MDP 26, 459",Scheil1935MDP26,primary,459,,"Susa (mod. Shush)","Proto-Elamite (ca. 3100-2900 BC)",,"National Museum, Tehran, Iran",Administrative,clay,tablet,55.0,19.0,31.0,,,,,,,,,,undetermined,,,,,,,,,,,0,,0,,0,,0,,,," ",0,0,,,0,0,0,0,,
9148,"NMI BK 03514","MDP 26, 460",Scheil1935MDP26,primary,460,,"Susa (mod. Shush)","Proto-Elamite (ca. 3100-2900 BC)",,"National Museum, Tehran, Iran",Administrative,clay,tablet,48.0,17.0,25.0,,,,,,,,,,undetermined,,,,,,,,,,,0,,0,,0,,0,,,," ",0,0,,,0,0,0,0,,
9149,"NMI BK 03515","MDP 26, 461",Scheil1935MDP26,primary,461,,"Susa (mod. Shush)","Proto-Elamite (ca. 3100-2900 BC)",,"National Museum, Tehran, Iran",Administrative,clay,tablet,70.0,20.0,40.0,,,,,,,,,,undetermined,,,,,,,,,,,0,,0,,0,,0,,,," ",0,0,,,0,0,0,0,,
9150,"NMI BK 03516","MDP 26, 462",Scheil1935MDP26,primary,462,,"Susa (mod. Shush)","Proto-Elamite (ca. 3100-2900 BC)",,"National Museum, Tehran, Iran",Administrative,clay,tablet,64.0,18.0,42.0,,,,,,,,,,undetermined,,,,,,,,,,,0,,0,,0,,0,,,," ",0,0,,,0,0,0,0,,
9151,"NMI BK 03517","MDP 26, 463",Scheil1935MDP26,primary,463,,"Susa (mod. Shush)","Proto-Elamite (ca. 3100-2900 BC)",,"National Museum, Tehran, Iran",Administrative,clay,tablet,64.0,14.0,41.0,,,,,,,,,,undetermined,,,,,,,,,,,0,,0,,0,,0,,,," ",0,0,,,0,0,0,0,,
9152,"NMI BK 03518","MDP 26, 464",Scheil1935MDP26,primary,464,,"Susa (mod. Shush)","Proto-Elamite (ca. 3100-2900 BC)",,"National Museum, Tehran, Iran",Administrative,clay,tablet,59.0,20.0,64.0,,,,,,,,,,undetermined,,,,,,,,,,,0,,0,,0,,0,,,," ",0,0,,,0,0,0,0,,
9153,"NMI BK 03519","MDP 26, 465",Scheil1935MDP26,primary,465,,"Susa (mod. Shush)","Proto-Elamite (ca. 3100-2900 BC)",,"National Museum, Tehran, Iran",Administrative,clay,tablet,79.0,19.0,62.0,,,,,,,,,,undetermined,,,,,,,,,,,0,,0,,0,,0,,,," ",0,0,,,0,0,0,0,,
9154,"NMI BK 03520","MDP 26, 466",Scheil1935MDP26,primary,466,,"Susa (mod. Shush)","Proto-Elamite (ca. 3100-2900 BC)",,"National Museum, Tehran, Iran",Administrative,clay,tablet,48.0,19.0,34.0,,,,,,,,,,undetermined,,,,,,,,,,,0,,0,,0,,0,,,," ",0,0,,,0,0,0,0,,
9155,"NMI BK 03521","MDP 26, 467",Scheil1935MDP26,primary,467,,"Susa (mod. Shush)","Proto-Elamite (ca. 3100-2900 BC)",,"National Museum, Tehran, Iran",Administrative,clay,tablet,47.0,19.0,42.0,,,,,,,,,,undetermined,,,,,,,,,,,0,,0,,0,,0,,,," ",0,0,,,0,0,0,0,,
9156,"NMI BK 03522","MDP 26, 468",Scheil1935MDP26,primary,468,,"Susa (mod. Shush)","Proto-Elamite (ca. 3100-2900 BC)",,"National Museum, Tehran, Iran",Administrative,clay,tablet,56.0,22.0,51.0,,,,,,,,,,undetermined,,,,,,,,,,,0,,0,,0,,0,,,," ",0,0,,,0,0,0,0,,
9157,"NMI BK 03523","MDP 26, 469",Scheil1935MDP26,primary,469,,"Susa (mod. Shush)","Proto-Elamite (ca. 3100-2900 BC)",,"National Museum, Tehran, Iran",Administrative,clay,tablet,46.0,11.0,41.0,,,,,,,,,,undetermined,,,,,,,,,,,0,,0,,0,,0,,,," ",0,0,,,0,0,0,0,,
9158,"NMI BK 03524","MDP 26, 470",Scheil1935MDP26,primary,470,,"Susa (mod. Shush)","Proto-Elamite (ca. 3100-2900 BC)",,"National Museum, Tehran, Iran",Administrative,clay,tablet,57.0,11.0,33.0,,,,,,,,,,undetermined,,,,,,,,,,,0,,0,,0,,0,,,," ",0,0,,,0,0,0,0,,
9159,"NMI BK 03525","MDP 26, 471",Scheil1935MDP26,primary,471,,"Susa (mod. Shush)","Proto-Elamite (ca. 3100-2900 BC)",,"National Museum, Tehran, Iran",Administrative,clay,tablet,71.0,12.0,54.0,,,,,,,,,,undetermined,,,,,,,,,,,0,,0,,0,,0,,,," ",0,0,,,0,0,0,0,,
9160,"NMI BK 03526","MDP 26, 472",Scheil1935MDP26,primary,472,,"Susa (mod. Shush)","Proto-Elamite (ca. 3100-2900 BC)",,"National Museum, Tehran, Iran",Administrative,clay,tablet,78.0,11.0,56.0,,,,,,,,,,undetermined,,,,,,,,,,,0,,0,,0,,0,,,," ",0,0,,,0,0,0,0,,
9161,"NMI BK 03527","MDP 26, 473",Scheil1935MDP26,primary,473,,"Susa (mod. Shush)","Proto-Elamite (ca. 3100-2900 BC)",,"National Museum, Tehran, Iran",Administrative,clay,tablet,69.0,14.0,45.0,,,,,,,,,,undetermined,,,,,,,,,,,0,,0,,0,,0,,,," ",0,0,,,0,0,0,0,,
9162,"NMI BK 03528","MDP 26, 474",Scheil1935MDP26,primary,474,,"Susa (mod. Shush)","Proto-Elamite (ca. 3100-2900 BC)",,"National Museum, Tehran, Iran",Administrative,clay,tablet,66.0,25.0,55.0,,,,,,,,,,undetermined,,,,,,,,,,,0,,0,,0,,0,,,," ",0,0,,,0,0,0,0,,
9163,"NMI BK 03529","MDP 26, 475",Scheil1935MDP26,primary,475,,"Susa (mod. Shush)","Proto-Elamite (ca. 3100-2900 BC)",,"National Museum, Tehran, Iran",Administrative,clay,tablet,55.0,18.0,49.0,,,,,,,,,,undetermined,,,,,,,,,,,0,,0,,0,,0,,,," ",0,0,,,0,0,0,0,,
9164,"NMI BK 03530","MDP 26, 476",Scheil1935MDP26,primary,476,,"Susa (mod. Shush)","Proto-Elamite (ca. 3100-2900 BC)",,"National Museum, Tehran, Iran",Administrative,clay,tablet,56.0,13.0,43.0,,,,,,,,,,undetermined,,,,,,,,,,,0,,0,,0,,0,,,," ",0,0,,,0,0,0,0,,
9165,"NMI BK 03531","MDP 26, 477",Scheil1935MDP26,primary,477,,"Susa (mod. Shush)","Proto-Elamite (ca. 3100-2900 BC)",,"National Museum, Tehran, Iran",Administrative,clay,tablet,54.0,18.0,35.0,,,,,,,,,,undetermined,,,,,,,,,,,0,,0,,0,,0,,,," ",0,0,,,0,0,0,0,,
9166,"NMI BK 03532","MDP 26, 478",Scheil1935MDP26,primary,478,,"Susa (mod. Shush)","Proto-Elamite (ca. 3100-2900 BC)",,"National Museum, Tehran, Iran",Administrative,clay,tablet,39.0,16.0,29.0,,,,,,,,,,undetermined,,,,,,,,,,,0,,0,,0,,0,,,," ",0,0,,,0,0,0,0,,
9168,"NMI BK 03534","MDP 26, 480",Scheil1935MDP26,primary,480,,"Susa (mod. Shush)","Proto-Elamite (ca. 3100-2900 BC)",,"National Museum, Tehran, Iran",Administrative,clay,tablet,28.0,13.0,24.0,,,,,,,,,,undetermined,,,,,,,,,,,0,,0,,0,,0,,,," ",0,0,,,0,0,0,0,,
9169,"NMI BK 03535","MDP 26, 481",Scheil1935MDP26,primary,481,,"Susa (mod. Shush)","Proto-Elamite (ca. 3100-2900 BC)",,"National Museum, Tehran, Iran",Administrative,clay,tablet,22.0,10.0,22.0,,,,,,,,,,undetermined,,,,,,,,,,,0,,0,,0,,0,,,," ",0,0,,,0,0,0,0,,
9174,"Sb 15244","MDP 26S, 0216",Scheil1935MDP26,primary,"Supplément 216",,"Susa (mod. Shush)","Proto-Elamite (ca. 3100-2900 BC)",,"Louvre Museum, Paris, France",Administrative,clay,tablet,57.0,32.0,44.0,,,,,,,,,,undetermined,,,,,,,,,,,0,,0,,0,,0,,,," ",0,0,,,0,0,0,0,,
9175,"Sb 15245","MDP 26S, 0234",Scheil1935MDP26,primary,"Supplément 234",,"Susa (mod. Shush)","Proto-Elamite (ca. 3100-2900 BC)",,"Louvre Museum, Paris, France",Administrative,clay,tablet,63.0,16.0,47.0,,,,,,,Good,,fragment,undetermined,,,,,,,,,,,0,,0,,0,,0,,,," ",0,0,,,0,0,0,0,,
9176,"Sb 15246","MDP 26S, 0248",Scheil1935MDP26,primary,"Supplément 248",,"Susa (mod. Shush)","Proto-Elamite (ca. 3100-2900 BC)",,"Louvre Museum, Paris, France",Administrative,clay,tablet,38.0,14.0,33.0,,,,,,,Good,,fragment,undetermined,,,,,,,,,,,0,,0,,0,,0,,,," ",0,0,,,0,0,0,0,,
9177,"Sb 15249","MDP 26S, 0249",Scheil1935MDP26,primary,"Supplément 249",,"Susa (mod. Shush)","Proto-Elamite (ca. 3100-2900 BC)",,"Louvre Museum, Paris, France",Administrative,clay,tablet,37.0,14.0,58.0,,,,,,,Good,,fragment,undetermined,,,,,,,,,,,0,,0,,0,,0,,,," ",0,0,,,0,0,0,0,,
9178,"Sb 15250","MDP 26S, 0259",Scheil1935MDP26,primary,"Supplément 259",,"Susa (mod. Shush)","Proto-Elamite (ca. 3100-2900 BC)",,"Louvre Museum, Paris, France",Administrative,clay,tablet,61.0,23.0,39.0,,,,,,,Fair,,fragment,undetermined,,,,,,,,,,,0,,0,,0,,0,,,," ",0,0,,,0,0,0,0,,
9179,"Sb 15251","MDP 26S, 0284",Scheil1935MDP26,primary,"Supplément 284",,"Susa (mod. Shush)","Proto-Elamite (ca. 3100-2900 BC)",,"Louvre Museum, Paris, France",Administrative,clay,tablet,54.0,15.0,49.0,,,,,,,Poor,,fragment,undetermined,,,,,,,,,,,0,,0,,0,,0,,,," ",0,0,,,0,0,0,0,,
9180,"Sb 06384","MDP 26S, 0295",Scheil1935MDP26,primary,"Supplément 295",,"Susa (mod. Shush)","Proto-Elamite (ca. 3100-2900 BC)",,"Louvre Museum, Paris, France",Administrative,clay,tablet,66.0,17.0,49.0,,,,,,,Poor,,complete,undetermined,,,,,,,,,,,0,,0,,0,,0,,,," ",0,0,,,0,0,0,0,,
9181,"Sb 15252","MDP 26S, 0296",Scheil1935MDP26,primary,"Supplément 296",,"Susa (mod. Shush)","Proto-Elamite (ca. 3100-2900 BC)",,"Louvre Museum, Paris, France",Administrative,clay,tablet,52.0,13.0,40.0,,,,,,,Fair,,75%,undetermined,,,,,,,,,,,0,,0,,0,,0,,,," ",0,0,,,0,0,0,0,,
9182,"Sb 15253","MDP 26S, 0298",Scheil1935MDP26,primary,"Supplément 298",,"Susa (mod. Shush)","Proto-Elamite (ca. 3100-2900 BC)",,"Louvre Museum, Paris, France",Administrative,clay,tablet,60.0,16.0,60.0,,,,,,,Fair,,fragment,undetermined,,,,,,,,,,,0,,0,,0,,0,,,," ",0,0,,,0,0,0,0,,
9183,"Sb 15254","MDP 26S, 0333",Scheil1935MDP26,primary,"Supplément 333",,"Susa (mod. Shush)","Proto-Elamite (ca. 3100-2900 BC)",,"Louvre Museum, Paris, France",Administrative,clay,tablet,96.0,35.0,140.0,,,,,,,Fair,,fragment,undetermined,,,,,,,,,,,0,,0,,0,,0,,,," ",0,0,,,0,0,0,0,,
9185,"Sb 15257","MDP 26S, 0339",Scheil1935MDP26,primary,"Supplément 339",,"Susa (mod. Shush)","Proto-Elamite (ca. 3100-2900 BC)",,"Louvre Museum, Paris, France",Administrative,clay,tablet,124.0,31.0,78.0,,,,,,,Good,,fragment,undetermined,,,,,,,,,,,0,,0,,0,,0,,,," ",0,0,,,0,0,0,0,,
9186,"Sb 15258","MDP 26S, 0340",Scheil1935MDP26,primary,"Supplément 340",,"Susa (mod. Shush)","Proto-Elamite (ca. 3100-2900 BC)",,"Louvre Museum, Paris, France",Administrative,clay,tablet,49.0,23.0,44.0,,,,,,,Fair,,fragment,undetermined,,,,,,,,,,,0,,0,,0,,0,,,," ",0,0,,,0,0,0,0,,
9187,"Sb 15259","MDP 26S, 0341",Scheil1935MDP26,primary,"Supplément 341",,"Susa (mod. Shush)","Proto-Elamite (ca. 3100-2900 BC)",,"Louvre Museum, Paris, France",Administrative,clay,tablet,,,,,,,,,,Poor,,fragment,undetermined,,,,,,,,,,,0,,0,,0,,0,,,," ",0,0,,,0,0,0,0,,
9188,"Sb 15260","MDP 26S, 0371",Scheil1935MDP26,primary,"Supplément 371",,"Susa (mod. Shush)","Proto-Elamite (ca. 3100-2900 BC)",,"Louvre Museum, Paris, France",Administrative,clay,tablet,70.0,18.0,50.0,,,,,,,Fair,,75%,undetermined,,,,,,,,,,,0,,0,,0,,0,,,," ",0,0,,,0,0,0,0,,
9189,"Sb 15261","MDP 26S, 0384",Scheil1935MDP26,primary,"Supplément 384",,"Susa (mod. Shush)","Proto-Elamite (ca. 3100-2900 BC)",,"Louvre Museum, Paris, France",Administrative,clay,tablet,48.0,17.0,39.0,,,,,,,Poor,,75%,undetermined,,,,,,,,,,,0,,0,,0,,0,,,," ",0,0,,,0,0,0,0,,
9190,"Sb 15262","MDP 26S, 4752",Scheil1935MDP26,primary,"Supplément 4752",,"Susa (mod. Shush)","Proto-Elamite (ca. 3100-2900 BC)",,"Louvre Museum, Paris, France",Administrative,clay,tablet,67.0,16.0,44.0,,,,,,,Fair,,75%,undetermined,,,,,,,,,,,0,,0,,0,,0,,,," ",0,0,,,0,0,0,0,,
9191,"Sb 15263","MDP 26S, 4753",Scheil1935MDP26,primary,"Supplément 4753",,"Susa (mod. Shush)","Proto-Elamite (ca. 3100-2900 BC)",,"Louvre Museum, Paris, France",Administrative,clay,tablet,66.0,14.0,45.0,,,,,,,Excellent,,complete,undetermined,,,,,,,,,,,0,,0,,0,,0,,,," ",0,0,,,0,0,0,0,,
9192,"Sb 15264","MDP 26S, 4754",Scheil1935MDP26,primary,"Supplément 4754",,"Susa (mod. Shush)","Proto-Elamite (ca. 3100-2900 BC)",,"Louvre Museum, Paris, France",Administrative,clay,tablet,56.0,19.0,47.0,,,,,,,Excellent,,75%,undetermined,,,,,,,,,,,0,,0,,0,,0,,,," ",0,0,,,0,0,0,0,,
9193,"Sb 15265","MDP 26S, 4755",Scheil1935MDP26,primary,"Supplément 4755",,"Susa (mod. Shush)","Proto-Elamite (ca. 3100-2900 BC)",,"Louvre Museum, Paris, France",Administrative,clay,tablet,56.0,16.0,51.0,,,,,,,Excellent,,75%,undetermined,,,,,,,,,,,0,,0,,0,,0,,,," ",0,0,,,0,0,0,0,,
9194,"Sb 15266","MDP 26S, 4756",Scheil1935MDP26,primary,"Supplément 4756",,"Susa (mod. Shush)","Proto-Elamite (ca. 3100-2900 BC)",,"Louvre Museum, Paris, France",Administrative,clay,tablet,71.0,14.0,33.0,,,,,,,Good,,50%,undetermined,,,,,,,,,,,0,,0,,0,,0,,,," ",0,0,,,0,0,0,0,,
9195,"Sb 15267","MDP 26S, 4757",Scheil1935MDP26,primary,"Supplément 4757",,"Susa (mod. Shush)","Proto-Elamite (ca. 3100-2900 BC)",,"Louvre Museum, Paris, France",Administrative,clay,tablet,63.0,18.0,47.0,,,,,,,Poor,,complete,undetermined,,,,,,,,,,,0,,0,,0,,0,,,," ",0,0,,,0,0,0,0,,
9196,"Sb 15268","MDP 26S, 4758",Scheil1935MDP26,primary,"Supplément 4758",,"Susa (mod. Shush)","Proto-Elamite (ca. 3100-2900 BC)",,"Louvre Museum, Paris, France",Administrative,clay,tablet,75.0,22.0,65.0,,,,,,,Poor,,complete,undetermined,,,,,,,,,,,0,,0,,0,,0,,,," ",0,0,,,0,0,0,0,,
9197,"Sb 15278","MDP 26S, 4759",Scheil1935MDP26,primary,"Supplément 4759",,"Susa (mod. Shush)","Proto-Elamite (ca. 3100-2900 BC)",,"Louvre Museum, Paris, France",Administrative,clay,tablet,34.0,15.0,40.0,,,,,,,Good,,25%,undetermined,,,,,,,,,,,0,,0,,0,,0,,,," ",0,0,,,0,0,0,0,,
9198,"Sb 15269","MDP 26S, 4760",Scheil1935MDP26,primary,"Supplément 4760",,"Susa (mod. Shush)","Proto-Elamite (ca. 3100-2900 BC)",,"Louvre Museum, Paris, France",Administrative,clay,tablet,66.0,17.0,47.0,,,,,,,Fair,,75%,undetermined,,,,,,,,,,,0,,0,,0,,0,,,," ",0,0,,,0,0,0,0,,
9199,"Sb 15270","MDP 26S, 4761",Scheil1935MDP26,primary,"Supplément 4761",,"Susa (mod. Shush)","Proto-Elamite (ca. 3100-2900 BC)",,"Louvre Museum, Paris, France",Administrative,clay,tablet,43.0,15.0,47.0,,,,,,,Good,,50%,undetermined,,,,,,,,,,,0,,0,,0,,0,,,," ",0,0,,,0,0,0,0,,
9200,"Sb 15271","MDP 26S, 4762",Scheil1935MDP26,primary,"Supplément 4762",,"Susa (mod. Shush)","Proto-Elamite (ca. 3100-2900 BC)",,"Louvre Museum, Paris, France",Administrative,clay,tablet,47.0,17.0,46.0,,,,,,,Fair,,50%,undetermined,,,,,,,,,,,0,,0,,0,,0,,,," ",0,0,,,0,0,0,0,,
9201,"Sb 15272","MDP 26S, 4763",Scheil1935MDP26,primary,"Supplément 4763",,"Susa (mod. Shush)","Proto-Elamite (ca. 3100-2900 BC)",,"Louvre Museum, Paris, France",Administrative,clay,tablet,34.0,17.0,47.0,,,,,,,Good,,fragment,undetermined,,,,,,,,,,,0,,0,,0,,0,,,," ",0,0,,,0,0,0,0,,
9202,"Sb 06365","MDP 26S, 4764",Scheil1935MDP26,primary,"Supplément 4764",,"Susa (mod. Shush)","Proto-Elamite (ca. 3100-2900 BC)",,"Louvre Museum, Paris, France",Administrative,clay,tablet,68.0,22.0,40.0,,,,,,,Fair,,complete,undetermined,,,,,,,,,,,0,,0,,0,,0,,,," ",0,0,,,0,0,0,0,,
9203,"Sb 15273","MDP 26S, 4765",Scheil1935MDP26,primary,"Supplément 4765",,"Susa (mod. Shush)","Proto-Elamite (ca. 3100-2900 BC)",,"Louvre Museum, Paris, France",Administrative,clay,tablet,53.0,15.0,54.0,,,,,,,Excellent,,fragment,undetermined,,,,,,,,,,,0,,0,,0,,0,,,," ",0,0,,,0,0,0,0,,
9204,"Sb 15274","MDP 26S, 4766",Scheil1935MDP26,primary,"Supplément 4766",,"Susa (mod. Shush)","Proto-Elamite (ca. 3100-2900 BC)",,"Louvre Museum, Paris, France",Administrative,clay,tablet,58.0,17.0,43.0,,,,,,,Excellent,,complete,undetermined,,,,,,,,,,,0,,0,,0,,0,,,," ",0,0,,,0,0,0,0,,
9205,"Sb 15275","MDP 26S, 4767",Scheil1935MDP26,primary,"Supplément 4767",,"Susa (mod. Shush)","Proto-Elamite (ca. 3100-2900 BC)",,"Louvre Museum, Paris, France",Administrative,clay,tablet,65.0,18.0,46.0,,,,,,,Good,,50%,undetermined,,,,,,,,,,,0,,0,,0,,0,,,," ",0,0,,,0,0,0,0,,
9206,"Sb 15276","MDP 26S, 4768",Scheil1935MDP26,primary,"Supplément 4768",,"Susa (mod. Shush)","Proto-Elamite (ca. 3100-2900 BC)",,"Louvre Museum, Paris, France",Administrative,clay,tablet,31.0,13.0,33.0,,,,,,,Excellent,,50%,undetermined,,,,,,,,,,,0,,0,,0,,0,,,," ",0,0,,,0,0,0,0,,
9207,"Sb 15277","MDP 26S, 4769",Scheil1935MDP26,primary,"Supplément 4769",,"Susa (mod. Shush)","Proto-Elamite (ca. 3100-2900 BC)",,"Louvre Museum, Paris, France",Administrative,clay,tablet,60.0,15.0,43.0,,,,,,,Excellent,,complete,undetermined,,,,,,,,,,,0,,0,,0,,0,,,," ",0,0,,,0,0,0,0,,
9208,"Sb 15279","MDP 26S, 4770",Scheil1935MDP26,primary,"Supplément 4770",,"Susa (mod. Shush)","Proto-Elamite (ca. 3100-2900 BC)",,"Louvre Museum, Paris, France",Administrative,clay,tablet,52.0,14.0,29.0,,,,,,,Fair,,complete,undetermined,,,,,,,,,,,0,,0,,0,,0,,,," ",0,0,,,0,0,0,0,,
9209,"Sb 15280","MDP 26S, 4771",Scheil1935MDP26,primary,"Supplément 4771",,"Susa (mod. Shush)","Proto-Elamite (ca. 3100-2900 BC)",,"Louvre Museum, Paris, France",Administrative,clay,tablet,45.0,15.0,33.0,,,,,,,Good,,complete,undetermined,,,,,,,,,,,0,,0,,0,,0,,,," ",0,0,,,0,0,0,0,,
9210,"Sb 15281","MDP 26S, 4772",Scheil1935MDP26,primary,"Supplément 4772",,"Susa (mod. Shush)","Proto-Elamite (ca. 3100-2900 BC)",,"Louvre Museum, Paris, France",Administrative,clay,tablet,40.0,15.0,35.0,,,,,,,Fair,,50%,undetermined,,,,,,,,,,,0,,0,,0,,0,,,," ",0,0,,,0,0,0,0,,
9211,"Sb 15282","MDP 26S, 4773",Scheil1935MDP26,primary,"Supplément 4773",,"Susa (mod. Shush)","Proto-Elamite (ca. 3100-2900 BC)",,"Louvre Museum, Paris, France",Administrative,clay,tablet,67.0,17.0,45.0,,,,,,,Excellent,,complete,undetermined,,,,,,,,,,,0,,0,,0,,0,,,," ",0,0,,,0,0,0,0,,
9213,"Sb 15285","MDP 26S, 4776",Scheil1935MDP26,primary,"Supplément 4776",,"Susa (mod. Shush)","Proto-Elamite (ca. 3100-2900 BC)",,"Louvre Museum, Paris, France",Administrative,clay,tablet,59.0,15.0,45.0,,,,,,,Poor,,complete,undetermined,,,,,,,,,,,0,,0,,0,,0,,,," ",0,0,,,0,0,0,0,,
9214,"Sb 15286","MDP 26S, 4777",Scheil1935MDP26,primary,"Supplément 4777",,"Susa (mod. Shush)","Proto-Elamite (ca. 3100-2900 BC)",,"Louvre Museum, Paris, France",Administrative,clay,tablet,39.0,16.0,39.0,,,,,,,Excellent,,50%,undetermined,,,,,,,,,,,0,,0,,0,,0,,,," ",0,0,,,0,0,0,0,,
9216,"Sb 15288","MDP 26S, 4779",Scheil1935MDP26,primary,"Supplément 4779",,"Susa (mod. Shush)","Proto-Elamite (ca. 3100-2900 BC)",,"Louvre Museum, Paris, France",Administrative,clay,tablet,64.0,15.0,37.0,,,,,,,Fair,,75%,undetermined,,,,,,,,,,,0,,0,,0,,0,,,," ",0,0,,,0,0,0,0,,
9217,"Sb 06408","MDP 26S, 4780",Scheil1935MDP26,primary,"Supplément 4780",,"Susa (mod. Shush)","Proto-Elamite (ca. 3100-2900 BC)",,"Louvre Museum, Paris, France",Administrative,clay,tablet,41.0,14.0,38.0,,,,,,,Excellent,,50%,undetermined,,,,,,,,,,,0,,0,,0,,0,,,," ",0,0,,,0,0,0,0,,
9219,"Sb 15289","MDP 26S, 4782",Scheil1935MDP26,primary,"Supplément 4782",,"Susa (mod. Shush)","Proto-Elamite (ca. 3100-2900 BC)",,"Louvre Museum, Paris, France",Administrative,clay,tablet,65.0,17.0,43.0,,,,,,,Poor,,complete,undetermined,,,,,,,,,,,0,,0,,0,,0,,,," ",0,0,,,0,0,0,0,,
9220,"Sb 15290","MDP 26S, 4783",Scheil1935MDP26,primary,"Supplément 4783",,"Susa (mod. Shush)","Proto-Elamite (ca. 3100-2900 BC)",,"Louvre Museum, Paris, France",Administrative,clay,tablet,61.0,16.0,42.0,,,,,,,Fair,,75%,undetermined,,,,,,,,,,,0,,0,,0,,0,,,," ",0,0,,,0,0,0,0,,
9221,"Sb 15291","MDP 26S, 4784",Scheil1935MDP26,primary,"Supplément 4784",,"Susa (mod. Shush)","Proto-Elamite (ca. 3100-2900 BC)",,"Louvre Museum, Paris, France",Administrative,clay,tablet,56.0,13.0,47.0,,,,,,,Excellent,,fragment,undetermined,,,,,,,,,,,0,,0,,0,,0,,,," ",0,0,,,0,0,0,0,,
9222,"Sb 15293","MDP 26S, 4785",Scheil1935MDP26,primary,"Supplément 4785",,"Susa (mod. Shush)","Proto-Elamite (ca. 3100-2900 BC)",,"Louvre Museum, Paris, France",Administrative,clay,tablet,28.0,16.0,34.0,,,,,,,Excellent,,50%,undetermined,,,,,,,,,,,0,,0,,0,,0,,,," ",0,0,,,0,0,0,0,,
9223,"Sb 15292","MDP 26S, 4786",Scheil1935MDP26,primary,"Supplément 4786",,"Susa (mod. Shush)","Proto-Elamite (ca. 3100-2900 BC)",,"Louvre Museum, Paris, France",Administrative,clay,tablet,67.0,16.0,51.0,,,,,,,Excellent,,75%,undetermined,,,,,,,,,,,0,,0,,0,,0,,,," ",0,0,,,0,0,0,0,,
9224,"Sb 15294","MDP 26S, 4787",Scheil1935MDP26,primary,"Supplément 4787",,"Susa (mod. Shush)","Proto-Elamite (ca. 3100-2900 BC)",,"Louvre Museum, Paris, France",Administrative,clay,tablet,77.0,32.0,63.0,,,,,,,Good,,fragment,undetermined,,,,,,,,,,,0,,0,,0,,0,,,," ",0,0,,,0,0,0,0,,
9225,"Sb 15295","MDP 26S, 4788",Scheil1935MDP26,primary,"Supplément 4788",,"Susa (mod. Shush)","Proto-Elamite (ca. 3100-2900 BC)",,"Louvre Museum, Paris, France",Administrative,clay,tablet,44.0,17.0,54.0,,,,,,,Good,,50%,undetermined,,,,,,,,,,,0,,0,,0,,0,,,," ",0,0,,,0,0,0,0,,
9226,"Sb 15296","MDP 26S, 4789",Scheil1935MDP26,primary,"Supplément 4789",,"Susa (mod. Shush)","Proto-Elamite (ca. 3100-2900 BC)",,"Louvre Museum, Paris, France",Administrative,clay,tablet,52.0,15.0,28.0,,,,,,,Fair,,75%,undetermined,,,,,,,,,,,0,,0,,0,,0,,,," ",0,0,,,0,0,0,0,,
9227,"Sb 15297","MDP 26S, 4790",Scheil1935MDP26,primary,"Supplément 4790",,"Susa (mod. Shush)","Proto-Elamite (ca. 3100-2900 BC)",,"Louvre Museum, Paris, France",Administrative,clay,tablet,69.0,15.0,47.0,,,,,,,Fair,,complete,undetermined,,,,,,,,,,,0,,0,,0,,0,,,," ",0,0,,,0,0,0,0,,
9228,"Sb 15298","MDP 26S, 4791",Scheil1935MDP26,primary,"Supplément 4791",,"Susa (mod. Shush)","Proto-Elamite (ca. 3100-2900 BC)",,"Louvre Museum, Paris, France",Administrative,clay,tablet,46.0,17.0,48.0,,,,,,,Excellent,,50%,undetermined,,,,,,,,,,,0,,0,,0,,0,,,," ",0,0,,,0,0,0,0,,
9229,"Sb 06356","MDP 26S, 4792",Scheil1935MDP26,primary,"Supplément 4792",,"Susa (mod. Shush)","Proto-Elamite (ca. 3100-2900 BC)",,"Louvre Museum, Paris, France",Administrative,clay,tablet,32.0,15.0,40.0,,,,,,,Excellent,,50%,undetermined,,,,,,,,,,,0,,0,,0,,0,,,," ",0,0,,,0,0,0,0,,
9230,"Sb 15299","MDP 26S, 4793",Scheil1935MDP26,primary,"Supplément 4793",,"Susa (mod. Shush)","Proto-Elamite (ca. 3100-2900 BC)",,"Louvre Museum, Paris, France",Administrative,clay,tablet,61.0,16.0,40.0,,,,,,,Poor,,complete,undetermined,,,,,,,,,,,0,,0,,0,,0,,,," ",0,0,,,0,0,0,0,,
9231,"Sb 15301","MDP 26S, 4795",Scheil1935MDP26,primary,"Supplément 4795",,"Susa (mod. Shush)","Proto-Elamite (ca. 3100-2900 BC)",,"Louvre Museum, Paris, France",Administrative,clay,tablet,56.0,15.0,39.0,,,,,,,Fair,,complete,undetermined,,,,,,,,,,,0,,0,,0,,0,,,," ",0,0,,,0,0,0,0,,
9232,"Sb 15300","MDP 26S, 4796",Scheil1935MDP26,primary,"Supplément 4796",,"Susa (mod. Shush)","Proto-Elamite (ca. 3100-2900 BC)",,"Louvre Museum, Paris, France",Administrative,clay,tablet,70.0,18.0,49.0,,,,,,,Good,,75%,undetermined,,,,,,,,,,,0,,0,,0,,0,,,," ",0,0,,,0,0,0,0,,
9233,"Sb 15303","MDP 26S, 4797",Scheil1935MDP26,primary,"Supplément 4797",,"Susa (mod. Shush)","Proto-Elamite (ca. 3100-2900 BC)",,"Louvre Museum, Paris, France",Administrative,clay,tablet,56.0,16.0,49.0,,,,,,,Good,,75%,undetermined,,,,,,,,,,,0,,0,,0,,0,,,," ",0,0,,,0,0,0,0,,
9234,"Sb 15304","MDP 26S, 4799",Scheil1935MDP26,primary,"Supplément 4799",,"Susa (mod. Shush)","Proto-Elamite (ca. 3100-2900 BC)",,"Louvre Museum, Paris, France",Administrative,clay,tablet,45.0,16.0,34.0,,,,,,,Excellent,,75%,undetermined,,,,,,,,,,,0,,0,,0,,0,,,," ",0,0,,,0,0,0,0,,
9235,"Sb 15305","MDP 26S, 4800",Scheil1935MDP26,primary,"Supplément 4800",,"Susa (mod. Shush)","Proto-Elamite (ca. 3100-2900 BC)",,"Louvre Museum, Paris, France",Administrative,clay,tablet,68.0,16.0,52.0,,,,,,,Poor,,75%,undetermined,,,,,,,,,,,0,,0,,0,,0,,,," ",0,0,,,0,0,0,0,,
9236,"Sb 15306","MDP 26S, 4801",Scheil1935MDP26,primary,"Supplément 4801",,"Susa (mod. Shush)","Proto-Elamite (ca. 3100-2900 BC)",,"Louvre Museum, Paris, France",Administrative,clay,tablet,50.0,28.0,37.0,,,,,,,Good,,complete,undetermined,,,,,,,,,,,0,,0,,0,,0,,,," ",0,0,,,0,0,0,0,,
9237,"Sb 15307","MDP 26S, 4802",Scheil1935MDP26,primary,"Supplément 4802",,"Susa (mod. Shush)","Proto-Elamite (ca. 3100-2900 BC)",,"Louvre Museum, Paris, France",Administrative,clay,tablet,67.0,18.0,46.0,,,,,,,Good,,75%,undetermined,,,,,,,,,,,0,,0,,0,,0,,,," ",0,0,,,0,0,0,0,,
9238,"Sb 04837","MDP 26S, 4803",Scheil1935MDP26,primary,"Supplément 4803",,"Susa (mod. Shush)","Proto-Elamite (ca. 3100-2900 BC)",,"Louvre Museum, Paris, France",Administrative,clay,tablet,,,,,,,,,,,,,undetermined,,,,,,,,,,,0,,0,,0,,0,,,," ",0,0,,,0,0,0,0,,
9239,"Sb 15308","MDP 26S, 4804",Scheil1935MDP26,primary,"Supplément 4804",,"Susa (mod. Shush)","Proto-Elamite (ca. 3100-2900 BC)",,"Louvre Museum, Paris, France",Administrative,clay,tablet,71.0,17.0,57.0,,,,,,,Poor,,75%,undetermined,,,,,,,,,,,0,,0,,0,,0,,,," ",0,0,,,0,0,0,0,,
9240,"Sb 15223","MDP 26S, 4805",Scheil1935MDP26,primary,"Supplément 4805",,"Susa (mod. Shush)","Proto-Elamite (ca. 3100-2900 BC)",,"Louvre Museum, Paris, France",Administrative,clay,tablet,68.0,16.0,51.0,,,,,,,Fair,,75%,undetermined,,,,,,,,,,,0,,0,,0,,0,,,," ",0,0,,,0,0,0,0,,
9241,"Sb 15309","MDP 26S, 4806",Scheil1935MDP26,primary,"Supplément 4806",,"Susa (mod. Shush)","Proto-Elamite (ca. 3100-2900 BC)",,"Louvre Museum, Paris, France",Administrative,clay,tablet,36.0,14.0,54.0,,,,,,,Excellent,,fragment,undetermined,,,,,,,,,,,0,,0,,0,,0,,,," ",0,0,,,0,0,0,0,,
9242,"Sb 15310","MDP 26S, 4835",Scheil1935MDP26,primary,"Supplément 4835",,"Susa (mod. Shush)","Proto-Elamite (ca. 3100-2900 BC)",,"Louvre Museum, Paris, France",Administrative,clay,tablet,92.0,48.0,93.0,,,,,,,Fair,,fragment,undetermined,,,,,,,,,,,0,,0,,0,,0,,,," ",0,0,,,0,0,0,0,,
9243,"Sb 15311","MDP 26S, 4836",Scheil1935MDP26,primary,"Supplément 4836",,"Susa (mod. Shush)","Proto-Elamite (ca. 3100-2900 BC)",,"Louvre Museum, Paris, France",Administrative,clay,tablet,105.0,34.0,67.0,,,,,,,Good,,fragment,undetermined,,,,,,,,,,,0,,0,,0,,0,,,," ",0,0,,,0,0,0,0,,
9244,"Sb 15312","MDP 26S, 4837",Scheil1935MDP26,primary,"Supplément 4837",,"Susa (mod. Shush)","Proto-Elamite (ca. 3100-2900 BC)",,"Louvre Museum, Paris, France",Administrative,clay,tablet,50.0,23.0,48.0,,,,,,,Fair,,fragment,undetermined,,,,,,,,,,,0,,0,,0,,0,,,," ",0,0,,,0,0,0,0,,
9245,"Sb 15313","MDP 26S, 4838",Scheil1935MDP26,primary,"Supplément 4838",,"Susa (mod. Shush)","Proto-Elamite (ca. 3100-2900 BC)",,"Louvre Museum, Paris, France",Administrative,clay,tablet,48.0,17.0,47.0,,,,,,,Fair,,50%,undetermined,,,,,,,,,,,0,,0,,0,,0,,,," ",0,0,,,0,0,0,0,,
9246,"Sb 15314","MDP 26S, 4839",Scheil1935MDP26,primary,"Supplément 4839",,"Susa (mod. Shush)","Proto-Elamite (ca. 3100-2900 BC)",,"Louvre Museum, Paris, France",Administrative,clay,tablet,39.0,18.0,46.0,,,,,,,Good,,25%,undetermined,,,,,,,,,,,0,,0,,0,,0,,,," ",0,0,,,0,0,0,0,,
9247,"Sb 15315","MDP 26S, 4840",Scheil1935MDP26,primary,"Supplément 4840",,"Susa (mod. Shush)","Proto-Elamite (ca. 3100-2900 BC)",,"Louvre Museum, Paris, France",Administrative,clay,tablet,35.0,17.0,41.0,,,,,,,Good,,50%,undetermined,,,,,,,,,,,0,,0,,0,,0,,,," ",0,0,,,0,0,0,0,,
9248,"Sb 15316","MDP 26S, 4841",Scheil1935MDP26,primary,"Supplément 4841",,"Susa (mod. Shush)","Proto-Elamite (ca. 3100-2900 BC)",,"Louvre Museum, Paris, France",Administrative,clay,tablet,54.0,15.0,36.0,,,,,,,Fair,,75%,undetermined,,,,,,,,,,,0,,0,,0,,0,,,," ",0,0,,,0,0,0,0,,
9249,"Sb 15319","MDP 26S, 4844",Scheil1935MDP26,primary,"Supplément 4844",,"Susa (mod. Shush)","Proto-Elamite (ca. 3100-2900 BC)",,"Louvre Museum, Paris, France",Administrative,clay,tablet,75.0,19.0,66.0,,,,,,,Fair,,75%,undetermined,,,,,,,,,,,0,,0,,0,,0,,,," ",0,0,,,0,0,0,0,,
9250,"Sb 15320","MDP 26S, 4845",Scheil1935MDP26,primary,"Supplément 4845",,"Susa (mod. Shush)","Proto-Elamite (ca. 3100-2900 BC)",,"Louvre Museum, Paris, France",Administrative,clay,tablet,52.0,28.0,51.0,,,,,,,Good,,50%,undetermined,,,,,,,,,,,0,,0,,0,,0,,,," ",0,0,,,0,0,0,0,,
9251,"Sb 15321 + Sb 15243","MDP 26S, 4846 + 5241",Scheil1935MDP26,primary,"Supplément 4846 + 5241",,"Susa (mod. Shush)","Proto-Elamite (ca. 3100-2900 BC)",,"Louvre Museum, Paris, France",Administrative,clay,tablet,98.0,35.0,95.0,,,,,,,Fair,,fragment,undetermined,,,,,,,,,,,0,,0,,0,,0,,,," ",0,0,,,0,0,0,0,,
9252,"Sb 15322","MDP 26S, 4847",Scheil1935MDP26,primary,"Supplément 4847",,"Susa (mod. Shush)","Proto-Elamite (ca. 3100-2900 BC)",,"Louvre Museum, Paris, France",Administrative,clay,tablet,78.0,23.0,67.0,,,,,,,Fair,,75%,undetermined,,,,,,,,,,,0,,0,,0,,0,,,," ",0,0,,,0,0,0,0,,
9253,"Sb 15339","MDP 26S, 4848",Scheil1935MDP26,primary,"Supplément 4848",,"Susa (mod. Shush)","Proto-Elamite (ca. 3100-2900 BC)",,"Louvre Museum, Paris, France",Administrative,clay,tablet,,,,,,,,,,,,,undetermined,,,,,,,,,,,0,,0,,0,,0,,,," ",0,0,,,0,0,0,0,,
9255,"Sb 15323","MDP 26S, 5008",Scheil1935MDP26,primary,"Supplément 5008",,"Susa (mod. Shush)","Proto-Elamite (ca. 3100-2900 BC)",,"Louvre Museum, Paris, France",Administrative,clay,tablet,79.0,17.0,57.0,,,,,,,Poor,,complete,undetermined,,,,,,,,,,,0,,0,,0,,0,,,," ",0,0,,,0,0,0,0,,
9256,"Sb 15324","MDP 26S, 5010",Scheil1935MDP26,primary,"Supplément 5010",,"Susa (mod. Shush)","Proto-Elamite (ca. 3100-2900 BC)",,"Louvre Museum, Paris, France",Administrative,clay,tablet,48.0,16.0,49.0,,,,,,,Good,,fragment,undetermined,,,,,,,,,,,0,,0,,0,,0,,,," ",0,0,,,0,0,0,0,,
9257,"Sb 06410","MDP 26S, 5011",Scheil1935MDP26,primary,"Supplément 5011",,"Susa (mod. Shush)","Proto-Elamite (ca. 3100-2900 BC)",,"Louvre Museum, Paris, France",Administrative,clay,tablet,,,,,,,,,,,,,undetermined,,,,,,,,,,"Fouilles J. de Morgan",0,,0,,0,,0,,,," ",0,0,,,0,0,0,0,,
9258,"Sb 15456","MDP 26S, 5012",Scheil1935MDP26,primary,"Supplément 5012",,"Susa (mod. Shush)","Proto-Elamite (ca. 3100-2900 BC)",,"Louvre Museum, Paris, France",Administrative,clay,tablet,68.0,20.0,85.0,,,,,,,Fair,,50%,undetermined,,,,,,,,,,,0,,0,,0,,0,,,," ",0,0,,,0,0,0,0,,
9259,"Sb 15325","MDP 26S, 5016",Scheil1935MDP26,primary,"Supplément 5016",,"Susa (mod. Shush)","Proto-Elamite (ca. 3100-2900 BC)",,"Louvre Museum, Paris, France",Administrative,clay,tablet,57.0,16.0,42.0,,,,,,,Fair,,75%,undetermined,,,,,,,,,,,0,,0,,0,,0,,,," ",0,0,,,0,0,0,0,,
9260,"Sb 15326","MDP 26S, 5017",Scheil1935MDP26,primary,"Supplément 5017",,"Susa (mod. Shush)","Proto-Elamite (ca. 3100-2900 BC)",,"Louvre Museum, Paris, France",Administrative,clay,tablet,41.0,14.0,25.0,,,,,,,Good,,fragment,undetermined,,,,,,,,,,,0,,0,,0,,0,,,," ",0,0,,,0,0,0,0,,
9261,"Sb 15327","MDP 26S, 5018",Scheil1935MDP26,primary,"Supplément 5018",,"Susa (mod. Shush)","Proto-Elamite (ca. 3100-2900 BC)",,"Louvre Museum, Paris, France",Administrative,clay,tablet,32.0,12.0,21.0,,,,,,,Fair,,fragment,undetermined,,,,,,,,,,,0,,0,,0,,0,,,," ",0,0,,,0,0,0,0,,
9262,"Sb 15328","MDP 26S, 5019 + 5027 + 5032",Scheil1935MDP26,primary,"Supplément 5019 + 5027 + 5032",,"Susa (mod. Shush)","Proto-Elamite (ca. 3100-2900 BC)",,"Louvre Museum, Paris, France",Administrative,clay,tablet,41.0,22.0,25.0,,,,,,,Good,,fragment,undetermined,,,,,,,,,,,0,,0,,0,,0,,,," ",0,0,,,0,0,0,0,,
9263,"Sb 15329","MDP 26S, 5020",Scheil1935MDP26,primary,"Supplément 5020",,"Susa (mod. Shush)","Proto-Elamite (ca. 3100-2900 BC)",,"Louvre Museum, Paris, France",Administrative,clay,tablet,35.0,13.0,27.0,,,,,,,Good,,50%,undetermined,,,,,,,,,,,0,,0,,0,,0,,,," ",0,0,,,0,0,0,0,,
9264,"Sb 15330","MDP 26S, 5021",Scheil1935MDP26,primary,"Supplément 5021",,"Susa (mod. Shush)","Proto-Elamite (ca. 3100-2900 BC)",,"Louvre Museum, Paris, France",Administrative,clay,tablet,34.0,13.0,25.0,,,,,,,Good,,fragment,undetermined,,,,,,,,,,,0,,0,,0,,0,,,," ",0,0,,,0,0,0,0,,
9265,"Sb 15331","MDP 26S, 5022",Scheil1935MDP26,primary,"Supplément 5022",,"Susa (mod. Shush)","Proto-Elamite (ca. 3100-2900 BC)",,"Louvre Museum, Paris, France",Administrative,clay,tablet,31.0,9.0,22.0,,,,,,,Good,,fragment,undetermined,,,,,,,,,,,0,,0,,0,,0,,,," ",0,0,,,0,0,0,0,,
9266,"Sb 15332","MDP 26S, 5023",Scheil1935MDP26,primary,"Supplément 5023",,"Susa (mod. Shush)","Proto-Elamite (ca. 3100-2900 BC)",,"Louvre Museum, Paris, France",Administrative,clay,tablet,27.0,14.0,40.0,,,,,,,Fair,,fragment,undetermined,,,,,,,,,,,0,,0,,0,,0,,,," ",0,0,,,0,0,0,0,,
9267,"Sb 15333","MDP 26S, 5024",Scheil1935MDP26,primary,"Supplément 5024",,"Susa (mod. Shush)","Proto-Elamite (ca. 3100-2900 BC)",,"Louvre Museum, Paris, France",Administrative,clay,tablet,28.0,15.0,29.0,,,,,,,Fair,,fragment,undetermined,,,,,,,,,,,0,,0,,0,,0,,,," ",0,0,,,0,0,0,0,,
9269,"Sb 15335","MDP 26S, 5026",Scheil1935MDP26,primary,"Supplément 5026",,"Susa (mod. Shush)","Proto-Elamite (ca. 3100-2900 BC)",,"Louvre Museum, Paris, France",Administrative,clay,tablet,31.0,20.0,28.0,,,,,,,Excellent,,fragment,undetermined,,,,,,,,,,,0,,0,,0,,0,,,," ",0,0,,,0,0,0,0,,
9270,"Sb 15336","MDP 26S, 5027",Scheil1935MDP26,primary,"Supplément 5027",,"Susa (mod. Shush)","Proto-Elamite (ca. 3100-2900 BC)",,"Louvre Museum, Paris, France",Administrative,clay,tablet,37.0,25.0,30.0,,,,,,,Excellent,,fragment,undetermined,,,,,,,,,,,0,,0,,0,,0,,,," ",0,0,,,0,0,0,0,,
9271,"Sb 15337","MDP 26S, 5028",Scheil1935MDP26,primary,"Supplément 5028",,"Susa (mod. Shush)","Proto-Elamite (ca. 3100-2900 BC)",,"Louvre Museum, Paris, France",Administrative,clay,tablet,32.0,21.0,35.0,,,,,,,Fair,,fragment,undetermined,,,,,,,,,,,0,,0,,0,,0,,,," ",0,0,,,0,0,0,0,,
9272,"Sb 15338","MDP 26S, 5029",Scheil1935MDP26,primary,"Supplément 5029",,"Susa (mod. Shush)","Proto-Elamite (ca. 3100-2900 BC)",,"Louvre Museum, Paris, France",Administrative,clay,tablet,38.0,13.0,32.0,,,,,,,Fair,,fragment,undetermined,,,,,,,,,,,0,,0,,0,,0,,,," ",0,0,,,0,0,0,0,,
9273,"Sb 15340","MDP 26S, 5030",Scheil1935MDP26,primary,"Supplément 5030",,"Susa (mod. Shush)","Proto-Elamite (ca. 3100-2900 BC)",,"Louvre Museum, Paris, France",Administrative,clay,tablet,40.0,15.0,31.0,,,,,,,Good,,fragment,undetermined,,,,,,,,,,,0,,0,,0,,0,,,," ",0,0,,,0,0,0,0,,
9274,"Sb 15341","MDP 26S, 5031",Scheil1935MDP26,primary,"Supplément 5031",,"Susa (mod. Shush)","Proto-Elamite (ca. 3100-2900 BC)",,"Louvre Museum, Paris, France",Administrative,clay,tablet,35.0,13.0,40.0,,,,,,,Poor,,fragment,undetermined,,,,,,,,,,,0,,0,,0,,0,,,," ",0,0,,,0,0,0,0,,
9275,"Sb 15342","MDP 26S, 5032",Scheil1935MDP26,primary,"Supplément 5032",,"Susa (mod. Shush)","Proto-Elamite (ca. 3100-2900 BC)",,"Louvre Museum, Paris, France",Administrative,clay,tablet,43.0,24.0,26.0,,,,,,,Excellent,,fragment,undetermined,,,,,,,,,,,0,,0,,0,,0,,,," ",0,0,,,0,0,0,0,,
9276,"Sb 15343","MDP 26S, 5033",Scheil1935MDP26,primary,"Supplément 5033",,"Susa (mod. Shush)","Proto-Elamite (ca. 3100-2900 BC)",,"Louvre Museum, Paris, France",Administrative,clay,tablet,39.0,14.0,35.0,,,,,,,Good,,50%,undetermined,,,,,,,,,,,0,,0,,0,,0,,,," ",0,0,,,0,0,0,0,,
9277,"Sb 15344","MDP 26S, 5034",Scheil1935MDP26,primary,"Supplément 5034",,"Susa (mod. Shush)","Proto-Elamite (ca. 3100-2900 BC)",,"Louvre Museum, Paris, France",Administrative,clay,tablet,41.0,15.0,29.0,,,,,,,Good,,fragment,undetermined,,,,,,,,,,,0,,0,,0,,0,,,," ",0,0,,,0,0,0,0,,
9278,"Sb 15345","MDP 26S, 5035",Scheil1935MDP26,primary,"Supplément 5035",,"Susa (mod. Shush)","Proto-Elamite (ca. 3100-2900 BC)",,"Louvre Museum, Paris, France",Administrative,clay,tablet,45.0,13.0,40.0,,,,,,,Fair,,fragment,undetermined,,,,,,,,,,,0,,0,,0,,0,,,," ",0,0,,,0,0,0,0,,
9279,"Sb 15346","MDP 26S, 5036",Scheil1935MDP26,primary,"Supplément 5036",,"Susa (mod. Shush)","Proto-Elamite (ca. 3100-2900 BC)",,"Louvre Museum, Paris, France",Administrative,clay,tablet,68.0,14.0,38.0,,,,,,,Good,,50%,undetermined,,,,,,,,,,,0,,0,,0,,0,,,," ",0,0,,,0,0,0,0,,
9280,"Sb 15347","MDP 26S, 5037",Scheil1935MDP26,primary,"Supplément 5037",,"Susa (mod. Shush)","Proto-Elamite (ca. 3100-2900 BC)",,"Louvre Museum, Paris, France",Administrative,clay,tablet,42.0,16.0,38.0,,,,,,,Fair,,50%,undetermined,,,,,,,,,,,0,,0,,0,,0,,,," ",0,0,,,0,0,0,0,,
9281,"Sb 15348","MDP 26S, 5038",Scheil1935MDP26,primary,"Supplément 5038",,"Susa (mod. Shush)","Proto-Elamite (ca. 3100-2900 BC)",,"Louvre Museum, Paris, France",Administrative,clay,tablet,53.0,17.0,53.0,,,,,,,Fair,,50%,undetermined,,,,,,,,,,,0,,0,,0,,0,,,," ",0,0,,,0,0,0,0,,
9282,"Sb 15349","MDP 26S, 5039",Scheil1935MDP26,primary,"Supplément 5039",,"Susa (mod. Shush)","Proto-Elamite (ca. 3100-2900 BC)",,"Louvre Museum, Paris, France",Administrative,clay,tablet,40.0,18.0,34.0,,,,,,,Fair,,50%,undetermined,,,,,,,,,,,0,,0,,0,,0,,,," ",0,0,,,0,0,0,0,,
9283,"Sb 15350","MDP 26S, 5040",Scheil1935MDP26,primary,"Supplément 5040",,"Susa (mod. Shush)","Proto-Elamite (ca. 3100-2900 BC)",,"Louvre Museum, Paris, France",Administrative,clay,tablet,52.0,14.0,52.0,,,,,,,Good,,fragment,undetermined,,,,,,,,,,,0,,0,,0,,0,,,," ",0,0,,,0,0,0,0,,
9284,"Sb 15351","MDP 26S, 5041",Scheil1935MDP26,primary,"Supplément 5041",,"Susa (mod. Shush)","Proto-Elamite (ca. 3100-2900 BC)",,"Louvre Museum, Paris, France",Administrative,clay,tablet,52.0,11.0,47.0,,,,,,,Good,,fragment,undetermined,,,,,,,,,,,0,,0,,0,,0,,,," ",0,0,,,0,0,0,0,,
9285,"Sb 15352","MDP 26S, 5042",Scheil1935MDP26,primary,"Supplément 5042",,"Susa (mod. Shush)","Proto-Elamite (ca. 3100-2900 BC)",,"Louvre Museum, Paris, France",Administrative,clay,tablet,62.0,22.0,43.0,,,,,,,Fair,,fragment,undetermined,,,,,,,,,,,0,,0,,0,,0,,,," ",0,0,,,0,0,0,0,,
9286,"Sb 15353","MDP 26S, 5043",Scheil1935MDP26,primary,"Supplément 5043",,"Susa (mod. Shush)","Proto-Elamite (ca. 3100-2900 BC)",,"Louvre Museum, Paris, France",Administrative,clay,tablet,48.0,16.0,48.0,,,,,,,Poor,,50%,undetermined,,,,,,,,,,,0,,0,,0,,0,,,," ",0,0,,,0,0,0,0,,
9287,"Sb 15354","MDP 26S, 5044",Scheil1935MDP26,primary,"Supplément 5044",,"Susa (mod. Shush)","Proto-Elamite (ca. 3100-2900 BC)",,"Louvre Museum, Paris, France",Administrative,clay,tablet,45.0,19.0,45.0,,,,,,,Fair,,fragment,undetermined,,,,,,,,,,,0,,0,,0,,0,,,," ",0,0,,,0,0,0,0,,
9288,"Sb 15355","MDP 26S, 5045",Scheil1935MDP26,primary,"Supplément 5045",,"Susa (mod. Shush)","Proto-Elamite (ca. 3100-2900 BC)",,"Louvre Museum, Paris, France",Administrative,clay,tablet,44.0,24.0,57.0,,,,,,,Fair,,50%,undetermined,,,,,,,,,,,0,,0,,0,,0,,,," ",0,0,,,0,0,0,0,,
9289,"Sb 15356","MDP 26S, 5046",Scheil1935MDP26,primary,"Supplément 5046",,"Susa (mod. Shush)","Proto-Elamite (ca. 3100-2900 BC)",,"Louvre Museum, Paris, France",Administrative,clay,tablet,29.0,14.0,29.0,,,,,,,Good,,50%,undetermined,,,,,,,,,,,0,,0,,0,,0,,,," ",0,0,,,0,0,0,0,,
9290,"Sb 15357","MDP 26S, 5047",Scheil1935MDP26,primary,"Supplément 5047",,"Susa (mod. Shush)","Proto-Elamite (ca. 3100-2900 BC)",,"Louvre Museum, Paris, France",Administrative,clay,tablet,52.0,11.0,12.0,,,,,,,Good,,fragment,undetermined,,,,,,,,,,,0,,0,,0,,0,,,," ",0,0,,,0,0,0,0,,
9291,"Sb 15358","MDP 26S, 5049",Scheil1935MDP26,primary,"Supplément 5049",,"Susa (mod. Shush)","Proto-Elamite (ca. 3100-2900 BC)",,"Louvre Museum, Paris, France",Administrative,clay,tablet,36.0,16.0,31.0,,,,,,,Good,,fragment,undetermined,,,,,,,,,,,0,,0,,0,,0,,,," ",0,0,,,0,0,0,0,,
9292,"Sb 15359","MDP 26S, 5050",Scheil1935MDP26,primary,"Supplément 5050",,"Susa (mod. Shush)","Proto-Elamite (ca. 3100-2900 BC)",,"Louvre Museum, Paris, France",Administrative,clay,tablet,34.0,11.0,41.0,,,,,,,Good,,fragment,undetermined,,,,,,,,,,,0,,0,,0,,0,,,," ",0,0,,,0,0,0,0,,
9293,unknown,"MDP 26S, 5051",Scheil1935MDP26,primary,"Supplément 5051",,"Susa (mod. Shush)","Proto-Elamite (ca. 3100-2900 BC)",,,Administrative,clay,tablet,,,,,,,,,,,,,undetermined,,,,,,,,,,,0,,0,,0,,0,,,," ",0,0,,,0,0,0,0,,
9294,"Sb 15360","MDP 26S, 5053",Scheil1935MDP26,primary,"Supplément 5053",,"Susa (mod. Shush)","Proto-Elamite (ca. 3100-2900 BC)",,"Louvre Museum, Paris, France",Administrative,clay,tablet,29.0,15.0,21.0,,,,,,,Excellent,,fragment,undetermined,,,,,,,,,,,0,,0,,0,,0,,,," ",0,0,,,0,0,0,0,,
9295,"Sb 15362","MDP 26S, 5056",Scheil1935MDP26,primary,"Supplément 5056",,"Susa (mod. Shush)","Proto-Elamite (ca. 3100-2900 BC)",,"Louvre Museum, Paris, France",Administrative,clay,tablet,63.0,25.0,33.0,,,,,,,Fair,,fragment,undetermined,,,,,,,,,,,0,,0,,0,,0,,,," ",0,0,,,0,0,0,0,,
9296,"Sb 15363","MDP 26S, 5196",Scheil1935MDP26,primary,"Supplément 5196",,"Susa (mod. Shush)","Proto-Elamite (ca. 3100-2900 BC)",,"Louvre Museum, Paris, France",Administrative,clay,tablet,,,,,,,,,,,,,undetermined,,,,,,,,,,,0,,0,,0,,0,,,," ",0,0,,,0,0,0,0,,
9297,"Sb 15364","MDP 26S, 5197","Scheil1905MDP6; Scheil1935MDP26","history; primary","5001; Supplément 5197","; ","Susa (mod. Shush)","Proto-Elamite (ca. 3100-2900 BC)",,"Louvre Museum, Paris, France",Administrative,clay,tablet,88.0,14.0,49.0,,,,,,,Fair,,fragment,undetermined,,,,,,,,,,,0,,0,,0,,0,,,," ",0,0,,,0,0,0,0,,
9298,"Sb 15365","MDP 26S, 5198",Scheil1935MDP26,primary,"Supplément 5198",,"Susa (mod. Shush)","Proto-Elamite (ca. 3100-2900 BC)",,"Louvre Museum, Paris, France",Administrative,clay,tablet,53.0,28.0,26.0,,,,,,,Excellent,,fragment,undetermined,,,,,,,,,,,0,,0,,0,,0,,,," ",0,0,,,0,0,0,0,,
9299,"Sb 15366","MDP 26S, 5199",Scheil1935MDP26,primary,"Supplément 5199",,"Susa (mod. Shush)","Proto-Elamite (ca. 3100-2900 BC)",,"Louvre Museum, Paris, France",Administrative,clay,tablet,31.0,16.0,36.0,,,,,,,Good,,50%,undetermined,,,,,,,,,,,0,,0,,0,,0,,,," ",0,0,,,0,0,0,0,,
9300,"Sb 15241","MDP 26S, 5200",Scheil1935MDP26,primary,"Supplément 5200",,"Susa (mod. Shush)","Proto-Elamite (ca. 3100-2900 BC)",,"Louvre Museum, Paris, France",Administrative,clay,tablet,46.0,14.0,34.0,,,,,,,Fair,,complete,undetermined,,,,,,,,,,,0,,0,,0,,0,,,," ",0,0,,,0,0,0,0,,
9301,"Sb 15367","MDP 26S, 5201",Scheil1935MDP26,primary,"Supplément 5201",,"Susa (mod. Shush)","Proto-Elamite (ca. 3100-2900 BC)",,"Louvre Museum, Paris, France",Administrative,clay,tablet,37.0,14.0,66.0,,,,,,,Fair,,fragment,undetermined,,,,,,,,,,,0,,0,,0,,0,,,," ",0,0,,,0,0,0,0,,
9302,"Sb 15368","MDP 26S, 5202",Scheil1935MDP26,primary,"Supplément 5202",,"Susa (mod. Shush)","Proto-Elamite (ca. 3100-2900 BC)",,"Louvre Museum, Paris, France",Administrative,clay,tablet,39.0,12.0,30.0,,,,,,,Good,,complete,undetermined,,,,,,,,,,,0,,0,,0,,0,,,," ",0,0,,,0,0,0,0,,
9303,"Sb 15369","MDP 26S, 5203",Scheil1935MDP26,primary,"Supplément 5203",,"Susa (mod. Shush)","Proto-Elamite (ca. 3100-2900 BC)",,"Louvre Museum, Paris, France",Administrative,clay,tablet,48.0,17.0,30.0,,,,,,,Fair,,fragment,undetermined,,,,,,,,,,,0,,0,,0,,0,,,," ",0,0,,,0,0,0,0,,
9304,"Sb 15370","MDP 26S, 5204",Scheil1935MDP26,primary,"Supplément 5204",,"Susa (mod. Shush)","Proto-Elamite (ca. 3100-2900 BC)",,"Louvre Museum, Paris, France",Administrative,clay,tablet,34.0,12.0,28.0,,,,,,,Good,,75%,undetermined,,,,,,,,,,,0,,0,,0,,0,,,," ",0,0,,,0,0,0,0,,
9305,"Sb 15371","MDP 26S, 5205",Scheil1935MDP26,primary,"Supplément 5205",,"Susa (mod. Shush)","Proto-Elamite (ca. 3100-2900 BC)",,"Louvre Museum, Paris, France",Administrative,clay,tablet,42.0,12.0,25.0,,,,,,,Good,,75%,undetermined,,,,,,,,,,,0,,0,,0,,0,,,," ",0,0,,,0,0,0,0,,
9306,"Sb 15372","MDP 26S, 5206",Scheil1935MDP26,primary,"Supplément 5206",,"Susa (mod. Shush)","Proto-Elamite (ca. 3100-2900 BC)",,"Louvre Museum, Paris, France",Administrative,clay,tablet,38.0,15.0,40.0,,,,,,,Excellent,,fragment,undetermined,,,,,,,,,,,0,,0,,0,,0,,,," ",0,0,,,0,0,0,0,,
9307,"Sb 15373bis ?","MDP 26S, 5207",Scheil1935MDP26,primary,"Supplément 5207",,"Susa (mod. Shush)","Proto-Elamite (ca. 3100-2900 BC)",,"Louvre Museum, Paris, France",Administrative,clay,tablet,37.0,16.0,36.0,,,,,,,Fair,,25%,undetermined,,,,,,,,,,,0,,0,,0,,0,,,," ",0,0,,,0,0,0,0,,
9308,"Sb 15374","MDP 26S, 5208",Scheil1935MDP26,primary,"Supplément 5208",,"Susa (mod. Shush)","Proto-Elamite (ca. 3100-2900 BC)",,"Louvre Museum, Paris, France",Administrative,clay,tablet,36.0,13.0,27.0,,,,,,,Fair,,75%,undetermined,,,,,,,,,,,0,,0,,0,,0,,,," ",0,0,,,0,0,0,0,,
9309,"Sb 15375","MDP 26S, 5209",Scheil1935MDP26,primary,"Supplément 5209",,"Susa (mod. Shush)","Proto-Elamite (ca. 3100-2900 BC)",,"Louvre Museum, Paris, France",Administrative,clay,tablet,43.0,17.0,42.0,,,,,,,Poor,,25%,undetermined,,,,,,,,,,,0,,0,,0,,0,,,," ",0,0,,,0,0,0,0,,
9310,"Sb 15376","MDP 26S, 5210",Scheil1935MDP26,primary,"Supplément 5210",,"Susa (mod. Shush)","Proto-Elamite (ca. 3100-2900 BC)",,"Louvre Museum, Paris, France",Administrative,clay,tablet,36.0,14.0,28.0,,,,,,,Fair,,50%,undetermined,,,,,,,,,,,0,,0,,0,,0,,,," ",0,0,,,0,0,0,0,,
9311,"Sb 15377","MDP 26S, 5211",Scheil1935MDP26,primary,"Supplément 5211",,"Susa (mod. Shush)","Proto-Elamite (ca. 3100-2900 BC)",,"Louvre Museum, Paris, France",Administrative,clay,tablet,32.0,15.0,25.0,,,,,,,Fair,,fragment,undetermined,,,,,,,,,,,0,,0,,0,,0,,,," ",0,0,,,0,0,0,0,,
9312,"Sb 15378","MDP 26S, 5212",Scheil1935MDP26,primary,"Supplément 5212",,"Susa (mod. Shush)","Proto-Elamite (ca. 3100-2900 BC)",,"Louvre Museum, Paris, France",Administrative,clay,tablet,44.0,17.0,31.0,,,,,,,Good,,fragment,undetermined,,,,,,,,,,,0,,0,,0,,0,,,," ",0,0,,,0,0,0,0,,
9313,"Sb 15379","MDP 26S, 5213",Scheil1935MDP26,primary,"Supplément 5213",,"Susa (mod. Shush)","Proto-Elamite (ca. 3100-2900 BC)",,"Louvre Museum, Paris, France",Administrative,clay,tablet,36.0,14.0,30.0,,,,,,,Fair,,25%,undetermined,,,,,,,,,,,0,,0,,0,,0,,,," ",0,0,,,0,0,0,0,,
9314,"Sb 15380","MDP 26S, 5214",Scheil1935MDP26,primary,"Supplément 5214",,"Susa (mod. Shush)","Proto-Elamite (ca. 3100-2900 BC)",,"Louvre Museum, Paris, France",Administrative,clay,tablet,27.0,16.0,36.0,,,,,,,Fair,,fragment,undetermined,,,,,,,,,,,0,,0,,0,,0,,,," ",0,0,,,0,0,0,0,,
9315,"Sb 15381","MDP 26S, 5215",Scheil1935MDP26,primary,"Supplément 5215",,"Susa (mod. Shush)","Proto-Elamite (ca. 3100-2900 BC)",,"Louvre Museum, Paris, France",Administrative,clay,tablet,17.0,14.0,32.0,,,,,,,Excellent,,fragment,undetermined,,,,,,,,,,,0,,0,,0,,0,,,," ",0,0,,,0,0,0,0,,
9316,"Sb 15382","MDP 26S, 5216",Scheil1935MDP26,primary,"Supplément 5216",,"Susa (mod. Shush)","Proto-Elamite (ca. 3100-2900 BC)",,"Louvre Museum, Paris, France",Administrative,clay,tablet,38.0,16.0,45.0,,,,,,,Fair,,fragment,undetermined,,,,,,,,,,,0,,0,,0,,0,,,," ",0,0,,,0,0,0,0,,
9317,"Sb 15383","MDP 26S, 5217",Scheil1935MDP26,primary,"Supplément 5217",,"Susa (mod. Shush)","Proto-Elamite (ca. 3100-2900 BC)",,"Louvre Museum, Paris, France",Administrative,clay,tablet,54.0,19.0,65.0,,,,,,,Poor,,fragment,undetermined,,,,,,,,,,,0,,0,,0,,0,,,," ",0,0,,,0,0,0,0,,
9318,"Sb 15384","MDP 26S, 5218",Scheil1935MDP26,primary,"Supplément 5218",,"Susa (mod. Shush)","Proto-Elamite (ca. 3100-2900 BC)",,"Louvre Museum, Paris, France",Administrative,clay,tablet,54.0,25.0,29.0,,,,,,,Good,,fragment,undetermined,,,,,,,,,,,0,,0,,0,,0,,,," ",0,0,,,0,0,0,0,,
9319,"Sb 15385","MDP 26S, 5219",Scheil1935MDP26,primary,"Supplément 5219",,"Susa (mod. Shush)","Proto-Elamite (ca. 3100-2900 BC)",,"Louvre Museum, Paris, France",Administrative,clay,tablet,31.0,14.0,33.0,,,,,,,Good,,fragment,undetermined,,,,,,,,,,,0,,0,,0,,0,,,," ",0,0,,,0,0,0,0,,
9320,"Sb 15386","MDP 26S, 5220",Scheil1935MDP26,primary,"Supplément 5220",,"Susa (mod. Shush)","Proto-Elamite (ca. 3100-2900 BC)",,"Louvre Museum, Paris, France",Administrative,clay,tablet,24.0,16.0,19.0,,,,,,,Good,,fragment,undetermined,,,,,,,,,,,0,,0,,0,,0,,,," ",0,0,,,0,0,0,0,,
9321,"Sb 15388","MDP 26S, 5222",Scheil1935MDP26,primary,"Supplément 5222",,"Susa (mod. Shush)","Proto-Elamite (ca. 3100-2900 BC)",,"Louvre Museum, Paris, France",Administrative,clay,tablet,36.0,15.0,42.0,,,,,,,Good,,fragment,undetermined,,,,,,,,,,,0,,0,,0,,0,,,," ",0,0,,,0,0,0,0,,
9322,"Sb 15389","MDP 26S, 5223",Scheil1935MDP26,primary,"Supplément 5223",,"Susa (mod. Shush)","Proto-Elamite (ca. 3100-2900 BC)",,"Louvre Museum, Paris, France",Administrative,clay,tablet,36.0,15.0,35.0,,,,,,,Fair,,50%,undetermined,,,,,,,,,,,0,,0,,0,,0,,,," ",0,0,,,0,0,0,0,,
9324,"Sb 15391","MDP 26S, 5226",Scheil1935MDP26,primary,"Supplément 5226",,"Susa (mod. Shush)","Proto-Elamite (ca. 3100-2900 BC)",,"Louvre Museum, Paris, France",Administrative,clay,tablet,22.0,15.0,23.0,,,,,,,Good,,fragment,undetermined,,,,,,,,,,,0,,0,,0,,0,,,," ",0,0,,,0,0,0,0,,
9325,"Sb 15392","MDP 26S, 5227",Scheil1935MDP26,primary,"Supplément 5227",,"Susa (mod. Shush)","Proto-Elamite (ca. 3100-2900 BC)",,"Louvre Museum, Paris, France",Administrative,clay,tablet,36.0,16.0,28.0,,,,,,,Fair,,25%,undetermined,,,,,,,,,,,0,,0,,0,,0,,,," ",0,0,,,0,0,0,0,,
9326,"Sb 15393","MDP 26S, 5228",Scheil1935MDP26,primary,"Supplément 5228",,"Susa (mod. Shush)","Proto-Elamite (ca. 3100-2900 BC)",,"Louvre Museum, Paris, France",Administrative,clay,tablet,29.0,17.0,17.0,,,,,,,Good,,fragment,undetermined,,,,,,,,,,,0,,0,,0,,0,,,," ",0,0,,,0,0,0,0,,
9327,"Sb 15394","MDP 26S, 5229",Scheil1935MDP26,primary,"Supplément 5229",,"Susa (mod. Shush)","Proto-Elamite (ca. 3100-2900 BC)",,"Louvre Museum, Paris, France",Administrative,clay,tablet,46.0,30.0,46.0,,,,,,,Fair,,fragment,undetermined,,,,,,,,,,,0,,0,,0,,0,,,," ",0,0,,,0,0,0,0,,
9328,"Sb 15395","MDP 26S, 5230",Scheil1935MDP26,primary,"Supplément 5230",,"Susa (mod. Shush)","Proto-Elamite (ca. 3100-2900 BC)",,"Louvre Museum, Paris, France",Administrative,clay,tablet,22.0,13.0,30.0,,,,,,,Good,,25%,undetermined,,,,,,,,,,,0,,0,,0,,0,,,," ",0,0,,,0,0,0,0,,
9329,"Sb 15396","MDP 26S, 5231",Scheil1935MDP26,primary,"Supplément 5231",,"Susa (mod. Shush)","Proto-Elamite (ca. 3100-2900 BC)",,"Louvre Museum, Paris, France",Administrative,clay,tablet,55.0,15.0,44.0,,,,,,,Fair,,complete,undetermined,,,,,,,,,,,0,,0,,0,,0,,,," ",0,0,,,0,0,0,0,,
9330,"Sb 15397","MDP 26S, 5232",Scheil1935MDP26,primary,"Supplément 5232",,"Susa (mod. Shush)","Proto-Elamite (ca. 3100-2900 BC)",,"Louvre Museum, Paris, France",Administrative,clay,tablet,54.0,16.0,43.0,,,,,,,Good,,25%,undetermined,,,,,,,,,,,0,,0,,0,,0,,,," ",0,0,,,0,0,0,0,,
9331,"Sb 15398","MDP 26S, 5233",Scheil1935MDP26,primary,"Supplément 5233",,"Susa (mod. Shush)","Proto-Elamite (ca. 3100-2900 BC)",,"Louvre Museum, Paris, France",Administrative,clay,tablet,29.0,16.0,22.0,,,,,,,Good,,fragment,undetermined,,,,,,,,,,,0,,0,,0,,0,,,," ",0,0,,,0,0,0,0,,
9332,"Sb 15399","MDP 26S, 5234",Scheil1935MDP26,primary,"Supplément 5234",,"Susa (mod. Shush)","Proto-Elamite (ca. 3100-2900 BC)",,"Louvre Museum, Paris, France",Administrative,clay,tablet,36.0,14.0,38.0,,,,,,,Fair,,fragment,undetermined,,,,,,,,,,,0,,0,,0,,0,,,," ",0,0,,,0,0,0,0,,
9333,"Sb 15400","MDP 26S, 5235",Scheil1935MDP26,primary,"Supplément 5235",,"Susa (mod. Shush)","Proto-Elamite (ca. 3100-2900 BC)",,"Louvre Museum, Paris, France",Administrative,clay,tablet,20.0,15.0,32.0,,,,,,,Good,,fragment,undetermined,,,,,,,,,,,0,,0,,0,,0,,,," ",0,0,,,0,0,0,0,,
9334,"Sb 15401","MDP 26S, 5236",Scheil1935MDP26,primary,"Supplément 5236",,"Susa (mod. Shush)","Proto-Elamite (ca. 3100-2900 BC)",,"Louvre Museum, Paris, France",Administrative,clay,tablet,27.0,12.0,31.0,,,,,,,Good,,fragment,undetermined,,,,,,,,,,,0,,0,,0,,0,,,," ",0,0,,,0,0,0,0,,
9335,"Sb 15402","MDP 26S, 5237",Scheil1935MDP26,primary,"Supplément 5237",,"Susa (mod. Shush)","Proto-Elamite (ca. 3100-2900 BC)",,"Louvre Museum, Paris, France",Administrative,clay,tablet,45.0,17.0,23.0,,,,,,,Good,,fragment,undetermined,,,,,,,,,,,0,,0,,0,,0,,,," ",0,0,,,0,0,0,0,,
9336,"Sb 15403","MDP 26S, 5238",Scheil1935MDP26,primary,"Supplément 5238",,"Susa (mod. Shush)","Proto-Elamite (ca. 3100-2900 BC)",,"Louvre Museum, Paris, France",Administrative,clay,tablet,25.0,17.0,33.0,,,,,,,Good,,fragment,undetermined,,,,,,,,,,,0,,0,,0,,0,,,," ",0,0,,,0,0,0,0,,
9337,"Sb 15404","MDP 26S, 5239",Scheil1935MDP26,primary,"Supplément 5239",,"Susa (mod. Shush)","Proto-Elamite (ca. 3100-2900 BC)",,"Louvre Museum, Paris, France",Administrative,clay,tablet,50.0,32.0,68.0,,,,,,,Good,,fragment,undetermined,,,,,,,,,,,0,,0,,0,,0,,,," ",0,0,,,0,0,0,0,,
9338,"Sb 15242","MDP 26S, 5240",Scheil1935MDP26,primary,"Supplément 5240",,"Susa (mod. Shush)","Proto-Elamite (ca. 3100-2900 BC)",,"Louvre Museum, Paris, France",Administrative,clay,tablet,115.0,32.0,98.0,,,,,,,Good,,fragment,undetermined,,,,,,,,,,,0,,0,,0,,0,,,," ",0,0,,,0,0,0,0,,
9339,"Sb 15243","MDP 26S, 5241",Scheil1935MDP26,primary,"Supplément 5241",,"Susa (mod. Shush)","Proto-Elamite (ca. 3100-2900 BC)",,"Louvre Museum, Paris, France",Administrative,clay,tablet,130.0,32.0,93.0,,,,,,,Good,,fragment,undetermined,,,,,,,,,,,0,,0,,0,,0,,,," ",0,0,,,0,0,0,0,,
9340,"Sb 15406","MDP 31, 001",deMecquenem1949MDP31,primary,1,,"Susa (mod. Shush)","Proto-Elamite (ca. 3100-2900 BC)",,"Louvre Museum, Paris, France",Administrative,clay,tablet,57.0,15.0,29.0,,,,,,,Fair,,75%,undetermined,,,,,,,,,,,0,,0,,0,,0,,,," ",0,0,,,0,0,0,0,,
9341,"Sb 15407","MDP 31, 002",deMecquenem1949MDP31,primary,2,,"Susa (mod. Shush)","Proto-Elamite (ca. 3100-2900 BC)",,"Louvre Museum, Paris, France",Administrative,clay,tablet,97.0,26.0,61.0,,,,,,,Fair,,75%,undetermined,,,,,,,,,,,0,,0,,0,,0,,,," ",0,0,,,0,0,0,0,,
9342,"Sb 15408","MDP 31, 003",deMecquenem1949MDP31,primary,3,,"Susa (mod. Shush)","Proto-Elamite (ca. 3100-2900 BC)",,"Louvre Museum, Paris, France",Administrative,clay,tablet,61.0,18.0,36.0,,,,,,,Fair,,75%,undetermined,,,,,,,,,,,0,,0,,0,,0,,,," ",0,0,,,0,0,0,0,,
9343,"Sb 06409","MDP 31, 004",deMecquenem1949MDP31,primary,4,,"Susa (mod. Shush)","Proto-Elamite (ca. 3100-2900 BC)",,"Louvre Museum, Paris, France",Administrative,clay,tablet,80.0,16.0,64.0,,,,,,,Good,,75%,undetermined,,,,,,,,,,,0,,0,,0,,0,,,," ",0,0,,,0,0,0,0,,
9344,"Sb 15409","MDP 31, 005",deMecquenem1949MDP31,primary,5,,"Susa (mod. Shush)","Proto-Elamite (ca. 3100-2900 BC)",,"Louvre Museum, Paris, France",Administrative,clay,tablet,43.0,19.0,30.0,,,,,,,Good,,complete,undetermined,,,,,,,,,,,0,,0,,0,,0,,,," ",0,0,,,0,0,0,0,,
9345,"Sb 15410","MDP 31, 006",deMecquenem1949MDP31,primary,6,,"Susa (mod. Shush)","Proto-Elamite (ca. 3100-2900 BC)",,"Louvre Museum, Paris, France",Administrative,clay,tablet,45.0,19.0,33.0,,,,,,,Fair,,complete,undetermined,,,,,,,,,,,0,,0,,0,,0,,,," ",0,0,,,0,0,0,0,,
9347,"Sb 15411","MDP 31, 007",deMecquenem1949MDP31,primary,7,,"Susa (mod. Shush)","Proto-Elamite (ca. 3100-2900 BC)",,"Louvre Museum, Paris, France",Administrative,clay,tablet,56.0,17.0,40.0,,,,,,,Good,,complete,undetermined,,,,,,,,,,,0,,0,,0,,0,,,," ",0,0,,,0,0,0,0,,
9348,"Sb 15412","MDP 31, 008",deMecquenem1949MDP31,primary,8,,"Susa (mod. Shush)","Proto-Elamite (ca. 3100-2900 BC)",,"Louvre Museum, Paris, France",Administrative,clay,tablet,72.0,19.0,38.0,,,,,,,Good,,complete,undetermined,,,,,,,,,,,0,,0,,0,,0,,,," ",0,0,,,0,0,0,0,,
9349,"Sb 15413","MDP 31, 009",deMecquenem1949MDP31,primary,9,,"Susa (mod. Shush)","Proto-Elamite (ca. 3100-2900 BC)",,"Louvre Museum, Paris, France",Administrative,clay,tablet,92.0,25.0,61.0,,,,,,,Poor,,75%,undetermined,,,,,,,,,,,0,,0,,0,,0,,,," ",0,0,,,0,0,0,0,,
9350,"Sb 15414","MDP 31, 010",deMecquenem1949MDP31,primary,10,,"Susa (mod. Shush)","Proto-Elamite (ca. 3100-2900 BC)",,"Louvre Museum, Paris, France",Administrative,clay,tablet,58.0,15.0,40.0,,,,,,,Fair,,complete,undetermined,,,,,,,,,,,0,,0,,0,,0,,,," ",0,0,,,0,0,0,0,,
9351,"Sb 15415","MDP 31, 011",deMecquenem1949MDP31,primary,11,,"Susa (mod. Shush)","Proto-Elamite (ca. 3100-2900 BC)",,"Louvre Museum, Paris, France",Administrative,clay,tablet,71.0,21.0,49.0,,,,,,,Good,,complete,undetermined,,,,,,,,,,,0,,0,,0,,0,,,," ",0,0,,,0,0,0,0,,
9352,"Sb 06337","MDP 31, 012",deMecquenem1949MDP31,primary,12,,"Susa (mod. Shush)","Proto-Elamite (ca. 3100-2900 BC)",,"Louvre Museum, Paris, France",Administrative,clay,tablet,47.0,13.0,35.0,,,,,,,Good,,complete,undetermined,,,,,,,,,,,0,,0,,0,,0,,,," ",0,0,,,0,0,0,0,,
9353,"Sb 15416","MDP 31, 013",deMecquenem1949MDP31,primary,13,,"Susa (mod. Shush)","Proto-Elamite (ca. 3100-2900 BC)",,"Louvre Museum, Paris, France",Administrative,clay,tablet,53.0,16.0,37.0,,,,,,,Good,,75%,undetermined,,,,,,,,,,,0,,0,,0,,0,,,," ",0,0,,,0,0,0,0,,
9354,"Sb 06334","MDP 31, 014",deMecquenem1949MDP31,primary,14,,"Susa (mod. Shush)","Proto-Elamite (ca. 3100-2900 BC)",,"Louvre Museum, Paris, France",Administrative,clay,tablet,61.0,15.0,43.0,,,,,,,Fair,,complete,undetermined,,,,,,,,,,,0,,0,,0,,0,,,," ",0,0,,,0,0,0,0,,
9355,"Sb 06329","MDP 31, 015",deMecquenem1949MDP31,primary,15,,"Susa (mod. Shush)","Proto-Elamite (ca. 3100-2900 BC)",,"Louvre Museum, Paris, France",Administrative,clay,tablet,56.0,18.0,45.0,,,,,,,Good,,complete,undetermined,,,,,,,,,,,0,,0,,0,,0,,,," ",0,0,,,0,0,0,0,,
9356,"Sb 15417","MDP 31, 016",deMecquenem1949MDP31,primary,16,,"Susa (mod. Shush)","Proto-Elamite (ca. 3100-2900 BC)",,"Louvre Museum, Paris, France",Administrative,clay,tablet,91.0,25.0,70.0,,,,,,,,,,undetermined,,,,,,,,,,,0,,0,,0,,0,,,," ",0,0,,,0,0,0,0,,
9357,"Sb 06335","MDP 31, 017",deMecquenem1949MDP31,primary,17,,"Susa (mod. Shush)","Proto-Elamite (ca. 3100-2900 BC)",,"Louvre Museum, Paris, France",Administrative,clay,tablet,51.0,16.0,35.0,,,,,,,Good,,complete,undetermined,,,,,,,,,,,0,,0,,0,,0,,,," ",0,0,,,0,0,0,0,,
9358,"Sb 06321","MDP 31, 018",deMecquenem1949MDP31,primary,18,,"Susa (mod. Shush)","Proto-Elamite (ca. 3100-2900 BC)",,"Louvre Museum, Paris, France",Administrative,clay,tablet,44.0,18.0,27.0,,,,,,,Good,,complete,undetermined,,,,,,,,,,,0,,0,,0,,0,,,," ",0,0,,,0,0,0,0,,
9359,"Sb 06323","MDP 31, 019",deMecquenem1949MDP31,primary,19,,"Susa (mod. Shush)","Proto-Elamite (ca. 3100-2900 BC)",,"Louvre Museum, Paris, France",Administrative,clay,tablet,68.0,21.0,35.0,,,,,,,Good,,75%,undetermined,,,,,,,,,,,0,,0,,0,,0,,,," ",0,0,,,0,0,0,0,,
9360,"Sb 15418","MDP 31, 020",deMecquenem1949MDP31,primary,20,,"Susa (mod. Shush)","Proto-Elamite (ca. 3100-2900 BC)",,"Louvre Museum, Paris, France",Administrative,clay,tablet,55.0,15.0,42.0,,,,,,,Good,,complete,undetermined,,,,,,,,,,,0,,0,,0,,0,,,," ",0,0,,,0,0,0,0,,
9361,"Sb 06338","MDP 31, 021",deMecquenem1949MDP31,primary,21,,"Susa (mod. Shush)","Proto-Elamite (ca. 3100-2900 BC)",,"Louvre Museum, Paris, France",Administrative,clay,tablet,51.0,18.0,35.0,,,,,,,Fair,,75%,undetermined,,,,,,,,,,Acropole,0,,0,,0,,0,,,," ",0,0,,,0,0,0,0,,
9362,"Sb 15419","MDP 31, 022",deMecquenem1949MDP31,primary,22,,"Susa (mod. Shush)","Proto-Elamite (ca. 3100-2900 BC)",,"Louvre Museum, Paris, France",Administrative,clay,tablet,55.0,14.0,36.0,,,,,,,Good,,complete,undetermined,,,,,,,,,,,0,,0,,0,,0,,,," ",0,0,,,0,0,0,0,,
9363,"Sb 15420","MDP 31, 023",deMecquenem1949MDP31,primary,23,,"Susa (mod. Shush)","Proto-Elamite (ca. 3100-2900 BC)",,"Louvre Museum, Paris, France",Administrative,clay,tablet,51.0,16.0,33.0,,,,,,,Fair,,complete,undetermined,,,,,,,,,,,0,,0,,0,,0,,,," ",0,0,,,0,0,0,0,,
9364,"Sb 15421","MDP 31, 024",deMecquenem1949MDP31,primary,24,,"Susa (mod. Shush)","Proto-Elamite (ca. 3100-2900 BC)",,"Louvre Museum, Paris, France",Administrative,clay,tablet,51.0,19.0,43.0,,,,,,,Poor,,fragment,undetermined,,,,,,,,,,,0,,0,,0,,0,,,," ",0,0,,,0,0,0,0,,
9365,"Sb 15422","MDP 31, 025",deMecquenem1949MDP31,primary,25,,"Susa (mod. Shush)","Proto-Elamite (ca. 3100-2900 BC)",,"Louvre Museum, Paris, France",Administrative,clay,tablet,72.0,20.0,50.0,,,,,,,Fair,,75%,undetermined,,,,,,,,,,,0,,0,,0,,0,,,," ",0,0,,,0,0,0,0,,
9366,"Sb 15423","MDP 31, 026",deMecquenem1949MDP31,primary,26,,"Susa (mod. Shush)","Proto-Elamite (ca. 3100-2900 BC)",,"Louvre Museum, Paris, France",Administrative,clay,tablet,82.0,19.0,46.0,,,,,,,Fair,,complete,undetermined,,,,,,,,,,,0,,0,,0,,0,,,," ",0,0,,,0,0,0,0,,
9367,"Sb 15424","MDP 31, 027",deMecquenem1949MDP31,primary,27,,"Susa (mod. Shush)","Proto-Elamite (ca. 3100-2900 BC)",,"Louvre Museum, Paris, France",Administrative,clay,tablet,67.0,21.0,43.0,,,,,,,Good,,complete,undetermined,,,,,,,,,,,0,,0,,0,,0,,,," ",0,0,,,0,0,0,0,,
9368,"Sb 06320","MDP 31, 028",deMecquenem1949MDP31,primary,28,,"Susa (mod. Shush)","Proto-Elamite (ca. 3100-2900 BC)",,"Louvre Museum, Paris, France",Administrative,clay,tablet,73.0,20.0,38.0,,,,,,,Good,,complete,undetermined,,,,,,,,,,,0,,0,,0,,0,,,," ",0,0,,,0,0,0,0,,
9369,"Sb 15425","MDP 31, 029",deMecquenem1949MDP31,primary,29,,"Susa (mod. Shush)","Proto-Elamite (ca. 3100-2900 BC)",,"Louvre Museum, Paris, France",Administrative,clay,tablet,53.0,16.0,36.0,,,,,,,Fair,,50%,undetermined,,,,,,,,,,,0,,0,,0,,0,,,," ",0,0,,,0,0,0,0,,
9370,"Sb 06325","MDP 31, 030",deMecquenem1949MDP31,primary,30,,"Susa (mod. Shush)","Proto-Elamite (ca. 3100-2900 BC)",,"Louvre Museum, Paris, France",Administrative,clay,tablet,71.0,20.0,55.0,,,,,,,Poor,,complete,undetermined,,,,,,,,,,,0,,0,,0,,0,,,," ",0,0,,,0,0,0,0,,
9371,"Sb 06327","MDP 31, 031",deMecquenem1949MDP31,primary,31,,"Susa (mod. Shush)","Proto-Elamite (ca. 3100-2900 BC)",,"Louvre Museum, Paris, France",Administrative,clay,tablet,74.0,21.0,59.0,,,,,,,Poor,,complete,undetermined,,,,,,,,,,,0,,0,,0,,0,,,," ",0,0,,,0,0,0,0,,
9372,"Sb 15426","MDP 31, 032",deMecquenem1949MDP31,primary,32,,"Susa (mod. Shush)","Proto-Elamite (ca. 3100-2900 BC)",,"Louvre Museum, Paris, France",Administrative,clay,tablet,53.0,15.0,37.0,,,,,,,Fair,,complete,undetermined,,,,,,,,,,,0,,0,,0,,0,,,," ",0,0,,,0,0,0,0,,
9373,"Sb 15427","MDP 31, 033",deMecquenem1949MDP31,primary,33,,"Susa (mod. Shush)","Proto-Elamite (ca. 3100-2900 BC)",,"Louvre Museum, Paris, France",Administrative,clay,tablet,57.0,19.0,42.0,,,,,,,Fair,,75%,undetermined,,,,,,,,,,,0,,0,,0,,0,,,," ",0,0,,,0,0,0,0,,
9374,"Sb 06318","MDP 31, 034",deMecquenem1949MDP31,primary,34,,"Susa (mod. Shush)","Proto-Elamite (ca. 3100-2900 BC)",,"Louvre Museum, Paris, France",Administrative,clay,tablet,42.0,15.0,26.0,,,,,,,Good,,complete,undetermined,,,,,,,,,,,0,,0,,0,,0,,,," ",0,0,,,0,0,0,0,,
9375,"Sb 06328","MDP 31, 036",deMecquenem1949MDP31,primary,36,,"Susa (mod. Shush)","Proto-Elamite (ca. 3100-2900 BC)",,"Louvre Museum, Paris, France",Administrative,clay,tablet,68.0,22.0,55.0,,,,,,,Fair,,75%,undetermined,,,,,,,,,,Acropole,0,,0,,0,,0,,,," ",0,0,,,0,0,0,0,,
9376,"Sb 15429","MDP 31, 037",deMecquenem1949MDP31,primary,37,,"Susa (mod. Shush)","Proto-Elamite (ca. 3100-2900 BC)",,"Louvre Museum, Paris, France",Administrative,clay,tablet,83.0,18.0,40.0,,,,,,,Fair,,complete,undetermined,,,,,,,,,,,0,,0,,0,,0,,,," ",0,0,,,0,0,0,0,,
9377,"Sb 15430","MDP 31, 038",deMecquenem1949MDP31,primary,38,,"Susa (mod. Shush)","Proto-Elamite (ca. 3100-2900 BC)",,"Louvre Museum, Paris, France",Administrative,clay,tablet,90.0,20.0,62.0,,,,,,,Good,,75%,undetermined,,,,,,,,,,,0,,0,,0,,0,,,," ",0,0,,,0,0,0,0,,
9378,"Sb 06413","MDP 31, 039",deMecquenem1949MDP31,primary,39,,"Susa (mod. Shush)","Proto-Elamite (ca. 3100-2900 BC)",,"Louvre Museum, Paris, France",Administrative,clay,tablet,,,,,,,,,,,,,undetermined,,,,,,,,,,Acropole,0,,0,,0,,0,,,," ",0,0,,,0,0,0,0,,
9379,"Sb 06340","MDP 31, 040",deMecquenem1949MDP31,primary,40,,"Susa (mod. Shush)","Proto-Elamite (ca. 3100-2900 BC)",,"Louvre Museum, Paris, France",Administrative,clay,tablet,60.0,14.0,40.0,,,,,,,Fair,,75%,undetermined,,,,,,,,,,,0,,0,,0,,0,,,," ",0,0,,,0,0,0,0,,
9380,"Sb 06326","MDP 31, 041",deMecquenem1949MDP31,primary,41,,"Susa (mod. Shush)","Proto-Elamite (ca. 3100-2900 BC)",,"Louvre Museum, Paris, France",Administrative,clay,tablet,72.0,21.0,56.0,,,,,,,Excellent,,complete,undetermined,,,,,,,,,,,0,,0,,0,,0,,,," ",0,0,,,0,0,0,0,,
9381,"Sb 15431","MDP 31, 042",deMecquenem1949MDP31,primary,42,,"Susa (mod. Shush)","Proto-Elamite (ca. 3100-2900 BC)",,"Louvre Museum, Paris, France",Administrative,clay,tablet,86.0,22.0,55.0,,,,,,,Fair,,75%,undetermined,,,,,,,,,,,0,,0,,0,,0,,,," ",0,0,,,0,0,0,0,,
9382,"Sb 15432","MDP 31, 043",deMecquenem1949MDP31,primary,43,,"Susa (mod. Shush)","Proto-Elamite (ca. 3100-2900 BC)",,"Louvre Museum, Paris, France",Administrative,clay,tablet,65.0,19.0,48.0,,,,,,,Excellent,,complete,undetermined,,,,,,,,,,,0,,0,,0,,0,,,," ",0,0,,,0,0,0,0,,
9383,"Sb 15433","MDP 31, 044",deMecquenem1949MDP31,primary,44,,"Susa (mod. Shush)","Proto-Elamite (ca. 3100-2900 BC)",,"Louvre Museum, Paris, France",Administrative,clay,tablet,105.0,21.0,89.0,,,,,,,Fair,,75%,undetermined,,,,,,,,,,,0,,0,,0,,0,,,," ",0,0,,,0,0,0,0,,
9384,"Sb 15434","MDP 31, 045",deMecquenem1949MDP31,primary,45,,"Susa (mod. Shush)","Proto-Elamite (ca. 3100-2900 BC)",,"Louvre Museum, Paris, France",Administrative,clay,tablet,67.0,20.0,35.0,,,,,,,Fair,,complete,undetermined,,,,,,,,,,,0,,0,,0,,0,,,," ",0,0,,,0,0,0,0,,
9385,"Sb 06349","MDP 31, 046",deMecquenem1949MDP31,primary,46,,"Susa (mod. Shush)","Proto-Elamite (ca. 3100-2900 BC)",,"Louvre Museum, Paris, France",Administrative,clay,tablet,,,,,,,,,,,,,undetermined,,,,,,,,,,,0,,0,,0,,0,,,," ",0,0,,,0,0,0,0,,
9386,"Sb 15435","MDP 31, 047",deMecquenem1949MDP31,primary,47,,"Susa (mod. Shush)","Proto-Elamite (ca. 3100-2900 BC)",,"Louvre Museum, Paris, France",Administrative,clay,tablet,57.0,15.0,38.0,,,,,,,Fair,,complete,undetermined,,,,,,,,,,,0,,0,,0,,0,,,," ",0,0,,,0,0,0,0,,
9388,"Sb 15437","MDP 31, 049",deMecquenem1949MDP31,primary,49,,"Susa (mod. Shush)","Proto-Elamite (ca. 3100-2900 BC)",,"Louvre Museum, Paris, France",Administrative,clay,tablet,51.0,15.0,38.0,,,,,,,Good,,complete,undetermined,,,,,,,,,,,0,,0,,0,,0,,,," ",0,0,,,0,0,0,0,,
9389,"Sb 15438","MDP 31, 050",deMecquenem1949MDP31,primary,50,,"Susa (mod. Shush)","Proto-Elamite (ca. 3100-2900 BC)",,"Louvre Museum, Paris, France",Administrative,clay,tablet,58.0,17.0,38.0,,,,,,,Fair,,75%,undetermined,,,,,,,,,,,0,,0,,0,,0,,,," ",0,0,,,0,0,0,0,,
9400,unknown,"Chogha Mish 1, 394a",Delougaz1996OIP101,primary,,,"uncertain (mod. Chogha Mish)","Proto-Elamite (ca. 3100-2900 BC)",,,Administrative,clay,tablet,,,,,,,,,,,,,undetermined,,,,,,,,,,,0,,0,,0,,0,,,," ",0,0,,,0,0,0,0,,
9402,unknown,"CahDAFI 1, 43 01",Vallat1971CahDAFI1[1],primary,01,,"Susa (mod. Shush)","Proto-Elamite (ca. 3100-2900 BC)",,,Administrative,clay,tablet,,,,,,"S.ACR 1237.1",H-3,,"17A-16 (contact)",,,fragment,undetermined,,,,,,,,,,,0,,0,,0,,0,,,," ",0,0,,,0,0,0,0,,
9403,unknown,"CahDAFI 1, 43 02",Vallat1971CahDAFI1[1],primary,02,,"Susa (mod. Shush)","Proto-Elamite (ca. 3100-2900 BC)",,,Administrative,clay,tablet,,,,,,"S.ACR 1249.9",G-3,,"17A-16 (contact)",,,fragment,undetermined,,,,,,,,,,,0,,0,,0,,0,,,," ",0,0,,,0,0,0,0,,
9404,unknown,"CahDAFI 1, 43 03",Vallat1971CahDAFI1[1],primary,03,,"Susa (mod. Shush)","Proto-Elamite (ca. 3100-2900 BC)",,,Administrative,clay,tablet,,,,,,"S.ACR 1241.5",G-4,,"17A-16 (contact)",,,complete,undetermined,,,,,,,,,,,0,,0,,0,,0,,,," ",0,0,,,0,0,0,0,,
9411,unknown,"CahDAFI 1, 58 01",Vallat1971CahDAFI1[2],primary,"58 01",,"Susa (mod. Shush)","Proto-Elamite (ca. 3100-2900 BC)",,,Administrative,clay,tablet,,,,,,"S.ACR 316.1",J-6,,14B,,,complete,undetermined,,,,,,,,,,,0,,0,,0,,0,,,," ",0,0,,,0,0,0,0,,
9412,unknown,"CahDAFI 1, 58 02",Vallat1971CahDAFI1[2],primary,"58 02",,"Susa (mod. Shush)","Proto-Elamite (ca. 3100-2900 BC)",,,Administrative,clay,tablet,,,,,,"S.ACR 316.2",J-6,,14B,,,complete,undetermined,,,,,,,,,,,0,,0,,0,,0,,,," ",0,0,,,0,0,0,0,,
9413,unknown,"CahDAFI 1, 58 03",Vallat1971CahDAFI1[2],primary,"58 03",,"Susa (mod. Shush)","Proto-Elamite (ca. 3100-2900 BC)",,,Administrative,clay,tablet,,,,,,"S.ACR 710.1",H-5,,15A,,,fragment,undetermined,,,,,,,,,,,0,,0,,0,,0,,,," ",0,0,,,0,0,0,0,,
9414,unknown,"CahDAFI 1, 58 04",Vallat1971CahDAFI1[2],primary,"58 04",,"Susa (mod. Shush)","Proto-Elamite (ca. 3100-2900 BC)",,,Administrative,clay,tablet,,,,,,"S.ACR 838.1",J-6,,15A,,,50%,undetermined,,,,,,,,,,,0,,0,,0,,0,,,," ",0,0,,,0,0,0,0,,
9415,unknown,"CahDAFI 1, 58 05",Vallat1971CahDAFI1[2],primary,"58 05",,"Susa (mod. Shush)","Proto-Elamite (ca. 3100-2900 BC)",,,Administrative,clay,tablet,,,,,,"S.ACR 733.1",H-5,,15B,,,complete,undetermined,,,,,,,,,,,0,,0,,0,,0,,,," ",0,0,,,0,0,0,0,,
9416,unknown,"CahDAFI 1, 58 06",Vallat1971CahDAFI1[2],primary,"58 06",,"Susa (mod. Shush)","Proto-Elamite (ca. 3100-2900 BC)",,,Administrative,clay,tablet,,,,,,"S.ACR 482.1",J-6,,15A,,,complete,undetermined,,,,,,,,,,,0,,0,,0,,0,,,," ",0,0,,,0,0,0,0,,
9417,unknown,"CahDAFI 1, 58 07",Vallat1971CahDAFI1[2],primary,"58 07",,"Susa (mod. Shush)","Proto-Elamite (ca. 3100-2900 BC)",,,Administrative,clay,tablet,,,,,,"S.ACR 736.1",H-6,,15B,,,75%,undetermined,,,,,,,,,,,0,,0,,0,,0,,,," ",0,0,,,0,0,0,0,,
9418,unknown,"CahDAFI 1, 58 08",Vallat1971CahDAFI1[2],primary,"58 08",,"Susa (mod. Shush)","Proto-Elamite (ca. 3100-2900 BC)",,,Administrative,clay,tablet,,,,,,"S.ACR 845.1",H-5,,"16-15B (contact)",,,fragment,undetermined,,,,,,,,,,,0,,0,,0,,0,,,," ",0,0,,,0,0,0,0,,
9419,unknown,"CahDAFI 1, 58 09",Vallat1971CahDAFI1[2],primary,"58 09",,"Susa (mod. Shush)","Proto-Elamite (ca. 3100-2900 BC)",,,Administrative,clay,tablet,,,,,,"S.ACR 1018.1",J-6,,16C,,,complete,undetermined,,,,,,,,,,,0,,0,,0,,0,,,," ",0,0,,,0,0,0,0,,
9420,unknown,"CahDAFI 1, 58 10",Vallat1971CahDAFI1[2],primary,"58 10",,"Susa (mod. Shush)","Proto-Elamite (ca. 3100-2900 BC)",,,Administrative,clay,tablet,,,,,,"S.ACR 1067.1",H-5,,16C,,,25%,undetermined,,,,,,,,,,,0,,0,,0,,0,,,," ",0,0,,,0,0,0,0,,
9421,unknown,"CahDAFI 1, 58 11",Vallat1971CahDAFI1[2],primary,"58 11",,"Susa (mod. Shush)","Proto-Elamite (ca. 3100-2900 BC)",,,Administrative,clay,tablet,,,,,,"S.ACR 953.1","H-6 (710)",,16,,,,undetermined,,,,,,,,,,,0,,0,,0,,0,,,," ",0,0,,,0,0,0,0,,
9422,unknown,"CahDAFI 1, 58 12",Vallat1971CahDAFI1[2],primary,"58 12",,"Susa (mod. Shush)","Proto-Elamite (ca. 3100-2900 BC)",,,Administrative,clay,tablet,,,,,,"S.ACR 929.1","H-5 (713)",,16C,,,75%,undetermined,,,,,,,,,,,0,,0,,0,,0,,,," ",0,0,,,0,0,0,0,,
9423,unknown,"CahDAFI 1, 58 13",Vallat1971CahDAFI1[2],primary,"58 13",,"Susa (mod. Shush)","Proto-Elamite (ca. 3100-2900 BC)",,,Administrative,clay,tablet,,,,,,"S.ACR 934.1","H-6 (710)",,16,,,25%,undetermined,,,,,,,,,,,0,,0,,0,,0,,,," ",0,0,,,0,0,0,0,,
9424,unknown,"CahDAFI 1, 58 14",Vallat1971CahDAFI1[2],primary,"58 14",,"Susa (mod. Shush)","Proto-Elamite (ca. 3100-2900 BC)",,,Administrative,clay,tablet,,,,,,"S.ACR 964.1","H-6 (711)",,16C,,,75%,undetermined,,,,,,,,,,,0,,0,,0,,0,,,," ",0,0,,,0,0,0,0,,
9425,unknown,"CahDAFI 3, 103 01",Vallat1973CahDAFI3,primary,"103  01",,"Susa (mod. Shush)","Proto-Elamite (ca. 3100-2900 BC)",,,Administrative,clay,tablet,,,,,,"S.ACR 72 1820.1","H S ",,"(no context)",,,fragment,undetermined,,,,,,,,,,,0,,0,,0,,0,,,," ",0,0,,,0,0,0,0,,
9432,"UM 42-20-250a","CahDAFI 8, 94 14",Stolper1978CahDAFI8,primary,"94 14",,"Susa (mod. Shush)","Proto-Elamite (ca. 3100-2900 BC)",,"Penn Museum, Philadelphia, Pennsylvania, USA",Administrative,clay,tablet,,,,,,,,,,,,,undetermined,,,,,,,,,,,0,,0,,0,,0,,"Penn; eBL","162134; UM.42-20-250a"," ",0,0,,,0,0,0,0,,
9433,"UM 42-20-250c","CahDAFI 8, 94 15",Stolper1978CahDAFI8,primary,"94 15",,"Susa (mod. Shush)","Proto-Elamite (ca. 3100-2900 BC)",,"Penn Museum, Philadelphia, Pennsylvania, USA",Administrative,clay,tablet,,,,,,,,,,,,,undetermined,,,,,,,,,,,0,,0,,0,,0,,"Penn; eBL","248746; UM.42-20-250c"," ",0,0,,,0,0,0,0,,
9434,"UM 42-20-250b","CahDAFI 8, 95 16",Stolper1978CahDAFI8,primary,"95 16",,"Susa (mod. Shush)","Proto-Elamite (ca. 3100-2900 BC)",,"Penn Museum, Philadelphia, Pennsylvania, USA",Administrative,clay,tablet,,,,,,,,,,,,,undetermined,,,,,,,,,,,0,,0,,0,,0,,"Penn; eBL","305790; UM.42-20-250b"," ",0,0,,,0,0,0,0,,
9435,"UM 42-20-250e","CahDAFI 8, 95 17",Stolper1978CahDAFI8,primary,"95 17",,"Susa (mod. Shush)","Proto-Elamite (ca. 3100-2900 BC)",,"Penn Museum, Philadelphia, Pennsylvania, USA",Administrative,clay,tablet,,,,,,,,,,,,,undetermined,,,,,,,,,,,0,,0,,0,,0,,"Penn; eBL","226548; UM.42-20-250e"," ",0,0,,,0,0,0,0,,
9436,"UM 42-20-250f","CahDAFI 8, 96 18",Stolper1978CahDAFI8,primary,"96 18",,"Susa (mod. Shush)","Proto-Elamite (ca. 3100-2900 BC)",,"Penn Museum, Philadelphia, Pennsylvania, USA",Administrative,clay,tablet,,,,,,,,,,,,,undetermined,,,,,,,,,,,0,,0,,0,,0,,"Penn; eBL","568343; UM.42-20-250f"," ",0,0,,,0,0,0,0,,
9437,"SE 120","SE 120",,,,,"Susa (mod. Shush)","Proto-Elamite (ca. 3100-2900 BC)",,"Couvent Saint-Étienne, Jerusalem",Administrative,clay,tablet,27.0,15.0,24.0,,,,,,,,,,undetermined,,,,,,,,,,,1,,0,,0,,0,,,," ",0,0,,,0,0,0,0,,
9438,"SE 121","SE 121",,,,,"Susa (mod. Shush)","Proto-Elamite (ca. 3100-2900 BC)",,"Couvent Saint-Étienne, Jerusalem",Administrative,clay,tablet,76.0,25.0,58.0,,,,,,,,,,undetermined,,,,,,,,,,,1,,0,,0,,0,,,," ",0,0,,,0,0,0,0,,
9439,"SE 122","SE 122",,,,,"Susa (mod. Shush)","Proto-Elamite (ca. 3100-2900 BC)",,"Couvent Saint-Étienne, Jerusalem",Administrative,clay,tablet,65.0,19.0,52.0,,,,,,,,,,undetermined,,,,,,,,,,,1,,0,,0,,0,,,," ",0,0,,,0,0,0,0,,
9440,"SE 123","SE 123",,,,,"Susa (mod. Shush)","Proto-Elamite (ca. 3100-2900 BC)",,"Couvent Saint-Étienne, Jerusalem",Administrative,clay,tablet,40.0,16.0,28.0,,,,,,,,,,undetermined,,,,,,,,,,,1,,0,,0,,0,,,," ",0,0,,,0,0,0,0,,
9441,"SE 124","SE 124",,,,,"Susa (mod. Shush)","Proto-Elamite (ca. 3100-2900 BC)",,"Couvent Saint-Étienne, Jerusalem",Administrative,clay,tablet,43.0,15.0,28.0,,,,,,,,,,undetermined,,,,,,,,,,,1,,0,,0,,0,,,," ",0,0,,,0,0,0,0,,
9442,"SE 125","SE 125",,,,,"Susa (mod. Shush)","Proto-Elamite (ca. 3100-2900 BC)",,"Couvent Saint-Étienne, Jerusalem",Administrative,clay,tablet,52.0,14.0,40.0,,,,,,,,,,undetermined,,,,,,,,,,,1,,0,,0,,0,,,," ",0,0,,,0,0,0,0,,
9443,"SE 126","SE 126",,,,,"Susa (mod. Shush)","Proto-Elamite (ca. 3100-2900 BC)",,"Couvent Saint-Étienne, Jerusalem",Administrative,clay,tablet,47.0,18.0,45.0,,,,,,,,,,undetermined,,,,,,,,,,,1,,0,,0,,0,,,," ",0,0,,,0,0,0,0,,
9444,"SE 127","SE 127",,,,,"Susa (mod. Shush)","Proto-Elamite (ca. 3100-2900 BC)",,"Couvent Saint-Étienne, Jerusalem",Administrative,clay,tablet,62.0,20.0,58.0,,,,,,,,,,undetermined,,,,,,,,,,,1,,0,,0,,0,,,," ",0,0,,,0,0,0,0,,
9445,"SE 128","SE 128",,,,,"Susa (mod. Shush)","Proto-Elamite (ca. 3100-2900 BC)",,"Couvent Saint-Étienne, Jerusalem",Administrative,clay,tablet,64.0,19.0,55.0,,,,,,,,,,undetermined,,,,,,,,,,,1,,0,,0,,0,,,," ",0,0,,,0,0,0,0,,
9456,"UM 73-08-002","UM 73-08-002",,,,,"Anšan (mod. Tell Malyan)","Proto-Elamite (ca. 3100-2900 BC)",,"Penn Museum, Philadelphia, Pennsylvania, USA",Administrative,clay,tablet,29.0,11.0,19.0,,,M-0626,"ABC C66",,2,,,,undetermined,,,,,,,,,,ABC,0,,0,,0,,0,,"Penn; eBL","521950; UM.73-8-2",""" Numerical and pictographic signs; 2x2 lines; 2.8x2.0x1.0cm""",0,0,,,0,0,0,0,,
9457,"UM 73-08-001","Kadmos 24, 006 fig. 2",,,,,"Anšan (mod. Tell Malyan)","Proto-Elamite (ca. 3100-2900 BC)",,"Penn Museum, Philadelphia, Pennsylvania, USA",Administrative,clay,tablet,36.0,15.0,25.0,,,M-0628,"ABC C67",,2,,,,undetermined,,,,,,,,,,ABC,0,,0,,0,,0,,"Penn; eBL","521670; UM.73-8-1",""" Numerical and pictographic signs; 3x1x3(l.e.); 3.5x2.5x1.4cm""",0,0,,,0,0,0,0,,
9459,"NMI BK — ?","Kadmos 24, 006 fig. 2",sec2691,history,,,"Anšan (mod. Tell Malyan)","Proto-Elamite (ca. 3100-2900 BC)",,"National Museum, Tehran, Iran",Administrative,clay,tablet,90.0,,70.0,,,M-0632,"ABC C41",,2,,,,undetermined,,,,,,,,,,ABC,0,,0,,0,,0,,,," ",0,0,,,0,0,0,0,,
9460,"NMI BK — ?","Iran 14 pl. IIIh; Fourth Symposium 89ff. photo 1",Stolper1976-5854,primary,,,"Anšan (mod. Tell Malyan)","Proto-Elamite (ca. 3100-2900 BC)",,"National Museum, Tehran, Iran",Administrative,clay,tablet,56.0,14.0,46.0,,,M-1000,ABC-N90,,3,,,,undetermined,,,,,,,,,,ABC,0,,0,,0,,0,,,," ",0,0,,,0,0,0,0,,
9461,unknown,"Fourth Symposium 89ff. photo 1","Stolper1976-5855; Stolper1985Proto-Elamite","primary; history","; p. 6 fig. 2","; ","Anšan (mod. Tell Malyan)","Proto-Elamite (ca. 3100-2900 BC)",,,Administrative,clay,tablet,42.0,12.0,30.0,,,M-1001,ABC-S46,,3,,,,undetermined,,,,,,,,,,ABC,0,,0,,0,,0,,,," ",0,0,,,0,0,0,0,,
9462,"NMI BK — ?","Fourth Symposium 89ff. photo 2",Stolper1976-5856,primary,,,"Anšan (mod. Tell Malyan)","Proto-Elamite (ca. 3100-2900 BC)",,"National Museum, Tehran, Iran",Administrative,clay,tablet,57.0,16.0,37.0,,,M-1006,V164-24,,3,,,,undetermined,,,,,,,,,,TUV,0,,0,,0,,0,,,," ",0,0,,,0,0,0,0,,
9463,"NMI BK — ?","Kadmos 24, 008 fig. 4","sec2693; sec2694; sec2695; Stolper1985Proto-Elamite","history; history; history; primary","; ; ; p. 8 fig. 4","; ; ; ","Anšan (mod. Tell Malyan)","Proto-Elamite (ca. 3100-2900 BC)",,"National Museum, Tehran, Iran",Administrative,clay,tablet,58.0,14.0,43.0,,,M-1152,U168-55,,3,,,,undetermined,,,,,,,,,,TUV,0,,0,,0,,0,,,," ",0,0,,,0,0,0,0,,
9464,"NMI BK — ?","Fourth Symposium 89ff. photo 2",Stolper1976-5856,primary,,,"Anšan (mod. Tell Malyan)","Proto-Elamite (ca. 3100-2900 BC)",,"National Museum, Tehran, Iran",Administrative,clay,tablet,56.0,13.0,44.0,,,M-1153,U168-62,,3,,,,undetermined,,,,,,,,,,TUV,0,,0,,0,,0,,,," ",0,0,,,0,0,0,0,,
9465,unknown,"Fourth Symposium 89ff. photo 2",Stolper1976-5856,primary,,,"Anšan (mod. Tell Malyan)","Proto-Elamite (ca. 3100-2900 BC)",,,Administrative,clay,tablet,47.0,18.0,28.0,,,M-1154,V164-34,,3,,,,undetermined,,,,,,,,,,TUV,0,,0,,0,,0,,,," ",0,0,,,0,0,0,0,,
9466,"NMI BK — ?","Iran 14 pl. IIId; Fourth Symposium 89ff. photo 2; Expedition 23 45 fig. 12","Stolper1976-5858; Stolper1985Proto-Elamite","primary; history","; p. 7 fig. 3","; ","Anšan (mod. Tell Malyan)","Proto-Elamite (ca. 3100-2900 BC)",,"National Museum, Tehran, Iran",Administrative,clay,tablet,78.0,24.0,60.0,,,M-1155,U166-64,,2,,,,undetermined,,,,,,,,,,TUV,0,,0,,0,,0,,,," ",0,0,,,0,0,0,0,,
9467,"NMI BK — ?","Fourth Symposium 89ff. photo 2",Stolper1976-5856,primary,,,"Anšan (mod. Tell Malyan)","Proto-Elamite (ca. 3100-2900 BC)",,"National Museum, Tehran, Iran",Administrative,clay,tablet,105.0,30.0,85.0,,,M-1156,U166-64,,2,,,,undetermined,,,,,,,,,,TUV,0,,0,,0,,0,,,," ",0,0,,,0,0,0,0,,
9468,"NMI BK — ?","Kadmos 24, 008 fig. 4",Stolper1985Proto-Elamite,primary,"p. 8 fig. 4",,"Anšan (mod. Tell Malyan)","Proto-Elamite (ca. 3100-2900 BC)",,"National Museum, Tehran, Iran",Administrative,clay,tablet,,,,,,M-1469,V166-64,,3,,,,undetermined,,,,,,,,,,TUV,0,,0,,0,,0,,,," ",0,0,,,0,0,0,0,,
9469,"NMI BK — ?","NMI BK — ?",,,,,"Anšan (mod. Tell Malyan)","Proto-Elamite (ca. 3100-2900 BC)",,"National Museum, Tehran, Iran",Administrative,clay,tablet,,,,,3,M-1473,V166-67,,,,,,undetermined,,,,,,,,,,TUV,0,,0,,0,,0,,,," ",0,0,,,0,0,0,0,,
9470,unknown,unknown,,,,,"Anšan (mod. Tell Malyan)","Proto-Elamite (ca. 3100-2900 BC)",,,Administrative,clay,tablet,,,,,,M-1474,V166-64,,3,,,,undetermined,,,,,,,,,,TUV,0,,0,,0,,0,,,," ",0,0,,,0,0,0,0,,
9471,"NMI BK — ?","NMI BK — ?",,,,,"Anšan (mod. Tell Malyan)","Proto-Elamite (ca. 3100-2900 BC)",,"National Museum, Tehran, Iran",Administrative,clay,tablet,,,,,,M-1475,U168-145,,3,,,,undetermined,,,,,,,,,,TUV,0,,0,,0,,0,,,," ",0,0,,,0,0,0,0,,
9472,unknown,unknown,,,,,"Anšan (mod. Tell Malyan)","Proto-Elamite (ca. 3100-2900 BC)",,,Administrative,clay,tablet,,,,,3,M-1476,U168-155,,,,,,undetermined,,,,,,,,,,TUV,0,,0,,0,,0,,,," ",0,0,,,0,0,0,0,,
9473,"NMI BK — ?","NMI BK — ?",,,,,"Anšan (mod. Tell Malyan)","Proto-Elamite (ca. 3100-2900 BC)",,"National Museum, Tehran, Iran",Administrative,clay,tablet,,,,,3,M-1477,U168-155,,,,,,undetermined,,,,,,,,,,TUV,0,,0,,0,,0,,,," ",0,0,,,0,0,0,0,,
9474,"NMI BK — ?","NMI BK — ?",,,,,"Anšan (mod. Tell Malyan)","Proto-Elamite (ca. 3100-2900 BC)",,"National Museum, Tehran, Iran",Administrative,clay,tablet,,,,,3,M-1478,U168-155,,,,,,undetermined,,,,,,,,,,TUV,0,,0,,0,,0,,,," ",0,0,,,0,0,0,0,,
9475,"NMI BK — ?","NMI BK — ?",,,,,"Anšan (mod. Tell Malyan)","Proto-Elamite (ca. 3100-2900 BC)",,"National Museum, Tehran, Iran",Administrative,clay,tablet,,,,,,M-1480,U168-155,,3,,,,undetermined,,,,,,,,,,TUV,0,,0,,0,,0,,,," ",0,0,,,0,0,0,0,,
9476,"NMI BK — ?","NMI BK — ?",,,,,"Anšan (mod. Tell Malyan)","Proto-Elamite (ca. 3100-2900 BC)",,"National Museum, Tehran, Iran",Administrative,clay,tablet,,,,,,M-1481,U168-155,,3,,,,undetermined,,,,,,,,,,TUV,0,,0,,0,,0,,,," ",0,0,,,0,0,0,0,,
9477,"NMI BK — ?","NMI BK — ?",,,,,"Anšan (mod. Tell Malyan)","Proto-Elamite (ca. 3100-2900 BC)",,"National Museum, Tehran, Iran",Administrative,clay,tablet,,,,,,M-1505,U168-145,,3,,,,undetermined,,,,,,,,,,TUV,0,,0,,0,,0,,,," ",0,0,,,0,0,0,0,,
9478,"NMI BK — ?","NMI BK — ?",,,,,"Anšan (mod. Tell Malyan)","Proto-Elamite (ca. 3100-2900 BC)",,"National Museum, Tehran, Iran",Administrative,clay,tablet,,,,,,M-1626,U166-93,,3,,,,undetermined,,,,,,,,,,TUV,0,,0,,0,,0,,,," ",0,0,,,0,0,0,0,,
9480,"Sb 06406","RA 050, 202 01",deMecquenem1956RA50,primary,"202 01",,"Susa (mod. Shush)","Proto-Elamite (ca. 3100-2900 BC)",,"Louvre Museum, Paris, France",Administrative,clay,tablet,,,,,,,,,,,,,undetermined,,,,,,,,,,,0,,0,,0,,0,,,," ",0,0,,,0,0,0,0,,
9481,"Sb 15446","RA 050, 202 02",deMecquenem1956RA50,primary,"202 02",,"Susa (mod. Shush)","Proto-Elamite (ca. 3100-2900 BC)",,"Louvre Museum, Paris, France",Administrative,clay,tablet,63.0,29.0,31.0,,,,,,,Good,,25%,undetermined,,,,,,,,,,,0,,0,,0,,0,,,," ",0,0,,,0,0,0,0,,
9482,"Sb 15447","RA 050, 202 03",deMecquenem1956RA50,primary,"202 03",,"Susa (mod. Shush)","Proto-Elamite (ca. 3100-2900 BC)",,"Louvre Museum, Paris, France",Administrative,clay,tablet,54.0,21.0,38.0,,,,,,,Good,,50%,undetermined,,,,,,,,,,,0,,0,,0,,0,,,," ",0,0,,,0,0,0,0,,
9483,"AO —","RA 050, 202 04",deMecquenem1956RA50,primary,"202 04",,,"Proto-Elamite (ca. 3100-2900 BC)",,"Louvre Museum, Paris, France",Administrative,clay,tablet,,,,,,,,,,,,,undetermined,,,,,,,,,,,0,,0,,0,,0,,,," ",0,0,,,0,0,0,0,,
9484,"AO —","RA 050, 202 05",deMecquenem1956RA50,primary,"202 05",,,"Proto-Elamite (ca. 3100-2900 BC)",,"Louvre Museum, Paris, France",Administrative,clay,tablet,,,,,,,,,,,,,undetermined,,,,,,,,,,,0,,0,,0,,0,,,," ",0,0,,,0,0,0,0,,
9485,"Sb 15448","RA 050, 202 06",deMecquenem1956RA50,primary,"202 06",,"Susa (mod. Shush)","Proto-Elamite (ca. 3100-2900 BC)",,"Louvre Museum, Paris, France",Administrative,clay,tablet,31.0,15.0,24.0,,,,,,,Good,,fragment,undetermined,,,,,,,,,,,0,,0,,0,,0,,,," ",0,0,,,0,0,0,0,,
9486,"Sb 15449","RA 050, 202 07",deMecquenem1956RA50,primary,"202 07",,"Susa (mod. Shush)","Proto-Elamite (ca. 3100-2900 BC)",,"Louvre Museum, Paris, France",Administrative,clay,tablet,65.0,15.0,29.0,,,,,,,Good,,complete,undetermined,,,,,,,,,,,0,,0,,0,,0,,,," ",0,0,,,0,0,0,0,,
9487,"Sb 15450","RA 050, 202 08",deMecquenem1956RA50,primary,"202 08",,"Susa (mod. Shush)","Proto-Elamite (ca. 3100-2900 BC)",,"Louvre Museum, Paris, France",Administrative,clay,tablet,69.0,14.0,45.0,,,,,,,Poor,,75%,undetermined,,,,,,,,,,,0,,0,,0,,0,,,," ",0,0,,,0,0,0,0,,
9488,"Sb 15451","RA 050, 202 09",deMecquenem1956RA50,primary,"202 09",,"Susa (mod. Shush)","Proto-Elamite (ca. 3100-2900 BC)",,"Louvre Museum, Paris, France",Administrative,clay,tablet,,,,,,,,,,Fair,,fragment,undetermined,,,,,,,,,,,0,,0,,0,,0,,,," ",0,0,,,0,0,0,0,,
9489,"Sb 15452","RA 050, 202 10",deMecquenem1956RA50,primary,"202 10",,"Susa (mod. Shush)","Proto-Elamite (ca. 3100-2900 BC)",,"Louvre Museum, Paris, France",Administrative,clay,tablet,48.0,20.0,43.0,,,,,,,Good,,50%,undetermined,,,,,,,,,,,0,,0,,0,,0,,,," ",0,0,,,0,0,0,0,,
9490,"Sb 15453","RA 050, 202 11",deMecquenem1956RA50,primary,"202 11",,"Susa (mod. Shush)","Proto-Elamite (ca. 3100-2900 BC)",,"Louvre Museum, Paris, France",Administrative,clay,tablet,110.0,22.0,52.0,,,,,,,Fair,,complete,undetermined,,,,,,,,,,,0,,0,,0,,0,,,," ",0,0,,,0,0,0,0,,
9491,"AO —","RA 050, 202 12",deMecquenem1956RA50,primary,"202 12",,,"Proto-Elamite (ca. 3100-2900 BC)",,"Louvre Museum, Paris, France",Administrative,clay,tablet,,,,,,,,,,,,,undetermined,,,,,,,,,,,0,,0,,0,,0,,,," ",0,0,,,0,0,0,0,,
9492,"Sb 15454","RA 050, 202 13",deMecquenem1956RA50,primary,"202 13",,"Susa (mod. Shush)","Proto-Elamite (ca. 3100-2900 BC)",,"Louvre Museum, Paris, France",Administrative,clay,tablet,74.0,23.0,47.0,,,,,,,Good,,75%,undetermined,,,,,,,,,,,0,,0,,0,,0,,,," ",0,0,,,0,0,0,0,,
9493,"Sb 09505","RA 050, 202 14",deMecquenem1956RA50,primary,"202 14",,"Susa (mod. Shush)","Proto-Elamite (ca. 3100-2900 BC)",,"Louvre Museum, Paris, France",Administrative,clay,tablet,,,,,,,,,,,,,undetermined,,,,,,,,,,,0,,0,,0,,0,,,," ",0,0,,,0,0,0,0,,
9494,"Sb 15455","RA 050, 202 15",deMecquenem1956RA50,primary,"202 15",,"Susa (mod. Shush)","Proto-Elamite (ca. 3100-2900 BC)",,"Louvre Museum, Paris, France",Administrative,clay,tablet,39.0,14.0,45.0,,,,,,,Good,,fragment,undetermined,,,,,,,,,,,0,,0,,0,,0,,,," ",0,0,,,0,0,0,0,,
9495,"EMSP 71/5.36","EMSP 71/5.36",,,,,"Susa (mod. Shush)","Proto-Elamite (ca. 3100-2900 BC)",,"Ethnological Museum, University of Sao Paulo, Sao Paulo, Brazil",Administrative,clay,tablet,,,,,,,,,,,,,undetermined,,,,,,,,,,,1,,0,,0,,0,,,," ",0,0,,,0,0,0,0,,
9496,"EMSP 71/5.37","EMSP 71/5.37",,,,,"Susa (mod. Shush)","Proto-Elamite (ca. 3100-2900 BC)",,"Ethnological Museum, University of Sao Paulo, Sao Paulo, Brazil",Administrative,clay,tablet,,,,,,,,,,,,,undetermined,,,,,,,,,,,1,,0,,0,,0,,,," ",0,0,,,0,0,0,0,,
9497,"EMSP 72/4.44","EMSP 72/4.44",,,,,"Susa (mod. Shush)","Proto-Elamite (ca. 3100-2900 BC)",,"Ethnological Museum, University of Sao Paulo, Sao Paulo, Brazil",Administrative,clay,tablet,,,,,,,,,,,,,undetermined,,,,,,,,,,,1,,0,,0,,0,,,," ",0,0,,,0,0,0,0,,
9499,"EMSP 72/4.45","EMSP 72/4.45",,,,,"Susa (mod. Shush)","Proto-Elamite (ca. 3100-2900 BC)",,"Ethnological Museum, University of Sao Paulo, Sao Paulo, Brazil",Administrative,clay,tablet,,,,,,,,,,,,,undetermined,,,,,,,,,,,1,,0,,0,,0,,,," ",0,0,,,0,0,0,0,,
9502,unknown,"Shahr-i Sokhta 1",Piran2015Contents,citation,,,"uncertain (mod. Shahr-i Sokhta)","Proto-Elamite (ca. 3100-2900 BC)",,,Administrative,clay,tablet,,,,,,,,,,,,,undetermined,,,,,,S999999,,,,,0,,0,,0,,0,,,," ",0,0,,,0,0,0,0,,
9503,"AO —","Fouilles de Sialk I, pl. 93, Sialk 0539",Ghirshman1938Sialk1,primary,"pl. 93, Sialk 539",,"uncertain (mod. Tepe Sialk)","Proto-Elamite (ca. 3100-2900 BC)",,"Louvre Museum, Paris, France",Administrative,clay,tablet,,,,,"Substratum 1","Sialk 0539",,,,,,,undetermined,,,,,,,,,,,0,,0,,0,,0,,,," ",0,0,,,0,0,0,0,,
9504,"AO —","Fouilles de Sialk I, pl. 92, Sialk 1610",Ghirshman1938Sialk1,primary,"pl. 92, Sialk 1610",,"uncertain (mod. Tepe Sialk)","Proto-Elamite (ca. 3100-2900 BC)",,"Louvre Museum, Paris, France",Administrative,clay,tablet,,,,,"Substratum 1","Sialk 1610",,,,,,,undetermined,,,,,,,,,,,0,,0,,0,,0,,,," ",0,0,,,0,0,0,0,,
9505,"AO —","Fouilles de Sialk I, pl. 92, Sialk 1612",Ghirshman1938Sialk1,primary,"pl. 92, Sialk 1612",,"uncertain (mod. Tepe Sialk)","Proto-Elamite (ca. 3100-2900 BC)",,"Louvre Museum, Paris, France",Administrative,clay,tablet,,,,,"Substratum 1","Sialk 1612",,,,,,,undetermined,,,,,,,,,,,0,,0,,0,,0,,,," ",0,0,,,0,0,0,0,,
9506,"AO —","Fouilles de Sialk I, pl. 92, Sialk 1614",Ghirshman1938Sialk1,primary,"pl. 92, Sialk 1614",,"uncertain (mod. Tepe Sialk)","Proto-Elamite (ca. 3100-2900 BC)",,"Louvre Museum, Paris, France",Administrative,clay,tablet,,,,,"Substratum 1","Sialk 1614",,,,,,,undetermined,,,,,,,,,,,0,,0,,0,,0,,,," ",0,0,,,0,0,0,0,,
9509,"AO —","Fouilles de Sialk I, pl. 92, Sialk 1619b",Ghirshman1938Sialk1,primary,"pl. 92, Sialk 1619b",,"uncertain (mod. Tepe Sialk)","Proto-Elamite (ca. 3100-2900 BC)",,"Louvre Museum, Paris, France",Administrative,clay,tablet,,,,,"Substratum 1","Sialk 1619",,,,,,,undetermined,,,,,,,,,,,0,,0,,0,,0,,,," ",0,0,,,0,0,0,0,,
9510,"AO —","Fouilles de Sialk I, pl. 93, Sialk 1620",Ghirshman1938Sialk1,primary,"pl. 93, Sialk 1620",,"uncertain (mod. Tepe Sialk)","Proto-Elamite (ca. 3100-2900 BC)",,"Louvre Museum, Paris, France",Administrative,clay,tablet,,,,,"Substratum 1","Sialk 1620",,,,,,,undetermined,,,,,,,,,,,0,,0,,0,,0,,,," ",0,0,,,0,0,0,0,,
9513,"AO —","Fouilles de Sialk I, pl. 93, Sialk 1623",Ghirshman1938Sialk1,primary,"pl. 93, Sialk 1623",,"uncertain (mod. Tepe Sialk)","Proto-Elamite (ca. 3100-2900 BC)",,"Louvre Museum, Paris, France",Administrative,clay,tablet,,,,,"Substratum 1","Sialk 1623",,,,,,,undetermined,,,,,,,,,,,0,,0,,0,,0,,,," ",0,0,,,0,0,0,0,,
9514,"AO —","Fouilles de Sialk I, pl. 93, Sialk 1624",Ghirshman1938Sialk1,primary,"pl. 93, Sialk 1624",,"uncertain (mod. Tepe Sialk)","Proto-Elamite (ca. 3100-2900 BC)",,"Louvre Museum, Paris, France",Administrative,clay,tablet,,,,,"Substratum 1","Sialk 1624",,,,,,,undetermined,,,,,,,,,,,0,,0,,0,,0,,,," ",0,0,,,0,0,0,0,,
9516,"AO —","Fouilles de Sialk I, pl. 92, Sialk 1626",Ghirshman1938Sialk1,primary,"pl. 92, Sialk 1626",,"uncertain (mod. Tepe Sialk)","Proto-Elamite (ca. 3100-2900 BC)",,"Louvre Museum, Paris, France",Administrative,clay,tablet,,,,,"Substratum 1","Sialk 1626",,,,,,,undetermined,,,,,,,,,,,0,,0,,0,,0,,,," ",0,0,,,0,0,0,0,,
9519,"AO —","Fouilles de Sialk I, pl. 92, Sialk 1630",Ghirshman1938Sialk1,primary,"pl. 92, Sialk 1630",,"uncertain (mod. Tepe Sialk)","Proto-Elamite (ca. 3100-2900 BC)",,"Louvre Museum, Paris, France",Administrative,clay,tablet,,,,,"Substratum 1","Sialk 1630",,,,,,,undetermined,,,,,,,,,,,0,,0,,0,,0,,,," ",0,0,,,0,0,0,0,,
9523,"AO —","Fouilles de Sialk I, pl. 92, Sialk 1634",Ghirshman1938Sialk1,primary,"pl. 92, Sialk 1634",,"uncertain (mod. Tepe Sialk)","Proto-Elamite (ca. 3100-2900 BC)",,"Louvre Museum, Paris, France",Administrative,clay,tablet,,,,,"Substratum 1","Sialk 1634",,,,,,,undetermined,,,,,,,,,,,0,,0,,0,,0,,,," ",0,0,,,0,0,0,0,,
9524,"AO —","Fouilles de Sialk I, pl. 92, Sialk 0028","Ghirshman1934proto-élamite; Ghirshman1938Sialk1","history; primary","p. 116; pl. 92, Sialk 0028","; ","uncertain (mod. Tepe Sialk)","Proto-Elamite (ca. 3100-2900 BC)",,"Louvre Museum, Paris, France",Administrative,clay,tablet,,,,,"Substratum 2","Sialk 0028",,,,,,,undetermined,,,,,,,,,,,0,,0,,0,,0,,,," ",0,0,,,0,0,0,0,,
9525,"NMI BK 00351","Yahya 01",Damerow1989Yahya,primary,01,,"uncertain (mod. Tepe Yahya)","Proto-Elamite (ca. 3100-2900 BC)",,"National Museum, Tehran, Iran",Administrative,clay,tablet,54.0,14.0,38.0,,,,,,,,,,undetermined,,,,,,,,,,,0,,0,,0,,0,,,," ",0,0,,,0,0,0,0,,
9526,"NMI BK 00350","Yahya 02",Damerow1989Yahya,primary,02,,"uncertain (mod. Tepe Yahya)","Proto-Elamite (ca. 3100-2900 BC)",,"National Museum, Tehran, Iran",Administrative,clay,tablet,52.0,16.0,37.0,,,,,,,,,,undetermined,,,,,,,,,,,0,,0,,0,,0,,,," ",0,0,,,0,0,0,0,,
9527,"NMI BK 00349","Yahya 03",Damerow1989Yahya,primary,03,,"uncertain (mod. Tepe Yahya)","Proto-Elamite (ca. 3100-2900 BC)",,"National Museum, Tehran, Iran",Administrative,clay,tablet,52.0,16.0,36.0,,,,,,,,,,undetermined,,,,,,,,,,,0,,0,,0,,0,,,," ",0,0,,,0,0,0,0,,
9528,"NMI BK 00994","Yahya 04",Damerow1989Yahya,primary,04,,"uncertain (mod. Tepe Yahya)","Proto-Elamite (ca. 3100-2900 BC)",,"National Museum, Tehran, Iran",Administrative,clay,tablet,46.0,15.0,35.0,,,,,,,,,,undetermined,,,,,,,,,,,0,,0,,0,,0,,,," ",0,0,,,0,0,0,0,,
9529,"NMI BK 00809","Yahya 05",Damerow1989Yahya,primary,05,,"uncertain (mod. Tepe Yahya)","Proto-Elamite (ca. 3100-2900 BC)",,"National Museum, Tehran, Iran",Administrative,clay,tablet,41.0,14.0,30.0,,,,,,,,,,undetermined,,,,,,,,,,,0,,0,,0,,0,,,," ",0,0,,,0,0,0,0,,
9530,"NMI BK 02230","Yahya 06",Damerow1989Yahya,primary,06,,"uncertain (mod. Tepe Yahya)","Proto-Elamite (ca. 3100-2900 BC)",,"National Museum, Tehran, Iran",Administrative,clay,tablet,36.0,16.0,33.0,,,,,,,,,,undetermined,,,,,,,,,,,0,,0,,0,,0,,,," ",0,0,,,0,0,0,0,,
9531,"NMI BK 00341","Yahya 07",Damerow1989Yahya,primary,07,,"uncertain (mod. Tepe Yahya)","Proto-Elamite (ca. 3100-2900 BC)",,"National Museum, Tehran, Iran",Administrative,clay,tablet,51.0,16.0,36.0,,,,,,,,,,undetermined,,,,,,,,,,,0,,0,,0,,0,,,," ",0,0,,,0,0,0,0,,
9532,"NMI BK 04043","Yahya 08",Damerow1989Yahya,primary,08,,"uncertain (mod. Tepe Yahya)","Proto-Elamite (ca. 3100-2900 BC)",,"National Museum, Tehran, Iran",Administrative,clay,tablet,40.0,12.0,24.0,,,,,,,,,,undetermined,,,,,,,,,,,0,,0,,0,,0,,,," ",0,0,,,0,0,0,0,,
9533,"NMI BK —","Yahya 09",Damerow1989Yahya,primary,09,,"uncertain (mod. Tepe Yahya)","Proto-Elamite (ca. 3100-2900 BC)",,"National Museum, Tehran, Iran",Administrative,clay,tablet,,,,,,,,,,,,,undetermined,,,,,,,,,,,0,,0,,0,,0,,,," ",0,0,,,0,0,0,0,,
9534,"NMI BK —","Yahya 10",Damerow1989Yahya,primary,10,,"uncertain (mod. Tepe Yahya)","Proto-Elamite (ca. 3100-2900 BC)",,"National Museum, Tehran, Iran",Administrative,clay,tablet,,,,,,,,,,,,,undetermined,,,,,,,,,,,0,,0,,0,,0,,,," ",0,0,,,0,0,0,0,,
9535,"NMI BK 04065","Yahya 11",Damerow1989Yahya,primary,11,,"uncertain (mod. Tepe Yahya)","Proto-Elamite (ca. 3100-2900 BC)",,"National Museum, Tehran, Iran",Administrative,clay,tablet,91.0,18.0,77.0,,,,,,,,,,undetermined,,,,,,,,,,,0,,0,,0,,0,,,," ",0,0,,,0,0,0,0,,
9536,"NMI BK 04941","Yahya 12",Damerow1989Yahya,primary,12,,"uncertain (mod. Tepe Yahya)","Proto-Elamite (ca. 3100-2900 BC)",,"National Museum, Tehran, Iran",Administrative,clay,tablet,53.0,16.0,36.0,,,,,,,,,,undetermined,,,,,,,,,,,0,,0,,0,,0,,,," ",0,0,,,0,0,0,0,,
9537,"NMI BK 02297","Yahya 13",Damerow1989Yahya,primary,13,,"uncertain (mod. Tepe Yahya)","Proto-Elamite (ca. 3100-2900 BC)",,"National Museum, Tehran, Iran",Administrative,clay,tablet,66.0,20.0,48.0,,,,,,,,,,undetermined,,,,,,,,,,,0,,0,,0,,0,,,," ",0,0,,,0,0,0,0,,
9538,"NMI BK 04064","Yahya 14",Damerow1989Yahya,primary,14,,"uncertain (mod. Tepe Yahya)","Proto-Elamite (ca. 3100-2900 BC)",,"National Museum, Tehran, Iran",Administrative,clay,tablet,66.0,16.0,43.0,,,,,,,,,,undetermined,,,,,,,,,,,0,,0,,0,,0,,,," ",0,0,,,0,0,0,0,,
9539,"NMI BK 02294","Yahya 15",Damerow1989Yahya,primary,15,,"uncertain (mod. Tepe Yahya)","Proto-Elamite (ca. 3100-2900 BC)",,"National Museum, Tehran, Iran",Administrative,clay,tablet,32.0,17.0,23.0,,,,,,,,,,undetermined,,,,,,,,,,,0,,0,,0,,0,,,," ",0,0,,,0,0,0,0,,
9540,"NMI BK 02299","Yahya 16",Damerow1989Yahya,primary,16,,"uncertain (mod. Tepe Yahya)","Proto-Elamite (ca. 3100-2900 BC)",,"National Museum, Tehran, Iran",Administrative,clay,tablet,40.0,13.0,25.0,,,,,,,,,,undetermined,,,,,,,,,,,0,,0,,0,,0,,,," ",0,0,,,0,0,0,0,,
9541,"NMI BK 04063","Yahya 17",Damerow1989Yahya,primary,17,,"uncertain (mod. Tepe Yahya)","Proto-Elamite (ca. 3100-2900 BC)",,"National Museum, Tehran, Iran",Administrative,clay,tablet,,,,,,,,,,,,,undetermined,,,,,,,,,,,0,,0,,0,,0,,,," ",0,0,,,0,0,0,0,,
9542,"NMI BK 02295","Yahya 18",Damerow1989Yahya,primary,18,,"uncertain (mod. Tepe Yahya)","Proto-Elamite (ca. 3100-2900 BC)",,"National Museum, Tehran, Iran",Administrative,clay,tablet,60.0,19.0,49.0,,,,,,,,,,undetermined,,,,,,,,,,,0,,0,,0,,0,,,," ",0,0,,,0,0,0,0,,
9543,"NMI BK 02298","Yahya 19",Damerow1989Yahya,primary,19,,"uncertain (mod. Tepe Yahya)","Proto-Elamite (ca. 3100-2900 BC)",,"National Museum, Tehran, Iran",Administrative,clay,tablet,46.0,17.0,33.0,,,,,,,,,,undetermined,,,,,,,,,,,0,,0,,0,,0,,,," ",0,0,,,0,0,0,0,,
9544,"NMI BK —","Yahya 20",Damerow1989Yahya,primary,20,,"uncertain (mod. Tepe Yahya)","Proto-Elamite (ca. 3100-2900 BC)",,"National Museum, Tehran, Iran",Administrative,clay,tablet,,,,,,,,,,,,,undetermined,,,,,,,,,,,0,,0,,0,,0,,,," ",0,0,,,0,0,0,0,,
9545,"NMI BK 02296","Yahya 21",Damerow1989Yahya,primary,21,,"uncertain (mod. Tepe Yahya)","Proto-Elamite (ca. 3100-2900 BC)",,"National Museum, Tehran, Iran",Administrative,clay,tablet,58.0,13.0,49.0,,,,,,,,,,undetermined,,,,,,,,,,,0,,0,,0,,0,,,," ",0,0,,,0,0,0,0,,
9546,"NMI BK —","Yahya 22",Damerow1989Yahya,primary,22,,"uncertain (mod. Tepe Yahya)","Proto-Elamite (ca. 3100-2900 BC)",,"National Museum, Tehran, Iran",Administrative,clay,tablet,,,,,,,,,,,,,undetermined,,,,,,,,,,,0,,0,,0,,0,,,," ",0,0,,,0,0,0,0,,
9547,"NMI BK 02293","Yahya 23",Damerow1989Yahya,primary,23,,"uncertain (mod. Tepe Yahya)","Proto-Elamite (ca. 3100-2900 BC)",,"National Museum, Tehran, Iran",Administrative,clay,tablet,41.0,11.0,31.0,,,,,,,,,,undetermined,,,,,,,,,,,0,,0,,0,,0,,,," ",0,0,,,0,0,0,0,,
9548,"NMI BK —","Yahya 24",Damerow1989Yahya,primary,24,,"uncertain (mod. Tepe Yahya)","Proto-Elamite (ca. 3100-2900 BC)",,"National Museum, Tehran, Iran",Administrative,clay,tablet,,,,,,,,,,,,,undetermined,,,,,,,,,,,0,,0,,0,,0,,,," ",0,0,,,0,0,0,0,,
9549,"NMI BK —","Yahya 25",Damerow1989Yahya,primary,25,,"uncertain (mod. Tepe Yahya)","Proto-Elamite (ca. 3100-2900 BC)",,"National Museum, Tehran, Iran",Administrative,clay,tablet,,,,,,,,,,,,,undetermined,,,,,,,,,,,0,,0,,0,,0,,,," ",0,0,,,0,0,0,0,,
9550,"NMI BK —","Yahya 26",Damerow1989Yahya,primary,26,,"uncertain (mod. Tepe Yahya)","Proto-Elamite (ca. 3100-2900 BC)",,"National Museum, Tehran, Iran",Administrative,clay,tablet,,,,,,,,,,,,,undetermined,,,,,,,,,,,0,,0,,0,,0,,,," ",0,0,,,0,0,0,0,,
9551,"NMI BK —","Yahya 27",Damerow1989Yahya,primary,27,,"uncertain (mod. Tepe Yahya)","Proto-Elamite (ca. 3100-2900 BC)",,"National Museum, Tehran, Iran",Administrative,clay,tablet,,,,,,,,,,,,,undetermined,,,,,,,,,,,0,,0,,0,,0,,,," ",0,0,,,0,0,0,0,,
9552,"Sb 15361","MDP 26S, 5055",Scheil1935MDP26,primary,"Supplément 5055",,"Susa (mod. Shush)","Proto-Elamite (ca. 3100-2900 BC)",,"Louvre Museum, Paris, France",Administrative,clay,tablet,76.0,23.0,52.0,,,,,,,Fair,,fragment,undetermined,,,,,,,,,,,0,,0,,0,,0,,,," ",0,0,,,0,0,0,0,,
9553,"Sb 15428","MDP 31, 035",deMecquenem1949MDP31,primary,35,,"Susa (mod. Shush)","Proto-Elamite (ca. 3100-2900 BC)",,"Louvre Museum, Paris, France",Administrative,clay,tablet,56.0,16.0,44.0,,,,,,,Fair,,75%,undetermined,,,,,,,,,,,0,,0,,0,,0,,,," ",0,0,,,0,0,0,0,,
9555,unknown,"MDP 06, 230- (joined fragment)",Scheil1905MDP6,primary,"230- (joined fragment)",,"Susa (mod. Shush)","Proto-Elamite (ca. 3100-2900 BC)",,,Administrative,clay,tablet,,,,,,,,,,,,,undetermined,,,,,,,,,,,0,,0,,0,,0,,,," ",0,0,,,0,0,0,0,,
212398,unknown,"Ghazir 1","56919; sec23573; sec23574; sec23575; sec23576","primary; history; history; history; citation","; ; ; ; ","; ; ; ; ","uncertain (mod. Ghazir)","Proto-Elamite (ca. 3100-2900 BC)",,,Administrative,clay,tablet,,,,,,,,,,,,,undetermined,,,,,,,,,,,0,,0,,0,,0,,,," ",0,0,,,0,0,0,0,,
234792,"Sb — ?","MDP 26S, 0261",Scheil1935MDP26,primary,"Supplément 261",,"Susa (mod. Shush)","Proto-Elamite (ca. 3100-2900 BC)",,"Louvre Museum, Paris, France",Administrative,clay,tablet,,,,,,,,,,,,,undetermined,,,,,,,,,,,0,,0,,0,,0,,,," ",0,0,,,0,0,0,0,,
234794,"Sb — ?","MDP 26S, 0338",Scheil1935MDP26,primary,"Supplément 338",,"Susa (mod. Shush)","Proto-Elamite (ca. 3100-2900 BC)",,"Louvre Museum, Paris, France",Administrative,clay,tablet,160.0,22.0,107.0,,,,,,,Poor,,75%,undetermined,,,,,,,,,,,0,,0,,0,,0,,,," ",0,0,,,0,0,0,0,,
235646,"CUL Porada 0001","CUL Porada 0001",,,,,"Susa (mod. Shush)","Proto-Elamite (ca. 3100-2900 BC)",,"Art Properties Collection, Columbia University, New York, New York, USA",Administrative,clay,tablet,33.0,16.0,38.0,,,,,,,Good,"Munsell # 5YR 7/3 (pink)",50%,undetermined,,,,,,,,,,,1,,0,,0,,0,,,," ",0,0,,,0,0,0,0,,
235686,"Ozbaki 01","Ozbaki 01",nd-78545-78545,primary,,,"uncertain (mod. Ozbaki)","Proto-Elamite (ca. 3100-2900 BC)",,"National Museum, Tehran, Iran",Administrative,clay,tablet,,,,,,,,,,,,,undetermined,,,,,,,,,,,0,,0,,0,,0,,,," ",0,0,,,0,0,0,0,,
235776,"Sb — ?","MDP 06, 216",Scheil1905MDP6,primary,216,,"Susa (mod. Shush)","Proto-Elamite (ca. 3100-2900 BC)",,"Louvre Museum, Paris, France",Administrative,clay,tablet,,,,,,,,,,,,,undetermined,,,,,,,,,,,0,,0,,0,,0,,,," ",0,0,,,0,0,0,0,,
235787,"EMSP nn","Sao Paulo nn1",,,,,"Susa (mod. Shush)","Proto-Elamite (ca. 3100-2900 BC)",,"Ethnological Museum, University of Sao Paulo, Sao Paulo, Brazil",Administrative,clay,tablet,,,,,,,,,,,,,undetermined,,,,,,,,,,,1,,0,,0,,0,,,," ",0,0,,,0,0,0,0,,
235788,"EMSP nn","Sao Paulo nn2",,,,,"Susa (mod. Shush)","Proto-Elamite (ca. 3100-2900 BC)",,"Ethnological Museum, University of Sao Paulo, Sao Paulo, Brazil",Administrative,clay,tablet,,,,,,,,,,,,,undetermined,,,,,,,,,,,1,,0,,0,,0,,,," ",0,0,,,0,0,0,0,,
235789,"EMSP nn","Sao Paulo nn3",,,,,"Susa (mod. Shush)","Proto-Elamite (ca. 3100-2900 BC)",,"Ethnological Museum, University of Sao Paulo, Sao Paulo, Brazil",Administrative,clay,tablet,,,,,,,,,,,,,undetermined,,,,,,,,,,,1,,0,,0,,0,,,," ",0,0,,,0,0,0,0,,
235790,"EMSP nn","Sao Paulo nn4",,,,,"Susa (mod. Shush)","Proto-Elamite (ca. 3100-2900 BC)",,"Ethnological Museum, University of Sao Paulo, Sao Paulo, Brazil",Administrative,clay,tablet,,,,,,,,,,,,,undetermined,,,,,,,,,,,1,,0,,0,,0,,,," ",0,0,,,0,0,0,0,,
247638,8527,"Shahdad 01",Hinz1971-L9N2ZFGB,primary,"Pl. 1",,"uncertain (mod. Shadad)","Proto-Elamite (ca. 3100-2900 BC)",,,Other,clay,Vessel,,,,,,,,,,,,,"undetermined (Iran)",,,,needed,,,,,"scratched into the rim of a clay vessel",,0,,0,"scratched into the rim of a clay vessel",0,,0,,HLED,19,"witness ",0,1,,,0,0,0,0,,
272825,"Sb 02801","MDP 06, 5242",Scheil1905MDP6,primary,5242,,"Susa (mod. Shush)","Proto-Elamite (ca. 3100-2900 BC)",,"Louvre Museum, Paris, France",Administrative,clay,tablet,,,,,,,,,,,,,undetermined,,,,,,S999999,,"handcopy by kathryn Kelley",,,0,,0,,0,"seal with hairy triangle",0,,,," ",0,0,,,0,0,0,0,,
272826,"Sb 15229","MDP 06, 4998",Scheil1905MDP6,primary,4998,,"Susa (mod. Shush)","Proto-Elamite (ca. 3100-2900 BC)",,"Louvre Museum, Paris, France",Administrative,clay,tablet,,,,,,,,,,,,,undetermined,,,,,,,,,,,0,,0,,0,,0,,,," ",0,0,,,0,0,0,0,,
272827,"Sb 15231","MDP 06, 5000",Scheil1905MDP6,primary,5000,,"Susa (mod. Shush)","Proto-Elamite (ca. 3100-2900 BC)",,"Louvre Museum, Paris, France",Administrative,clay,tablet,,,,,,,,,,,,,undetermined,,,,,,,,,,,0,,0,,0,,0,,,," ",0,0,,,0,0,0,0,,
272828,"Sb 15222","Sb 15222",,,,,"Susa (mod. Shush)","Proto-Elamite (ca. 3100-2900 BC)",,"Louvre Museum, Paris, France",Administrative,clay,tablet,,,,,,,,,,,,,undetermined,,,,,,,,,,,0,,0,,0,,0,,,," ",0,0,,,0,0,0,0,,
283929,"AO —","Fouilles de Sialk I, pl. 93, Sialk 1628",Ghirshman1938Sialk1,primary,"pl. 93, Sialk 1628",,"uncertain (mod. Tepe Sialk)","Proto-Elamite (ca. 3100-2900 BC)",,"Louvre Museum, Paris, France",Administrative,clay,tablet,,,,,,"Sialk 1628",,,,,,,undetermined,,,,,,,,,,,0,,0,,0,,0,,,," ",0,0,,,0,0,0,0,,
368478,"Sb 24407","TCL 32, 001",Dahl2019TCL32,primary,1,,"Susa (mod. Shush)","Proto-Elamite (ca. 3100-2900 BC)",,"Louvre Museum, Paris, France",,clay,tablet,109.0,32.0,132.0,,,,,,,,,,undetermined,,,,,,,,,,,0,,0,,0,,0,,,,,,0,,,0,0,0,0,,
368479,"Sb 15254","TCL 32, 002",Dahl2019TCL32,primary,2,,"Susa (mod. Shush)","Proto-Elamite (ca. 3100-2900 BC)",,"Louvre Museum, Paris, France",,clay,tablet,103.0,38.0,114.0,,,,,,,,,,undetermined,,,,,,,,,,,0,,0,,0,,0,,,,,,0,,,0,0,0,0,,
368480,"AS 7064","TCL 32, 003",Dahl2019TCL32,primary,3,,"Susa (mod. Shush)","Proto-Elamite (ca. 3100-2900 BC)",,"Louvre Museum, Paris, France",,clay,tablet,103.0,32.0,90.0,,,,,,,,,,undetermined,,,,,,,,,,,0,,0,,0,,0,,,,,,0,,,0,0,0,0,,
368481,"Sb 24408","TCL 32, 004",Dahl2019TCL32,primary,4,,"Susa (mod. Shush)","Proto-Elamite (ca. 3100-2900 BC)",,"Louvre Museum, Paris, France",,clay,tablet,67.0,18.0,53.0,,,,,,,,,,undetermined,,,,,,,,,,,0,,0,,0,,0,,,,,,0,,,0,0,0,0,,
368482,"Sb 24409","TCL 32, 005",Dahl2019TCL32,primary,5,,"Susa (mod. Shush)","Proto-Elamite (ca. 3100-2900 BC)",,"Louvre Museum, Paris, France",,clay,tablet,70.0,17.0,41.0,,,,,,,,,,undetermined,,,,,,S999999,,,,,0,,0,,0,"faint seal on reverse",0,,,,,,0,,,0,0,0,0,,
368483,"Sb —","Sb —",sec97121,history,006,,"Susa (mod. Shush)","Proto-Elamite (ca. 3100-2900 BC)",,"Louvre Museum, Paris, France",,clay,tablet,,,,,,,,,,,,,undetermined,,,,,,,,,,,0,,0,,0,,0,,,,,,0,,,0,0,0,0,,
368484,"Sb 24410","TCL 32, 007",Dahl2019TCL32,primary,7,,"Susa (mod. Shush)","Proto-Elamite (ca. 3100-2900 BC)",,"Louvre Museum, Paris, France",,clay,tablet,76.0,23.0,43.0,,,,,,,,,,undetermined,,,,,,,,,,,0,,0,,0,,0,,,,,,0,,,0,0,0,0,,
368485,"AS 7061","TCL 32, 008",Dahl2019TCL32,primary,8,,"Susa (mod. Shush)","Proto-Elamite (ca. 3100-2900 BC)",,"Louvre Museum, Paris, France",,clay,tablet,67.0,29.0,88.0,,,,,,,,,,undetermined,,,,,,,,,,,0,,0,,0,,0,,,,,,0,,,0,0,0,0,,
368486,"AS 7054","TCL 32, 009",Dahl2019TCL32,primary,9,,"Susa (mod. Shush)","Proto-Elamite (ca. 3100-2900 BC)",,"Louvre Museum, Paris, France",,clay,tablet,49.0,15.0,47.0,,,,,,,,,,undetermined,,,,,,,,,,,0,,0,,0,,0,,,,,,0,,,0,0,0,0,,
368487,"Sb 24411","TCL 32, 010",Dahl2019TCL32,primary,10,,"Susa (mod. Shush)","Proto-Elamite (ca. 3100-2900 BC)",,"Louvre Museum, Paris, France",,clay,tablet,58.0,19.0,48.0,,,,,,,,,,undetermined,,,,,,S999999,,,,,0,,0,,0,,0,,,,,,0,,,0,0,0,0,,
368488,"Sb 24509","TCL 32, 011",Dahl2019TCL32,primary,11,,"Susa (mod. Shush)","Proto-Elamite (ca. 3100-2900 BC)",,"Louvre Museum, Paris, France",,clay,tablet,40.0,15.0,29.0,,,,,,,,,,undetermined,,,,,,,,,,,0,,0,,0,"scribal design",0,,,,,,0,,,0,0,0,0,,
368489,"Sb 24412","TCL 32, 012",Dahl2019TCL32,primary,12,,"Susa (mod. Shush)","Proto-Elamite (ca. 3100-2900 BC)",,"Louvre Museum, Paris, France",,clay,tablet,42.0,17.0,45.0,,,,,,,,,,undetermined,,,,,,,,,,,0,,0,,0,,0,,,,,,0,,,0,0,0,0,,
368490,"Sb 24413","TCL 32, 013",Dahl2019TCL32,primary,13,,"Susa (mod. Shush)","Proto-Elamite (ca. 3100-2900 BC)",,"Louvre Museum, Paris, France",,clay,tablet,55.0,15.0,39.0,,,,,,,,,,undetermined,,,,,,,,,,,0,,0,,0,,0,,,,,,0,,,0,0,0,0,,
368491,"Sb 24414","TCL 32, 014",Dahl2019TCL32,primary,14,,"Susa (mod. Shush)","Proto-Elamite (ca. 3100-2900 BC)",,"Louvre Museum, Paris, France",,clay,tablet,52.0,18.0,32.0,,,,,,,,,,undetermined,,,,,,,,,,,0,,0,,0,,0,,,,,,0,,,0,0,0,0,,
368492,"Sb 24415","TCL 32, 015",Dahl2019TCL32,primary,15,,"Susa (mod. Shush)","Proto-Elamite (ca. 3100-2900 BC)",,"Louvre Museum, Paris, France",,clay,tablet,50.0,16.0,33.0,,,,,,,,,,undetermined,,,,,,,,,,,0,,0,,0,,0,,,,,,0,,,0,0,0,0,,
368493,"Sb 24416","TCL 32, 016",Dahl2019TCL32,primary,16,,"Susa (mod. Shush)","Proto-Elamite (ca. 3100-2900 BC)",,"Louvre Museum, Paris, France",,clay,tablet,43.0,25.0,62.0,,,,,,,,,,undetermined,,,,,,S999999,,,,,0,,0,,0,,0,,,,,,0,,,0,0,0,0,,
368494,"AS 7063","TCL 32, 017",Dahl2019TCL32,primary,17,,"Susa (mod. Shush)","Proto-Elamite (ca. 3100-2900 BC)",,"Louvre Museum, Paris, France",,clay,tablet,31.0,16.0,38.0,,,,,,,,,,undetermined,,,,,,,,,,,0,,0,,0,,0,,,,,,0,,,0,0,0,0,,
368495,"Sb 24417","TCL 32, 018",Dahl2019TCL32,primary,18,,"Susa (mod. Shush)","Proto-Elamite (ca. 3100-2900 BC)",,"Louvre Museum, Paris, France",,clay,tablet,42.0,15.0,34.0,,,,,,,,,,undetermined,,,,,,S999999,,,,,0,,0,,0,,0,,,,,,0,,,0,0,0,0,,
368496,"Sb 24418","TCL 32, 019",Dahl2019TCL32,primary,19,,"Susa (mod. Shush)","Proto-Elamite (ca. 3100-2900 BC)",,"Louvre Museum, Paris, France",,clay,tablet,27.0,13.0,32.0,,,,,,,,,,undetermined,,,,,,S999999,,,,,0,,0,,0,,0,,,,,,0,,,0,0,0,0,,
368497,"Sb 24419","TCL 32, 020",Dahl2019TCL32,primary,20,,"Susa (mod. Shush)","Proto-Elamite (ca. 3100-2900 BC)",,"Louvre Museum, Paris, France",,clay,tablet,65.0,23.0,58.0,,,,,,,,,,undetermined,,,,,,S999999,,,,,0,,0,,0,"MDP 16 no. 333",0,,,,,,0,,,0,0,0,0,,
368498,"Sb 24420","TCL 32, 021",Dahl2019TCL32,primary,21,,"Susa (mod. Shush)","Proto-Elamite (ca. 3100-2900 BC)",,"Louvre Museum, Paris, France",,clay,tablet,52.0,16.0,31.0,,,,,,,,,,undetermined,,,,,,S999999,,,,,0,,0,,0,"MDP 16 no. 329",0,,,,,,0,,,0,0,0,0,,
368499,"AS 7055","TCL 32, 022",Dahl2019TCL32,primary,22,,"Susa (mod. Shush)","Proto-Elamite (ca. 3100-2900 BC)",,"Louvre Museum, Paris, France",,clay,tablet,35.0,15.0,49.0,,,,,,,,,,undetermined,,,,,,S999999,,,,,0,,0,,0,"MDP 16 no. 333",0,,,,,,0,,,0,0,0,0,,
368500,"Sb —","Sb —",sec97121,history,023,,"Susa (mod. Shush)","Proto-Elamite (ca. 3100-2900 BC)",,"Louvre Museum, Paris, France",,clay,tablet,,,,,,,,,,,,,undetermined,,,,,,,,,,,0,,0,,0,,0,,,,,,0,,,0,0,0,0,,
368501,"Sb 24422","TCL 32, 024",Dahl2019TCL32,primary,24,,"Susa (mod. Shush)","Proto-Elamite (ca. 3100-2900 BC)",,"Louvre Museum, Paris, France",,clay,tablet,44.0,28.0,41.0,,,,,,,,,,undetermined,,,,,,S999999,,,,,0,,0,,0,,0,,,,,,0,,,0,0,0,0,,
368502,"Sb 24423","TCL 32, 025",Dahl2019TCL32,primary,25,,"Susa (mod. Shush)","Proto-Elamite (ca. 3100-2900 BC)",,"Louvre Museum, Paris, France",,clay,tablet,21.0,17.0,22.0,,,,,,,,,,undetermined,,,,,,S999999,,,,,0,,0,,0,,0,,,,,,0,,,0,0,0,0,,
368503,"Sb 24424","TCL 32, 026",Dahl2019TCL32,primary,26,,"Susa (mod. Shush)","Proto-Elamite (ca. 3100-2900 BC)",,"Louvre Museum, Paris, France",,clay,tablet,58.0,23.0,41.0,,,,,,,,,,undetermined,,,,,,,,,,,0,,0,,0,,0,,,,,,0,,,0,0,0,0,,
368504,"Sb 24425","TCL 32, 027",Dahl2019TCL32,primary,27,,"Susa (mod. Shush)","Proto-Elamite (ca. 3100-2900 BC)",,"Louvre Museum, Paris, France",,clay,tablet,40.0,23.0,52.0,,,,,,,,,,undetermined,,,,,,S999999,,,,,0,,0,,0,,0,,,,,,0,,,0,0,0,0,,
368505,"AS 7060","TCL 32, 028",Dahl2019TCL32,primary,28,,"Susa (mod. Shush)","Proto-Elamite (ca. 3100-2900 BC)",,"Louvre Museum, Paris, France",,clay,tablet,15.0,22.0,48.0,,,,,,,,,,undetermined,,,,,,,,,,,0,,0,,0,,0,,,,,,0,,,0,0,0,0,,
368506,"Sb 24426","TCL 32, 029",Dahl2019TCL32,primary,29,,"Susa (mod. Shush)","Proto-Elamite (ca. 3100-2900 BC)",,"Louvre Museum, Paris, France",,clay,tablet,49.0,20.0,55.0,,,,,,,,,,undetermined,,,,,,S999999,,,,,0,,0,,0,"same as P368507",0,,,,,,0,,,0,0,0,0,,
368507,"Sb 24427","TCL 32, 030",Dahl2019TCL32,primary,30,,"Susa (mod. Shush)","Proto-Elamite (ca. 3100-2900 BC)",,"Louvre Museum, Paris, France",,clay,tablet,53.0,18.0,58.0,,,,,,,,,,undetermined,,,,,,S999999,,,,,0,,0,,0,"same as P368506",0,,,,,,0,,,0,0,0,0,,
368508,"Sb 24508","TCL 32, 031",Dahl2019TCL32,primary,31,,"Susa (mod. Shush)","Proto-Elamite (ca. 3100-2900 BC)",,"Louvre Museum, Paris, France",,clay,tablet,40.0,16.0,42.0,,,,,,,,,,undetermined,,,,,,S999999,,,,,0,,0,,0,,0,,,,,,0,,,0,0,0,0,,
368509,"Sb 24428","TCL 32, 032",Dahl2019TCL32,primary,32,,"Susa (mod. Shush)","Proto-Elamite (ca. 3100-2900 BC)",,"Louvre Museum, Paris, France",,clay,tablet,30.0,18.0,47.0,,,,,,,,,,undetermined,,,,,,S999999,,,,,0,,0,,0,"MDP 16 no. 330",0,,,,,,0,,,0,0,0,0,,
368510,"Sb 24429","TCL 32, 033",Dahl2019TCL32,primary,33,,"Susa (mod. Shush)","Proto-Elamite (ca. 3100-2900 BC)",,"Louvre Museum, Paris, France",,clay,tablet,40.0,25.0,36.0,,,,,,,,,,undetermined,,,,,,S999999,,,,,0,,0,,0,,0,,,,,,0,,,0,0,0,0,,
368511,"Sb 24430","TCL 32, 034",Dahl2019TCL32,primary,34,,"Susa (mod. Shush)","Proto-Elamite (ca. 3100-2900 BC)",,"Louvre Museum, Paris, France",,clay,tablet,38.0,13.0,33.0,,,,,,,,,,undetermined,,,,,,,,,,,0,,0,,0,,0,,,,,,0,,,0,0,0,0,,
368512,"Sb 24432","TCL 32, 036",Dahl2019TCL32,primary,36,,"Susa (mod. Shush)","Proto-Elamite (ca. 3100-2900 BC)",,"Louvre Museum, Paris, France",,clay,tablet,55.0,16.0,38.0,,,,,,,,,,undetermined,,,,,,,,,,,0,,0,,0,,0,,,,,,0,,,0,0,0,0,,
368513,"Sb 24433","TCL 32, 037",Dahl2019TCL32,primary,37,,"Susa (mod. Shush)","Proto-Elamite (ca. 3100-2900 BC)",,"Louvre Museum, Paris, France",,clay,tablet,30.0,15.0,31.0,,,,,,,,,,undetermined,,,,,,,,,,,0,,0,,0,,0,,,,,,0,,,0,0,0,0,,
368514,"AS 7045","TCL 32, 038",Dahl2019TCL32,primary,38,,"Susa (mod. Shush)","Proto-Elamite (ca. 3100-2900 BC)",,"Louvre Museum, Paris, France",,clay,tablet,45.0,18.0,37.0,,,,,,,,,,undetermined,,,,,,,,,,,0,,0,,0,,0,,,,,,0,,,0,0,0,0,,
368515,"Sb 24434","TCL 32, 039",Dahl2019TCL32,primary,39,,"Susa (mod. Shush)","Proto-Elamite (ca. 3100-2900 BC)",,"Louvre Museum, Paris, France",,clay,tablet,31.0,17.0,29.0,,,,,,,,,,undetermined,,,,,,,,,,,0,,0,,0,,0,,,,,,0,,,0,0,0,0,,
368516,"Sb 24435","TCL 32, 040",Dahl2019TCL32,primary,40,,"Susa (mod. Shush)","Proto-Elamite (ca. 3100-2900 BC)",,"Louvre Museum, Paris, France",,clay,tablet,43.0,20.0,41.0,,,,,,,,,,undetermined,,,,,,,,,,,0,,0,,0,,0,,,,,,0,,,0,0,0,0,,
368517,"AS 7050","TCL 32, 041",Dahl2019TCL32,primary,41,,"Susa (mod. Shush)","Proto-Elamite (ca. 3100-2900 BC)",,"Louvre Museum, Paris, France",,clay,tablet,45.0,14.0,31.0,,,,,,,,,,undetermined,,,,,,,,,,,0,,0,,0,,0,,,,,,0,,,0,0,0,0,,
368518,"AS 7068","TCL 32, 042",Dahl2019TCL32,primary,42,,"Susa (mod. Shush)","Proto-Elamite (ca. 3100-2900 BC)",,"Louvre Museum, Paris, France",,clay,tablet,34.0,13.0,28.0,,,,,,,,,,undetermined,,,,,,,,,,,0,,0,,0,,0,,,,,,0,,,0,0,0,0,,
368519,"Sb 24436","TCL 32, 043",Dahl2019TCL32,primary,43,,"Susa (mod. Shush)","Proto-Elamite (ca. 3100-2900 BC)",,"Louvre Museum, Paris, France",,clay,tablet,30.0,18.0,33.0,,,,,,,,,,undetermined,,,,,,,,,,,0,,0,,0,,0,,,,,,0,,,0,0,0,0,,
368520,"Sb 24437","TCL 32, 044",Dahl2019TCL32,primary,44,,"Susa (mod. Shush)","Proto-Elamite (ca. 3100-2900 BC)",,"Louvre Museum, Paris, France",,clay,tablet,32.0,19.0,31.0,,,,,,,,,,undetermined,,,,,,,,,,,0,,0,,0,,0,,,,,,0,,,0,0,0,0,,
368521,"AS 7044","TCL 32, 045",Dahl2019TCL32,primary,45,,"Susa (mod. Shush)","Proto-Elamite (ca. 3100-2900 BC)",,"Louvre Museum, Paris, France",,clay,tablet,43.0,20.0,29.0,,,,,,,,,,undetermined,,,,,,,,,,,0,,0,,0,,0,,,,,,0,,,0,0,0,0,,
368522,"Sb 24438","TCL 32, 046",Dahl2019TCL32,primary,46,,"Susa (mod. Shush)","Proto-Elamite (ca. 3100-2900 BC)",,"Louvre Museum, Paris, France",,clay,tablet,43.0,19.0,46.0,,,,,,,,,,undetermined,,,,,,,,,,,0,,0,,0,,0,,,,,,0,,,0,0,0,0,,
368523,"Sb —","Sb —",sec97121,history,047,,"Susa (mod. Shush)","Proto-Elamite (ca. 3100-2900 BC)",,"Louvre Museum, Paris, France",,clay,tablet,,,,,,,,,,,,,undetermined,,,,,,,,,,,0,,0,,0,,0,,,,,,0,,,0,0,0,0,,
368524,"Sb 24439","TCL 32, 047",Dahl2019TCL32,primary,47,,"Susa (mod. Shush)","Proto-Elamite (ca. 3100-2900 BC)",,"Louvre Museum, Paris, France",,clay,tablet,52.0,17.0,40.0,,,,,,,,,,undetermined,,,,,,,,,,,0,,0,,0,,0,,,,,,0,,,0,0,0,0,,
368525,"Sb 24440","TCL 32, 048",Dahl2019TCL32,primary,48,,"Susa (mod. Shush)","Proto-Elamite (ca. 3100-2900 BC)",,"Louvre Museum, Paris, France",,clay,tablet,52.0,27.0,51.0,,,,,,,,,,undetermined,,,,,,,,,,,0,,0,,0,,0,,,,,,0,,,0,0,0,0,,
368526,"AS 7056","TCL 32, 049",Dahl2019TCL32,primary,49,,"Susa (mod. Shush)","Proto-Elamite (ca. 3100-2900 BC)",,"Louvre Museum, Paris, France",,clay,tablet,38.0,22.0,46.0,,,,,,,,,,undetermined,,,,,,,,,,,0,,0,,0,,0,,,,,,0,,,0,0,0,0,,
368527,"Sb 24441","TCL 32, 050",Dahl2019TCL32,primary,50,,"Susa (mod. Shush)","Proto-Elamite (ca. 3100-2900 BC)",,"Louvre Museum, Paris, France",,clay,tablet,40.0,18.0,37.0,,,,,,,,,,undetermined,,,,,,,,,,,0,,0,,0,,0,,,,,,0,,,0,0,0,0,,
368528,"Sb 24442","TCL 32, 051",Dahl2019TCL32,primary,51,,"Susa (mod. Shush)","Proto-Elamite (ca. 3100-2900 BC)",,"Louvre Museum, Paris, France",,clay,tablet,37.0,20.0,42.0,,,,,,,,,,undetermined,,,,,,,,,,,0,,0,,0,,0,,,,,,0,,,0,0,0,0,,
368529,"Sb 24443","TCL 32, 052",Dahl2019TCL32,primary,52,,"Susa (mod. Shush)","Proto-Elamite (ca. 3100-2900 BC)",,"Louvre Museum, Paris, France",,clay,tablet,51.0,19.0,38.0,,,,,,,,,,undetermined,,,,,,,,,,,0,,0,,0,,0,,,,,,0,,,0,0,0,0,,
368530,"Sb 24444","TCL 32, 053",Dahl2019TCL32,primary,53,,"Susa (mod. Shush)","Proto-Elamite (ca. 3100-2900 BC)",,"Louvre Museum, Paris, France",,clay,tablet,52.0,23.0,35.0,,,,,,,,,,undetermined,,,,,,,,,,,0,,0,,0,,0,,,,,,0,,,0,0,0,0,,
368531,"Sb 24445","TCL 32, 054",Dahl2019TCL32,primary,54,,"Susa (mod. Shush)","Proto-Elamite (ca. 3100-2900 BC)",,"Louvre Museum, Paris, France",,clay,tablet,56.0,20.0,45.0,,,,,,,,,,undetermined,,,,,,,,,,,0,,0,,0,,0,,,,,,0,,,0,0,0,0,,
368532,"Sb 24446","TCL 32, 055",Dahl2019TCL32,primary,55,,"Susa (mod. Shush)","Proto-Elamite (ca. 3100-2900 BC)",,"Louvre Museum, Paris, France",,clay,tablet,48.0,19.0,47.0,,,,,,,,,,undetermined,,,,,,,,,,,0,,0,,0,,0,,,,,,0,,,0,0,0,0,,
368533,"Sb 24447","TCL 32, 056",Dahl2019TCL32,primary,56,,"Susa (mod. Shush)","Proto-Elamite (ca. 3100-2900 BC)",,"Louvre Museum, Paris, France",,clay,tablet,40.0,19.0,40.0,,,,,,,,,,undetermined,,,,,,,,,,,0,,0,,0,,0,,,,,,0,,,0,0,0,0,,
368534,"Sb 24448","TCL 32, 057",Dahl2019TCL32,primary,57,,"Susa (mod. Shush)","Proto-Elamite (ca. 3100-2900 BC)",,"Louvre Museum, Paris, France",,clay,tablet,59.0,20.0,44.0,,,,,,,,,,undetermined,,,,,,,,,,,0,,0,,0,,0,,,,,,0,,,0,0,0,0,,
368535,"Sb 24449","TCL 32, 058",Dahl2019TCL32,primary,58,,"Susa (mod. Shush)","Proto-Elamite (ca. 3100-2900 BC)",,"Louvre Museum, Paris, France",,clay,tablet,29.0,14.0,44.0,,,,,,,,,,undetermined,,,,,,,,,,,0,,0,,0,,0,,,,,,0,,,0,0,0,0,,
368536,"AS 7052","TCL 32, 059",Dahl2019TCL32,primary,59,,"Susa (mod. Shush)","Proto-Elamite (ca. 3100-2900 BC)",,"Louvre Museum, Paris, France",,clay,tablet,33.0,11.0,28.0,,,,,,,,,,undetermined,,,,,,,,,,,0,,0,,0,,0,,,,,,0,,,0,0,0,0,,
368537,"Sb 24450","TCL 32, 060",Dahl2019TCL32,primary,60,,"Susa (mod. Shush)","Proto-Elamite (ca. 3100-2900 BC)",,"Louvre Museum, Paris, France",,clay,tablet,33.0,14.0,39.0,,,,,,,,,,undetermined,,,,,,,,,,,0,,0,,0,,0,,,,,,0,,,0,0,0,0,,
368538,"Sb 24451","TCL 32, 061",Dahl2019TCL32,primary,61,,"Susa (mod. Shush)","Proto-Elamite (ca. 3100-2900 BC)",,"Louvre Museum, Paris, France",,clay,tablet,40.0,13.0,30.0,,,,,,,,,,undetermined,,,,,,,,,,,0,,0,,0,,0,,,,,,0,,,0,0,0,0,,
368539,"AS 7043","TCL 32, 062",Dahl2019TCL32,primary,62,,"Susa (mod. Shush)","Proto-Elamite (ca. 3100-2900 BC)",,"Louvre Museum, Paris, France",,clay,tablet,36.0,14.0,28.0,,,,,,,,,,undetermined,,,,,,,,,,,0,,0,,0,,0,,,,,,0,,,0,0,0,0,,
368540,"AS 7057","TCL 32, 063",Dahl2019TCL32,primary,63,,"Susa (mod. Shush)","Proto-Elamite (ca. 3100-2900 BC)",,"Louvre Museum, Paris, France",,clay,tablet,34.0,12.0,34.0,,,,,,,,,,undetermined,,,,,,S999999,,,,,0,,0,,0,,0,,,,,,0,,,0,0,0,0,,
368541,"Sb 24452","TCL 32, 064",Dahl2019TCL32,primary,64,,"Susa (mod. Shush)","Proto-Elamite (ca. 3100-2900 BC)",,"Louvre Museum, Paris, France",,clay,tablet,57.0,22.0,34.0,,,,,,,,,,undetermined,,,,,,,,,,,0,,0,,0,,0,,,,,,0,,,0,0,0,0,,
368542,"Sb 24453","TCL 32, 065",Dahl2019TCL32,primary,65,,"Susa (mod. Shush)","Proto-Elamite (ca. 3100-2900 BC)",,"Louvre Museum, Paris, France",,clay,tablet,46.0,19.0,41.0,,,,,,,,,,undetermined,,,,,,,,,,,0,,0,,0,,0,,,,,,0,,,0,0,0,0,,
368543,"Sb 24454","TCL 32, 066",Dahl2019TCL32,primary,66,,"Susa (mod. Shush)","Proto-Elamite (ca. 3100-2900 BC)",,"Louvre Museum, Paris, France",,clay,tablet,58.0,25.0,38.0,,,,,,,,,,undetermined,,,,,,,,,,,0,,0,,0,,0,,,,,,0,,,0,0,0,0,,
368544,"Sb 24455","TCL 32, 067",Dahl2019TCL32,primary,67,,"Susa (mod. Shush)","Proto-Elamite (ca. 3100-2900 BC)",,"Louvre Museum, Paris, France",,clay,tablet,34.0,17.0,23.0,,,,,,,,,,undetermined,,,,,,,,,,,0,,0,,0,,0,,,,,,0,,,0,0,0,0,,
368545,"Sb 24456","TCL 32, 068",Dahl2019TCL32,primary,68,,"Susa (mod. Shush)","Proto-Elamite (ca. 3100-2900 BC)",,"Louvre Museum, Paris, France",,clay,tablet,77.0,24.0,42.0,,,,,,,,,,undetermined,,,,,,,,,,,0,,0,,0,,0,,,,,,0,,,0,0,0,0,,
368546,"Sb 24457","TCL 32, 069",Dahl2019TCL32,primary,69,,"Susa (mod. Shush)","Proto-Elamite (ca. 3100-2900 BC)",,"Louvre Museum, Paris, France",,clay,tablet,27.0,15.0,34.0,,,,,,,,,,undetermined,,,,,,S999999,,,,,0,,0,,0,,0,,,,,,0,,,0,0,0,0,,
368547,"Sb 24458","TCL 32, 070",Dahl2019TCL32,primary,70,,"Susa (mod. Shush)","Proto-Elamite (ca. 3100-2900 BC)",,"Louvre Museum, Paris, France",,clay,tablet,42.0,15.0,31.0,,,,,,,,,,undetermined,,,,,,,,,,,0,,0,,0,,0,,,,,,0,,,0,0,0,0,,
368548,"Sb 24459","TCL 32, 071",Dahl2019TCL32,primary,71,,"Susa (mod. Shush)","Proto-Elamite (ca. 3100-2900 BC)",,"Louvre Museum, Paris, France",,clay,tablet,25.0,15.0,17.0,,,,,,,,,,undetermined,,,,,,,,,,,0,,0,,0,,0,,,,,,0,,,0,0,0,0,,
368549,"Sb 24460","TCL 32, 072",Dahl2019TCL32,primary,72,,"Susa (mod. Shush)","Proto-Elamite (ca. 3100-2900 BC)",,"Louvre Museum, Paris, France",,clay,tablet,57.0,24.0,34.0,,,,,,,,,,undetermined,,,,,,,,,,,0,,0,,0,,0,,,,,,0,,,0,0,0,0,,
368550,"Sb 24461","TCL 32, 073",Dahl2019TCL32,primary,73,,"Susa (mod. Shush)","Proto-Elamite (ca. 3100-2900 BC)",,"Louvre Museum, Paris, France",,clay,tablet,45.0,21.0,43.0,,,,,,,,,,undetermined,,,,,,,,,,,0,,0,,0,,0,,,,,,0,,,0,0,0,0,,
368551,"Sb 24462","TCL 32, 074",Dahl2019TCL32,primary,74,,"Susa (mod. Shush)","Proto-Elamite (ca. 3100-2900 BC)",,"Louvre Museum, Paris, France",,clay,tablet,27.0,21.0,36.0,,,,,,,,,,undetermined,,,,,,S999999,,,,,0,,0,,0,,0,,,,,,0,,,0,0,0,0,,
368552,"Sb 24463","TCL 32, 075",Dahl2019TCL32,primary,75,,"Susa (mod. Shush)","Proto-Elamite (ca. 3100-2900 BC)",,"Louvre Museum, Paris, France",,clay,tablet,32.0,21.0,42.0,,,,,,,,,,undetermined,,,,,,,,,,,0,,0,,0,,0,,,,,,0,,,0,0,0,0,,
368553,"Sb 24464","TCL 32, 076",Dahl2019TCL32,primary,76,,"Susa (mod. Shush)","Proto-Elamite (ca. 3100-2900 BC)",,"Louvre Museum, Paris, France",,clay,tablet,42.0,23.0,32.0,,,,,,,,,,undetermined,,,,,,,,,,,0,,0,,0,,0,,,,,,0,,,0,0,0,0,,
368554,"Sb 24465","TCL 32, 077",Dahl2019TCL32,primary,77,,"Susa (mod. Shush)","Proto-Elamite (ca. 3100-2900 BC)",,"Louvre Museum, Paris, France",,clay,tablet,35.0,17.0,24.0,,,,,,,,,,undetermined,,,,,,,,,,,0,,0,,0,,0,,,,,,0,,,0,0,0,0,,
368555,"Sb —","Sb —",sec97121,history,079,,"Susa (mod. Shush)","Proto-Elamite (ca. 3100-2900 BC)",,"Louvre Museum, Paris, France",,clay,tablet,,,,,,,,,,,,,undetermined,,,,,,,,,,,0,,0,,0,,0,,,,,,0,,,0,0,0,0,,
368556,"Sb 24467","TCL 32, 079",Dahl2019TCL32,primary,79,,"Susa (mod. Shush)","Proto-Elamite (ca. 3100-2900 BC)",,"Louvre Museum, Paris, France",,clay,tablet,35.0,10.0,33.0,,,,,,,,,,undetermined,,,,,,,,,,,0,,0,,0,,0,,,,,,0,,,0,0,0,0,,
368557,"Sb 24468","TCL 32, 080",Dahl2019TCL32,primary,80,,"Susa (mod. Shush)","Proto-Elamite (ca. 3100-2900 BC)",,"Louvre Museum, Paris, France",,clay,tablet,36.0,14.0,16.0,,,,,,,,,,undetermined,,,,,,,,,,,0,,0,,0,,0,,,,,,0,,,0,0,0,0,,
368558,"Sb 24466","TCL 32, 078",Dahl2019TCL32,primary,78,,"Susa (mod. Shush)","Proto-Elamite (ca. 3100-2900 BC)",,"Louvre Museum, Paris, France",,clay,tablet,63.0,19.0,36.0,,,,,,,,,,undetermined,,,,,,,,,,,0,,0,,0,,0,,,,,,0,,,0,0,0,0,,
368559,"Sb 24469","TCL 32, 081",Dahl2019TCL32,primary,81,,"Susa (mod. Shush)","Proto-Elamite (ca. 3100-2900 BC)",,"Louvre Museum, Paris, France",,clay,tablet,16.0,14.0,15.0,,,,,,,,,,undetermined,,,,,,,,,,,0,,0,,0,,0,,,,,,0,,,0,0,0,0,,
368560,"Sb 24470","TCL 32, 082",Dahl2019TCL32,primary,82,,"Susa (mod. Shush)","Proto-Elamite (ca. 3100-2900 BC)",,"Louvre Museum, Paris, France",,clay,tablet,20.0,17.0,17.0,,,,,,,,,,undetermined,,,,,,,,,,,0,,0,,0,,0,,,,,,0,,,0,0,0,0,,
368561,"Sb —","Sb —",sec97121,history,085,,"Susa (mod. Shush)","Proto-Elamite (ca. 3100-2900 BC)",,"Louvre Museum, Paris, France",,clay,tablet,,,,,,,,,,,,,undetermined,,,,,,,,,,,0,,0,,0,,0,,,,,,0,,,0,0,0,0,,
368562,"Sb —","Sb —",sec97121,history,086,,"Susa (mod. Shush)","Proto-Elamite (ca. 3100-2900 BC)",,"Louvre Museum, Paris, France",,clay,tablet,,,,,,,,,,,,,undetermined,,,,,,,,,,,0,,0,,0,,0,,,,,,0,,,0,0,0,0,,
368563,"Sb —","Sb —",sec97121,history,087,,"Susa (mod. Shush)","Proto-Elamite (ca. 3100-2900 BC)",,"Louvre Museum, Paris, France",,clay,tablet,,,,,,,,,,,,,undetermined,,,,,,,,,,,0,,0,,0,,0,,,,,,0,,,0,0,0,0,,
368564,"Sb 24471","TCL 32, 083",Dahl2019TCL32,primary,83,,"Susa (mod. Shush)","Proto-Elamite (ca. 3100-2900 BC)",,"Louvre Museum, Paris, France",,clay,tablet,22.0,20.0,33.0,,,,,,,,,,undetermined,,,,,,,,,,,0,,0,,0,,0,,,,,,0,,,0,0,0,0,,
368565,"Sb 24472","TCL 32, 084",Dahl2019TCL32,primary,84,,"Susa (mod. Shush)","Proto-Elamite (ca. 3100-2900 BC)",,"Louvre Museum, Paris, France",,clay,tablet,22.0,14.0,10.0,,,,,,,,,,undetermined,,,,,,,,,,,0,,0,,0,,0,,,,,,0,,,0,0,0,0,,
368566,"AS 7062","TCL 32, 085",Dahl2019TCL32,primary,85,,"Susa (mod. Shush)","Proto-Elamite (ca. 3100-2900 BC)",,"Louvre Museum, Paris, France",,clay,tablet,62.0,18.0,48.0,,,,,,,,,,undetermined,,,,,,,,,,,0,,0,,0,,0,,,,,,0,,,0,0,0,0,,
368567,"Sb 24473","TCL 32, 086",Dahl2019TCL32,primary,86,,"Susa (mod. Shush)","Proto-Elamite (ca. 3100-2900 BC)",,"Louvre Museum, Paris, France",,clay,tablet,47.0,15.0,41.0,,,,,,,,,,undetermined,,,,,,S999999,,,,,0,,0,,0,,0,,,,,,0,,,0,0,0,0,,
368568,"Sb 24474","TCL 32, 087",Dahl2019TCL32,primary,87,,"Susa (mod. Shush)","Proto-Elamite (ca. 3100-2900 BC)",,"Louvre Museum, Paris, France",,clay,tablet,28.0,17.0,29.0,,,,,,,,,,undetermined,,,,,,,,,,,0,,0,,0,,0,,,,,,0,,,0,0,0,0,,
368569,"Sb 24475","TCL 32, 088",Dahl2019TCL32,primary,88,,"Susa (mod. Shush)","Proto-Elamite (ca. 3100-2900 BC)",,"Louvre Museum, Paris, France",,clay,tablet,46.0,20.0,23.0,,,,,,,,,,undetermined,,,,,,,,,,,0,,0,,0,,0,,,,,,0,,,0,0,0,0,,
368570,"Sb 24476","TCL 32, 089",Dahl2019TCL32,primary,89,,"Susa (mod. Shush)","Proto-Elamite (ca. 3100-2900 BC)",,"Louvre Museum, Paris, France",,clay,tablet,40.0,19.0,30.0,,,,,,,,,,undetermined,,,,,,,,,,,0,,0,,0,,0,,,,,,0,,,0,0,0,0,,
368571,"Sb 24477","TCL 32, 090",Dahl2019TCL32,primary,90,,"Susa (mod. Shush)","Proto-Elamite (ca. 3100-2900 BC)",,"Louvre Museum, Paris, France",,clay,tablet,45.0,13.0,30.0,,,,,,,,,,undetermined,,,,,,,,,,,0,,0,,0,,0,,,,,,0,,,0,0,0,0,,
368572,"Sb 24478","TCL 32, 091",Dahl2019TCL32,primary,91,,"Susa (mod. Shush)","Proto-Elamite (ca. 3100-2900 BC)",,"Louvre Museum, Paris, France",,clay,tablet,44.0,26.0,42.0,,,,,,,,,,undetermined,,,,,,S999999,,,,,0,,0,,0,,0,,,,,,0,,,0,0,0,0,,
368573,"Sb 24479","TCL 32, 092",Dahl2019TCL32,primary,92,,"Susa (mod. Shush)","Proto-Elamite (ca. 3100-2900 BC)",,"Louvre Museum, Paris, France",,clay,tablet,42.0,18.0,33.0,,,,,,,,,,undetermined,,,,,,,,,,,0,,0,,0,,0,,,,,,0,,,0,0,0,0,,
368574,"Sb 24480","TCL 32, 093",Dahl2019TCL32,primary,93,,"Susa (mod. Shush)","Proto-Elamite (ca. 3100-2900 BC)",,"Louvre Museum, Paris, France",,clay,tablet,54.0,22.0,54.0,,,,,,,,,,undetermined,,,,,,S999999,,,,,0,,0,,0,,0,,,,,,0,,,0,0,0,0,,
368575,"Sb 24481","TCL 32, 094",Dahl2019TCL32,primary,94,,"Susa (mod. Shush)","Proto-Elamite (ca. 3100-2900 BC)",,"Louvre Museum, Paris, France",,clay,tablet,26.0,22.0,36.0,,,,,,,,,,undetermined,,,,,,,,,,,0,,0,,0,,0,,,,,,0,,,0,0,0,0,,
368576,"Sb 24482","TCL 32, 095",Dahl2019TCL32,primary,95,,"Susa (mod. Shush)","Proto-Elamite (ca. 3100-2900 BC)",,"Louvre Museum, Paris, France",,clay,tablet,21.0,15.0,18.0,,,,,,,,,,undetermined,,,,,,,,,,,0,,0,,0,,0,,,,,,0,,,0,0,0,0,,
368577,"Sb 24483","TCL 32, 096",Dahl2019TCL32,primary,96,,"Susa (mod. Shush)","Proto-Elamite (ca. 3100-2900 BC)",,"Louvre Museum, Paris, France",,clay,tablet,36.0,14.0,27.0,,,,,,,,,,undetermined,,,,,,,,,,,0,,0,,0,,0,,,,,,0,,,0,0,0,0,,
368578,"Sb 24484","TCL 32, 097",Dahl2019TCL32,primary,97,,"Susa (mod. Shush)","Proto-Elamite (ca. 3100-2900 BC)",,"Louvre Museum, Paris, France",,clay,tablet,36.0,17.0,18.0,,,,,,,,,,undetermined,,,,,,,,,,,0,,0,,0,,0,,,,,,0,,,0,0,0,0,,
368579,"Sb 24485","TCL 32, 098",Dahl2019TCL32,primary,98,,"Susa (mod. Shush)","Proto-Elamite (ca. 3100-2900 BC)",,"Louvre Museum, Paris, France",,clay,tablet,24.0,14.0,26.0,,,,,,,,,,undetermined,,,,,,,,,,,0,,0,,0,,0,,,,,,0,,,0,0,0,0,,
368580,"Sb 24486","TCL 32, 099",Dahl2019TCL32,primary,99,,"Susa (mod. Shush)","Proto-Elamite (ca. 3100-2900 BC)",,"Louvre Museum, Paris, France",,clay,tablet,34.0,14.0,22.0,,,,,,,,,,undetermined,,,,,,,,,,,0,,0,,0,,0,,,,,,0,,,0,0,0,0,,
368581,"Sb 24487","TCL 32, 100",Dahl2019TCL32,primary,100,,"Susa (mod. Shush)","Proto-Elamite (ca. 3100-2900 BC)",,"Louvre Museum, Paris, France",,clay,tablet,26.0,16.0,39.0,,,,,,,,,,undetermined,,,,,,S999999,,,,,0,,0,,0,"MDP 16 no. 330",0,,,,,,0,,,0,0,0,0,,
368582,"Sb 24488","TCL 32, 101",Dahl2019TCL32,primary,101,,"Susa (mod. Shush)","Proto-Elamite (ca. 3100-2900 BC)",,"Louvre Museum, Paris, France",,clay,tablet,28.0,16.0,39.0,,,,,,,,,,undetermined,,,,,,S999999,,,,,0,,0,,0,,0,,,,,,0,,,0,0,0,0,,
368583,"Sb —","Sb —",sec97121,history,107,,"Susa (mod. Shush)","Proto-Elamite (ca. 3100-2900 BC)",,"Louvre Museum, Paris, France",,clay,tablet,,,,,,,,,,,,,undetermined,,,,,,,,,,,0,,0,,0,,0,,,,,,0,,,0,0,0,0,,
368584,"Sb 24489","TCL 32, 102",Dahl2019TCL32,primary,102,,"Susa (mod. Shush)","Proto-Elamite (ca. 3100-2900 BC)",,"Louvre Museum, Paris, France",,clay,tablet,24.0,12.0,14.0,,,,,,,,,,undetermined,,,,,,,,,,,0,,0,,0,,0,,,,,,0,,,0,0,0,0,,
368585,"Sb 24490","TCL 32, 103",Dahl2019TCL32,primary,103,,"Susa (mod. Shush)","Proto-Elamite (ca. 3100-2900 BC)",,"Louvre Museum, Paris, France",,clay,tablet,14.0,14.0,13.0,,,,,,,,,,undetermined,,,,,,,,,,,0,,0,,0,,0,,,,,,0,,,0,0,0,0,,
368586,"Sb —","Sb —",,,,,"Susa (mod. Shush)","Proto-Elamite (ca. 3100-2900 BC)",,"Louvre Museum, Paris, France",,clay,tablet,,,,,,,,,,,,,undetermined,,,,,,,,,,,0,,0,,0,,0,,,,,,0,,,0,0,0,0,,
368587,"Sb 24491","TCL 32, 104",Dahl2019TCL32,primary,104,,"Susa (mod. Shush)","Proto-Elamite (ca. 3100-2900 BC)",,"Louvre Museum, Paris, France",,clay,tablet,37.0,27.0,35.0,,,,,,,,,,undetermined,,,,,,,,,,,0,,0,,0,,0,,,,,,0,,,0,0,0,0,,
368588,"Sb 24492","TCL 32, 105",Dahl2019TCL32,primary,105,,"Susa (mod. Shush)","Proto-Elamite (ca. 3100-2900 BC)",,"Louvre Museum, Paris, France",,clay,tablet,45.0,24.0,37.0,,,,,,,,,,undetermined,,,,,,,,,,,0,,0,,0,,0,,,,,,0,,,0,0,0,0,,
368589,"Sb 24493","TCL 32, 106",Dahl2019TCL32,primary,106,,"Susa (mod. Shush)","Proto-Elamite (ca. 3100-2900 BC)",,"Louvre Museum, Paris, France",,clay,tablet,46.0,23.0,36.0,,,,,,,,,,undetermined,,,,,,,,,,,0,,0,,0,,0,,,,,,0,,,0,0,0,0,,
368590,"Sb 24494","TCL 32, 107",Dahl2019TCL32,primary,107,,"Susa (mod. Shush)","Proto-Elamite (ca. 3100-2900 BC)",,"Louvre Museum, Paris, France",,clay,tablet,43.0,30.0,39.0,,,,,,,,,,undetermined,,,,,,,,,,,0,,0,,0,,0,,,,,,0,,,0,0,0,0,,
368591,"Sb 24495","TCL 32, 108",Dahl2019TCL32,primary,108,,"Susa (mod. Shush)","Proto-Elamite (ca. 3100-2900 BC)",,"Louvre Museum, Paris, France",,clay,tablet,34.0,20.0,24.0,,,,,,,,,,undetermined,,,,,,,,,,,0,,0,,0,,0,,,,,,0,,,0,0,0,0,,
368592,"Sb 24496","TCL 32, 109",Dahl2019TCL32,primary,109,,"Susa (mod. Shush)","Proto-Elamite (ca. 3100-2900 BC)",,"Louvre Museum, Paris, France",,clay,tablet,31.0,15.0,41.0,,,,,,,,,,undetermined,,,,,,S999999,,,,,0,,0,,0,,0,,,,,,0,,,0,0,0,0,,
368593,"Sb 24497","TCL 32, 110",Dahl2019TCL32,primary,110,,"Susa (mod. Shush)","Proto-Elamite (ca. 3100-2900 BC)",,"Louvre Museum, Paris, France",,clay,tablet,26.0,14.0,24.0,,,,,,,,,,undetermined,,,,,,,,,,,0,,0,,0,,0,,,,,,0,,,0,0,0,0,,
368594,"Sb 24498","TCL 32, 111",Dahl2019TCL32,primary,111,,"Susa (mod. Shush)","Proto-Elamite (ca. 3100-2900 BC)",,"Louvre Museum, Paris, France",,clay,tablet,27.0,16.0,43.0,,,,,,,,,,undetermined,,,,,,,,,,,0,,0,,0,,0,,,,,,0,,,0,0,0,0,,
368595,"Sb 24499","TCL 32, 112",Dahl2019TCL32,primary,112,,"Susa (mod. Shush)","Proto-Elamite (ca. 3100-2900 BC)",,"Louvre Museum, Paris, France",,clay,tablet,43.0,16.0,19.0,,,,,,,,,,undetermined,,,,,,,,,,,0,,0,,0,,0,,,,,,0,,,0,0,0,0,,
368596,"Sb —","Sb —",sec97121,history,120,,"Susa (mod. Shush)","Proto-Elamite (ca. 3100-2900 BC)",,"Louvre Museum, Paris, France",,clay,tablet,,,,,,,,,,,,,undetermined,,,,,,,,,,,0,,0,,0,,0,,,,,,0,,,0,0,0,0,,
368597,"Sb 24500","TCL 32, 113",Dahl2019TCL32,primary,113,,"Susa (mod. Shush)","Proto-Elamite (ca. 3100-2900 BC)",,"Louvre Museum, Paris, France",,clay,tablet,28.0,19.0,24.0,,,,,,,,,,undetermined,,,,,,,,,,,0,,0,,0,,0,,,,,,0,,,0,0,0,0,,
368598,"Sb 24501","TCL 32, 114",Dahl2019TCL32,primary,114,,"Susa (mod. Shush)","Proto-Elamite (ca. 3100-2900 BC)",,"Louvre Museum, Paris, France",,clay,tablet,18.0,20.0,19.0,,,,,,,,,,undetermined,,,,,,,,,,,0,,0,,0,,0,,,,,,0,,,0,0,0,0,,
368599,"Sb 24502","TCL 32, 115",Dahl2019TCL32,primary,115,,"Susa (mod. Shush)","Proto-Elamite (ca. 3100-2900 BC)",,"Louvre Museum, Paris, France",,clay,tablet,32.0,27.0,67.0,,,,,,,,,,undetermined,,,,,,,,,,,0,,0,,0,,0,,,,,,0,,,0,0,0,0,,
368601,"Sb 24504","TCL 32, 117",Dahl2019TCL32,primary,117,,"Susa (mod. Shush)","Proto-Elamite (ca. 3100-2900 BC)",,"Louvre Museum, Paris, France",,clay,tablet,43.0,19.0,44.0,,,,,,,,,,undetermined,,,,,,,,,,,0,,0,,0,,0,,,,,,0,,,0,0,0,0,,
368602,"Sb 24503","TCL 32, 116",Dahl2019TCL32,primary,116,,"Susa (mod. Shush)","Proto-Elamite (ca. 3100-2900 BC)",,"Louvre Museum, Paris, France",,clay,tablet,43.0,21.0,38.0,,,,,,,,,,undetermined,,,,,,,,,,,0,,0,,0,,0,,,,,,0,,,0,0,0,0,,
368603,"Sb —","Sb —",sec97121,history,126,,"Susa (mod. Shush)","Proto-Elamite (ca. 3100-2900 BC)",,"Louvre Museum, Paris, France",,clay,tablet,,,,,,,,,,,,,undetermined,,,,,,,,,,,0,,0,,0,,0,,,,,,0,,,0,0,0,0,,
368604,"Sb 24505","TCL 32, 119",Dahl2019TCL32,primary,119,,"Susa (mod. Shush)","Proto-Elamite (ca. 3100-2900 BC)",,"Louvre Museum, Paris, France",,clay,tablet,55.0,18.0,27.0,,,,,,,,,,undetermined,,,,,,,,,,,0,,0,,0,,0,,,,,,0,,,0,0,0,0,,
368605,"Sb 24506","TCL 32, 120",Dahl2019TCL32,primary,120,,"Susa (mod. Shush)","Proto-Elamite (ca. 3100-2900 BC)",,"Louvre Museum, Paris, France",,clay,tablet,42.0,18.0,37.0,,,,,,,,,,undetermined,,,,,,,,,,,0,,0,,0,,0,,,,,,0,,,0,0,0,0,,
368606,"Sb 24507","TCL 32, 121",Dahl2019TCL32,primary,121,,"Susa (mod. Shush)","Proto-Elamite (ca. 3100-2900 BC)",,"Louvre Museum, Paris, France",,clay,tablet,43.0,16.0,40.0,,,,,,,,,,undetermined,,,,,,,,,,,0,,0,,0,,0,,,,,,0,,,0,0,0,0,,
387458,"NMI BK — ?","NMI BK — ?",,,,,"Anšan (mod. Tell Malyan)","Proto-Elamite (ca. 3100-2900 BC)",,"National Museum, Tehran, Iran",Administrative,clay,tablet,44.0,18.0,27.0,,,M-0625,"ABC C66",,2,,,,undetermined,,,,,,,,,,ABC,0,,0,,0,,0,,,," ",0,0,,,0,0,0,0,,
387459,"NMI BK — ?","NMI BK — ?",,,,,"Anšan (mod. Tell Malyan)","Proto-Elamite (ca. 3100-2900 BC)",,"National Museum, Tehran, Iran",Administrative,clay,tablet,33.0,12.0,21.0,,,M-0627,"ABC C66",,2,,,,undetermined,,,,,,,,,,ABC,0,,0,,0,,0,,,," ",0,0,,,0,0,0,0,,
387460,"NMI BK — ?","NMI BK — ?",,,,,"Anšan (mod. Tell Malyan)","Proto-Elamite (ca. 3100-2900 BC)",,"National Museum, Tehran, Iran",Administrative,clay,tablet,28.0,13.0,21.0,,,M-0634,"ABC C66",,2,,,,undetermined,,,,,,,,,,ABC,0,,0,,0,,0,,,," ",0,0,,,0,0,0,0,,
387461,"NMI BK — ?","Fourth Symposium 89ff. photo 1",Stolper1976-5855,primary,,,"Anšan (mod. Tell Malyan)","Proto-Elamite (ca. 3100-2900 BC)",,"National Museum, Tehran, Iran",Administrative,clay,tablet,45.0,12.0,31.0,,,M-1002,"ABC S46",,3,,,,undetermined,,,,,,,,,,ABC,0,,0,,0,,0,,,," ",0,0,,,0,0,0,0,,
387462,"NMI BK — ?","Fourth Symposium 89ff. photo 1",Stolper1976-5855,primary,,,"Anšan (mod. Tell Malyan)","Proto-Elamite (ca. 3100-2900 BC)",,"National Museum, Tehran, Iran",Administrative,clay,tablet,42.0,12.0,30.0,,,M-1003,"ABC S46",,3,,,,undetermined,,,,,,,,,,ABC,0,,0,,0,,0,,,," ",0,0,,,0,0,0,0,,
387463,"NMI BK — ?","Fourth Symposium 89ff. photo 1",Stolper1976-5855,primary,,,"Anšan (mod. Tell Malyan)","Proto-Elamite (ca. 3100-2900 BC)",,"National Museum, Tehran, Iran",Administrative,clay,tablet,46.0,15.0,28.0,,,M-1004,"ABC S36",,3,,,,undetermined,,,,,,,,,,ABC,0,,0,,0,,0,,,," ",0,0,,,0,0,0,0,,
387464,"NMI BK — ?","Fourth Symposium 89ff. photo 1",Stolper1976-5855,primary,,,"Anšan (mod. Tell Malyan)","Proto-Elamite (ca. 3100-2900 BC)",,"National Museum, Tehran, Iran",Administrative,clay,tablet,52.0,19.0,34.0,,,M-1005,"ABC S82",,3,,,,undetermined,,,,,,,,,,ABC,0,,0,,0,,0,,,," ",0,0,,,0,0,0,0,,
387465,"NMI BK — ?","Fourth Symposium 89ff. photo 1",Stolper1976-5855,primary,,,"Anšan (mod. Tell Malyan)","Proto-Elamite (ca. 3100-2900 BC)",,"National Museum, Tehran, Iran",Administrative,clay,tablet,50.0,16.0,32.0,,,M-1007,"ABC N125",,3,,,,undetermined,,,,,,,,,,ABC,0,,0,,0,,0,,,," ",0,0,,,0,0,0,0,,
387466,"NMI BK — ?","NMI BK — ?",,,,,"Anšan (mod. Tell Malyan)","Proto-Elamite (ca. 3100-2900 BC)",,"National Museum, Tehran, Iran",Administrative,clay,tablet,,,,,,M-1008,"ABC N",,3,,,,undetermined,,,,,,,,,"11 fragments of tablets with incomplete signs.",ABC,0,,0,"11 fragments of tablets with incomplete signs.",0,,0,,,," ",0,0,,,0,0,0,0,,
387467,"NMI BK — ?","NMI BK — ?",,,,,"Anšan (mod. Tell Malyan)","Proto-Elamite (ca. 3100-2900 BC)",,"National Museum, Tehran, Iran",Administrative,clay,tablet,,,,,3,M-1479,U168-150,,,,,,undetermined,,,,,,,,,,TUV,0,,0,,0,,0,,,," ",0,0,,,0,0,0,0,,
387468,"NMI BK — ?","NMI BK — ?",,,,,"Anšan (mod. Tell Malyan)","Proto-Elamite (ca. 3100-2900 BC)",,"National Museum, Tehran, Iran",Administrative,clay,tablet,,,,,,"Mf 9222",GGX98,,,,,,undetermined,,,,,,,,,,,0,,0,,0,,0,,,," ",0,0,,,0,0,0,0,,
388145,"Ashm 2002-0002","Ashm 2002-0002 unpublished assigned",,,,,,"Proto-Elamite (ca. 3100-2900 BC)",,"Ashmolean Museum, Oxford, UK",Administrative,clay,tablet,,,,,,,,,,,,,undetermined,,,,,,,,,,,0,,0,,0,,0,,,," ",0,0,,,0,0,0,0,,
393079,unknown,"TSF 001","Dahl2012-Z93Q92PI; Dahlnnnn","primary; electronic","1; 001","; ","uncertain (mod. Tepe Sofalin)","Proto-Elamite (ca. 3100-2900 BC)",,,Administrative,clay,tablet,,,,,,"SF 1029",,,,,,,undetermined,,,,,,S999999,,,,,0,,0,,0,,0,,,," ",0,0,,,0,0,0,0,,
393080,unknown,"TSF 002","Dahl2012-Z93Q92PI; Dahlnnnn","primary; history","2; 002","; ","uncertain (mod. Tepe Sofalin)","Proto-Elamite (ca. 3100-2900 BC)",,,Administrative,clay,tablet,,,,,,"SF 1045",,,,,,,undetermined,,,,,,,,,,,0,,0,,0,,0,,,," ",0,0,,,0,0,0,0,,
393081,unknown,"TSF 003","Dahl2012-Z93Q92PI; Dahlnnnn","primary; history","3; 003","; ","uncertain (mod. Tepe Sofalin)","Proto-Elamite (ca. 3100-2900 BC)",,,Administrative,clay,tablet,,,,,,"SF 1017",,,,,,,undetermined,,,,,,,,,,,0,,0,,0,,0,,,," ",0,0,,,0,0,0,0,,
393082,unknown,"TSF 004","Dahl2012-Z93Q92PI; Dahlnnnn","primary; history","4; 004","; ","uncertain (mod. Tepe Sofalin)","Proto-Elamite (ca. 3100-2900 BC)",,,Administrative,clay,tablet,,,,,,"SF 1044",,,,,,,undetermined,,,,,,,,,,,0,,0,,0,,0,,,," ",0,0,,,0,0,0,0,,
393083,unknown,"TSF 005","Dahl2012-Z93Q92PI; Dahlnnnn","primary; history","5; 005","; ","uncertain (mod. Tepe Sofalin)","Proto-Elamite (ca. 3100-2900 BC)",,,Administrative,clay,tablet,,,,,,"SF 1009",,,,,,,undetermined,,,,,,,,,,,0,,0,,0,,0,,,," ",0,0,,,0,0,0,0,,
393084,unknown,"TSF 006","Dahl2012-Z93Q92PI; Dahlnnnn","primary; history","6; 006","; ","uncertain (mod. Tepe Sofalin)","Proto-Elamite (ca. 3100-2900 BC)",,,Administrative,clay,tablet,,,,,,"SF 1226",,,,,,,undetermined,,,,,,,,,,,0,,0,,0,,0,,,," ",0,0,,,0,0,0,0,,
393085,unknown,"TSF 007","Dahl2012-Z93Q92PI; Dahlnnnn","primary; history","7; 007","; ","uncertain (mod. Tepe Sofalin)","Proto-Elamite (ca. 3100-2900 BC)",,,Administrative,clay,tablet,,,,,,"SF 1219",,,,,,,undetermined,,,,,,,,,,,0,,0,,0,,0,,,," ",0,0,,,0,0,0,0,,
393086,unknown,"TSF 008","Dahl2012-Z93Q92PI; Dahlnnnn","primary; history","8; 008","; ","uncertain (mod. Tepe Sofalin)","Proto-Elamite (ca. 3100-2900 BC)",,,Administrative,clay,tablet,,,,,,"SF 1311",,,,,,,undetermined,,,,,,,,,,,0,,0,,0,,0,,,," ",0,0,,,0,0,0,0,,
393087,unknown,"TSF 009","Dahl2012-Z93Q92PI; Dahlnnnn","primary; history","9; 009","; ","uncertain (mod. Tepe Sofalin)","Proto-Elamite (ca. 3100-2900 BC)",,,Administrative,clay,tablet,,,,,,"SF 1119",,,,,,,undetermined,,,,,,,,,,,0,,0,,0,,0,,,," ",0,0,,,0,0,0,0,,
393088,unknown,"TSF 010","Dahl2012-Z93Q92PI; Dahlnnnn","primary; history","10; 010","; ","uncertain (mod. Tepe Sofalin)","Proto-Elamite (ca. 3100-2900 BC)",,,Administrative,clay,tablet,,,,,,"SF 1603",,,,,,,undetermined,,,,,,,,,,,0,,0,,0,,0,,,," ",0,0,,,0,0,0,0,,
393089,unknown,"TSF 011","Dahl2012-Z93Q92PI; Dahlnnnn; HessariYousefi2022","primary; history; history","11; 011; 20","; ; Tablet published by Dahl et al in 2011 republished here.","uncertain (mod. Tepe Sofalin)","Proto-Elamite (ca. 3100-2900 BC)",,,Administrative,clay,tablet,,,,,,"SF 2455",,,,,,,undetermined,,,,,,,,,,,0,,0,,0,,0,,,," ",0,0,,,0,0,0,0,,
427671,"Sb 06390","Sb 06390",,,,,"Susa (mod. Shush)","Proto-Elamite (ca. 3100-2900 BC)",,"Louvre Museum, Paris, France",Administrative,clay,tablet,,,,,,,,,,,,,undetermined,,,,,,,,,,,0,,0,,0,,0,,,," ",0,0,,,0,0,0,0,,
427672,"Sb 06400","Sb 06400",,,,,"Susa (mod. Shush)","Proto-Elamite (ca. 3100-2900 BC)",,"Louvre Museum, Paris, France",Administrative,clay,tablet,,,,,,,,,,,,,undetermined,,,,,,,,,,,0,,0,,0,,0,,,," ",0,0,,,0,0,0,0,,
427673,"Sb 06960","Sb 06960",,,,,"Susa (mod. Shush)","Proto-Elamite (ca. 3100-2900 BC)",,"Louvre Museum, Paris, France",Administrative,clay,tablet,,,,,,,,,,,,,undetermined,,,,,,,,,,,0,,0,,0,,0,,,," ",0,0,,,0,0,0,0,,
427674,"Sb 09458","Sb 09458",,,,,"Susa (mod. Shush)","Proto-Elamite (ca. 3100-2900 BC)",,"Louvre Museum, Paris, France",Administrative,clay,tablet,,,,,,,,,,,,,undetermined,,,,,,,,,,,0,,0,,0,,0,,,," ",0,0,,,0,0,0,0,,
427675,"Sb 15457","Sb 15457",,,,,"Susa (mod. Shush)","Proto-Elamite (ca. 3100-2900 BC)",,"Louvre Museum, Paris, France",Administrative,clay,tablet,,,,,,,,,,,,,undetermined,,,,,,,,,,,0,,0,,0,,0,,,," ",0,0,,,0,0,0,0,,
429740,"UM 42-20-250d","UM 42-20-250d",,,,,"Susa (mod. Shush)","Proto-Elamite (ca. 3100-2900 BC)",,"Penn Museum, Philadelphia, Pennsylvania, USA",Administrative,clay,tablet,,,,,,,,,,,,,undetermined,,,,,,,,,,,0,,0,,0,,0,,"Penn; eBL","568342; UM.42-20-250d"," ",0,0,,,0,0,0,0,,
429743,"UM 42-20-250g","UM 42-20-250g",,,,,"Susa (mod. Shush)","Proto-Elamite (ca. 3100-2900 BC)",,"Penn Museum, Philadelphia, Pennsylvania, USA",Administrative,clay,tablet,,,,,,,,,,,,,undetermined,,,,,,,,,,,0,,0,,0,,0,,"Penn; eBL","568344; UM.42-20-250g"," ",0,0,,,0,0,0,0,,
429744,"UM 42-20-250h+i+j","UM 42-20-250h+i+j",,,,,"Susa (mod. Shush)","Proto-Elamite (ca. 3100-2900 BC)",,"Penn Museum, Philadelphia, Pennsylvania, USA",Administrative,clay,tablet,,,,,,,,,,,,,undetermined,,,,,,,,,,,0,,0,,0,,0,,"Penn; Penn; Penn; eBL","568345; 568346; 568347; UM.42-20-250"," ",0,0,,,0,0,0,0,,
429745,"UM 42-20-250k","UM 42-20-250k",,,,,"Susa (mod. Shush)","Proto-Elamite (ca. 3100-2900 BC)",,"Penn Museum, Philadelphia, Pennsylvania, USA",Administrative,clay,tablet,,,,,,,,,,,,,undetermined,,,,,,,,,,,0,,0,,0,,0,,"Penn; eBL","568348; UM.42-20-250k"," ",0,0,,,0,0,0,0,,
429746,"UM 42-20-250l","UM 42-20-250l",,,,,"Susa (mod. Shush)","Proto-Elamite (ca. 3100-2900 BC)",,"Penn Museum, Philadelphia, Pennsylvania, USA",Administrative,clay,tablet,,,,,,,,,,,,,undetermined,,,,,,,,,,,0,,0,,0,,0,,"Penn; eBL","568349; UM.42-20-250l"," ",0,0,,,0,0,0,0,,
429747,"UM 42-20-250m","UM 42-20-250m",,,,,"Susa (mod. Shush)","Proto-Elamite (ca. 3100-2900 BC)",,"Penn Museum, Philadelphia, Pennsylvania, USA",Administrative,clay,tablet,,,,,,,,,,,,,undetermined,,,,,,,,,,,0,,0,,0,,0,,"Penn; eBL","568350; UM.42-20-250m"," ",0,0,,,0,0,0,0,,
431333,"SE 118","SE 118",,,,,"Susa (mod. Shush)","Proto-Elamite (ca. 3100-2900 BC)",,"Couvent Saint-Étienne, Jerusalem",Administrative,clay,tablet,,,,,,,,,,,,,undetermined,,,,,,,,,,,1,,0,,0,,0,,,," ",0,0,,,0,0,0,0,,
432479,"Sb 15283","Sb 15283",,,,,"Susa (mod. Shush)","Proto-Elamite (ca. 3100-2900 BC)",,"Louvre Museum, Paris, France",Administrative,clay,tablet,,,,,,,,,,,,,,,,,,,,,,,,0,,0,,0,,0,,,," ",0,,,,0,0,0,0,,
475390,"BM 116720","CDLI Seals 008650 (physical)",Wiseman1962WAS1,primary,07a,,"uncertain (mod. uncertain)","Proto-Elamite (ca. 3100-2900 BC)",,"British Museum, London, UK",Administrative,tuff,"Cylinder seal",49.0,,28.0,,,,,,,,,,,,,,,S008650,,,,physical,,0,,0,physical,0,,0,,,,"physical cylinder seal ",0,,,,0,0,0,0,,
495715,"Sb 06319","Sb 06319",,,,,,"Proto-Elamite (ca. 3100-2900 BC)",,"Louvre Museum, Paris, France",,clay,tablet,,,,,,,,,,,,,,,,,,,,,,,,0,,0,,0,,0,,,,,,,,,0,0,0,0,,
495716,"Sb 06322","Sb 06322",,,,,,"Proto-Elamite (ca. 3100-2900 BC)",,"Louvre Museum, Paris, France",,clay,tablet,,,,,,,,,,,,,,,,,,,,,,,,0,,0,,0,,0,,,,,,,,,0,0,0,0,,
498539,"Sb 24431","TCL 32, 035",Dahl2019TCL32,primary,35,,"Susa (mod. Shush)","Proto-Elamite (ca. 3100-2900 BC)",,"Louvre Museum, Paris, France",,clay,tablet,52.0,15.0,33.0,,,,,,,,,,undetermined,,,,,,,,,,,0,,0,,0,,0,,,,,,0,,,0,0,0,0,,
509348,"NMI BK 03598","MDP 26, 047b",Scheil1935MDP26,primary,47b,,"Susa (mod. Shush)","Proto-Elamite (ca. 3100-2900 BC)",,"National Museum, Tehran, Iran",Administrative,clay,tablet,51.0,16.0,26.0,,,"Mf 9222b",GGX98,,,,,,undetermined,,,,,,,,,,,0,,0,,0,,0,,,," ",0,0,,,0,0,0,0,,
520211,"NMI BK 00713","NMI BK 00713",,,,,"Susa (mod. Shush)","Proto-Elamite (ca. 3100-2900 BC)",,"National Museum, Tehran, Iran",Administrative,clay,tablet,,,,,,,,,,,,,undetermined,,,,,,,,,,,0,,0,,0,,0,,,," ",0,0,,,0,0,0,0,,
520212,"NMI BK 01109","NMI BK 01109",,,,,"Susa (mod. Shush)","Proto-Elamite (ca. 3100-2900 BC)",,"National Museum, Tehran, Iran",Administrative,clay,tablet,,,,,,,,,,,,,undetermined,,,,,,,,,,,0,,0,,0,,0,,,," ",0,0,,,0,0,0,0,,
520213,"NMI BK 01110","NMI BK 01110",,,,,"Susa (mod. Shush)","Proto-Elamite (ca. 3100-2900 BC)",,"National Museum, Tehran, Iran",Administrative,clay,tablet,,,,,,,,,,,,,undetermined,,,,,,,,,,,0,,0,,0,,0,,,," ",0,0,,,0,0,0,0,,
520214,"NMI BK 01111","NMI BK 01111",,,,,"Susa (mod. Shush)","Proto-Elamite (ca. 3100-2900 BC)",,"National Museum, Tehran, Iran",Administrative,clay,tablet,,,,,,,,,,,,,undetermined,,,,,,,,,,,0,,0,,0,,0,,,," ",0,0,,,0,0,0,0,,
520215,"NMI BK 01112","NMI BK 01112",,,,,"Susa (mod. Shush)","Proto-Elamite (ca. 3100-2900 BC)",,"National Museum, Tehran, Iran",Administrative,clay,tablet,,,,,,,,,,,,,undetermined,,,,,,,,,,,0,,0,,0,,0,,,," ",0,0,,,0,0,0,0,,
520216,"NMI BK 01113","NMI BK 01113",,,,,"Susa (mod. Shush)","Proto-Elamite (ca. 3100-2900 BC)",,"National Museum, Tehran, Iran",Administrative,clay,tablet,,,,,,,,,,,,,undetermined,,,,,,,,,,,0,,0,,0,,0,,,," ",0,0,,,0,0,0,0,,
520217,"NMI BK 01114","NMI BK 01114",,,,,"Susa (mod. Shush)","Proto-Elamite (ca. 3100-2900 BC)",,"National Museum, Tehran, Iran",Administrative,clay,tablet,,,,,,,,,,,,,undetermined,,,,,,,,,,,0,,0,,0,,0,,,," ",0,0,,,0,0,0,0,,
520218,"NMI BK 01115","NMI BK 01115",,,,,"Susa (mod. Shush)","Proto-Elamite (ca. 3100-2900 BC)",,"National Museum, Tehran, Iran",Administrative,clay,tablet,,,,,,,,,,,,,undetermined,,,,,,,,,,,0,,0,,0,,0,,,," ",0,0,,,0,0,0,0,,
520219,"NMI BK 01116","NMI BK 01116",,,,,"Susa (mod. Shush)","Proto-Elamite (ca. 3100-2900 BC)",,"National Museum, Tehran, Iran",Administrative,clay,tablet,,,,,,,,,,,,,undetermined,,,,,,,,,,,0,,0,,0,,0,,,," ",0,0,,,0,0,0,0,,
520220,"NMI BK 01117","NMI BK 01117",,,,,"Susa (mod. Shush)","Proto-Elamite (ca. 3100-2900 BC)",,"National Museum, Tehran, Iran",Administrative,clay,tablet,,,,,,,,,,,,,undetermined,,,,,,,,,,,0,,0,,0,,0,,,," ",0,0,,,0,0,0,0,,
520221,"NMI BK 01118","NMI BK 01118",,,,,"Susa (mod. Shush)","Proto-Elamite (ca. 3100-2900 BC)",,"National Museum, Tehran, Iran",Administrative,clay,tablet,,,,,,,,,,,,,undetermined,,,,,,,,,,,0,,0,,0,,0,,,," ",0,0,,,0,0,0,0,,
520222,"NMI BK 01119","NMI BK 01119",,,,,"Susa (mod. Shush)","Proto-Elamite (ca. 3100-2900 BC)",,"National Museum, Tehran, Iran",Administrative,clay,tablet,,,,,,,,,,,,,undetermined,,,,,,,,,,,0,,0,,0,,0,,,," ",0,0,,,0,0,0,0,,
520223,"NMI BK 01120","NMI BK 01120",,,,,"Susa (mod. Shush)","Proto-Elamite (ca. 3100-2900 BC)",,"National Museum, Tehran, Iran",Administrative,clay,tablet,,,,,,,,,,,,,undetermined,,,,,,,,,,,0,,0,,0,,0,,,," ",0,0,,,0,0,0,0,,
520224,"NMI BK 01121","NMI BK 01121",,,,,"Susa (mod. Shush)","Proto-Elamite (ca. 3100-2900 BC)",,"National Museum, Tehran, Iran",Administrative,clay,tablet,,,,,,,,,,,,,undetermined,,,,,,,,,,,0,,0,,0,,0,,,," ",0,0,,,0,0,0,0,,
520225,"NMI BK 01122","NMI BK 01122",,,,,"Susa (mod. Shush)","Proto-Elamite (ca. 3100-2900 BC)",,"National Museum, Tehran, Iran",Administrative,clay,tablet,,,,,,,,,,,,,undetermined,,,,,,,,,,,0,,0,,0,,0,,,," ",0,0,,,0,0,0,0,,
520226,"NMI BK 01123","NMI BK 01123",,,,,"Susa (mod. Shush)","Proto-Elamite (ca. 3100-2900 BC)",,"National Museum, Tehran, Iran",Administrative,clay,tablet,,,,,,,,,,,,,undetermined,,,,,,,,,,,0,,0,,0,,0,,,," ",0,0,,,0,0,0,0,,
520227,"NMI BK 01124","NMI BK 01124",,,,,"Susa (mod. Shush)","Proto-Elamite (ca. 3100-2900 BC)",,"National Museum, Tehran, Iran",Administrative,clay,tablet,,,,,,,,,,,,,undetermined,,,,,,,,,,,0,,0,,0,,0,,,," ",0,0,,,0,0,0,0,,
520228,"NMI BK 01125","NMI BK 01125",,,,,"Susa (mod. Shush)","Proto-Elamite (ca. 3100-2900 BC)",,"National Museum, Tehran, Iran",Administrative,clay,tablet,,,,,,,,,,,,,undetermined,,,,,,,,,,,0,,0,,0,,0,,,," ",0,0,,,0,0,0,0,,
520229,"NMI BK 01126","NMI BK 01126",,,,,"Susa (mod. Shush)","Proto-Elamite (ca. 3100-2900 BC)",,"National Museum, Tehran, Iran",Administrative,clay,tablet,,,,,,,,,,,,,undetermined,,,,,,,,,,,0,,0,,0,,0,,,," ",0,0,,,0,0,0,0,,
520230,"NMI BK 01127","NMI BK 01127",,,,,"Susa (mod. Shush)","Proto-Elamite (ca. 3100-2900 BC)",,"National Museum, Tehran, Iran",Administrative,clay,tablet,,,,,,,,,,,,,undetermined,,,,,,,,,,,0,,0,,0,,0,,,," ",0,0,,,0,0,0,0,,
520231,"NMI BK 01128","NMI BK 01128",,,,,"Susa (mod. Shush)","Proto-Elamite (ca. 3100-2900 BC)",,"National Museum, Tehran, Iran",Administrative,clay,tablet,,,,,,,,,,,,,undetermined,,,,,,,,,,,0,,0,,0,,0,,,," ",0,0,,,0,0,0,0,,
520232,"NMI BK 01129","NMI BK 01129",,,,,"Susa (mod. Shush)","Proto-Elamite (ca. 3100-2900 BC)",,"National Museum, Tehran, Iran",Administrative,clay,tablet,,,,,,,,,,,,,undetermined,,,,,,,,,,,0,,0,,0,,0,,,," ",0,0,,,0,0,0,0,,
520233,"NMI BK 01130","NMI BK 01130",,,,,"Susa (mod. Shush)","Proto-Elamite (ca. 3100-2900 BC)",,"National Museum, Tehran, Iran",Administrative,clay,tablet,,,,,,,,,,,,,undetermined,,,,,,,,,,,0,,0,,0,,0,,,," ",0,0,,,0,0,0,0,,
520234,"NMI BK 01131","NMI BK 01131",,,,,"Susa (mod. Shush)","Proto-Elamite (ca. 3100-2900 BC)",,"National Museum, Tehran, Iran",Administrative,clay,tablet,,,,,,,,,,,,,undetermined,,,,,,,,,,,0,,0,,0,,0,,,," ",0,0,,,0,0,0,0,,
520235,"NMI BK 01132","NMI BK 01132",,,,,"Susa (mod. Shush)","Proto-Elamite (ca. 3100-2900 BC)",,"National Museum, Tehran, Iran",Administrative,clay,tablet,,,,,,,,,,,,,undetermined,,,,,,,,,,,0,,0,,0,,0,,,," ",0,0,,,0,0,0,0,,
520236,"NMI BK 01133","NMI BK 01133",,,,,"Susa (mod. Shush)","Proto-Elamite (ca. 3100-2900 BC)",,"National Museum, Tehran, Iran",Administrative,clay,tablet,,,,,,,,,,,,,undetermined,,,,,,,,,,,0,,0,,0,,0,,,," ",0,0,,,0,0,0,0,,
520237,"NMI BK 01134","NMI BK 01134",,,,,"Susa (mod. Shush)","Proto-Elamite (ca. 3100-2900 BC)",,"National Museum, Tehran, Iran",Administrative,clay,tablet,,,,,,,,,,,,,undetermined,,,,,,,,,,,0,,0,,0,,0,,,," ",0,0,,,0,0,0,0,,
520238,"NMI BK 01135","NMI BK 01135",,,,,"Susa (mod. Shush)","Proto-Elamite (ca. 3100-2900 BC)",,"National Museum, Tehran, Iran",Administrative,clay,tablet,,,,,,,,,,,,,undetermined,,,,,,,,,,,0,,0,,0,,0,,,," ",0,0,,,0,0,0,0,,
520239,"NMI BK 01136","NMI BK 01136",,,,,"Susa (mod. Shush)","Proto-Elamite (ca. 3100-2900 BC)",,"National Museum, Tehran, Iran",Administrative,clay,tablet,,,,,,,,,,,,,undetermined,,,,,,,,,,,0,,0,,0,,0,,,," ",0,0,,,0,0,0,0,,
520240,"NMI BK 01137","NMI BK 01137",,,,,"Susa (mod. Shush)","Proto-Elamite (ca. 3100-2900 BC)",,"National Museum, Tehran, Iran",Administrative,clay,tablet,,,,,,,,,,,,,undetermined,,,,,,,,,,,0,,0,,0,,0,,,," ",0,0,,,0,0,0,0,,
520241,"NMI BK 01138","NMI BK 01138",,,,,"Susa (mod. Shush)","Proto-Elamite (ca. 3100-2900 BC)",,"National Museum, Tehran, Iran",Administrative,clay,tablet,,,,,,,,,,,,,undetermined,,,,,,,,,,,0,,0,,0,,0,,,," ",0,0,,,0,0,0,0,,
520242,"NMI BK 01139","NMI BK 01139",,,,,"Susa (mod. Shush)","Proto-Elamite (ca. 3100-2900 BC)",,"National Museum, Tehran, Iran",Administrative,clay,tablet,,,,,,,,,,,,,undetermined,,,,,,,,,,,0,,0,,0,,0,,,," ",0,0,,,0,0,0,0,,
520243,"NMI BK 01140","NMI BK 01140",,,,,"Susa (mod. Shush)","Proto-Elamite (ca. 3100-2900 BC)",,"National Museum, Tehran, Iran",Administrative,clay,tablet,,,,,,,,,,,,,undetermined,,,,,,,,,,,0,,0,,0,,0,,,," ",0,0,,,0,0,0,0,,
520244,"NMI BK 01141","NMI BK 01141",,,,,"Susa (mod. Shush)","Proto-Elamite (ca. 3100-2900 BC)",,"National Museum, Tehran, Iran",Administrative,clay,tablet,,,,,,,,,,,,,undetermined,,,,,,,,,,,0,,0,,0,,0,,,," ",0,0,,,0,0,0,0,,
520245,"NMI BK 01142","NMI BK 01142",,,,,"Susa (mod. Shush)","Proto-Elamite (ca. 3100-2900 BC)",,"National Museum, Tehran, Iran",Administrative,clay,tablet,,,,,,,,,,,,,undetermined,,,,,,,,,,,0,,0,,0,,0,,,," ",0,0,,,0,0,0,0,,
520246,"NMI BK 01143","NMI BK 01143",,,,,"Susa (mod. Shush)","Proto-Elamite (ca. 3100-2900 BC)",,"National Museum, Tehran, Iran",Administrative,clay,tablet,,,,,,,,,,,,,undetermined,,,,,,,,,,,0,,0,,0,,0,,,," ",0,0,,,0,0,0,0,,
520247,"NMI BK 01144","NMI BK 01144",,,,,"Susa (mod. Shush)","Proto-Elamite (ca. 3100-2900 BC)",,"National Museum, Tehran, Iran",Administrative,clay,tablet,,,,,,,,,,,,,undetermined,,,,,,,,,,,0,,0,,0,,0,,,," ",0,0,,,0,0,0,0,,
520248,"NMI BK 01145","NMI BK 01145",,,,,"Susa (mod. Shush)","Proto-Elamite (ca. 3100-2900 BC)",,"National Museum, Tehran, Iran",Administrative,clay,tablet,,,,,,,,,,,,,undetermined,,,,,,,,,,,0,,0,,0,,0,,,," ",0,0,,,0,0,0,0,,
520249,"NMI BK 01146","NMI BK 01146",,,,,"Susa (mod. Shush)","Proto-Elamite (ca. 3100-2900 BC)",,"National Museum, Tehran, Iran",Administrative,clay,tablet,,,,,,,,,,,,,undetermined,,,,,,,,,,,0,,0,,0,,0,,,," ",0,0,,,0,0,0,0,,
520250,"NMI BK 01147","NMI BK 01147",,,,,"Susa (mod. Shush)","Proto-Elamite (ca. 3100-2900 BC)",,"National Museum, Tehran, Iran",Administrative,clay,tablet,,,,,,,,,,,,,undetermined,,,,,,,,,,,0,,0,,0,,0,,,," ",0,0,,,0,0,0,0,,
520251,"NMI BK 01148","NMI BK 01148",,,,,"Susa (mod. Shush)","Proto-Elamite (ca. 3100-2900 BC)",,"National Museum, Tehran, Iran",Administrative,clay,tablet,,,,,,,,,,,,,undetermined,,,,,,,,,,,0,,0,,0,,0,,,," ",0,0,,,0,0,0,0,,
520252,"NMI BK 01149","NMI BK 01149",,,,,"Susa (mod. Shush)","Proto-Elamite (ca. 3100-2900 BC)",,"National Museum, Tehran, Iran",Administrative,clay,tablet,,,,,,,,,,,,,undetermined,,,,,,,,,,,0,,0,,0,,0,,,," ",0,0,,,0,0,0,0,,
520253,"NMI BK 01150","NMI BK 01150",,,,,"Susa (mod. Shush)","Proto-Elamite (ca. 3100-2900 BC)",,"National Museum, Tehran, Iran",Administrative,clay,tablet,,,,,,,,,,,,,undetermined,,,,,,,,,,,0,,0,,0,,0,,,," ",0,0,,,0,0,0,0,,
520254,"NMI BK 01151","NMI BK 01151",,,,,"Susa (mod. Shush)","Proto-Elamite (ca. 3100-2900 BC)",,"National Museum, Tehran, Iran",Administrative,clay,tablet,,,,,,,,,,,,,undetermined,,,,,,,,,,,0,,0,,0,,0,,,," ",0,0,,,0,0,0,0,,
520255,"NMI BK 01152","NMI BK 01152",,,,,"Susa (mod. Shush)","Proto-Elamite (ca. 3100-2900 BC)",,"National Museum, Tehran, Iran",Administrative,clay,tablet,,,,,,,,,,,,,undetermined,,,,,,,,,,,0,,0,,0,,0,,,," ",0,0,,,0,0,0,0,,
520256,"NMI BK 01153","NMI BK 01153",,,,,"Susa (mod. Shush)","Proto-Elamite (ca. 3100-2900 BC)",,"National Museum, Tehran, Iran",Administrative,clay,tablet,,,,,,,,,,,,,undetermined,,,,,,,,,,,0,,0,,0,,0,,,," ",0,0,,,0,0,0,0,,
520257,"NMI BK 01154","NMI BK 01154",,,,,"Susa (mod. Shush)","Proto-Elamite (ca. 3100-2900 BC)",,"National Museum, Tehran, Iran",Administrative,clay,tablet,,,,,,,,,,,,,undetermined,,,,,,,,,,,0,,0,,0,,0,,,," ",0,0,,,0,0,0,0,,
520258,"NMI BK 01155","NMI BK 01155",,,,,"Susa (mod. Shush)","Proto-Elamite (ca. 3100-2900 BC)",,"National Museum, Tehran, Iran",Administrative,clay,tablet,,,,,,,,,,,,,undetermined,,,,,,,,,,,0,,0,,0,,0,,,," ",0,0,,,0,0,0,0,,
520259,"NMI BK 01156","NMI BK 01156",,,,,"Susa (mod. Shush)","Proto-Elamite (ca. 3100-2900 BC)",,"National Museum, Tehran, Iran",Administrative,clay,tablet,,,,,,,,,,,,,undetermined,,,,,,,,,,,0,,0,,0,,0,,,," ",0,0,,,0,0,0,0,,
520260,"NMI BK 01157","NMI BK 01157",,,,,"Susa (mod. Shush)","Proto-Elamite (ca. 3100-2900 BC)",,"National Museum, Tehran, Iran",Administrative,clay,tablet,,,,,,,,,,,,,undetermined,,,,,,,,,,,0,,0,,0,,0,,,," ",0,0,,,0,0,0,0,,
520261,"NMI BK 01158","NMI BK 01158",,,,,"Susa (mod. Shush)","Proto-Elamite (ca. 3100-2900 BC)",,"National Museum, Tehran, Iran",Administrative,clay,tablet,,,,,,,,,,,,,undetermined,,,,,,,,,,,0,,0,,0,,0,,,," ",0,0,,,0,0,0,0,,
520262,"NMI BK 01159","NMI BK 01159",,,,,"Susa (mod. Shush)","Proto-Elamite (ca. 3100-2900 BC)",,"National Museum, Tehran, Iran",Administrative,clay,tablet,,,,,,,,,,,,,undetermined,,,,,,,,,,,0,,0,,0,,0,,,," ",0,0,,,0,0,0,0,,
520263,"NMI BK 01160","NMI BK 01160",,,,,"Susa (mod. Shush)","Proto-Elamite (ca. 3100-2900 BC)",,"National Museum, Tehran, Iran",Administrative,clay,tablet,,,,,,,,,,,,,undetermined,,,,,,,,,,,0,,0,,0,,0,,,," ",0,0,,,0,0,0,0,,
520264,"NMI BK 01161","NMI BK 01161",,,,,"Susa (mod. Shush)","Proto-Elamite (ca. 3100-2900 BC)",,"National Museum, Tehran, Iran",Administrative,clay,tablet,,,,,,,,,,,,,undetermined,,,,,,,,,,,0,,0,,0,,0,,,," ",0,0,,,0,0,0,0,,
520265,"NMI BK 01162","NMI BK 01162",,,,,"Susa (mod. Shush)","Proto-Elamite (ca. 3100-2900 BC)",,"National Museum, Tehran, Iran",Administrative,clay,tablet,,,,,,,,,,,,,undetermined,,,,,,,,,,,0,,0,,0,,0,,,," ",0,0,,,0,0,0,0,,
520266,"NMI BK 01163","NMI BK 01163",,,,,"Susa (mod. Shush)","Proto-Elamite (ca. 3100-2900 BC)",,"National Museum, Tehran, Iran",Administrative,clay,tablet,,,,,,,,,,,,,undetermined,,,,,,,,,,,0,,0,,0,,0,,,," ",0,0,,,0,0,0,0,,
520267,"NMI BK 01164","NMI BK 01164",,,,,"Susa (mod. Shush)","Proto-Elamite (ca. 3100-2900 BC)",,"National Museum, Tehran, Iran",Administrative,clay,tablet,,,,,,,,,,,,,undetermined,,,,,,,,,,,0,,0,,0,,0,,,," ",0,0,,,0,0,0,0,,
520268,"NMI BK 01165","NMI BK 01165",,,,,"Susa (mod. Shush)","Proto-Elamite (ca. 3100-2900 BC)",,"National Museum, Tehran, Iran",Administrative,clay,tablet,,,,,,,,,,,,,undetermined,,,,,,,,,,,0,,0,,0,,0,,,," ",0,0,,,0,0,0,0,,
520269,"NMI BK 01166","NMI BK 01166",,,,,"Susa (mod. Shush)","Proto-Elamite (ca. 3100-2900 BC)",,"National Museum, Tehran, Iran",Administrative,clay,tablet,,,,,,,,,,,,,undetermined,,,,,,,,,,,0,,0,,0,,0,,,," ",0,0,,,0,0,0,0,,
520270,"NMI BK 01167","NMI BK 01167",,,,,"Susa (mod. Shush)","Proto-Elamite (ca. 3100-2900 BC)",,"National Museum, Tehran, Iran",Administrative,clay,tablet,,,,,,,,,,,,,undetermined,,,,,,,,,,,0,,0,,0,,0,,,," ",0,0,,,0,0,0,0,,
520271,"NMI BK 01168","NMI BK 01168",,,,,"Susa (mod. Shush)","Proto-Elamite (ca. 3100-2900 BC)",,"National Museum, Tehran, Iran",Administrative,clay,tablet,,,,,,,,,,,,,undetermined,,,,,,,,,,,0,,0,,0,,0,,,," ",0,0,,,0,0,0,0,,
520272,"NMI BK 01169","NMI BK 01169",,,,,"Susa (mod. Shush)","Proto-Elamite (ca. 3100-2900 BC)",,"National Museum, Tehran, Iran",Administrative,clay,tablet,,,,,,,,,,,,,undetermined,,,,,,,,,,,0,,0,,0,,0,,,," ",0,0,,,0,0,0,0,,
520273,"NMI BK 01170","NMI BK 01170",,,,,"Susa (mod. Shush)","Proto-Elamite (ca. 3100-2900 BC)",,"National Museum, Tehran, Iran",Administrative,clay,tablet,,,,,,,,,,,,,undetermined,,,,,,,,,,,0,,0,,0,,0,,,," ",0,0,,,0,0,0,0,,
520274,"NMI BK 01171","NMI BK 01171",,,,,"Susa (mod. Shush)","Proto-Elamite (ca. 3100-2900 BC)",,"National Museum, Tehran, Iran",Administrative,clay,tablet,,,,,,,,,,,,,undetermined,,,,,,,,,,,0,,0,,0,,0,,,," ",0,0,,,0,0,0,0,,
520275,"NMI BK 01172","NMI BK 01172",,,,,"Susa (mod. Shush)","Proto-Elamite (ca. 3100-2900 BC)",,"National Museum, Tehran, Iran",Administrative,clay,tablet,,,,,,,,,,,,,undetermined,,,,,,,,,,,0,,0,,0,,0,,,," ",0,0,,,0,0,0,0,,
520276,"NMI BK 01173","NMI BK 01173",,,,,"Susa (mod. Shush)","Proto-Elamite (ca. 3100-2900 BC)",,"National Museum, Tehran, Iran",Administrative,clay,tablet,,,,,,,,,,,,,undetermined,,,,,,,,,,,0,,0,,0,,0,,,," ",0,0,,,0,0,0,0,,
520277,"NMI BK 01175","NMI BK 01175",,,,,"Susa (mod. Shush)","Proto-Elamite (ca. 3100-2900 BC)",,"National Museum, Tehran, Iran",Administrative,clay,tablet,,,,,,,,,,,,,undetermined,,,,,,,,,,,0,,0,,0,,0,,,," ",0,0,,,0,0,0,0,,
520279,"NMI BK 01177","NMI BK 01177",,,,,"Susa (mod. Shush)","Proto-Elamite (ca. 3100-2900 BC)",,"National Museum, Tehran, Iran",Administrative,clay,tablet,,,,,,,,,,,,,undetermined,,,,,,,,,,,0,,0,,0,,0,,,," ",0,0,,,0,0,0,0,,
520280,"NMI BK 01180","NMI BK 01180",,,,,"Susa (mod. Shush)","Proto-Elamite (ca. 3100-2900 BC)",,"National Museum, Tehran, Iran",Administrative,clay,tablet,,,,,,,,,,,,,undetermined,,,,,,,,,,,0,,0,,0,,0,,,," ",0,0,,,0,0,0,0,,
520281,"NMI BK 01181","NMI BK 01181",,,,,"Susa (mod. Shush)","Proto-Elamite (ca. 3100-2900 BC)",,"National Museum, Tehran, Iran",Administrative,clay,tablet,,,,,,,,,,,,,undetermined,,,,,,,,,,,0,,0,,0,,0,,,," ",0,0,,,0,0,0,0,,
520282,"NMI BK 01182","NMI BK 01182",,,,,"Susa (mod. Shush)","Proto-Elamite (ca. 3100-2900 BC)",,"National Museum, Tehran, Iran",Administrative,clay,tablet,,,,,,,,,,,,,undetermined,,,,,,,,,,,0,,0,,0,,0,,,," ",0,0,,,0,0,0,0,,
520283,"NMI BK 01183","NMI BK 01183",,,,,"Susa (mod. Shush)","Proto-Elamite (ca. 3100-2900 BC)",,"National Museum, Tehran, Iran",Administrative,clay,tablet,,,,,,,,,,,,,undetermined,,,,,,,,,,,0,,0,,0,,0,,,," ",0,0,,,0,0,0,0,,
520284,"NMI BK 01184","NMI BK 01184",,,,,"Susa (mod. Shush)","Proto-Elamite (ca. 3100-2900 BC)",,"National Museum, Tehran, Iran",Administrative,clay,tablet,,,,,,,,,,,,,undetermined,,,,,,,,,,,0,,0,,0,,0,,,," ",0,0,,,0,0,0,0,,
520285,"NMI BK 01185","NMI BK 01185",,,,,"Susa (mod. Shush)","Proto-Elamite (ca. 3100-2900 BC)",,"National Museum, Tehran, Iran",Administrative,clay,tablet,,,,,,,,,,,,,undetermined,,,,,,,,,,,0,,0,,0,,0,,,," ",0,0,,,0,0,0,0,,
520286,"NMI BK 01186","NMI BK 01186",,,,,"Susa (mod. Shush)","Proto-Elamite (ca. 3100-2900 BC)",,"National Museum, Tehran, Iran",Administrative,clay,tablet,,,,,,,,,,,,,undetermined,,,,,,,,,,,0,,0,,0,,0,,,," ",0,0,,,0,0,0,0,,
520287,"NMI BK 01187","NMI BK 01187",,,,,"Susa (mod. Shush)","Proto-Elamite (ca. 3100-2900 BC)",,"National Museum, Tehran, Iran",Administrative,clay,tablet,,,,,,,,,,,,,undetermined,,,,,,,,,,,0,,0,,0,,0,,,," ",0,0,,,0,0,0,0,,
520288,"NMI BK 01188","NMI BK 01188",,,,,"Susa (mod. Shush)","Proto-Elamite (ca. 3100-2900 BC)",,"National Museum, Tehran, Iran",Administrative,clay,tablet,,,,,,,,,,,,,undetermined,,,,,,,,,,,0,,0,,0,,0,,,," ",0,0,,,0,0,0,0,,
520289,"NMI BK 01189","NMI BK 01189",,,,,"Susa (mod. Shush)","Proto-Elamite (ca. 3100-2900 BC)",,"National Museum, Tehran, Iran",Administrative,clay,tablet,,,,,,,,,,,,,undetermined,,,,,,,,,,,0,,0,,0,,0,,,," ",0,0,,,0,0,0,0,,
520290,"NMI BK 01190","NMI BK 01190",,,,,"Susa (mod. Shush)","Proto-Elamite (ca. 3100-2900 BC)",,"National Museum, Tehran, Iran",Administrative,clay,tablet,,,,,,,,,,,,,undetermined,,,,,,,,,,,0,,0,,0,,0,,,," ",0,0,,,0,0,0,0,,
520291,"NMI BK 01191","NMI BK 01191",,,,,"Susa (mod. Shush)","Proto-Elamite (ca. 3100-2900 BC)",,"National Museum, Tehran, Iran",Administrative,clay,tablet,,,,,,,,,,,,,undetermined,,,,,,,,,,,0,,0,,0,,0,,,," ",0,0,,,0,0,0,0,,
520292,"NMI BK 01192","NMI BK 01192",,,,,"Susa (mod. Shush)","Proto-Elamite (ca. 3100-2900 BC)",,"National Museum, Tehran, Iran",Administrative,clay,tablet,,,,,,,,,,,,,undetermined,,,,,,,,,,,0,,0,,0,,0,,,," ",0,0,,,0,0,0,0,,
520293,"NMI BK 01193","NMI BK 01193",,,,,"Susa (mod. Shush)","Proto-Elamite (ca. 3100-2900 BC)",,"National Museum, Tehran, Iran",Administrative,clay,tablet,,,,,,,,,,,,,undetermined,,,,,,,,,,,0,,0,,0,,0,,,," ",0,0,,,0,0,0,0,,
520294,"NMI BK 01194","NMI BK 01194",,,,,"Susa (mod. Shush)","Proto-Elamite (ca. 3100-2900 BC)",,"National Museum, Tehran, Iran",Administrative,clay,tablet,,,,,,,,,,,,,undetermined,,,,,,,,,,,0,,0,,0,,0,,,," ",0,0,,,0,0,0,0,,
520295,"NMI BK 01195","NMI BK 01195",,,,,"Susa (mod. Shush)","Proto-Elamite (ca. 3100-2900 BC)",,"National Museum, Tehran, Iran",Administrative,clay,tablet,,,,,,,,,,,,,undetermined,,,,,,,,,,,0,,0,,0,,0,,,," ",0,0,,,0,0,0,0,,
520296,"NMI BK 01196","NMI BK 01196",,,,,"Susa (mod. Shush)","Proto-Elamite (ca. 3100-2900 BC)",,"National Museum, Tehran, Iran",Administrative,clay,tablet,,,,,,,,,,,,,undetermined,,,,,,,,,,,0,,0,,0,,0,,,," ",0,0,,,0,0,0,0,,
520297,"NMI BK 01197","NMI BK 01197",,,,,"Susa (mod. Shush)","Proto-Elamite (ca. 3100-2900 BC)",,"National Museum, Tehran, Iran",Administrative,clay,tablet,,,,,,,,,,,,,undetermined,,,,,,,,,,,0,,0,,0,,0,,,," ",0,0,,,0,0,0,0,,
520298,"NMI BK 01198","NMI BK 01198",,,,,"Susa (mod. Shush)","Proto-Elamite (ca. 3100-2900 BC)",,"National Museum, Tehran, Iran",Administrative,clay,tablet,,,,,,,,,,,,,undetermined,,,,,,,,,,,0,,0,,0,,0,,,," ",0,0,,,0,0,0,0,,
520299,"NMI BK 02519","NMI BK 02519",,,,,"Susa (mod. Shush)","Proto-Elamite (ca. 3100-2900 BC)",,"National Museum, Tehran, Iran",Administrative,clay,tablet,,,,,,,,,,,,,undetermined,,,,,,,,,,,0,,0,,0,,0,,,," ",0,0,,,0,0,0,0,,
520300,"NMI BK 02878","NMI BK 02878",,,,,"Susa (mod. Shush)","Proto-Elamite (ca. 3100-2900 BC)",,"National Museum, Tehran, Iran",Administrative,clay,tablet,,,,,,,,,,,,,undetermined,,,,,,,,,,,0,,0,,0,,0,,,," ",0,0,,,0,0,0,0,,
522108,"Anonymous 521904","CDLI Seals 015513 (physical)",,,,,,"Proto-Elamite (ca. 3100-2900 BC)",,anonymous,Administrative,stone,"seal (not impression)",,,,,,,,,,,,,,,,,,S015513,,,,,,0,,0,,0,,0,,,,"physical cylinder seal ",0,,,,0,0,0,0,,
530395,"RMO A 1932/7.163","CDLI Seals 014717 (physical)",,,,,,"Proto-Elamite (ca. 3100-2900 BC)",,"Rijksmuseum van Oudheden, Leiden, Holland",,stone,"seal (not impression)",35.0,,24.0,,,,,,,,,,,,,,,S014717,,,,,,0,,0,,0,,0,,,,,,,,,0,0,0,0,,
532450,"Anonymous 532450","Anonymous 532450",,,,,"Susa (mod. Shush)","Proto-Elamite (ca. 3100-2900 BC)",,anonymous,Administrative,,tablet,,,,,,,,,,,,,,,,,,,,,,,,0,,0,,0,,0,,,,,0,,,,,0,0,0,,
545200,"VR 1981.16","CDLI Seals 022848 (physical)","Keel-LeuTeissier2004; vonderOsten1936OIP37","primary; history","27; 38","; ","uncertain (mod. uncertain)","Proto-Elamite (ca. 3100-2900 BC)",,"Collection BIBLE+ORIENT, University of Fribourg, Switzerland",Administrative,steatite,"Cylinder seal",54.4,,15.6,,,,,,,,,,,,,,,S022848,,,,"Ex-Brett Collection",,0,,0,,0,,0,,,,,0,,,,0,0,0,0,,
546862,"ROM 994x233.013","CDLI Seals 024299 (physical)",Noveck1975Gorelick,primary,"28, no. 13",,"uncertain (mod. uncertain)","Proto-Elamite (ca. 3100-2900 BC)",,"Royal Ontario Museum of Archaeology, Toronto, Ontario, Canada",Administrative,steatite,"Cylinder seal",27.0,,20.0,,,,,,,,,,,,,,,S024299,,,,,,0,,0,,0,,0,,,,,0,,,,0,0,0,0,,
547389,"Sb 02429","CDLI Seals 024817 (physical)","Delaporte1920CCL1; Frankfort1939CylSeals","primary; history","S.324; pl. 5f","; ","Susa (mod. Shush)","Proto-Elamite (ca. 3100-2900 BC)",,"Louvre Museum, Paris, France",Administrative,stone,"Cylinder seal",,,,,,,,,,,,,,,,,,S024817,,"AS 97",,,,0,,0,,0,,0,,Louvre,cl010176475,,0,,,,1,0,0,0,,
547551,"VR 1981.18","CDLI Seals 024979 (physical)",Keel-LeuTeissier2004,primary,28,,"uncertain (mod. uncertain)","Proto-Elamite (ca. 3100-2900 BC)",,"Collection BIBLE+ORIENT, University of Fribourg, Switzerland",Administrative,steatite,"Cylinder seal",27.4,,12.6,,,,,,,,,,,,,,,S024979,,,,,,0,,0,,0,,0,,,,,0,,,,0,0,0,0,,
547552,"VR 1981.17","CDLI Seals 024980 (physical)",Keel-LeuTeissier2004,primary,29,,"uncertain (mod. uncertain)","Proto-Elamite (ca. 3100-2900 BC)",,"Collection BIBLE+ORIENT, University of Fribourg, Switzerland",Administrative,diorite,"Cylinder seal",39.3,,9.5,,,,,,,,,,,,,,,S024980,,,,,,0,,0,,0,,0,,,,,0,,,,0,0,0,0,,
547553,"VR 1991.6","CDLI Seals 024981 (physical)",Keel-LeuTeissier2004,primary,30,,"uncertain (mod. uncertain)","Proto-Elamite (ca. 3100-2900 BC)",,"Collection BIBLE+ORIENT, University of Fribourg, Switzerland",Administrative,steatite,"Cylinder seal",23.6,,10.3,,,,,,,,,,,,,,,S024981,,,,,,0,,0,,0,,0,,,,,0,,,,0,0,0,0,,
547655,"MMA 1999.325.104","CDLI Seals 025080 (physical)",,,,,"uncertain (mod. uncertain)","Proto-Elamite (ca. 3100-2900 BC)",,"Metropolitan Museum of Art, New York, New York, USA",Administrative,steatite,"Cylinder seal",35.0,,18.0,,,,,,,,,,,,,,,S025080,,,,,,0,,0,,0,,0,,,,,0,,,,0,0,0,0,,
547974,"MFAB 1983.0559","CDLI Seals 025395 (physical)",,,,,"uncertain (mod. uncertain)","Proto-Elamite (ca. 3100-2900 BC)",,"Museum of Fine Arts, Boston, Massachusetts, USA",Administrative,limestone,"Cylinder seal",19.0,,19.0,,,,,,,,,,,,,,,S025395,,,,,,0,,0,,0,,0,,,,,0,,,,0,0,0,0,,
547975,"MFAB 1985.0087","CDLI Seals 025396 (physical)",,,,,"uncertain (mod. uncertain)","Proto-Elamite (ca. 3100-2900 BC)",,"Museum of Fine Arts, Boston, Massachusetts, USA",Administrative,stone,"Cylinder seal",35.0,,18.0,,,,,,,,,,,,,,,S025396,,,,,,0,,0,,0,,0,,,,,0,,,,0,0,0,0,,
547978,"MFAB 36.0199","CDLI Seals 025399 (physical)",,,,,"uncertain (mod. uncertain)","Proto-Elamite (ca. 3100-2900 BC)",,"Museum of Fine Arts, Boston, Massachusetts, USA",Administrative,serpentine,"Cylinder seal",23.0,,12.0,,,,,,,,,,,,,,,S025399,,,,,,0,,0,,0,,0,,,,,0,,,,0,0,0,0,,
547979,"MFAB 65.1402","CDLI Seals 025400 (physical)",,,,,"uncertain (mod. uncertain)","Proto-Elamite (ca. 3100-2900 BC)",,"Museum of Fine Arts, Boston, Massachusetts, USA",Administrative,shell,"Cylinder seal",31.0,,14.0,,,,,,,,,,,,,,,S025400,,,,,,0,,0,,0,,0,,,,,0,,,,0,0,0,0,,
547984,"MFAB 65.1657","CDLI Seals 025405 (physical)",,,,,"uncertain (mod. uncertain)","Proto-Elamite (ca. 3100-2900 BC)",,"Museum of Fine Arts, Boston, Massachusetts, USA",Administrative,stone,"Cylinder seal",,,,,,,,,,,,,,,,,,S025405,,,,,,0,,0,,0,,0,,,,,0,,,,0,0,0,0,,
547985,"MFAB 65.1424","CDLI Seals 025406 (physical)",,,,,"uncertain (mod. uncertain)","Proto-Elamite (ca. 3100-2900 BC)",,"Museum of Fine Arts, Boston, Massachusetts, USA",Administrative,basalt,"Cylinder seal",24.0,,20.0,,,,,,,,,,,,,,,S025406,,,,,,0,,0,,0,,0,,,,,0,,,,0,0,0,0,,
547987,"MFAB 65.1523","CDLI Seals 025408 (physical)",,,,,"uncertain (mod. uncertain)","Proto-Elamite (ca. 3100-2900 BC)",,"Museum of Fine Arts, Boston, Massachusetts, USA",Administrative,steatite,"Cylinder seal",32.0,,19.0,,,,,,,,,,,,,,,S025408,,,,,,0,,0,,0,,0,,,,,0,,,,0,0,0,0,,
547989,"MFAB 65.1537","CDLI Seals 025410 (physical)",,,,,"uncertain (mod. uncertain)","Proto-Elamite (ca. 3100-2900 BC)",,"Museum of Fine Arts, Boston, Massachusetts, USA",Administrative,steatite,"Cylinder seal",16.2,,11.5,,,,,,,,,,,,,,,S025410,,,,,,0,,0,,0,,0,,,,,0,,,,0,0,0,0,,
547990,"MFAB 65.1527","CDLI Seals 025411 (physical)",,,,,"uncertain (mod. uncertain)","Proto-Elamite (ca. 3100-2900 BC)",,"Museum of Fine Arts, Boston, Massachusetts, USA",Administrative,steatite,"Cylinder seal",,,,,,,,,,,,,,,,,,S025411,,,,,,0,,0,,0,,0,,,,,0,,,,1,0,0,0,,
547991,"MFAB 65.1399","CDLI Seals 025412 (physical)",,,,,"uncertain (mod. uncertain)","Proto-Elamite (ca. 3100-2900 BC)",,"Museum of Fine Arts, Boston, Massachusetts, USA",Administrative,serpentine,"Cylinder seal",28.0,,15.0,,,,,,,,,,,,,,,S025412,,,,,,0,,0,,0,,0,,,,,0,,,,0,0,0,0,,
547992,"MFAB 65.1545","CDLI Seals 025413 (physical)",,,,,"uncertain (mod. uncertain)","Proto-Elamite (ca. 3100-2900 BC)",,"Museum of Fine Arts, Boston, Massachusetts, USA",Administrative,travertine,"Cylinder seal",26.4,,17.2,,,,,,,,,,,,,,,S025413,,,,,,0,,0,,0,,0,,,,,0,,,,0,0,0,0,,
548077,,"CDLI Seals 025472 (composite)","Frankfort1939CylSeals; Legrain1921MDP16","primary; history","pl. 4g; 189","; ","Susa (mod. Shush)","Proto-Elamite (ca. 3100-2900 BC)",,,Administrative,stone,"seal (not impression)",,,,,,,,,,,,,,,,,,S025472,,,,,,0,,0,,0,,0,,,,,0,,,,0,0,0,0,,
548078,,"CDLI Seals 025473 (composite)","Frankfort1939CylSeals; Legrain1921MDP16","primary; history","pl. 4i; 188","; ","Susa (mod. Shush)","Proto-Elamite (ca. 3100-2900 BC)",,,Administrative,stone,"seal (not impression)",,,,,,,,,,,,,,,,,,S025473,,,,,,0,,0,,0,,0,,,,,0,,,,0,0,0,0,,
548079,,"CDLI Seals 025474 (composite)","Frankfort1939CylSeals; Legrain1921MDP16","primary; history","pl. 4k; 194","; ","Susa (mod. Shush)","Proto-Elamite (ca. 3100-2900 BC)",,,Administrative,stone,"seal (not impression)",,,,,,,,,,,,,,,,,,S025474,,,,,,0,,0,,0,,0,,,,,0,,,,0,0,0,0,,
566676,,"TSF 016",HessariYousefi2022,primary,f,,"uncertain (mod. Tepe Sofalin)","Proto-Elamite (ca. 3100-2900 BC)",,,,,tablet,38.0,18.0,37.0,,448.8,tsf.09.5054.b,"trench 5, locus number 501","trash area",,,,,,,,,,,,,,,,0,,0,,0,,0,,,,,,,,,,0,0,0,,
566677,,"TSF 15",HessariYousefi2022,primary,e,,"uncertain (mod. Tepe Sofalin)","Proto-Elamite (ca. 3100-2900 BC)",,,,,tablet,17.0,6.0,13.0,,452.8,tsf.09.5008.b,"trench 5, locus number 501","trash area",,,,,,,,,,,,,,,,0,,0,,0,,0,,,,,,,,,,0,0,0,,
566678,,"TSF 014",HessariYousefi2022,primary,d,,"uncertain (mod. Tepe Sofalin)","Proto-Elamite (ca. 3100-2900 BC)",,,,,tablet,,,,,452.1,tsf.09.5028.b,"trench 5, locus number 502","trash area",,,,,,,,,,,,,,,,0,,0,,0,,0,,,,,,,,,,0,0,0,,
566679,,"TSF 012",HessariYousefi2022,primary,c,,"uncertain (mod. Tepe Sofalin)","Proto-Elamite (ca. 3100-2900 BC)",,,,,tablet,44.0,14.0,27.0,,450.7,tsf.09.5009.b,"trench 5, locus number 502","trash area",,,,,,,,,,,,,,,,0,,0,,0,,0,,,,,,,,,,0,0,0,,
566918,,"TSF 013",Hessari_Yousefi2023,primary,153,,"uncertain (mod. Tepe Sofalin)","Proto-Elamite (ca. 3100-2900 BC)",,,,,tablet,,,,,,,,,,,,,,,,,,,,,,,,0,,0,,0,,0,,,,,,,,,,0,0,0,,
603283,"BNU 2021.1.16","CDLI Seals 026963 (physical)",,,,,,"Proto-Elamite (ca. 3100-2900 BC)",,"Bibliothèque Nationale et Universitaire de Strasbourg, Strasbourg, France",,stone,"seal (not impression)",30.0,30.0,,,,,,,,,,,,,,,,S026963,,,,"Black stone",,0,,0,,,,0,,,,,,,,,1,0,0,0,,
